segment_length,run_index,rank,births
50,1,0,""
50,2,0,""
50,3,0,""
50,4,0,""
50,5,0,""
50,6,0,""
50,7,0,""
50,8,0,""
50,9,0,""
50,10,0,""
50,11,0,""
50,12,0,""
50,13,0,""
50,14,0,""
50,15,0,""
50,16,0,""
50,17,0,""
50,18,0,""
50,19,0,""
50,20,0,""
50,21,0,""
50,22,0,""
50,23,0,""
50,24,0,""
50,25,0,""
50,26,0,""
50,27,0,""
50,28,0,""
50,29,0,""
50,30,0,""
50,31,0,""
50,32,0,""
50,33,0,""
50,34,0,""
50,35,0,""
50,36,0,""
50,37,0,""
50,38,0,""
50,39,0,""
50,40,0,""
50,41,0,""
50,42,0,""
50,43,0,""
50,44,0,""
50,45,0,""
50,46,0,""
50,47,0,""
50,48,0,""
50,49,0,""
50,50,0,""
50,51,0,""
50,52,0,""
50,53,0,""
50,54,0,""
50,55,0,""
50,56,0,""
50,57,0,""
50,58,0,""
50,59,0,""
50,60,0,""
50,61,0,""
50,62,0,""
50,63,0,""
50,64,0,""
50,65,0,""
50,66,0,""
50,67,0,""
50,68,0,""
50,69,0,""
50,70,0,""
50,71,0,""
50,72,0,""
50,73,0,""
50,74,0,""
50,75,0,""
50,76,0,""
50,77,0,""
50,78,0,""
50,79,0,""
50,80,0,""
50,81,0,""
50,82,0,""
50,83,0,""
50,84,0,""
50,85,0,""
50,86,0,""
50,87,0,""
50,88,0,""
50,89,0,""
50,90,0,""
50,91,0,""
50,92,0,""
50,93,0,""
50,94,0,""
50,95,0,""
50,96,0,""
50,97,0,""
50,98,0,""
50,99,0,""
50,100,0,""
50,101,0,""
50,102,0,""
50,103,0,""
50,104,0,""
50,105,0,""
50,106,0,""
50,107,0,""
50,108,0,""
50,109,0,""
50,110,0,""
50,111,0,""
50,112,0,""
50,113,0,""
50,114,0,""
50,115,0,""
50,116,0,""
50,117,0,""
50,118,0,""
50,119,0,""
50,120,0,""
50,121,0,""
50,122,0,""
50,123,0,""
50,124,0,""
50,125,0,""
50,126,0,""
50,127,0,""
50,128,0,""
50,129,0,""
50,130,0,""
50,131,0,""
50,132,0,""
50,133,0,""
50,134,0,""
50,135,0,""
50,136,0,""
50,137,0,""
50,138,0,""
50,139,0,""
50,140,0,""
50,141,0,""
50,142,0,""
50,143,0,""
50,144,0,""
50,145,0,""
50,146,0,""
50,147,0,""
50,148,0,""
50,149,0,""
50,150,0,""
50,151,0,""
50,152,0,""
50,153,0,""
50,154,0,""
50,155,0,""
50,156,0,""
50,157,0,""
50,158,0,""
50,159,0,""
50,160,0,""
50,161,0,""
50,162,0,""
50,163,0,""
50,164,0,""
50,165,0,""
50,166,0,""
50,167,0,""
50,168,0,""
50,169,0,""
50,170,0,""
50,171,0,""
50,172,0,""
50,173,0,""
50,174,0,""
50,175,0,""
50,176,0,""
50,177,0,""
50,178,0,""
50,179,0,""
50,180,0,""
50,181,0,""
50,182,0,""
50,183,0,""
50,184,0,""
50,185,0,""
50,186,0,""
50,187,0,""
50,188,0,""
50,189,0,""
50,190,0,""
50,191,0,""
50,192,0,""
50,193,0,""
50,194,0,""
50,195,0,""
50,196,0,""
50,197,0,""
50,198,0,""
50,199,0,""
50,200,0,""
75,1,0,""
75,2,0,""
75,3,0,""
75,4,0,""
75,5,0,""
75,6,0,""
75,7,0,""
75,8,0,""
75,9,0,""
75,10,0,""
75,11,0,""
75,12,0,""
75,13,0,""
75,14,0,""
75,15,0,""
75,16,0,""
75,17,0,""
75,18,0,""
75,19,0,""
75,20,0,""
75,21,0,""
75,22,0,""
75,23,0,""
75,24,0,""
75,25,0,""
75,26,0,""
75,27,0,""
75,28,0,""
75,29,0,""
75,30,0,""
75,31,0,""
75,32,0,""
75,33,0,""
75,34,0,""
75,35,0,""
75,36,0,""
75,37,0,""
75,38,0,""
75,39,0,""
75,40,0,""
75,41,0,""
75,42,0,""
75,43,0,""
75,44,0,""
75,45,0,""
75,46,0,""
75,47,0,""
75,48,0,""
75,49,0,""
75,50,0,""
75,51,0,""
75,52,0,""
75,53,0,""
75,54,0,""
75,55,0,""
75,56,0,""
75,57,0,""
75,58,0,""
75,59,0,""
75,60,0,""
75,61,0,""
75,62,0,""
75,63,0,""
75,64,0,""
75,65,0,""
75,66,0,""
75,67,0,""
75,68,0,""
75,69,0,""
75,70,0,""
75,71,0,""
75,72,0,""
75,73,0,""
75,74,0,""
75,75,0,""
75,76,0,""
75,77,0,""
75,78,0,""
75,79,0,""
75,80,0,""
75,81,0,""
75,82,0,""
75,83,0,""
75,84,0,""
75,85,0,""
75,86,0,""
75,87,0,""
75,88,0,""
75,89,0,""
75,90,0,""
75,91,0,""
75,92,0,""
75,93,0,""
75,94,0,""
75,95,0,""
75,96,0,""
75,97,0,""
75,98,0,""
75,99,0,""
75,100,0,""
75,101,0,""
75,102,0,""
75,103,0,""
75,104,0,""
75,105,0,""
75,106,0,""
75,107,0,""
75,108,0,""
75,109,0,""
75,110,0,""
75,111,0,""
75,112,0,""
75,113,0,""
75,114,0,""
75,115,0,""
75,116,0,""
75,117,0,""
75,118,0,""
75,119,0,""
75,120,0,""
75,121,0,""
75,122,0,""
75,123,0,""
75,124,0,""
75,125,0,""
75,126,0,""
75,127,0,""
75,128,0,""
75,129,0,""
75,130,0,""
75,131,0,""
75,132,0,""
75,133,0,""
75,134,0,""
75,135,0,""
75,136,0,""
75,137,0,""
75,138,0,""
75,139,0,""
75,140,0,""
75,141,0,""
75,142,0,""
75,143,0,""
75,144,0,""
75,145,0,""
75,146,0,""
75,147,0,""
75,148,0,""
75,149,0,""
75,150,0,""
75,151,0,""
75,152,0,""
75,153,0,""
75,154,0,""
75,155,0,""
75,156,0,""
75,157,0,""
75,158,0,""
75,159,0,""
75,160,0,""
75,161,0,""
75,162,0,""
75,163,0,""
75,164,0,""
75,165,0,""
75,166,0,""
75,167,0,""
75,168,0,""
75,169,0,""
75,170,0,""
75,171,0,""
75,172,0,""
75,173,0,""
75,174,0,""
75,175,0,""
75,176,0,""
75,177,0,""
75,178,0,""
75,179,0,""
75,180,0,""
75,181,0,""
75,182,0,""
75,183,0,""
75,184,0,""
75,185,0,""
75,186,0,""
75,187,0,""
75,188,0,""
75,189,0,""
75,190,0,""
75,191,0,""
75,192,0,""
75,193,0,""
75,194,0,""
75,195,0,""
75,196,0,""
75,197,0,""
75,198,0,""
75,199,0,""
75,200,0,""
100,1,0,""
100,2,0,""
100,3,0,""
100,4,0,""
100,5,0,""
100,6,0,""
100,7,0,""
100,8,0,""
100,9,0,""
100,10,0,""
100,11,0,""
100,12,0,""
100,13,0,""
100,14,0,""
100,15,0,""
100,16,0,""
100,17,0,""
100,18,0,""
100,19,0,""
100,20,0,""
100,21,0,""
100,22,0,""
100,23,0,""
100,24,0,""
100,25,0,""
100,26,0,""
100,27,0,""
100,28,0,""
100,29,0,""
100,30,0,""
100,31,0,""
100,32,0,""
100,33,0,""
100,34,0,""
100,35,0,""
100,36,0,""
100,37,0,""
100,38,0,""
100,39,0,""
100,40,0,""
100,41,0,""
100,42,0,""
100,43,0,""
100,44,0,""
100,45,0,""
100,46,0,""
100,47,0,""
100,48,0,""
100,49,0,""
100,50,0,""
100,51,0,""
100,52,0,""
100,53,0,""
100,54,0,""
100,55,0,""
100,56,0,""
100,57,0,""
100,58,0,""
100,59,0,""
100,60,0,""
100,61,0,""
100,62,0,""
100,63,0,""
100,64,0,""
100,65,0,""
100,66,0,""
100,67,0,""
100,68,0,""
100,69,0,""
100,70,0,""
100,71,0,""
100,72,0,""
100,73,0,""
100,74,0,""
100,75,0,""
100,76,0,""
100,77,0,""
100,78,0,""
100,79,0,""
100,80,0,""
100,81,0,""
100,82,0,""
100,83,0,""
100,84,0,""
100,85,0,""
100,86,0,""
100,87,0,""
100,88,0,""
100,89,0,""
100,90,0,""
100,91,0,""
100,92,0,""
100,93,0,""
100,94,0,""
100,95,0,""
100,96,0,""
100,97,0,""
100,98,0,""
100,99,0,""
100,100,0,""
100,101,0,""
100,102,0,""
100,103,0,""
100,104,0,""
100,105,0,""
100,106,0,""
100,107,0,""
100,108,0,""
100,109,0,""
100,110,0,""
100,111,0,""
100,112,0,""
100,113,0,""
100,114,0,""
100,115,0,""
100,116,0,""
100,117,0,""
100,118,0,""
100,119,0,""
100,120,0,""
100,121,0,""
100,122,0,""
100,123,0,""
100,124,0,""
100,125,0,""
100,126,0,""
100,127,0,""
100,128,0,""
100,129,0,""
100,130,0,""
100,131,0,""
100,132,0,""
100,133,0,""
100,134,0,""
100,135,0,""
100,136,0,""
100,137,0,""
100,138,0,""
100,139,0,""
100,140,0,""
100,141,0,""
100,142,0,""
100,143,0,""
100,144,0,""
100,145,0,""
100,146,0,""
100,147,0,""
100,148,0,""
100,149,0,""
100,150,0,""
100,151,0,""
100,152,0,""
100,153,0,""
100,154,0,""
100,155,0,""
100,156,0,""
100,157,0,""
100,158,0,""
100,159,0,""
100,160,0,""
100,161,0,""
100,162,0,""
100,163,0,""
100,164,0,""
100,165,0,""
100,166,0,""
100,167,0,""
100,168,0,""
100,169,0,""
100,170,0,""
100,171,0,""
100,172,0,""
100,173,0,""
100,174,0,""
100,175,0,""
100,176,0,""
100,177,0,""
100,178,0,""
100,179,0,""
100,180,0,""
100,181,0,""
100,182,0,""
100,183,0,""
100,184,0,""
100,185,0,""
100,186,0,""
100,187,0,""
100,188,0,""
100,189,0,""
100,190,0,""
100,191,0,""
100,192,0,""
100,193,0,""
100,194,0,""
100,195,0,""
100,196,0,""
100,197,0,""
100,198,0,""
100,199,0,""
100,200,0,""
125,1,0,""
125,2,0,""
125,3,0,""
125,4,0,""
125,5,1,"0.3476395214003791"
125,6,0,""
125,7,0,""
125,8,0,""
125,9,0,""
125,10,0,""
125,11,0,""
125,12,1,"0.3513371839566013"
125,13,0,""
125,14,1,"0.40112437841307247"
125,15,0,""
125,16,0,""
125,17,0,""
125,18,1,"0.3312714426343403"
125,19,0,""
125,20,0,""
125,21,0,""
125,22,0,""
125,23,0,""
125,24,0,""
125,25,0,""
125,26,1,"0.3151315949723544"
125,27,0,""
125,28,0,""
125,29,0,""
125,30,0,""
125,31,0,""
125,32,0,""
125,33,0,""
125,34,0,""
125,35,0,""
125,36,0,""
125,37,0,""
125,38,0,""
125,39,0,""
125,40,0,""
125,41,0,""
125,42,0,""
125,43,1,"0.3217883097187092"
125,44,0,""
125,45,0,""
125,46,0,""
125,47,0,""
125,48,0,""
125,49,0,""
125,50,0,""
125,51,1,"0.3151315949723544"
125,52,0,""
125,53,0,""
125,54,0,""
125,55,0,""
125,56,0,""
125,57,0,""
125,58,0,""
125,59,0,""
125,60,0,""
125,61,0,""
125,62,0,""
125,63,0,""
125,64,0,""
125,65,0,""
125,66,0,""
125,67,1,"0.32877851565320154"
125,68,0,""
125,69,0,""
125,70,0,""
125,71,0,""
125,72,0,""
125,73,0,""
125,74,0,""
125,75,0,""
125,76,0,""
125,77,0,""
125,78,0,""
125,79,0,""
125,80,0,""
125,81,0,""
125,82,0,""
125,83,0,""
125,84,0,""
125,85,0,""
125,86,0,""
125,87,0,""
125,88,0,""
125,89,1,"0.4310587507137959"
125,90,1,"0.39590289541940343"
125,91,0,""
125,92,1,"0.4596585799719263"
125,93,0,""
125,94,0,""
125,95,0,""
125,96,0,""
125,97,0,""
125,98,0,""
125,99,0,""
125,100,0,""
125,101,0,""
125,102,0,""
125,103,1,"0.3300462819338422"
125,104,0,""
125,105,0,""
125,106,0,""
125,107,0,""
125,108,1,"0.39810634761020974"
125,109,0,""
125,110,0,""
125,111,0,""
125,112,0,""
125,113,0,""
125,114,1,"0.39590289541940343"
125,115,0,""
125,116,0,""
125,117,0,""
125,118,0,""
125,119,0,""
125,120,0,""
125,121,0,""
125,122,0,""
125,123,0,""
125,124,0,""
125,125,1,"0.4312517985701008"
125,126,0,""
125,127,0,""
125,128,0,""
125,129,0,""
125,130,0,""
125,131,0,""
125,132,0,""
125,133,0,""
125,134,0,""
125,135,1,"0.36854984741738644"
125,136,0,""
125,137,0,""
125,138,0,""
125,139,0,""
125,140,0,""
125,141,0,""
125,142,0,""
125,143,0,""
125,144,1,"0.41845733568232185"
125,145,0,""
125,146,0,""
125,147,0,""
125,148,0,""
125,149,0,""
125,150,0,""
125,151,0,""
125,152,1,"0.3117045739242025"
125,153,0,""
125,154,0,""
125,155,0,""
125,156,0,""
125,157,0,""
125,158,1,"0.34843424366050896"
125,159,0,""
125,160,0,""
125,161,1,"0.39590289541940343"
125,162,0,""
125,163,0,""
125,164,0,""
125,165,0,""
125,166,0,""
125,167,0,""
125,168,0,""
125,169,0,""
125,170,0,""
125,171,0,""
125,172,0,""
125,173,0,""
125,174,0,""
125,175,0,""
125,176,1,"0.41845733568232185"
125,177,0,""
125,178,1,"0.4304098484509524"
125,179,0,""
125,180,0,""
125,181,1,"0.48405801833189516"
125,182,0,""
125,183,0,""
125,184,0,""
125,185,0,""
125,186,0,""
125,187,0,""
125,188,0,""
125,189,0,""
125,190,0,""
125,191,0,""
125,192,0,""
125,193,0,""
125,194,0,""
125,195,0,""
125,196,0,""
125,197,0,""
125,198,1,"0.33021140686424294"
125,199,0,""
125,200,0,""
150,1,0,""
150,2,0,""
150,3,0,""
150,4,0,""
150,5,1,"0.26292763479872955"
150,6,0,""
150,7,0,""
150,8,0,""
150,9,0,""
150,10,0,""
150,11,1,"0.1520288307921431"
150,12,0,""
150,13,1,"0.2742423456428221"
150,14,0,""
150,15,0,""
150,16,1,"0.4646144655455437"
150,17,0,""
150,18,0,""
150,19,0,""
150,20,1,"0.22584705344382683"
150,21,0,""
150,22,0,""
150,23,0,""
150,24,0,""
150,25,0,""
150,26,0,""
150,27,0,""
150,28,1,"0.39978042179282863"
150,29,0,""
150,30,1,"0.4267091526113934"
150,31,0,""
150,32,0,""
150,33,1,"0.3404217076600698"
150,34,0,""
150,35,0,""
150,36,0,""
150,37,0,""
150,38,0,""
150,39,0,""
150,40,0,""
150,41,0,""
150,42,0,""
150,43,0,""
150,44,0,""
150,45,0,""
150,46,1,"0.2451731237347515"
150,47,0,""
150,48,0,""
150,49,0,""
150,50,0,""
150,51,0,""
150,52,0,""
150,53,1,"0.3963741163245107"
150,54,0,""
150,55,1,"0.46737875135451007"
150,56,0,""
150,57,0,""
150,58,0,""
150,59,0,""
150,60,0,""
150,61,0,""
150,62,0,""
150,63,0,""
150,64,1,"0.19639454350155183"
150,65,1,"0.3217305873996033"
150,66,0,""
150,67,1,"0.15539643094325356"
150,68,0,""
150,69,0,""
150,70,0,""
150,71,0,""
150,72,0,""
150,73,1,"0.4943279162629742"
150,74,1,"0.40237998732129177"
150,75,0,""
150,76,0,""
150,77,0,""
150,78,0,""
150,79,0,""
150,80,0,""
150,81,0,""
150,82,0,""
150,83,1,"0.26292763479872955"
150,84,0,""
150,85,0,""
150,86,0,""
150,87,0,""
150,88,0,""
150,89,0,""
150,90,0,""
150,91,0,""
150,92,0,""
150,93,1,"0.3885393041827907"
150,94,0,""
150,95,1,"0.17225013386181748"
150,96,1,"0.49206083168039183"
150,97,1,"0.21053141969335679"
150,98,0,""
150,99,0,""
150,100,0,""
150,101,0,""
150,102,0,""
150,103,1,"0.15055366243441864"
150,104,0,""
150,105,0,""
150,106,0,""
150,107,0,""
150,108,0,""
150,109,0,""
150,110,1,"0.18961415379955207"
150,111,0,""
150,112,0,""
150,113,0,""
150,114,0,""
150,115,0,""
150,116,0,""
150,117,0,""
150,118,0,""
150,119,0,""
150,120,1,"0.14806724093741674"
150,121,0,""
150,122,1,"0.4794087529692957"
150,123,0,""
150,124,0,""
150,125,0,""
150,126,1,"0.4401149250162987"
150,127,1,"0.2228105469633348"
150,128,0,""
150,129,0,""
150,130,0,""
150,131,0,""
150,132,1,"0.15364575226098554"
150,133,0,""
150,134,0,""
150,135,1,"0.4567346255597386"
150,136,0,""
150,137,0,""
150,138,1,"0.44493980369469366"
150,139,0,""
150,140,0,""
150,141,1,"0.3885393041827907"
150,142,1,"0.3614668102493668"
150,143,0,""
150,144,0,""
150,145,1,"0.35065274742937436"
150,146,0,""
150,147,0,""
150,148,0,""
150,149,0,""
150,150,0,""
150,151,1,"0.21933201015803974"
150,152,1,"0.46248157502927156"
150,153,0,""
150,154,0,""
150,155,0,""
150,156,0,""
150,157,0,""
150,158,0,""
150,159,0,""
150,160,0,""
150,161,0,""
150,162,0,""
150,163,0,""
150,164,0,""
150,165,1,"0.4956485745606377"
150,166,0,""
150,167,0,""
150,168,0,""
150,169,1,"0.47598790869326313"
150,170,0,""
150,171,0,""
150,172,0,""
150,173,0,""
150,174,0,""
150,175,0,""
150,176,1,"0.42398038353421447"
150,177,0,""
150,178,0,""
150,179,0,""
150,180,0,""
150,181,1,"0.4693770632195089"
150,182,0,""
150,183,0,""
150,184,0,""
150,185,0,""
150,186,0,""
150,187,1,"0.3955881458225541"
150,188,0,""
150,189,0,""
150,190,0,""
150,191,1,"0.38401425090858327"
150,192,1,"0.17047630657681917"
150,193,0,""
150,194,0,""
150,195,0,""
150,196,1,"0.26292763479872955"
150,197,0,""
150,198,0,""
150,199,0,""
150,200,1,"0.16133817060476907"
175,1,0,""
175,2,1,"0.48262599996870353"
175,3,0,""
175,4,1,"0.24218940458739013"
175,5,1,"0.08973345231527953"
175,6,0,""
175,7,0,""
175,8,0,""
175,9,1,"0.49584308647398956"
175,10,0,""
175,11,0,""
175,12,0,""
175,13,0,""
175,14,1,"0.30553319072265467"
175,15,0,""
175,16,0,""
175,17,0,""
175,18,1,"0.2273616884883656"
175,19,0,""
175,20,0,""
175,21,1,"0.3350122279041225"
175,22,0,""
175,23,1,"0.08725827926082097"
175,24,0,""
175,25,0,""
175,26,0,""
175,27,0,""
175,28,1,"0.26722446901433355"
175,29,1,"0.08901565184326686"
175,30,1,"0.4963188570943614"
175,31,0,""
175,32,1,"0.08670722509933651"
175,33,0,""
175,34,0,""
175,35,0,""
175,36,0,""
175,37,0,""
175,38,1,"0.08358578810776894"
175,39,0,""
175,40,0,""
175,41,1,"0.08378636733898517"
175,42,1,"0.4892699752573994"
175,43,0,""
175,44,1,"0.24236573890161106"
175,45,0,""
175,46,0,""
175,47,0,""
175,48,0,""
175,49,1,"0.41313475301491803"
175,50,0,""
175,51,1,"0.3198140585426576"
175,52,0,""
175,53,0,""
175,54,0,""
175,55,0,""
175,56,0,""
175,57,0,""
175,58,0,""
175,59,0,""
175,60,1,"0.38432153584635786"
175,61,0,""
175,62,0,""
175,63,0,""
175,64,0,""
175,65,0,""
175,66,0,""
175,67,0,""
175,68,1,"0.4740199199926572"
175,69,1,"0.0882189702420697"
175,70,1,"0.09747725573099165"
175,71,0,""
175,72,1,"0.36355731699079585"
175,73,0,""
175,74,0,""
175,75,0,""
175,76,0,""
175,77,0,""
175,78,0,""
175,79,1,"0.1338267333530776"
175,80,1,"0.09081701342558968"
175,81,0,""
175,82,0,""
175,83,0,""
175,84,0,""
175,85,1,"0.23551412830032079"
175,86,1,"0.26722446901433355"
175,87,1,"0.41637666282490876"
175,88,0,""
175,89,0,""
175,90,0,""
175,91,1,"0.19920420305761483"
175,92,0,""
175,93,1,"0.08557179405486526"
175,94,1,"0.30700738839425107"
175,95,1,"0.48251062930439187"
175,96,0,""
175,97,0,""
175,98,1,"0.23408720578756428"
175,99,0,""
175,100,0,""
175,101,0,""
175,102,0,""
175,103,0,""
175,104,1,"0.2662288246690139"
175,105,1,"0.4943293717188406"
175,106,0,""
175,107,1,"0.4828234686425804"
175,108,0,""
175,109,0,""
175,110,0,""
175,111,0,""
175,112,0,""
175,113,1,"0.4920700580116446"
175,114,1,"0.22312417671533366"
175,115,1,"0.24668888505575612"
175,116,0,""
175,117,1,"0.4774830529010189"
175,118,0,""
175,119,0,""
175,120,1,"0.08725827926082097"
175,121,0,""
175,122,0,""
175,123,0,""
175,124,0,""
175,125,0,""
175,126,1,"0.30191966367249196"
175,127,1,"0.4692115458106419"
175,128,0,""
175,129,0,""
175,130,0,""
175,131,0,""
175,132,0,""
175,133,0,""
175,134,1,"0.4799046109056186"
175,135,1,"0.25344354985437134"
175,136,1,"0.21055790192965207"
175,137,1,"0.2905717807835571"
175,138,1,"0.3323315355870671"
175,139,0,""
175,140,0,""
175,141,1,"0.08424482712831088"
175,142,0,""
175,143,1,"0.252076781910955"
175,144,0,""
175,145,0,""
175,146,1,"0.2322997756752283"
175,147,0,""
175,148,1,"0.08378636733898517"
175,149,1,"0.4740199199926572"
175,150,0,""
175,151,1,"0.2814904860300582"
175,152,0,""
175,153,0,""
175,154,0,""
175,155,0,""
175,156,0,""
175,157,0,""
175,158,1,"0.39005503146378706"
175,159,0,""
175,160,1,"0.4828234686425804"
175,161,1,"0.4224578923279785"
175,162,0,""
175,163,1,"0.37822058132907954"
175,164,0,""
175,165,0,""
175,166,0,""
175,167,0,""
175,168,1,"0.4892699752573994"
175,169,0,""
175,170,0,""
175,171,1,"0.0915368622014018"
175,172,1,"0.08863816052599996"
175,173,1,"0.2289981568104572"
175,174,1,"0.2704051743212117"
175,175,0,""
175,176,1,"0.48717936732846134"
175,177,1,"0.3351916443760334"
175,178,0,""
175,179,0,""
175,180,0,""
175,181,0,""
175,182,1,"0.09430011019012687"
175,183,1,"0.24689906074680548"
175,184,0,""
175,185,1,"0.2602434903927549"
175,186,0,""
175,187,1,"0.31763790422474836"
175,188,0,""
175,189,0,""
175,190,0,""
175,191,1,"0.21409244797911764"
175,192,1,"0.3047855187742205"
175,193,0,""
175,194,0,""
175,195,1,"0.35962079548884673"
175,196,0,""
175,197,0,""
175,198,0,""
175,199,0,""
175,200,1,"0.4674015661540986"
200,1,0,""
200,2,1,"0.22966259863484964"
200,3,1,"0.08863816052599996"
200,4,0,""
200,5,0,""
200,6,1,"0.0844735777726834"
200,7,1,"0.09114828472437786"
200,8,0,""
200,9,1,"0.37024748616686687"
200,10,0,""
200,11,1,"0.3699618616269377"
200,12,0,""
200,13,0,""
200,14,0,""
200,15,0,""
200,16,1,"0.16030438047533466"
200,17,1,"0.12250748715267601"
200,18,1,"0.08463987215378792"
200,19,0,""
200,20,0,""
200,21,1,"0.09747725573099165"
200,22,1,"0.368893331159284"
200,23,0,""
200,24,1,"0.13256665959588138"
200,25,1,"0.08343685677398442"
200,26,1,"0.09430011019012687"
200,27,1,"0.1692594185918462"
200,28,1,"0.08358578810776894"
200,29,0,""
200,30,1,"0.08343685677398442"
200,31,0,""
200,32,0,""
200,33,0,""
200,34,0,""
200,35,0,""
200,36,0,""
200,37,0,""
200,38,1,"0.12321399965794286"
200,39,0,""
200,40,1,"0.40147717018037143"
200,41,0,""
200,42,1,"0.14107720226885823"
200,43,0,""
200,44,0,""
200,45,1,"0.088935729851484"
200,46,0,""
200,47,0,""
200,48,0,""
200,49,0,""
200,50,0,""
200,51,0,""
200,52,0,""
200,53,1,"0.08343685677398442"
200,54,1,"0.34233279763240293"
200,55,1,"0.3614226194680014"
200,56,0,""
200,57,0,""
200,58,0,""
200,59,0,""
200,60,0,""
200,61,0,""
200,62,1,"0.3614226194680014"
200,63,1,"0.12614421749159926"
200,64,1,"0.22900752632818958"
200,65,1,"0.36729926783689276"
200,66,1,"0.49778963932691767"
200,67,0,""
200,68,0,""
200,69,0,""
200,70,1,"0.104611612190675"
200,71,1,"0.18864685219405106"
200,72,1,"0.08343685677398442"
200,73,1,"0.3674677643880172"
200,74,0,""
200,75,0,""
200,76,1,"0.12192810198950182"
200,77,1,"0.39868752753870146"
200,78,1,"0.4980360496810369"
200,79,0,""
200,80,1,"0.12853894728635987"
200,81,1,"0.1647579742412886"
200,82,0,""
200,83,0,""
200,84,0,""
200,85,0,""
200,86,0,""
200,87,1,"0.12867734875889075"
200,88,1,"0.3648536438370913"
200,89,0,""
200,90,1,"0.1972409415641913"
200,91,1,"0.378147068030348"
200,92,1,"0.19920420305761483"
200,93,0,""
200,94,0,""
200,95,1,"0.3961165721680352"
200,96,1,"0.13289246605488012"
200,97,1,"0.15654681231310882"
200,98,0,""
200,99,0,""
200,100,0,""
200,101,1,"0.11973889271374157"
200,102,1,"0.22362953230797977"
200,103,1,"0.21246727055631867"
200,104,0,""
200,105,0,""
200,106,0,""
200,107,0,""
200,108,0,""
200,109,1,"0.12445714550520064"
200,110,0,""
200,111,1,"0.08343685677398442"
200,112,1,"0.08343685677398442"
200,113,1,"0.205453933222098"
200,114,1,"0.46715378852394507"
200,115,0,""
200,116,0,""
200,117,0,""
200,118,0,""
200,119,1,"0.3865085538609203"
200,120,0,""
200,121,1,"0.12308901117517686"
200,122,1,"0.14807880253106714"
200,123,1,"0.08753125703947505"
200,124,1,"0.12363561415961434"
200,125,1,"0.13628364254533207"
200,126,0,""
200,127,0,""
200,128,0,""
200,129,1,"0.40829439251944116"
200,130,1,"0.15161376827006026"
200,131,0,""
200,132,1,"0.37182257938807467"
200,133,1,"0.35578055282378035"
200,134,1,"0.4169554567049934"
200,135,1,"0.15605862655652314"
200,136,0,""
200,137,1,"0.3614226194680014"
200,138,0,""
200,139,0,""
200,140,1,"0.3820073694360026"
200,141,1,"0.12066408127760787"
200,142,1,"0.08343685677398442"
200,143,1,"0.20731417532859797"
200,144,0,""
200,145,1,"0.14279145945846167"
200,146,0,""
200,147,1,"0.1211384278401741"
200,148,0,""
200,149,1,"0.11009947016099389"
200,150,0,""
200,151,0,""
200,152,0,""
200,153,1,"0.20478328001065632"
200,154,0,""
200,155,1,"0.45161076932673505"
200,156,1,"0.08343685677398442"
200,157,0,""
200,158,0,""
200,159,1,"0.0867828783540978"
200,160,0,""
200,161,1,"0.36729926783689276"
200,162,0,""
200,163,0,""
200,164,1,"0.19920420305761483"
200,165,0,""
200,166,0,""
200,167,0,""
200,168,1,"0.2615721623819726"
200,169,1,"0.10631640366534534"
200,170,0,""
200,171,0,""
200,172,1,"0.24218940458739013"
200,173,1,"0.3156358245804504"
200,174,0,""
200,175,0,""
200,176,0,""
200,177,0,""
200,178,0,""
200,179,1,"0.3331448367632131"
200,180,1,"0.41543535699519446"
200,181,0,""
200,182,0,""
200,183,1,"0.10631640366534534"
200,184,1,"0.12249531943321894"
200,185,1,"0.08725827926082097"
200,186,1,"0.48743473746537996"
200,187,1,"0.39868752753870146"
200,188,1,"0.1647579742412886"
200,189,0,""
200,190,1,"0.4673664393101157"
200,191,1,"0.36045365971453974"
200,192,0,""
200,193,1,"0.22900752632818958"
200,194,1,"0.16532963413641039"
200,195,0,""
200,196,1,"0.12853894728635987"
200,197,0,""
200,198,0,""
200,199,0,""
200,200,0,""
225,1,0,""
225,2,0,""
225,3,0,""
225,4,1,"0.08343685677398442"
225,5,1,"0.12445714550520064"
225,6,1,"0.13336782498834757"
225,7,1,"0.12445714550520064"
225,8,0,""
225,9,0,""
225,10,0,""
225,11,1,"0.3696028103213886"
225,12,1,"0.1856158895229237"
225,13,0,""
225,14,1,"0.1751718068116693"
225,15,1,"0.12134133737548353"
225,16,1,"0.12410367720208043"
225,17,1,"0.11937845899923423"
225,18,1,"0.09114828472437786"
225,19,0,""
225,20,0,""
225,21,1,"0.08343685677398442"
225,22,1,"0.12148027547739007"
225,23,1,"0.08400609905200557"
225,24,0,""
225,25,0,""
225,26,0,""
225,27,1,"0.20731417532859797"
225,28,1,"0.17373246762642947"
225,29,0,""
225,30,1,"0.125106618981926"
225,31,1,"0.18427608497458764"
225,32,1,"0.1899830393160673"
225,33,0,""
225,34,0,""
225,35,0,""
225,36,1,"0.1295027697129799"
225,37,1,"0.088935729851484"
225,38,0,""
225,39,1,"0.2725137638195655"
225,40,0,""
225,41,1,"0.4454656931077218"
225,42,1,"0.18994051364749934"
225,43,0,""
225,44,0,""
225,45,1,"0.08343685677398442"
225,46,1,"0.2615721623819726"
225,47,1,"0.4114243472538736"
225,48,0,""
225,49,1,"0.46519449045295497"
225,50,1,"0.11937845899923423"
225,51,0,""
225,52,0,""
225,53,0,""
225,54,1,"0.08343685677398442"
225,55,1,"0.46519449045295497"
225,56,0,""
225,57,0,""
225,58,0,""
225,59,0,""
225,60,1,"0.12445714550520064"
225,61,1,"0.3383855079282195"
225,62,0,""
225,63,1,"0.1447077694272812"
225,64,0,""
225,65,1,"0.08343685677398442"
225,66,1,"0.20185012085153997"
225,67,0,""
225,68,1,"0.3540433806988493"
225,69,1,"0.39113418031565844"
225,70,1,"0.19584348969052387"
225,71,1,"0.18389872402688992"
225,72,0,""
225,73,0,""
225,74,1,"0.088935729851484"
225,75,1,"0.1794542450861295"
225,76,1,"0.12445714550520064"
225,77,1,"0.12445714550520064"
225,78,0,""
225,79,1,"0.490189754304278"
225,80,0,""
225,81,0,""
225,82,1,"0.09430011019012687"
225,83,1,"0.14216316322230657"
225,84,0,""
225,85,1,"0.08343685677398442"
225,86,0,""
225,87,1,"0.17267810425173563"
225,88,1,"0.15657990465981336"
225,89,0,""
225,90,1,"0.14971790952481562"
225,91,1,"0.189739337842377"
225,92,0,""
225,93,1,"0.19404108994199115"
225,94,1,"0.1978803371774825"
225,95,0,""
225,96,1,"0.12445714550520064"
225,97,0,""
225,98,1,"0.19487160404232245"
225,99,1,"0.08343685677398442"
225,100,0,""
225,101,1,"0.2549741285960781"
225,102,1,"0.20216134326345034"
225,103,1,"0.48070666296837206"
225,104,1,"0.31682636556601607"
225,105,1,"0.23022158712338814"
225,106,0,""
225,107,1,"0.4283827627832973"
225,108,1,"0.20335481932153898"
225,109,1,"0.15605862655652314"
225,110,0,""
225,111,1,"0.1227889986130018"
225,112,1,"0.47002149079222877"
225,113,1,"0.24739961738658287"
225,114,1,"0.2011103290532962"
225,115,1,"0.3049268079718596"
225,116,1,"0.3860522713021059"
225,117,0,""
225,118,1,"0.18116977303875983"
225,119,1,"0.3615643681627121"
225,120,1,"0.11973889271374157"
225,121,1,"0.4673664393101157"
225,122,0,""
225,123,1,"0.08993345074980225"
225,124,0,""
225,125,1,"0.20856980448553358"
225,126,1,"0.18116977303875983"
225,127,1,"0.08343685677398442"
225,128,0,""
225,129,1,"0.15938804410755525"
225,130,1,"0.2615721623819726"
225,131,1,"0.14107720226885823"
225,132,1,"0.1738946606233486"
225,133,0,""
225,134,1,"0.3694780147340726"
225,135,1,"0.3696028103213886"
225,136,1,"0.1889566535321424"
225,137,0,""
225,138,1,"0.3430753053593779"
225,139,1,"0.12250748715267601"
225,140,1,"0.29027651172927466"
225,141,1,"0.19173648391740533"
225,142,1,"0.22696639243225428"
225,143,1,"0.25211348857447197"
225,144,1,"0.12148027547739007"
225,145,1,"0.3694780147340726"
225,146,1,"0.2967320278791287"
225,147,1,"0.20589839088293185"
225,148,1,"0.11969955699933676"
225,149,0,""
225,150,1,"0.12445714550520064"
225,151,1,"0.47852114257189704"
225,152,1,"0.19584579790575707"
225,153,1,"0.08343685677398442"
225,154,1,"0.2168369204955283"
225,155,1,"0.4540575425340581"
225,156,1,"0.11937845899923423"
225,157,1,"0.17921390908990725"
225,158,1,"0.1938244656537858"
225,159,1,"0.2755245411874279"
225,160,1,"0.1903160704980162"
225,161,1,"0.1338267333530776"
225,162,0,""
225,163,1,"0.08993345074980225"
225,164,0,""
225,165,1,"0.11937845899923423"
225,166,1,"0.12514249253152787"
225,167,0,""
225,168,1,"0.2900680844054667"
225,169,0,""
225,170,1,"0.20614920976593076"
225,171,1,"0.13709959260463092"
225,172,0,""
225,173,1,"0.18976019763040816"
225,174,0,""
225,175,0,""
225,176,1,"0.211380275114328"
225,177,1,"0.18827030053358867"
225,178,1,"0.20589839088293185"
225,179,1,"0.08347373008321277"
225,180,1,"0.2755245411874279"
225,181,1,"0.18417025459936656"
225,182,0,""
225,183,0,""
225,184,1,"0.1315226354886987"
225,185,1,"0.12445714550520064"
225,186,0,""
225,187,1,"0.09183114822558987"
225,188,0,""
225,189,1,"0.12445714550520064"
225,190,1,"0.38432153584635786"
225,191,0,""
225,192,1,"0.14685288688379347"
225,193,1,"0.12445714550520064"
225,194,0,""
225,195,0,""
225,196,0,""
225,197,1,"0.12445714550520064"
225,198,1,"0.15918858735541752"
225,199,1,"0.46957524696009123"
225,200,1,"0.08343685677398442"
250,1,0,""
250,2,1,"0.23445268250242912"
250,3,1,"0.11937845899923423"
250,4,0,""
250,5,0,""
250,6,1,"0.43970942492476706"
250,7,1,"0.29027651172927466"
250,8,1,"0.3353864229909658"
250,9,1,"0.14056586439988472"
250,10,1,"0.17081307123516967"
250,11,1,"0.17805702292313974"
250,12,1,"0.16968813756679196"
250,13,1,"0.1684858508778203"
250,14,1,"0.11937845899923423"
250,15,1,"0.16818990526975358"
250,16,0,""
250,17,1,"0.1338267333530776"
250,18,0,""
250,19,0,""
250,20,1,"0.1213919870807155"
250,21,1,"0.08343685677398442"
250,22,1,"0.12044609614181541"
250,23,1,"0.23445268250242912"
250,24,1,"0.169400403042431"
250,25,1,"0.1456978805177004"
250,26,1,"0.11937845899923423"
250,27,1,"0.40274082713086434"
250,28,1,"0.16775300350789196"
250,29,0,""
250,30,1,"0.25681960410358423"
250,31,1,"0.33792064169611147"
250,32,1,"0.32318944473224576"
250,33,1,"0.12458298077116621"
250,34,1,"0.4540575425340581"
250,35,1,"0.12445714550520064"
250,36,1,"0.3582262112383435"
250,37,1,"0.14216316322230657"
250,38,1,"0.12445714550520064"
250,39,1,"0.08343685677398442"
250,40,1,"0.17338208053762563"
250,41,1,"0.15187255847721362"
250,42,1,"0.4198495007606821"
250,43,1,"0.1927886919439763"
250,44,1,"0.1792856025552169"
250,45,1,"0.3582262112383435"
250,46,1,"0.16799125156943517"
250,47,1,"0.08343685677398442"
250,48,1,"0.14971790952481562"
250,49,1,"0.29690888646634495"
250,50,1,"0.18135339718562657"
250,51,1,"0.17052987612091156"
250,52,1,"0.34302103678686197"
250,53,1,"0.17805702292313974"
250,54,1,"0.11939167987827747"
250,55,1,"0.08343685677398442"
250,56,1,"0.17373822409397427"
250,57,1,"0.08343685677398442"
250,58,1,"0.4204216289278369"
250,59,1,"0.24824139514902357"
250,60,1,"0.40274082713086434"
250,61,1,"0.4803539858932823"
250,62,1,"0.16775300350789196"
250,63,0,""
250,64,1,"0.3561571918447405"
250,65,0,""
250,66,1,"0.14279145945846167"
250,67,1,"0.1950749530807357"
250,68,1,"0.11937845899923423"
250,69,1,"0.41406374248705513"
250,70,0,""
250,71,1,"0.46796457436951444"
250,72,1,"0.17805702292313974"
250,73,1,"0.11937845899923423"
250,74,1,"0.12128022968865826"
250,75,1,"0.08725827926082097"
250,76,0,""
250,77,1,"0.17373822409397427"
250,78,0,""
250,79,0,""
250,80,0,""
250,81,1,"0.12445714550520064"
250,82,1,"0.18807461508852513"
250,83,1,"0.11937845899923423"
250,84,1,"0.08343685677398442"
250,85,1,"0.08505964825044235"
250,86,0,""
250,87,1,"0.16775300350789196"
250,88,1,"0.34302103678686197"
250,89,0,""
250,90,1,"0.16799125156943517"
250,91,1,"0.088935729851484"
250,92,1,"0.08343685677398442"
250,93,0,""
250,94,1,"0.17805702292313974"
250,95,1,"0.3246056212996088"
250,96,1,"0.0862028663606193"
250,97,1,"0.21400598558020933"
250,98,1,"0.08343685677398442"
250,99,0,""
250,100,1,"0.08400609905200557"
250,101,0,""
250,102,1,"0.4260117390494665"
250,103,0,""
250,104,0,""
250,105,0,""
250,106,0,""
250,107,0,""
250,108,1,"0.4711542292777904"
250,109,1,"0.16818223784895367"
250,110,1,"0.16775300350789196"
250,111,1,"0.12044609614181541"
250,112,1,"0.3540433806988493"
250,113,1,"0.3562600161186193"
250,114,0,""
250,115,1,"0.1679701479162398"
250,116,1,"0.41723416546352926"
250,117,1,"0.12853894728635987"
250,118,1,"0.11937845899923423"
250,119,1,"0.16847993322696816"
250,120,1,"0.08343685677398442"
250,121,1,"0.16799125156943517"
250,122,1,"0.11937845899923423"
250,123,0,""
250,124,1,"0.16831562084654966"
250,125,1,"0.18816030738777126"
250,126,1,"0.20216134326345034"
250,127,0,""
250,128,1,"0.08343685677398442"
250,129,0,""
250,130,1,"0.16799125156943517"
250,131,1,"0.16532963413641039"
250,132,1,"0.12005581708405756"
250,133,1,"0.4803539858932823"
250,134,1,"0.2549741285960781"
250,135,1,"0.4626305876048621"
250,136,0,""
250,137,1,"0.19747939619767244"
250,138,1,"0.43316531172373873"
250,139,1,"0.17140615237953666"
250,140,1,"0.12197267732963096"
250,141,0,""
250,142,1,"0.1760314303389784"
250,143,0,""
250,144,1,"0.14056586439988472"
250,145,1,"0.372739215661221"
250,146,0,""
250,147,1,"0.4711542292777904"
250,148,1,"0.12116277411366418"
250,149,1,"0.12197267732963096"
250,150,0,""
250,151,1,"0.1726307980227368"
250,152,1,"0.11937845899923423"
250,153,0,""
250,154,1,"0.16799125156943517"
250,155,1,"0.1537575247229667"
250,156,0,""
250,157,1,"0.16799125156943517"
250,158,1,"0.29027651172927466"
250,159,1,"0.08343685677398442"
250,160,0,""
250,161,1,"0.17033192520480014"
250,162,0,""
250,163,1,"0.28695218733559963"
250,164,1,"0.12759300353146155"
250,165,1,"0.33688231991443096"
250,166,1,"0.1699983511515413"
250,167,0,""
250,168,1,"0.12445714550520064"
250,169,1,"0.10005245530338597"
250,170,1,"0.24245824719599263"
250,171,0,""
250,172,1,"0.08343685677398442"
250,173,1,"0.11937845899923423"
250,174,0,""
250,175,0,""
250,176,1,"0.1277237118478868"
250,177,1,"0.16799125156943517"
250,178,1,"0.11937845899923423"
250,179,1,"0.16799125156943517"
250,180,1,"0.16799125156943517"
250,181,1,"0.20104011201990254"
250,182,0,""
250,183,1,"0.4583849637077054"
250,184,1,"0.44638937829541814"
250,185,1,"0.3517338645076428"
250,186,1,"0.12044609614181541"
250,187,1,"0.08753125703947505"
250,188,1,"0.12445714550520064"
250,189,0,""
250,190,1,"0.08343685677398442"
250,191,1,"0.16799125156943517"
250,192,1,"0.3582702994620929"
250,193,1,"0.16832905069061052"
250,194,1,"0.29690888646634495"
250,195,1,"0.26229787548130173"
250,196,1,"0.16799125156943517"
250,197,1,"0.14216316322230657"
250,198,1,"0.17171562750947994"
250,199,1,"0.12445714550520064"
250,200,1,"0.3517338645076428"
275,1,1,"0.4540575425340581"
275,2,1,"0.08343685677398442"
275,3,0,""
275,4,1,"0.17269240436314107"
275,5,1,"0.24235115053495893"
275,6,1,"0.24014824573620552"
275,7,1,"0.11937845899923423"
275,8,1,"0.17530600926919165"
275,9,1,"0.1227889986130018"
275,10,1,"0.12445714550520064"
275,11,1,"0.30025068940350835"
275,12,1,"0.29154752099127457"
275,13,1,"0.16775300350789196"
275,14,1,"0.12283861530051045"
275,15,1,"0.09183114822558987"
275,16,1,"0.16889137962501266"
275,17,1,"0.12249531943321894"
275,18,1,"0.11937845899923423"
275,19,1,"0.18141998796765982"
275,20,1,"0.08343685677398442"
275,21,0,""
275,22,1,"0.08343685677398442"
275,23,1,"0.12457300890757941"
275,24,1,"0.4016097375929602"
275,25,1,"0.11937845899923423"
275,26,0,""
275,27,1,"0.11937845899923423"
275,28,1,"0.0882189702420697"
275,29,1,"0.1256778730219966"
275,30,1,"0.29670404164850367"
275,31,1,"0.33141798478614215"
275,32,0,""
275,33,1,"0.3383855079282195"
275,34,1,"0.11937845899923423"
275,35,1,"0.12458298077116621"
275,36,1,"0.24739870935310343"
275,37,1,"0.08343685677398442"
275,38,1,"0.12458298077116621"
275,39,0,""
275,40,1,"0.3057916772409192"
275,41,1,"0.4198495007606821"
275,42,1,"0.12445714550520064"
275,43,1,"0.31682636556601607"
275,44,0,""
275,45,1,"0.16831562084654966"
275,46,1,"0.08343685677398442"
275,47,1,"0.3615643681627121"
275,48,1,"0.11939167987827747"
275,49,1,"0.11937845899923423"
275,50,1,"0.12197267732963096"
275,51,1,"0.12445714550520064"
275,52,1,"0.176439583032192"
275,53,1,"0.16775300350789196"
275,54,1,"0.11973889271374157"
275,55,1,"0.1315226354886987"
275,56,1,"0.17403071189228217"
275,57,1,"0.44638937829541814"
275,58,1,"0.11937845899923423"
275,59,1,"0.11937845899923423"
275,60,1,"0.08343685677398442"
275,61,1,"0.2571766762372622"
275,62,1,"0.23974789311249198"
275,63,1,"0.08343685677398442"
275,64,1,"0.26421294737081663"
275,65,1,"0.18141998796765982"
275,66,1,"0.08343685677398442"
275,67,1,"0.182264550931938"
275,68,1,"0.1168281904226243"
275,69,1,"0.413396956769396"
275,70,1,"0.24121911201947693"
275,71,1,"0.201562552777341"
275,72,1,"0.11009947016099389"
275,73,1,"0.08343685677398442"
275,74,1,"0.19893458779690862"
275,75,1,"0.23974789311249198"
275,76,1,"0.24072461171999307"
275,77,1,"0.08993345074980225"
275,78,1,"0.2303238907131702"
275,79,1,"0.11937845899923423"
275,80,1,"0.4962053601308988"
275,81,1,"0.16799125156943517"
275,82,1,"0.17805702292313974"
275,83,1,"0.1688485213782931"
275,84,1,"0.1208953632908045"
275,85,1,"0.09340375869517424"
275,86,1,"0.17235878238681326"
275,87,1,"0.25157475116086675"
275,88,1,"0.4610036821423457"
275,89,0,""
275,90,1,"0.23451694827327366"
275,91,1,"0.12445714550520064"
275,92,1,"0.25661265739599254"
275,93,0,""
275,94,0,""
275,95,1,"0.22848312589411496"
275,96,1,"0.11937845899923423"
275,97,1,"0.1213919870807155"
275,98,1,"0.34794042440836426"
275,99,1,"0.12249531943321894"
275,100,1,"0.08343685677398442"
275,101,1,"0.4016097375929602"
275,102,1,"0.1792923685073939"
275,103,1,"0.23451694827327366"
275,104,1,"0.10814304150573749"
275,105,1,"0.08347373008321277"
275,106,1,"0.25220600390084486"
275,107,1,"0.08863816052599996"
275,108,1,"0.16775300350789196"
275,109,1,"0.24739870935310343"
275,110,0,""
275,111,1,"0.08863816052599996"
275,112,1,"0.11951142225302337"
275,113,1,"0.34345999490935336"
275,114,1,"0.23521372342249822"
275,115,1,"0.3031115551246179"
275,116,1,"0.12457300890757941"
275,117,1,"0.16799125156943517"
275,118,1,"0.2544480080881638"
275,119,1,"0.08343685677398442"
275,120,1,"0.25292612775412937"
275,121,1,"0.13491625817380884"
275,122,1,"0.08428930014162929"
275,123,1,"0.3383855079282195"
275,124,1,"0.13780548359640638"
275,125,1,"0.1030213810456305"
275,126,0,""
275,127,1,"0.08785091634635257"
275,128,1,"0.16775300350789196"
275,129,1,"0.17727894857182636"
275,130,1,"0.25086399495819683"
275,131,1,"0.16777980139178578"
275,132,1,"0.16831562084654966"
275,133,1,"0.16867262514111955"
275,134,1,"0.17727894857182636"
275,135,1,"0.11937845899923423"
275,136,0,""
275,137,1,"0.18246146245289446"
275,138,1,"0.21820366936479735"
275,139,1,"0.12250748715267601"
275,140,1,"0.49837910266921065"
275,141,1,"0.2373309224126677"
275,142,1,"0.23067998012993526"
275,143,1,"0.16799125156943517"
275,144,1,"0.20104011201990254"
275,145,1,"0.21400598558020933"
275,146,1,"0.2571766762372622"
275,147,1,"0.2571766762372622"
275,148,1,"0.2571766762372622"
275,149,1,"0.24293863600131438"
275,150,1,"0.2634807463918278"
275,151,1,"0.2671287959466898"
275,152,1,"0.2549741285960781"
275,153,1,"0.237423142123727"
275,154,0,""
275,155,1,"0.11937845899923423"
275,156,0,""
275,157,1,"0.43309536024443135"
275,158,0,""
275,159,1,"0.08343685677398442"
275,160,1,"0.08343685677398442"
275,161,1,"0.20376011870467559"
275,162,1,"0.3615643681627121"
275,163,1,"0.22882557052991856"
275,164,1,"0.08343685677398442"
275,165,1,"0.11951142225302337"
275,166,1,"0.22977948716211402"
275,167,1,"0.11945890794755099"
275,168,1,"0.11937845899923423"
275,169,1,"0.11937845899923423"
275,170,1,"0.12445714550520064"
275,171,1,"0.16867262514111955"
275,172,1,"0.16799125156943517"
275,173,1,"0.11937845899923423"
275,174,1,"0.23974789311249198"
275,175,1,"0.3860522713021059"
275,176,1,"0.11937845899923423"
275,177,1,"0.4454656931077218"
275,178,1,"0.12125624952608291"
275,179,0,""
275,180,1,"0.08343685677398442"
275,181,1,"0.3948946777688612"
275,182,1,"0.11937845899923423"
275,183,1,"0.26229787548130173"
275,184,1,"0.3942592672765382"
275,185,1,"0.12614421749159926"
275,186,1,"0.12184582759838683"
275,187,1,"0.24235115053495893"
275,188,1,"0.23836851072606186"
275,189,1,"0.1256778730219966"
275,190,1,"0.182264550931938"
275,191,1,"0.2204158635620698"
275,192,1,"0.12402326157065893"
275,193,1,"0.11937845899923423"
275,194,1,"0.23105739710146062"
275,195,1,"0.09340375869517424"
275,196,1,"0.4702649261022654"
275,197,1,"0.24606906190994024"
275,198,1,"0.11937845899923423"
275,199,1,"0.1927886919439763"
275,200,1,"0.22927269115597218"
300,1,1,"0.16775417930705078"
300,2,1,"0.264672715457368"
300,3,1,"0.08343685677398442"
300,4,1,"0.09258182430386161"
300,5,1,"0.17373822409397427"
300,6,1,"0.22941375342231393"
300,7,1,"0.11937845899923423"
300,8,1,"0.12139850669881104"
300,9,1,"0.11988618582845484"
300,10,1,"0.33849439063105863"
300,11,1,"0.25220600390084486"
300,12,1,"0.11961288972551895"
300,13,1,"0.12370634998451785"
300,14,1,"0.17140615237953666"
300,15,1,"0.12148027547739007"
300,16,1,"0.17219625248239986"
300,17,1,"0.22801119388011093"
300,18,1,"0.08428930014162929"
300,19,1,"0.16775300350789196"
300,20,1,"0.1972409415641913"
300,21,1,"0.23843618530134558"
300,22,1,"0.3031115551246179"
300,23,1,"0.23646559732100064"
300,24,1,"0.17805702292313974"
300,25,1,"0.12630072926859964"
300,26,1,"0.11937845899923423"
300,27,1,"0.11937845899923423"
300,28,1,"0.22913823227690033"
300,29,1,"0.11937845899923423"
300,30,1,"0.17956959223979138"
300,31,1,"0.23239891052984146"
300,32,1,"0.16999289783477436"
300,33,1,"0.16799125156943517"
300,34,1,"0.12445714550520064"
300,35,1,"0.08343685677398442"
300,36,1,"0.3354771754743265"
300,37,1,"0.08505964825044235"
300,38,1,"0.16775300350789196"
300,39,1,"0.168659513827373"
300,40,1,"0.08343685677398442"
300,41,1,"0.3390985123848628"
300,42,1,"0.16775300350789196"
300,43,1,"0.12250748715267601"
300,44,1,"0.1884690992185923"
300,45,1,"0.11937845899923423"
300,46,1,"0.17805702292313974"
300,47,1,"0.2406190423520403"
300,48,1,"0.23128254498439949"
300,49,1,"0.2280870617402872"
300,50,1,"0.25220600390084486"
300,51,1,"0.25001981555185987"
300,52,1,"0.4962053601308988"
300,53,1,"0.19200974295186277"
300,54,1,"0.11937845899923423"
300,55,1,"0.11937845899923423"
300,56,1,"0.3993411789743271"
300,57,1,"0.194165052185647"
300,58,1,"0.2539027551031994"
300,59,1,"0.16775300350789196"
300,60,1,"0.18703755060057461"
300,61,1,"0.16775300350789196"
300,62,1,"0.4754722854598366"
300,63,1,"0.11937845899923423"
300,64,1,"0.08555048550731385"
300,65,1,"0.16775300350789196"
300,66,0,""
300,67,1,"0.11937845899923423"
300,68,1,"0.20104011201990254"
300,69,1,"0.16775300350789196"
300,70,1,"0.11937845899923423"
300,71,1,"0.17150676852572716"
300,72,1,"0.11937845899923423"
300,73,1,"0.17219625248239986"
300,74,1,"0.23568616700313647"
300,75,1,"0.12370634998451785"
300,76,1,"0.4283827627832973"
300,77,1,"0.4639870725013478"
300,78,1,"0.12698035166483185"
300,79,1,"0.16926878272059714"
300,80,1,"0.16775300350789196"
300,81,1,"0.12853894728635987"
300,82,1,"0.16775300350789196"
300,83,1,"0.17989673191938502"
300,84,1,"0.2628149015368196"
300,85,1,"0.11937845899923423"
300,86,1,"0.11945890794755099"
300,87,1,"0.16775300350789196"
300,88,1,"0.22954126145716697"
300,89,1,"0.2352578334823585"
300,90,1,"0.17805702292313974"
300,91,1,"0.17805702292313974"
300,92,1,"0.32364020754716905"
300,93,1,"0.17203329462727826"
300,94,1,"0.11937845899923423"
300,95,1,"0.17223907565370877"
300,96,1,"0.17712514290650386"
300,97,1,"0.16775300350789196"
300,98,1,"0.2336443322884462"
300,99,1,"0.22913823227690033"
300,100,1,"0.12630072926859964"
300,101,1,"0.2289474151933216"
300,102,1,"0.1792923685073939"
300,103,1,"0.15649600628280283"
300,104,1,"0.11937845899923423"
300,105,1,"0.17447294956980786"
300,106,1,"0.12125207158252381"
300,107,1,"0.22344047106644985"
300,108,1,"0.11937845899923423"
300,109,1,"0.17140615237953666"
300,110,1,"0.25415335668550304"
300,111,1,"0.22930925164695942"
300,112,1,"0.18807461508852513"
300,113,1,"0.29027651172927466"
300,114,1,"0.19173648391740533"
300,115,1,"0.12370634998451785"
300,116,1,"0.11937845899923423"
300,117,1,"0.19173648391740533"
300,118,1,"0.11937845899923423"
300,119,1,"0.23026262377097426"
300,120,1,"0.23646559732100064"
300,121,1,"0.1756306437644805"
300,122,1,"0.17805702292313974"
300,123,1,"0.18065131435725015"
300,124,1,"0.22913823227690033"
300,125,1,"0.17805702292313974"
300,126,1,"0.11937845899923423"
300,127,1,"0.23326849764920685"
300,128,1,"0.11937845899923423"
300,129,1,"0.34736637710520235"
300,130,1,"0.14107720226885823"
300,131,1,"0.23188907366121866"
300,132,1,"0.16775300350789196"
300,133,1,"0.11937845899923423"
300,134,1,"0.4639870725013478"
300,135,1,"0.12125624952608291"
300,136,1,"0.3099058817883467"
300,137,1,"0.2667666249181488"
300,138,1,"0.4879574065997315"
300,139,1,"0.2806365402874703"
300,140,1,"0.22801119388011093"
300,141,1,"0.18246146245289446"
300,142,1,"0.11937845899923423"
300,143,1,"0.23646559732100064"
300,144,1,"0.17805702292313974"
300,145,1,"0.08343685677398442"
300,146,1,"0.16775417930705078"
300,147,1,"0.12221918043314005"
300,148,1,"0.23748733571521163"
300,149,1,"0.17607839618297264"
300,150,1,"0.16799125156943517"
300,151,1,"0.2205521348370905"
300,152,1,"0.19893458779690862"
300,153,1,"0.12630072926859964"
300,154,1,"0.10631640366534534"
300,155,1,"0.08343685677398442"
300,156,1,"0.18141998796765982"
300,157,1,"0.08352438782922944"
300,158,1,"0.23646559732100064"
300,159,1,"0.16775300350789196"
300,160,1,"0.18703755060057461"
300,161,1,"0.17219625248239986"
300,162,1,"0.3836399473639581"
300,163,1,"0.16775300350789196"
300,164,1,"0.12032726146780254"
300,165,1,"0.2376516667702224"
300,166,1,"0.4540575425340581"
300,167,1,"0.08428930014162929"
300,168,1,"0.17997060079182153"
300,169,1,"0.11937845899923423"
300,170,1,"0.08343685677398442"
300,171,1,"0.08378636733898517"
300,172,1,"0.1792856025552169"
300,173,1,"0.16775300350789196"
300,174,1,"0.2539027551031994"
300,175,1,"0.16775300350789196"
300,176,1,"0.16775300350789196"
300,177,1,"0.2773889035181919"
300,178,1,"0.22801119388011093"
300,179,1,"0.18343280631555547"
300,180,1,"0.08555048550731385"
300,181,1,"0.2682454217079775"
300,182,1,"0.18807461508852513"
300,183,1,"0.13780548359640638"
300,184,1,"0.23221392304622404"
300,185,1,"0.1752371724320431"
300,186,1,"0.08343685677398442"
300,187,1,"0.11937845899923423"
300,188,1,"0.08343685677398442"
300,189,1,"0.11939167987827747"
300,190,1,"0.23646559732100064"
300,191,1,"0.11937845899923423"
300,192,1,"0.11937845899923423"
300,193,1,"0.24526555637734354"
300,194,1,"0.2554051480961855"
300,195,1,"0.08343685677398442"
300,196,1,"0.29690888646634495"
300,197,1,"0.16775300350789196"
300,198,1,"0.11937845899923423"
300,199,1,"0.31682636556601607"
300,200,1,"0.08343685677398442"
325,1,1,"0.08343685677398442"
325,2,1,"0.16799125156943517"
325,3,1,"0.11937845899923423"
325,4,1,"0.11937845899923423"
325,5,1,"0.11937845899923423"
325,6,1,"0.17203329462727826"
325,7,1,"0.16775300350789196"
325,8,2,"0.3696028103213886;0.3993411789743271"
325,9,1,"0.1699983511515413"
325,10,2,"0.3540433806988493;0.4397511448006392"
325,11,1,"0.08343685677398442"
325,12,2,"0.33849439063105863;0.4114243472538736"
325,13,1,"0.08343685677398442"
325,14,1,"0.2605001049134512"
325,15,1,"0.08343685677398442"
325,16,1,"0.22801119388011093"
325,17,1,"0.24358155216625682"
325,18,1,"0.24020949388421223"
325,19,1,"0.11937845899923423"
325,20,1,"0.11927600954785834"
325,21,1,"0.16775300350789196"
325,22,1,"0.16777980139178578"
325,23,1,"0.16775300350789196"
325,24,1,"0.22801119388011093"
325,25,1,"0.24739961738658287"
325,26,1,"0.12630072926859964"
325,27,1,"0.2304914682878971"
325,28,1,"0.22913823227690033"
325,29,1,"0.11937845899923423"
325,30,1,"0.16775300350789196"
325,31,2,"0.30081447785735194;0.4626305876048621"
325,32,1,"0.24714395709138884"
325,33,1,"0.25292612775412937"
325,34,1,"0.11937845899923423"
325,35,1,"0.3232608013441806"
325,36,1,"0.12148027547739007"
325,37,1,"0.11937845899923423"
325,38,2,"0.32364020754716905;0.4283827627832973"
325,39,1,"0.16775300350789196"
325,40,1,"0.22344047106644985"
325,41,1,"0.16818223784895367"
325,42,1,"0.33085506483907134"
325,43,1,"0.12943584116701462"
325,44,1,"0.22917268800473847"
325,45,1,"0.20376011870467559"
325,46,1,"0.11937845899923423"
325,47,1,"0.11937845899923423"
325,48,1,"0.11937845899923423"
325,49,1,"0.11937845899923423"
325,50,1,"0.2291419843137625"
325,51,1,"0.1168281904226243"
325,52,1,"0.08343685677398442"
325,53,1,"0.16799125156943517"
325,54,1,"0.08343685677398442"
325,55,1,"0.16775300350789196"
325,56,1,"0.08343685677398442"
325,57,1,"0.22801119388011093"
325,58,1,"0.08352438782922944"
325,59,1,"0.08343685677398442"
325,60,1,"0.08343685677398442"
325,61,1,"0.17968294874811375"
325,62,1,"0.09183114822558987"
325,63,1,"0.22801119388011093"
325,64,1,"0.27828602848796147"
325,65,1,"0.15649600628280283"
325,66,1,"0.28399105226644217"
325,67,1,"0.16775300350789196"
325,68,1,"0.22801119388011093"
325,69,1,"0.16799125156943517"
325,70,1,"0.12125624952608291"
325,71,1,"0.11937845899923423"
325,72,1,"0.16775300350789196"
325,73,1,"0.27312268216485824"
325,74,1,"0.17805702292313974"
325,75,1,"0.182264550931938"
325,76,1,"0.17052987612091156"
325,77,1,"0.1792923685073939"
325,78,1,"0.11937845899923423"
325,79,1,"0.169400403042431"
325,80,1,"0.11937845899923423"
325,81,1,"0.11937845899923423"
325,82,1,"0.264672715457368"
325,83,1,"0.08343685677398442"
325,84,1,"0.16775300350789196"
325,85,1,"0.11937845899923423"
325,86,1,"0.16832905069061052"
325,87,1,"0.2304914682878971"
325,88,1,"0.17447294956980786"
325,89,1,"0.16799125156943517"
325,90,1,"0.08343685677398442"
325,91,1,"0.11937845899923423"
325,92,1,"0.17110527370883935"
325,93,1,"0.22801119388011093"
325,94,1,"0.08343685677398442"
325,95,1,"0.2716476906362168"
325,96,1,"0.27828602848796147"
325,97,1,"0.2682454217079775"
325,98,1,"0.11937845899923423"
325,99,1,"0.2806365402874703"
325,100,1,"0.11937845899923423"
325,101,2,"0.3575604012182395;0.3942592672765382"
325,102,1,"0.11937845899923423"
325,103,1,"0.23646559732100064"
325,104,1,"0.16799125156943517"
325,105,1,"0.16782857610815335"
325,106,1,"0.22801119388011093"
325,107,1,"0.34794042440836426"
325,108,1,"0.16799125156943517"
325,109,1,"0.17462119088910324"
325,110,1,"0.1684858508778203"
325,111,1,"0.22801119388011093"
325,112,1,"0.16775300350789196"
325,113,1,"0.23646559732100064"
325,114,1,"0.22801119388011093"
325,115,1,"0.22801119388011093"
325,116,1,"0.16775300350789196"
325,117,2,"0.33849439063105863;0.4114243472538736"
325,118,1,"0.11937845899923423"
325,119,2,"0.34736637710520235;0.40274082713086434"
325,120,1,"0.11937845899923423"
325,121,1,"0.16775300350789196"
325,122,1,"0.11937845899923423"
325,123,1,"0.09258182430386161"
325,124,1,"0.16889137962501266"
325,125,1,"0.11937845899923423"
325,126,1,"0.17607839618297264"
325,127,1,"0.16775300350789196"
325,128,1,"0.16775300350789196"
325,129,1,"0.11939994214381597"
325,130,1,"0.17607839618297264"
325,131,1,"0.16775417930705078"
325,132,1,"0.12116277411366418"
325,133,1,"0.088935729851484"
325,134,1,"0.08343685677398442"
325,135,1,"0.12112667736227928"
325,136,2,"0.3171227833053347;0.43689279863808145"
325,137,1,"0.1849075555443835"
325,138,1,"0.17685556114064108"
325,139,1,"0.11937845899923423"
325,140,1,"0.16218575586304665"
325,141,1,"0.16775300350789196"
325,142,1,"0.22913823227690033"
325,143,1,"0.13368336567001235"
325,144,1,"0.12124573950932133"
325,145,1,"0.3533739077179975"
325,146,1,"0.2205521348370905"
325,147,1,"0.16799125156943517"
325,148,1,"0.11937845899923423"
325,149,1,"0.11937845899923423"
325,150,2,"0.29577193217363;0.4711542292777904"
325,151,1,"0.17140615237953666"
325,152,1,"0.23290428925525306"
325,153,1,"0.23646559732100064"
325,154,1,"0.3031115551246179"
325,155,1,"0.11937845899923423"
325,156,1,"0.23326849764920685"
325,157,1,"0.17712514290650386"
325,158,1,"0.17269240436314107"
325,159,1,"0.2753535405231796"
325,160,1,"0.31682636556601607"
325,161,1,"0.23974789311249198"
325,162,1,"0.16775300350789196"
325,163,1,"0.3237051385795888"
325,164,1,"0.2340802805497981"
325,165,1,"0.23646559732100064"
325,166,1,"0.24501429761577803"
325,167,1,"0.22801119388011093"
325,168,1,"0.23916862474990927"
325,169,1,"0.22801119388011093"
325,170,1,"0.11937845899923423"
325,171,1,"0.16799125156943517"
325,172,1,"0.16775300350789196"
325,173,1,"0.1315226354886987"
325,174,1,"0.11937845899923423"
325,175,1,"0.16532963413641039"
325,176,1,"0.23646559732100064"
325,177,1,"0.08347373008321277"
325,178,1,"0.23646559732100064"
325,179,1,"0.16775300350789196"
325,180,1,"0.16799125156943517"
325,181,1,"0.12125624952608291"
325,182,1,"0.1691345242732962"
325,183,1,"0.2340802805497981"
325,184,1,"0.11937845899923423"
325,185,1,"0.16799125156943517"
325,186,1,"0.12197267732963096"
325,187,1,"0.16775300350789196"
325,188,1,"0.08343685677398442"
325,189,1,"0.19173648391740533"
325,190,1,"0.16775300350789196"
325,191,1,"0.23188907366121866"
325,192,1,"0.16799125156943517"
325,193,1,"0.16775300350789196"
325,194,1,"0.2514590416356648"
325,195,1,"0.12321399965794286"
325,196,1,"0.16799125156943517"
325,197,1,"0.08362719148788822"
325,198,1,"0.22831918068980184"
325,199,1,"0.23080781015114815"
325,200,1,"0.17655673591758814"
350,1,1,"0.16799125156943517"
350,2,1,"0.12458298077116621"
350,3,1,"0.16775300350789196"
350,4,1,"0.17186756320775845"
350,5,1,"0.08343685677398442"
350,6,1,"0.25292612775412937"
350,7,1,"0.22801119388011093"
350,8,1,"0.16775300350789196"
350,9,1,"0.22801119388011093"
350,10,1,"0.11937845899923423"
350,11,2,"0.24358155216625682;0.40274082713086434"
350,12,1,"0.11937845899923423"
350,13,1,"0.22801119388011093"
350,14,1,"0.16775300350789196"
350,15,1,"0.2303238907131702"
350,16,1,"0.16775300350789196"
350,17,1,"0.11937845899923423"
350,18,1,"0.15938804410755525"
350,19,1,"0.11937845899923423"
350,20,1,"0.24882964592439066"
350,21,1,"0.12124573950932133"
350,22,1,"0.16775300350789196"
350,23,2,"0.23646559732100064;0.4796024429297179"
350,24,1,"0.16775300350789196"
350,25,1,"0.11937845899923423"
350,26,1,"0.22801119388011093"
350,27,1,"0.16775300350789196"
350,28,1,"0.2456804581101623"
350,29,1,"0.22913823227690033"
350,30,1,"0.22913823227690033"
350,31,1,"0.16775300350789196"
350,32,1,"0.12250748715267601"
350,33,1,"0.16775300350789196"
350,34,1,"0.16799125156943517"
350,35,1,"0.11937845899923423"
350,36,1,"0.11955778345190017"
350,37,1,"0.23646559732100064"
350,38,1,"0.08940535548524221"
350,39,1,"0.11937845899923423"
350,40,2,"0.2168369204955283;0.4397511448006392"
350,41,1,"0.17712514290650386"
350,42,1,"0.09258182430386161"
350,43,1,"0.17186756320775845"
350,44,1,"0.11937845899923423"
350,45,1,"0.11937845899923423"
350,46,1,"0.16799125156943517"
350,47,1,"0.16775300350789196"
350,48,1,"0.2293746719280841"
350,49,1,"0.17865342932489187"
350,50,1,"0.22801119388011093"
350,51,1,"0.11937845899923423"
350,52,2,"0.22344047106644985;0.3993411789743271"
350,53,1,"0.08343685677398442"
350,54,1,"0.11937845899923423"
350,55,1,"0.24404627683682492"
350,56,1,"0.11937845899923423"
350,57,1,"0.22801119388011093"
350,58,1,"0.08705019170947473"
350,59,1,"0.22801119388011093"
350,60,1,"0.16867262514111955"
350,61,1,"0.11937845899923423"
350,62,2,"0.2168369204955283;0.4397511448006392"
350,63,1,"0.11937845899923423"
350,64,1,"0.24404627683682492"
350,65,1,"0.22801119388011093"
350,66,1,"0.16775300350789196"
350,67,1,"0.17140615237953666"
350,68,1,"0.22801119388011093"
350,69,1,"0.22801119388011093"
350,70,1,"0.22913823227690033"
350,71,1,"0.2352578334823585"
350,72,1,"0.11937845899923423"
350,73,1,"0.22801119388011093"
350,74,1,"0.22801119388011093"
350,75,1,"0.23295525442122883"
350,76,1,"0.23290428925525306"
350,77,1,"0.08343685677398442"
350,78,1,"0.11927600954785834"
350,79,1,"0.08343685677398442"
350,80,1,"0.234430591916912"
350,81,1,"0.11937845899923423"
350,82,1,"0.11937845899923423"
350,83,1,"0.11937845899923423"
350,84,1,"0.16775300350789196"
350,85,1,"0.08505964825044235"
350,86,1,"0.22801119388011093"
350,87,1,"0.09114828472437786"
350,88,1,"0.16775300350789196"
350,89,1,"0.22801119388011093"
350,90,1,"0.2605001049134512"
350,91,1,"0.2291419843137625"
350,92,1,"0.25122165643956623"
350,93,2,"0.23646559732100064;0.4879574065997315"
350,94,1,"0.16218575586304665"
350,95,1,"0.22801119388011093"
350,96,1,"0.17203329462727826"
350,97,1,"0.11937845899923423"
350,98,1,"0.16775300350789196"
350,99,1,"0.23646559732100064"
350,100,1,"0.25292612775412937"
350,101,1,"0.11937845899923423"
350,102,1,"0.1849075555443835"
350,103,1,"0.23646559732100064"
350,104,1,"0.22801119388011093"
350,105,2,"0.2365885550795338;0.4626305876048621"
350,106,1,"0.11937845899923423"
350,107,1,"0.17052987612091156"
350,108,1,"0.12698035166483185"
350,109,1,"0.12197267732963096"
350,110,1,"0.11937845899923423"
350,111,1,"0.22801119388011093"
350,112,1,"0.11937845899923423"
350,113,1,"0.1778130240838485"
350,114,2,"0.23834253010645146;0.43689279863808145"
350,115,1,"0.16775300350789196"
350,116,1,"0.11937845899923423"
350,117,1,"0.16775300350789196"
350,118,1,"0.11937845899923423"
350,119,1,"0.11937845899923423"
350,120,1,"0.12125624952608291"
350,121,1,"0.16775300350789196"
350,122,1,"0.12125624952608291"
350,123,1,"0.17403071189228217"
350,124,1,"0.25122165643956623"
350,125,1,"0.2304914682878971"
350,126,1,"0.16782794263176415"
350,127,1,"0.11927600954785834"
350,128,1,"0.14107720226885823"
350,129,2,"0.27312268216485824;0.30081447785735194"
350,130,1,"0.22913823227690033"
350,131,1,"0.16775300350789196"
350,132,1,"0.11937845899923423"
350,133,1,"0.17712514290650386"
350,134,1,"0.16799125156943517"
350,135,1,"0.2336443322884462"
350,136,1,"0.09340375869517424"
350,137,1,"0.1144338171304104"
350,138,1,"0.11937845899923423"
350,139,1,"0.11937845899923423"
350,140,1,"0.11937845899923423"
350,141,1,"0.24882964592439066"
350,142,1,"0.08343685677398442"
350,143,2,"0.27312268216485824;0.30081447785735194"
350,144,1,"0.22917268800473847"
350,145,1,"0.088935729851484"
350,146,1,"0.23974789311249198"
350,147,1,"0.08343685677398442"
350,148,1,"0.16775300350789196"
350,149,1,"0.08343685677398442"
350,150,1,"0.16775300350789196"
350,151,1,"0.08343685677398442"
350,152,1,"0.09114828472437786"
350,153,1,"0.25818986038357805"
350,154,1,"0.16775300350789196"
350,155,1,"0.22801119388011093"
350,156,1,"0.16775300350789196"
350,157,1,"0.16775300350789196"
350,158,2,"0.23893282700323945;0.34736637710520235"
350,159,1,"0.11937845899923423"
350,160,1,"0.22801119388011093"
350,161,2,"0.2168369204955283;0.4397511448006392"
350,162,1,"0.12128022968865826"
350,163,1,"0.17150676852572716"
350,164,1,"0.14914173972361633"
350,165,1,"0.2589848167827758"
350,166,1,"0.16775300350789196"
350,167,1,"0.22801119388011093"
350,168,1,"0.08343685677398442"
350,169,1,"0.22812848159658547"
350,170,1,"0.23646559732100064"
350,171,1,"0.11937845899923423"
350,172,1,"0.16775300350789196"
350,173,1,"0.11937845899923423"
350,174,2,"0.24921004765699348;0.3780611264734932"
350,175,1,"0.08343685677398442"
350,176,1,"0.11937845899923423"
350,177,1,"0.08343685677398442"
350,178,1,"0.08343685677398442"
350,179,1,"0.11937845899923423"
350,180,1,"0.12124573950932133"
350,181,1,"0.22801119388011093"
350,182,1,"0.11937845899923423"
350,183,1,"0.169400403042431"
350,184,1,"0.12853894728635987"
350,185,1,"0.22913823227690033"
350,186,1,"0.16775300350789196"
350,187,1,"0.11937845899923423"
350,188,1,"0.1679083230641385"
350,189,1,"0.22913823227690033"
350,190,1,"0.16775300350789196"
350,191,1,"0.08785091634635257"
350,192,1,"0.17403071189228217"
350,193,1,"0.2589848167827758"
350,194,1,"0.11937845899923423"
350,195,1,"0.17305169094564474"
350,196,1,"0.16847993322696816"
350,197,1,"0.10814304150573749"
350,198,1,"0.11937845899923423"
350,199,1,"0.22801119388011093"
350,200,1,"0.11937845899923423"
375,1,1,"0.16775300350789196"
375,2,1,"0.11937845899923423"
375,3,1,"0.11937845899923423"
375,4,1,"0.22913823227690033"
375,5,1,"0.16775300350789196"
375,6,2,"0.23646559732100064;0.3615643681627121"
375,7,1,"0.2336443322884462"
375,8,1,"0.22801119388011093"
375,9,1,"0.12630072926859964"
375,10,2,"0.17712514290650386;0.4181682564331786"
375,11,1,"0.16775300350789196"
375,12,1,"0.08343685677398442"
375,13,1,"0.08428930014162929"
375,14,1,"0.08343685677398442"
375,15,2,"0.1849075555443835;0.32364020754716905"
375,16,1,"0.22882557052991856"
375,17,1,"0.16775300350789196"
375,18,1,"0.1168281904226243"
375,19,1,"0.11937845899923423"
375,20,1,"0.22801119388011093"
375,21,2,"0.20104011201990254;0.27524021914092256"
375,22,1,"0.16775300350789196"
375,23,1,"0.24072461171999307"
375,24,1,"0.16532963413641039"
375,25,2,"0.2393523285467577;0.25220600390084486"
375,26,1,"0.2303238907131702"
375,27,1,"0.1710810614251548"
375,28,1,"0.08505964825044235"
375,29,1,"0.11937845899923423"
375,30,1,"0.16775300350789196"
375,31,1,"0.24404627683682492"
375,32,1,"0.22913823227690033"
375,33,1,"0.16775300350789196"
375,34,1,"0.13256665959588138"
375,35,1,"0.11937845899923423"
375,36,1,"0.2325528752824504"
375,37,1,"0.2346455236325636"
375,38,1,"0.11937845899923423"
375,39,1,"0.22801119388011093"
375,40,1,"0.08863816052599996"
375,41,1,"0.11937845899923423"
375,42,1,"0.11937845899923423"
375,43,1,"0.16775300350789196"
375,44,1,"0.16799125156943517"
375,45,1,"0.16775300350789196"
375,46,1,"0.24072461171999307"
375,47,1,"0.10814304150573749"
375,48,1,"0.22801119388011093"
375,49,1,"0.16799125156943517"
375,50,1,"0.22801119388011093"
375,51,2,"0.23646559732100064;0.40274082713086434"
375,52,1,"0.12125624952608291"
375,53,2,"0.18135339718562657;0.34736637710520235"
375,54,1,"0.12363561415961434"
375,55,1,"0.22801119388011093"
375,56,1,"0.16775300350789196"
375,57,1,"0.2289474151933216"
375,58,1,"0.22801119388011093"
375,59,1,"0.16799125156943517"
375,60,2,"0.1859612282505132;0.3171227833053347"
375,61,1,"0.12125624952608291"
375,62,1,"0.11969955699933676"
375,63,1,"0.16775300350789196"
375,64,2,"0.22344047106644985;0.2514590416356648"
375,65,2,"0.19031576040745582;0.30081447785735194"
375,66,1,"0.24404627683682492"
375,67,1,"0.2298614085653513"
375,68,1,"0.12124573950932133"
375,69,1,"0.22801119388011093"
375,70,1,"0.12148027547739007"
375,71,1,"0.13491625817380884"
375,72,1,"0.16775300350789196"
375,73,1,"0.11937845899923423"
375,74,1,"0.16818223784895367"
375,75,1,"0.12197267732963096"
375,76,1,"0.16775300350789196"
375,77,2,"0.19031576040745582;0.30081447785735194"
375,78,2,"0.1859612282505132;0.3171227833053347"
375,79,2,"0.1849075555443835;0.32364020754716905"
375,80,1,"0.10149482360318497"
375,81,1,"0.22801119388011093"
375,82,1,"0.22801119388011093"
375,83,1,"0.23080781015114815"
375,84,1,"0.11937845899923423"
375,85,1,"0.16775300350789196"
375,86,1,"0.23128254498439949"
375,87,1,"0.22801119388011093"
375,88,1,"0.22801119388011093"
375,89,1,"0.1030213810456305"
375,90,1,"0.22801119388011093"
375,91,1,"0.22801119388011093"
375,92,1,"0.22801119388011093"
375,93,1,"0.16775300350789196"
375,94,1,"0.16799125156943517"
375,95,1,"0.08343685677398442"
375,96,1,"0.22801119388011093"
375,97,1,"0.16799125156943517"
375,98,1,"0.12087738775586368"
375,99,1,"0.16775300350789196"
375,100,1,"0.22801119388011093"
375,101,1,"0.11937845899923423"
375,102,1,"0.16889137962501266"
375,103,2,"0.20589839088293185;0.2682454217079775"
375,104,1,"0.11937845899923423"
375,105,1,"0.11937845899923423"
375,106,1,"0.11937845899923423"
375,107,1,"0.16799125156943517"
375,108,2,"0.234839014772527;0.4796024429297179"
375,109,1,"0.11937845899923423"
375,110,1,"0.16799125156943517"
375,111,1,"0.16775300350789196"
375,112,1,"0.16775300350789196"
375,113,1,"0.16775300350789196"
375,114,1,"0.11937845899923423"
375,115,1,"0.2282488241006618"
375,116,1,"0.16775300350789196"
375,117,1,"0.16775300350789196"
375,118,1,"0.22801119388011093"
375,119,1,"0.11937845899923423"
375,120,1,"0.11937845899923423"
375,121,1,"0.16775300350789196"
375,122,1,"0.16775300350789196"
375,123,1,"0.22801119388011093"
375,124,1,"0.22913823227690033"
375,125,1,"0.16801771706720814"
375,126,1,"0.2298614085653513"
375,127,1,"0.17150676852572716"
375,128,1,"0.0862028663606193"
375,129,1,"0.16775300350789196"
375,130,1,"0.16775300350789196"
375,131,1,"0.16775300350789196"
375,132,1,"0.23836851072606186"
375,133,1,"0.11937845899923423"
375,134,1,"0.22801119388011093"
375,135,1,"0.13042603783486398"
375,136,1,"0.16775300350789196"
375,137,1,"0.08343685677398442"
375,138,2,"0.23646559732100064;0.3942592672765382"
375,139,2,"0.2393523285467577;0.25220600390084486"
375,140,1,"0.11937845899923423"
375,141,1,"0.22801119388011093"
375,142,1,"0.08343685677398442"
375,143,1,"0.125106618981926"
375,144,1,"0.16775300350789196"
375,145,2,"0.23646559732100064;0.3615643681627121"
375,146,1,"0.2304914682878971"
375,147,1,"0.16775300350789196"
375,148,1,"0.11937845899923423"
375,149,1,"0.16775300350789196"
375,150,1,"0.22801119388011093"
375,151,1,"0.16775300350789196"
375,152,1,"0.22801119388011093"
375,153,1,"0.16775300350789196"
375,154,1,"0.12011747878360157"
375,155,1,"0.09258182430386161"
375,156,1,"0.16968813756679196"
375,157,1,"0.15649600628280283"
375,158,1,"0.08352438782922944"
375,159,1,"0.09258182430386161"
375,160,1,"0.22801119388011093"
375,161,1,"0.22801119388011093"
375,162,1,"0.08343685677398442"
375,163,2,"0.23105739710146062;0.24714395709138884"
375,164,1,"0.22801119388011093"
375,165,1,"0.23239891052984146"
375,166,1,"0.22801119388011093"
375,167,1,"0.11937845899923423"
375,168,1,"0.22801119388011093"
375,169,1,"0.11937845899923423"
375,170,1,"0.16775300350789196"
375,171,1,"0.08505964825044235"
375,172,1,"0.12148027547739007"
375,173,1,"0.16775300350789196"
375,174,1,"0.12058064606616604"
375,175,1,"0.08343685677398442"
375,176,2,"0.2352578334823585;0.4711542292777904"
375,177,1,"0.16799125156943517"
375,178,1,"0.2280870617402872"
375,179,1,"0.11937845899923423"
375,180,1,"0.11937845899923423"
375,181,1,"0.16775300350789196"
375,182,1,"0.16775300350789196"
375,183,1,"0.22801119388011093"
375,184,1,"0.16775300350789196"
375,185,1,"0.16775300350789196"
375,186,1,"0.11937845899923423"
375,187,1,"0.2282488241006618"
375,188,1,"0.11937845899923423"
375,189,1,"0.2293746719280841"
375,190,1,"0.22801119388011093"
375,191,1,"0.23080781015114815"
375,192,1,"0.22801119388011093"
375,193,1,"0.22801119388011093"
375,194,1,"0.22801119388011093"
375,195,2,"0.23646559732100064;0.3780611264734932"
375,196,1,"0.22801119388011093"
375,197,1,"0.08343685677398442"
375,198,1,"0.16775300350789196"
375,199,1,"0.16775300350789196"
375,200,1,"0.16799125156943517"
400,1,2,"0.169400403042431;0.32364020754716905"
400,2,1,"0.2282488241006618"
400,3,1,"0.11937845899923423"
400,4,1,"0.088935729851484"
400,5,2,"0.23290428925525306;0.31682636556601607"
400,6,1,"0.12176748054603015"
400,7,1,"0.16775300350789196"
400,8,2,"0.18703755060057461;0.23761048361534354"
400,9,1,"0.16775300350789196"
400,10,1,"0.11955778345190017"
400,11,1,"0.11937845899923423"
400,12,1,"0.22801119388011093"
400,13,1,"0.22801119388011093"
400,14,2,"0.17223907565370877;0.2831642741728322"
400,15,1,"0.10149482360318497"
400,16,1,"0.14279145945846167"
400,17,1,"0.11937845899923423"
400,18,1,"0.16775300350789196"
400,19,1,"0.11937845899923423"
400,20,1,"0.22801119388011093"
400,21,1,"0.13042603783486398"
400,22,1,"0.11937845899923423"
400,23,2,"0.2168369204955283;0.23646559732100064"
400,24,1,"0.16775300350789196"
400,25,1,"0.11937845899923423"
400,26,1,"0.08428930014162929"
400,27,1,"0.16775300350789196"
400,28,1,"0.16775300350789196"
400,29,1,"0.11937845899923423"
400,30,1,"0.12176748054603015"
400,31,1,"0.11937845899923423"
400,32,1,"0.16775300350789196"
400,33,1,"0.08378636733898517"
400,34,1,"0.11937845899923423"
400,35,1,"0.16799125156943517"
400,36,1,"0.16775300350789196"
400,37,1,"0.11937845899923423"
400,38,1,"0.1256778730219966"
400,39,1,"0.22801119388011093"
400,40,1,"0.11937845899923423"
400,41,1,"0.16775300350789196"
400,42,1,"0.15938804410755525"
400,43,1,"0.22801119388011093"
400,44,1,"0.22801119388011093"
400,45,1,"0.22801119388011093"
400,46,1,"0.11937845899923423"
400,47,1,"0.16775300350789196"
400,48,2,"0.18703755060057461;0.23761048361534354"
400,49,2,"0.17607839618297264;0.2593633627773859"
400,50,1,"0.16775300350789196"
400,51,1,"0.22801119388011093"
400,52,2,"0.22344047106644985;0.23646559732100064"
400,53,1,"0.16775300350789196"
400,54,1,"0.11937845899923423"
400,55,1,"0.22801119388011093"
400,56,1,"0.16775300350789196"
400,57,1,"0.22801119388011093"
400,58,1,"0.22801119388011093"
400,59,1,"0.11937845899923423"
400,60,1,"0.22801119388011093"
400,61,2,"0.16799125156943517;0.4905167939172162"
400,62,1,"0.11937845899923423"
400,63,1,"0.16218575586304665"
400,64,1,"0.16775300350789196"
400,65,1,"0.22801119388011093"
400,66,1,"0.16775300350789196"
400,67,1,"0.22801119388011093"
400,68,1,"0.11937845899923423"
400,69,1,"0.22801119388011093"
400,70,1,"0.22801119388011093"
400,71,2,"0.234430591916912;0.29027651172927466"
400,72,1,"0.22801119388011093"
400,73,1,"0.16775300350789196"
400,74,1,"0.22801119388011093"
400,75,2,"0.22917268800473847;0.4540575425340581"
400,76,1,"0.11937845899923423"
400,77,1,"0.11937845899923423"
400,78,2,"0.23403182391321983;0.29690888646634495"
400,79,1,"0.1168281904226243"
400,80,1,"0.16775300350789196"
400,81,1,"0.11937845899923423"
400,82,1,"0.11937845899923423"
400,83,2,"0.17305169094564474;0.27524021914092256"
400,84,1,"0.16775300350789196"
400,85,1,"0.11937845899923423"
400,86,1,"0.22801119388011093"
400,87,1,"0.22801119388011093"
400,88,1,"0.16775300350789196"
400,89,1,"0.11937845899923423"
400,90,1,"0.11937845899923423"
400,91,1,"0.08343685677398442"
400,92,1,"0.08343685677398442"
400,93,1,"0.11937845899923423"
400,94,1,"0.22801119388011093"
400,95,1,"0.11927600954785834"
400,96,1,"0.16799125156943517"
400,97,1,"0.22801119388011093"
400,98,2,"0.234839014772527;0.2846581653327886"
400,99,1,"0.11937845899923423"
400,100,1,"0.16775300350789196"
400,101,1,"0.16775300350789196"
400,102,1,"0.11937845899923423"
400,103,1,"0.16775300350789196"
400,104,1,"0.08378636733898517"
400,105,1,"0.11937845899923423"
400,106,1,"0.22801119388011093"
400,107,1,"0.16775300350789196"
400,108,1,"0.22801119388011093"
400,109,1,"0.11937845899923423"
400,110,2,"0.21400598558020933;0.23646559732100064"
400,111,1,"0.22801119388011093"
400,112,1,"0.08343685677398442"
400,113,1,"0.12363561415961434"
400,114,1,"0.16775300350789196"
400,115,1,"0.16799125156943517"
400,116,1,"0.11937845899923423"
400,117,1,"0.11937845899923423"
400,118,1,"0.08343685677398442"
400,119,1,"0.11937845899923423"
400,120,2,"0.22941375342231393;0.4283827627832973"
400,121,1,"0.22801119388011093"
400,122,2,"0.2082586419741466;0.23646559732100064"
400,123,1,"0.22801119388011093"
400,124,1,"0.08343685677398442"
400,125,1,"0.16775300350789196"
400,126,1,"0.16775300350789196"
400,127,1,"0.11937845899923423"
400,128,1,"0.22801119388011093"
400,129,1,"0.12250748715267601"
400,130,1,"0.11937845899923423"
400,131,1,"0.22801119388011093"
400,132,1,"0.11937845899923423"
400,133,1,"0.16775300350789196"
400,134,1,"0.11937845899923423"
400,135,1,"0.16775300350789196"
400,136,2,"0.23026262377097426;0.3860522713021059"
400,137,1,"0.11937845899923423"
400,138,1,"0.22801119388011093"
400,139,1,"0.22801119388011093"
400,140,1,"0.22801119388011093"
400,141,1,"0.11937845899923423"
400,142,2,"0.16889137962501266;0.33849439063105863"
400,143,2,"0.18343280631555547;0.2406190423520403"
400,144,2,"0.2298614085653513;0.40274082713086434"
400,145,1,"0.16775300350789196"
400,146,1,"0.0862028663606193"
400,147,1,"0.08343685677398442"
400,148,1,"0.22801119388011093"
400,149,1,"0.08343685677398442"
400,150,1,"0.13042603783486398"
400,151,2,"0.1950749530807357;0.23646559732100064"
400,152,2,"0.22913823227690033;0.4962053601308988"
400,153,2,"0.16799125156943517;0.4905167939172162"
400,154,2,"0.23073840552683744;0.3696028103213886"
400,155,1,"0.11937845899923423"
400,156,1,"0.11937845899923423"
400,157,2,"0.2205521348370905;0.23646559732100064"
400,158,1,"0.11937845899923423"
400,159,1,"0.22801119388011093"
400,160,1,"0.16775300350789196"
400,161,1,"0.11937845899923423"
400,162,1,"0.2280870617402872"
400,163,1,"0.09183114822558987"
400,164,1,"0.22801119388011093"
400,165,1,"0.11937845899923423"
400,166,1,"0.08505964825044235"
400,167,1,"0.08343685677398442"
400,168,1,"0.2289474151933216"
400,169,1,"0.16775300350789196"
400,170,1,"0.22801119388011093"
400,171,2,"0.1859612282505132;0.23834253010645146"
400,172,1,"0.12148027547739007"
400,173,1,"0.22801119388011093"
400,174,1,"0.08343685677398442"
400,175,1,"0.16532963413641039"
400,176,2,"0.20376011870467559;0.23646559732100064"
400,177,1,"0.14914173972361633"
400,178,1,"0.11927600954785834"
400,179,1,"0.11937845899923423"
400,180,1,"0.22801119388011093"
400,181,1,"0.16775300350789196"
400,182,1,"0.16799125156943517"
400,183,1,"0.22882557052991856"
400,184,1,"0.16775300350789196"
400,185,1,"0.14914173972361633"
400,186,2,"0.23326849764920685;0.3099058817883467"
400,187,1,"0.11937845899923423"
400,188,1,"0.11937845899923423"
400,189,1,"0.14685288688379347"
400,190,1,"0.08555048550731385"
400,191,1,"0.16775300350789196"
400,192,1,"0.11937845899923423"
400,193,1,"0.22801119388011093"
400,194,1,"0.22801119388011093"
400,195,1,"0.16775300350789196"
400,196,2,"0.17033192520480014;0.3057763575678395"
400,197,1,"0.22801119388011093"
400,198,1,"0.22801119388011093"
400,199,1,"0.22801119388011093"
400,200,2,"0.22913823227690033;0.4796024429297179"
425,1,1,"0.22801119388011093"
425,2,1,"0.11937845899923423"
425,3,1,"0.08343685677398442"
425,4,1,"0.16775300350789196"
425,5,1,"0.12087738775586368"
425,6,2,"0.18135339718562657;0.23646559732100064"
425,7,2,"0.17186756320775845;0.23646559732100064"
425,8,1,"0.16775300350789196"
425,9,1,"0.16775300350789196"
425,10,1,"0.16775300350789196"
425,11,1,"0.16775300350789196"
425,12,1,"0.08343685677398442"
425,13,1,"0.16775300350789196"
425,14,1,"0.0882189702420697"
425,15,1,"0.16775300350789196"
425,16,1,"0.16775300350789196"
425,17,1,"0.11937845899923423"
425,18,1,"0.08362719148788822"
425,19,1,"0.16775300350789196"
425,20,1,"0.22801119388011093"
425,21,1,"0.11937845899923423"
425,22,1,"0.11937845899923423"
425,23,1,"0.22801119388011093"
425,24,1,"0.11937845899923423"
425,25,1,"0.11937845899923423"
425,26,1,"0.16775300350789196"
425,27,1,"0.11937845899923423"
425,28,1,"0.22801119388011093"
425,29,2,"0.22917268800473847;0.2671287959466898"
425,30,1,"0.16775300350789196"
425,31,1,"0.16775300350789196"
425,32,2,"0.1699983511515413;0.23761048361534354"
425,33,1,"0.08863816052599996"
425,34,1,"0.16775300350789196"
425,35,1,"0.22801119388011093"
425,36,1,"0.22801119388011093"
425,37,1,"0.088935729851484"
425,38,1,"0.16775300350789196"
425,39,1,"0.16775300350789196"
425,40,1,"0.16775300350789196"
425,41,1,"0.11937845899923423"
425,42,1,"0.22801119388011093"
425,43,1,"0.08343685677398442"
425,44,1,"0.11937845899923423"
425,45,2,"0.22801119388011093;0.4711542292777904"
425,46,1,"0.11937845899923423"
425,47,1,"0.08863816052599996"
425,48,2,"0.22954126145716697;0.24739961738658287"
425,49,1,"0.12458298077116621"
425,50,1,"0.11937845899923423"
425,51,2,"0.16799125156943517;0.2869015929450159"
425,52,2,"0.22969084301148085;0.24289872591823813"
425,53,1,"0.11937845899923423"
425,54,1,"0.16775300350789196"
425,55,1,"0.11937845899923423"
425,56,1,"0.22801119388011093"
425,57,1,"0.22801119388011093"
425,58,1,"0.22801119388011093"
425,59,1,"0.22801119388011093"
425,60,1,"0.11937845899923423"
425,61,1,"0.16775300350789196"
425,62,1,"0.16775300350789196"
425,63,2,"0.2291419843137625;0.27312268216485824"
425,64,1,"0.22801119388011093"
425,65,1,"0.22801119388011093"
425,66,1,"0.16775300350789196"
425,67,1,"0.14685288688379347"
425,68,1,"0.09430011019012687"
425,69,2,"0.16799125156943517;0.2831642741728322"
425,70,1,"0.22801119388011093"
425,71,1,"0.16775300350789196"
425,72,1,"0.125106618981926"
425,73,1,"0.11937845899923423"
425,74,1,"0.16775300350789196"
425,75,1,"0.16775300350789196"
425,76,1,"0.22801119388011093"
425,77,2,"0.16831562084654966;0.24714395709138884"
425,78,1,"0.11937845899923423"
425,79,1,"0.11937845899923423"
425,80,1,"0.08343685677398442"
425,81,1,"0.16775300350789196"
425,82,1,"0.16775300350789196"
425,83,1,"0.08343685677398442"
425,84,1,"0.16775300350789196"
425,85,1,"0.22801119388011093"
425,86,1,"0.22801119388011093"
425,87,2,"0.19031576040745582;0.23568616700313647"
425,88,1,"0.12176748054603015"
425,89,1,"0.16775300350789196"
425,90,1,"0.22801119388011093"
425,91,1,"0.22801119388011093"
425,92,1,"0.09340375869517424"
425,93,1,"0.22801119388011093"
425,94,2,"0.16799125156943517;0.291551519758218"
425,95,1,"0.22801119388011093"
425,96,2,"0.1859612282505132;0.23646559732100064"
425,97,1,"0.16775300350789196"
425,98,1,"0.09747725573099165"
425,99,1,"0.22801119388011093"
425,100,1,"0.11937845899923423"
425,101,1,"0.22801119388011093"
425,102,1,"0.11937845899923423"
425,103,1,"0.22801119388011093"
425,104,1,"0.11937845899923423"
425,105,1,"0.16775300350789196"
425,106,2,"0.2292286409072954;0.26229787548130173"
425,107,1,"0.11937845899923423"
425,108,1,"0.16775300350789196"
425,109,1,"0.16775300350789196"
425,110,1,"0.12125624952608291"
425,111,1,"0.15938804410755525"
425,112,1,"0.11937845899923423"
425,113,1,"0.11937845899923423"
425,114,1,"0.16775300350789196"
425,115,1,"0.22801119388011093"
425,116,1,"0.08343685677398442"
425,117,1,"0.09430011019012687"
425,118,1,"0.22801119388011093"
425,119,1,"0.08343685677398442"
425,120,1,"0.08343685677398442"
425,121,1,"0.11937845899923423"
425,122,1,"0.11937845899923423"
425,123,2,"0.169400403042431;0.2393523285467577"
425,124,1,"0.11937845899923423"
425,125,1,"0.16775300350789196"
425,126,1,"0.16775300350789196"
425,127,1,"0.16775300350789196"
425,128,2,"0.2282488241006618;0.3942592672765382"
425,129,1,"0.16775300350789196"
425,130,2,"0.16799125156943517;0.29577193217363"
425,131,1,"0.22801119388011093"
425,132,1,"0.08343685677398442"
425,133,1,"0.16775300350789196"
425,134,1,"0.11937845899923423"
425,135,1,"0.14279145945846167"
425,136,2,"0.2082586419741466;0.23221392304622404"
425,137,1,"0.16775300350789196"
425,138,1,"0.12124573950932133"
425,139,1,"0.12853894728635987"
425,140,2,"0.16867262514111955;0.24358155216625682"
425,141,2,"0.23026262377097426;0.23105739710146062"
425,142,1,"0.16775300350789196"
425,143,1,"0.22801119388011093"
425,144,2,"0.16799125156943517;0.27524021914092256"
425,145,1,"0.11937845899923423"
425,146,1,"0.12128022968865826"
425,147,1,"0.22801119388011093"
425,148,1,"0.12943584116701462"
425,149,1,"0.11937845899923423"
425,150,1,"0.16775300350789196"
425,151,2,"0.19747939619767244;0.23403182391321983"
425,152,1,"0.16775300350789196"
425,153,1,"0.16775300350789196"
425,154,2,"0.17351344736923832;0.23646559732100064"
425,155,2,"0.17607839618297264;0.23646559732100064"
425,156,1,"0.16775300350789196"
425,157,1,"0.22801119388011093"
425,158,2,"0.1691345242732962;0.2406190423520403"
425,159,2,"0.1699983511515413;0.23761048361534354"
425,160,1,"0.22801119388011093"
425,161,1,"0.08343685677398442"
425,162,1,"0.16775300350789196"
425,163,1,"0.22801119388011093"
425,164,1,"0.16775300350789196"
425,165,2,"0.182264550931938;0.23646559732100064"
425,166,2,"0.22913823227690033;0.29027651172927466"
425,167,1,"0.14279145945846167"
425,168,2,"0.16799125156943517;0.3057763575678395"
425,169,1,"0.22801119388011093"
425,170,1,"0.11937845899923423"
425,171,1,"0.22801119388011093"
425,172,1,"0.16775300350789196"
425,173,2,"0.17530600926919165;0.23646559732100064"
425,174,1,"0.11937845899923423"
425,175,2,"0.22801119388011093;0.4283827627832973"
425,176,2,"0.22913823227690033;0.33141798478614215"
425,177,1,"0.22801119388011093"
425,178,1,"0.16775300350789196"
425,179,1,"0.16775300350789196"
425,180,2,"0.22848312589411496;0.3860522713021059"
425,181,1,"0.16775300350789196"
425,182,1,"0.16775300350789196"
425,183,1,"0.22801119388011093"
425,184,1,"0.22801119388011093"
425,185,1,"0.11937845899923423"
425,186,1,"0.22801119388011093"
425,187,1,"0.22801119388011093"
425,188,2,"0.1679083230641385;0.3575604012182395"
425,189,2,"0.16889137962501266;0.24210541153090007"
425,190,1,"0.22801119388011093"
425,191,1,"0.16775300350789196"
425,192,1,"0.11937845899923423"
425,193,2,"0.1679083230641385;0.3575604012182395"
425,194,1,"0.09340375869517424"
425,195,1,"0.22801119388011093"
425,196,1,"0.08343685677398442"
425,197,2,"0.17069144813683007;0.2365885550795338"
425,198,1,"0.11937845899923423"
425,199,1,"0.16775300350789196"
425,200,2,"0.16775300350789196;0.4397511448006392"
450,1,2,"0.22801119388011093;0.41998564008885053"
450,2,1,"0.16775300350789196"
450,3,1,"0.13628364254533207"
450,4,1,"0.08343685677398442"
450,5,1,"0.16775300350789196"
450,6,1,"0.11945890794755099"
450,7,1,"0.125106618981926"
450,8,2,"0.169400403042431;0.23646559732100064"
450,9,1,"0.1216033887486789"
450,10,2,"0.16775300350789196;0.4905167939172162"
450,11,2,"0.2280870617402872;0.23893282700323945"
450,12,1,"0.11937845899923423"
450,13,1,"0.22801119388011093"
450,14,1,"0.22801119388011093"
450,15,1,"0.22801119388011093"
450,16,1,"0.22801119388011093"
450,17,1,"0.0882189702420697"
450,18,1,"0.11937845899923423"
450,19,1,"0.22801119388011093"
450,20,1,"0.16775300350789196"
450,21,2,"0.16775300350789196;0.3575604012182395"
450,22,2,"0.22801119388011093;0.29690888646634495"
450,23,1,"0.22801119388011093"
450,24,1,"0.16775300350789196"
450,25,1,"0.22801119388011093"
450,26,1,"0.22801119388011093"
450,27,2,"0.16847993322696816;0.23646559732100064"
450,28,2,"0.2168369204955283;0.22913823227690033"
450,29,1,"0.16775300350789196"
450,30,1,"0.11937845899923423"
450,31,1,"0.11937845899923423"
450,32,1,"0.104611612190675"
450,33,1,"0.22801119388011093"
450,34,1,"0.16775300350789196"
450,35,1,"0.08343685677398442"
450,36,1,"0.0963321978015938"
450,37,1,"0.11937845899923423"
450,38,1,"0.22801119388011093"
450,39,1,"0.13368336567001235"
450,40,1,"0.22801119388011093"
450,41,1,"0.22801119388011093"
450,42,2,"0.16799125156943517;0.23834253010645146"
450,43,1,"0.22801119388011093"
450,44,2,"0.1699983511515413;0.23646559732100064"
450,45,1,"0.11937845899923423"
450,46,1,"0.0867828783540978"
450,47,1,"0.12116277411366418"
450,48,1,"0.13256665959588138"
450,49,1,"0.09183114822558987"
450,50,1,"0.22801119388011093"
450,51,2,"0.16799125156943517;0.23834253010645146"
450,52,1,"0.12321399965794286"
450,53,1,"0.16775300350789196"
450,54,2,"0.16889137962501266;0.23646559732100064"
450,55,1,"0.11937845899923423"
450,56,2,"0.16799125156943517;0.24358155216625682"
450,57,1,"0.13256665959588138"
450,58,1,"0.12410367720208043"
450,59,2,"0.16799125156943517;0.23646559732100064"
450,60,1,"0.08725827926082097"
450,61,2,"0.16777742194378073;0.24921004765699348"
450,62,1,"0.22801119388011093"
450,63,1,"0.1216033887486789"
450,64,1,"0.08670722509933651"
450,65,1,"0.11937845899923423"
450,66,1,"0.08785091634635257"
450,67,1,"0.08343685677398442"
450,68,1,"0.22801119388011093"
450,69,1,"0.22801119388011093"
450,70,1,"0.22801119388011093"
450,71,1,"0.11009947016099389"
450,72,1,"0.11937845899923423"
450,73,2,"0.17150676852572716;0.234839014772527"
450,74,1,"0.11937845899923423"
450,75,2,"0.22801119388011093;0.25681960410358423"
450,76,1,"0.11937845899923423"
450,77,1,"0.22801119388011093"
450,78,1,"0.14914173972361633"
450,79,1,"0.11937845899923423"
450,80,1,"0.11937845899923423"
450,81,1,"0.16775300350789196"
450,82,1,"0.16775300350789196"
450,83,1,"0.16775300350789196"
450,84,1,"0.12176748054603015"
450,85,1,"0.16775300350789196"
450,86,1,"0.16775300350789196"
450,87,1,"0.12116277411366418"
450,88,1,"0.09430011019012687"
450,89,1,"0.11937845899923423"
450,90,1,"0.11937845899923423"
450,91,2,"0.17403071189228217;0.2325528752824504"
450,92,1,"0.22801119388011093"
450,93,1,"0.16775300350789196"
450,94,1,"0.08343685677398442"
450,95,1,"0.12321399965794286"
450,96,2,"0.18343280631555547;0.22954126145716697"
450,97,1,"0.16775300350789196"
450,98,1,"0.08940535548524221"
450,99,1,"0.16775300350789196"
450,100,2,"0.16775300350789196;0.2831642741728322"
450,101,2,"0.22801119388011093;0.3942592672765382"
450,102,1,"0.11937845899923423"
450,103,1,"0.08343685677398442"
450,104,1,"0.22801119388011093"
450,105,2,"0.22801119388011093;0.3942592672765382"
450,106,1,"0.08343685677398442"
450,107,1,"0.13950333816367175"
450,108,1,"0.15649600628280283"
450,109,1,"0.11937845899923423"
450,110,1,"0.16775300350789196"
450,111,1,"0.11937845899923423"
450,112,1,"0.22801119388011093"
450,113,1,"0.16775300350789196"
450,114,1,"0.22801119388011093"
450,115,1,"0.11945890794755099"
450,116,1,"0.11937845899923423"
450,117,1,"0.08343685677398442"
450,118,1,"0.22801119388011093"
450,119,1,"0.12032726146780254"
450,120,2,"0.19031576040745582;0.2291419843137625"
450,121,2,"0.16799125156943517;0.23646559732100064"
450,122,1,"0.16775300350789196"
450,123,1,"0.11937845899923423"
450,124,1,"0.16775300350789196"
450,125,1,"0.11937845899923423"
450,126,2,"0.16775300350789196;0.3111551334915963"
450,127,2,"0.16775300350789196;0.3831954491300916"
450,128,1,"0.11927600954785834"
450,129,1,"0.16775300350789196"
450,130,2,"0.22801119388011093;0.24289872591823813"
450,131,1,"0.22801119388011093"
450,132,1,"0.16775300350789196"
450,133,2,"0.16775300350789196;0.291551519758218"
450,134,1,"0.12853894728635987"
450,135,1,"0.11937845899923423"
450,136,1,"0.22801119388011093"
450,137,1,"0.16775300350789196"
450,138,2,"0.182264550931938;0.22969084301148085"
450,139,2,"0.16775300350789196;0.2593633627773859"
450,140,1,"0.22801119388011093"
450,141,2,"0.19747939619767244;0.22913823227690033"
450,142,1,"0.22801119388011093"
450,143,2,"0.16808207507191333;0.23646559732100064"
450,144,1,"0.16775300350789196"
450,145,1,"0.22801119388011093"
450,146,1,"0.16775300350789196"
450,147,1,"0.22801119388011093"
450,148,1,"0.22801119388011093"
450,149,1,"0.16775300350789196"
450,150,1,"0.11937845899923423"
450,151,1,"0.13950333816367175"
450,152,1,"0.12943584116701462"
450,153,2,"0.16775300350789196;0.27189377274865817"
450,154,1,"0.16775300350789196"
450,155,2,"0.16968813756679196;0.23646559732100064"
450,156,1,"0.22801119388011093"
450,157,2,"0.16775300350789196;0.3057763575678395"
450,158,1,"0.22801119388011093"
450,159,1,"0.16775300350789196"
450,160,1,"0.22801119388011093"
450,161,1,"0.11937845899923423"
450,162,1,"0.12630072926859964"
450,163,1,"0.16775300350789196"
450,164,1,"0.16775300350789196"
450,165,2,"0.1710810614251548;0.2352578334823585"
450,166,2,"0.20376011870467559;0.22913823227690033"
450,167,2,"0.22801119388011093;0.34601427504916826"
450,168,1,"0.11937845899923423"
450,169,1,"0.08343685677398442"
450,170,1,"0.11937845899923423"
450,171,2,"0.16782857610815335;0.24714395709138884"
450,172,1,"0.1277237118478868"
450,173,2,"0.22801119388011093;0.4711542292777904"
450,174,1,"0.16775300350789196"
450,175,2,"0.16799125156943517;0.23646559732100064"
450,176,1,"0.16775300350789196"
450,177,1,"0.1537575247229667"
450,178,1,"0.16775300350789196"
450,179,1,"0.16775300350789196"
450,180,1,"0.09052247734216047"
450,181,1,"0.11937845899923423"
450,182,1,"0.08343685677398442"
450,183,2,"0.16799125156943517;0.2370479165552522"
450,184,2,"0.22801119388011093;0.29690888646634495"
450,185,1,"0.11937845899923423"
450,186,2,"0.22801119388011093;0.4540575425340581"
450,187,1,"0.16775300350789196"
450,188,1,"0.11937845899923423"
450,189,1,"0.088935729851484"
450,190,1,"0.22801119388011093"
450,191,2,"0.22801119388011093;0.3237051385795888"
450,192,2,"0.16775300350789196;0.4639870725013478"
450,193,1,"0.22801119388011093"
450,194,2,"0.19173648391740533;0.22913823227690033"
450,195,2,"0.1679083230641385;0.24526555637734354"
450,196,1,"0.22801119388011093"
450,197,2,"0.22801119388011093;0.40274082713086434"
450,198,2,"0.22801119388011093;0.3860522713021059"
450,199,2,"0.21400598558020933;0.22913823227690033"
450,200,1,"0.11937845899923423"
475,1,1,"0.08343685677398442"
475,2,1,"0.11937845899923423"
475,3,1,"0.12176748054603015"
475,4,1,"0.22801119388011093"
475,5,2,"0.16889137962501266;0.22969084301148085"
475,6,1,"0.16775300350789196"
475,7,2,"0.16808207507191333;0.23073840552683744"
475,8,1,"0.11937845899923423"
475,9,1,"0.08343685677398442"
475,10,1,"0.16775300350789196"
475,11,1,"0.22801119388011093"
475,12,1,"0.11937845899923423"
475,13,1,"0.16775300350789196"
475,14,1,"0.16775300350789196"
475,15,1,"0.11937845899923423"
475,16,2,"0.16775300350789196;0.23646559732100064"
475,17,1,"0.22801119388011093"
475,18,1,"0.11937845899923423"
475,19,2,"0.16775300350789196;0.2869015929450159"
475,20,1,"0.22801119388011093"
475,21,1,"0.08343685677398442"
475,22,2,"0.16775300350789196;0.23646559732100064"
475,23,1,"0.22801119388011093"
475,24,1,"0.08343685677398442"
475,25,1,"0.22801119388011093"
475,26,1,"0.22801119388011093"
475,27,1,"0.09183114822558987"
475,28,1,"0.16775300350789196"
475,29,1,"0.16775300350789196"
475,30,1,"0.22801119388011093"
475,31,1,"0.11937845899923423"
475,32,1,"0.22801119388011093"
475,33,2,"0.1859612282505132;0.22801119388011093"
475,34,1,"0.16775300350789196"
475,35,1,"0.11937845899923423"
475,36,1,"0.16775300350789196"
475,37,1,"0.11937845899923423"
475,38,2,"0.16847993322696816;0.23005212440283912"
475,39,1,"0.22801119388011093"
475,40,1,"0.11937845899923423"
475,41,1,"0.11937845899923423"
475,42,1,"0.08347373008321277"
475,43,1,"0.08343685677398442"
475,44,2,"0.16799125156943517;0.23646559732100064"
475,45,1,"0.11937845899923423"
475,46,1,"0.11937845899923423"
475,47,2,"0.16799125156943517;0.234839014772527"
475,48,1,"0.11937845899923423"
475,49,1,"0.11937845899923423"
475,50,2,"0.17033192520480014;0.22917268800473847"
475,51,1,"0.11937845899923423"
475,52,1,"0.16775300350789196"
475,53,1,"0.11937845899923423"
475,54,1,"0.11937845899923423"
475,55,1,"0.16775300350789196"
475,56,2,"0.22801119388011093;0.4540575425340581"
475,57,1,"0.11937845899923423"
475,58,1,"0.22801119388011093"
475,59,2,"0.22801119388011093;0.23893282700323945"
475,60,2,"0.22801119388011093;0.3780611264734932"
475,61,1,"0.11937845899923423"
475,62,1,"0.22801119388011093"
475,63,2,"0.16775300350789196;0.3993411789743271"
475,64,1,"0.08428930014162929"
475,65,1,"0.12011747878360157"
475,66,1,"0.11937845899923423"
475,67,2,"0.19747939619767244;0.22801119388011093"
475,68,2,"0.16799125156943517;0.23128254498439949"
475,69,1,"0.13042603783486398"
475,70,2,"0.16775300350789196;0.34736637710520235"
475,71,1,"0.22801119388011093"
475,72,2,"0.20104011201990254;0.22801119388011093"
475,73,1,"0.22801119388011093"
475,74,1,"0.08343685677398442"
475,75,2,"0.22801119388011093;0.24289872591823813"
475,76,1,"0.08400609905200557"
475,77,2,"0.22801119388011093;0.3383855079282195"
475,78,1,"0.22801119388011093"
475,79,2,"0.16799125156943517;0.23157828973640554"
475,80,2,"0.16799125156943517;0.234430591916912"
475,81,1,"0.08463987215378792"
475,82,2,"0.22801119388011093;0.31682636556601607"
475,83,2,"0.22801119388011093;0.4454656931077218"
475,84,1,"0.11937845899923423"
475,85,2,"0.22801119388011093;0.24289872591823813"
475,86,1,"0.11937845899923423"
475,87,1,"0.22801119388011093"
475,88,1,"0.22801119388011093"
475,89,1,"0.1277237118478868"
475,90,1,"0.11937845899923423"
475,91,1,"0.11937845899923423"
475,92,1,"0.08343685677398442"
475,93,2,"0.22801119388011093;0.25681960410358423"
475,94,2,"0.22801119388011093;0.4711542292777904"
475,95,1,"0.11937845899923423"
475,96,1,"0.11937845899923423"
475,97,1,"0.22801119388011093"
475,98,1,"0.11955778345190017"
475,99,2,"0.16775300350789196;0.24358155216625682"
475,100,2,"0.16775300350789196;0.23646559732100064"
475,101,2,"0.16799125156943517;0.23646559732100064"
475,102,2,"0.16775300350789196;0.29577193217363"
475,103,1,"0.22801119388011093"
475,104,2,"0.22801119388011093;0.41998564008885053"
475,105,1,"0.08343685677398442"
475,106,1,"0.09114828472437786"
475,107,1,"0.11937845899923423"
475,108,1,"0.11937845899923423"
475,109,2,"0.16775300350789196;0.2514590416356648"
475,110,1,"0.22801119388011093"
475,111,1,"0.16775300350789196"
475,112,1,"0.16775300350789196"
475,113,1,"0.08343685677398442"
475,114,2,"0.16775300350789196;0.23646559732100064"
475,115,1,"0.08343685677398442"
475,116,1,"0.11937845899923423"
475,117,2,"0.1699983511515413;0.2292286409072954"
475,118,1,"0.08343685677398442"
475,119,1,"0.16775300350789196"
475,120,2,"0.16799125156943517;0.2336443322884462"
475,121,1,"0.12116277411366418"
475,122,1,"0.11937845899923423"
475,123,1,"0.11937845899923423"
475,124,1,"0.12321399965794286"
475,125,1,"0.22801119388011093"
475,126,1,"0.12363561415961434"
475,127,2,"0.17150676852572716;0.22913823227690033"
475,128,1,"0.11937845899923423"
475,129,2,"0.169400403042431;0.22941375342231393"
475,130,1,"0.08343685677398442"
475,131,1,"0.11937845899923423"
475,132,2,"0.16775300350789196;0.4639870725013478"
475,133,1,"0.16775300350789196"
475,134,1,"0.11937845899923423"
475,135,1,"0.11937845899923423"
475,136,1,"0.22801119388011093"
475,137,2,"0.16775300350789196;0.24526555637734354"
475,138,1,"0.11937845899923423"
475,139,1,"0.11937845899923423"
475,140,1,"0.11937845899923423"
475,141,2,"0.22801119388011093;0.23893282700323945"
475,142,1,"0.11937845899923423"
475,143,1,"0.16775300350789196"
475,144,2,"0.1726307980227368;0.22913823227690033"
475,145,1,"0.11937845899923423"
475,146,1,"0.11937845899923423"
475,147,1,"0.1277237118478868"
475,148,1,"0.11937845899923423"
475,149,1,"0.08343685677398442"
475,150,1,"0.22801119388011093"
475,151,1,"0.22801119388011093"
475,152,1,"0.16775300350789196"
475,153,1,"0.22801119388011093"
475,154,1,"0.22801119388011093"
475,155,1,"0.11937845899923423"
475,156,1,"0.11937845899923423"
475,157,2,"0.16775300350789196;0.24526555637734354"
475,158,1,"0.22801119388011093"
475,159,2,"0.16775300350789196;0.3575604012182395"
475,160,1,"0.11937845899923423"
475,161,2,"0.16775300350789196;0.23646559732100064"
475,162,1,"0.22801119388011093"
475,163,1,"0.22801119388011093"
475,164,1,"0.12853894728635987"
475,165,2,"0.16775300350789196;0.33069248335871"
475,166,1,"0.11937845899923423"
475,167,1,"0.12283861530051045"
475,168,1,"0.11945890794755099"
475,169,1,"0.11009947016099389"
475,170,1,"0.16775300350789196"
475,171,1,"0.16775300350789196"
475,172,2,"0.2205521348370905;0.22801119388011093"
475,173,2,"0.22801119388011093;0.3860522713021059"
475,174,1,"0.12032726146780254"
475,175,1,"0.1537575247229667"
475,176,1,"0.1144338171304104"
475,177,1,"0.11937845899923423"
475,178,2,"0.17968294874811375;0.22848312589411496"
475,179,1,"0.22801119388011093"
475,180,1,"0.22801119388011093"
475,181,1,"0.11937845899923423"
475,182,1,"0.16775300350789196"
475,183,1,"0.16775300350789196"
475,184,2,"0.16775300350789196;0.3171227833053347"
475,185,1,"0.13628364254533207"
475,186,2,"0.16775300350789196;0.291551519758218"
475,187,1,"0.11937845899923423"
475,188,1,"0.22801119388011093"
475,189,1,"0.22801119388011093"
475,190,1,"0.22801119388011093"
475,191,2,"0.16799125156943517;0.23221392304622404"
475,192,1,"0.22801119388011093"
475,193,2,"0.16775300350789196;0.32364020754716905"
475,194,1,"0.10631640366534534"
475,195,2,"0.16847993322696816;0.23005212440283912"
475,196,2,"0.22801119388011093;0.3237051385795888"
475,197,1,"0.22801119388011093"
475,198,2,"0.16775300350789196;0.23761048361534354"
475,199,1,"0.22801119388011093"
475,200,1,"0.16775300350789196"
500,1,2,"0.16799125156943517;0.22913823227690033"
500,2,1,"0.11937845899923423"
500,3,1,"0.08343685677398442"
500,4,1,"0.12119713416947801"
500,5,1,"0.11937845899923423"
500,6,1,"0.08705019170947473"
500,7,2,"0.16775300350789196;0.2869015929450159"
500,8,1,"0.12630072926859964"
500,9,2,"0.16775300350789196;0.2869015929450159"
500,10,2,"0.18065131435725015;0.22801119388011093"
500,11,1,"0.11937845899923423"
500,12,1,"0.22801119388011093"
500,13,1,"0.12125624952608291"
500,14,2,"0.16775300350789196;0.34736637710520235"
500,15,2,"0.16799125156943517;0.22913823227690033"
500,16,1,"0.16775300350789196"
500,17,1,"0.12112667736227928"
500,18,2,"0.16775300350789196;0.2336443322884462"
500,19,1,"0.16775300350789196"
500,20,1,"0.22801119388011093"
500,21,2,"0.16775300350789196;0.33849439063105863"
500,22,1,"0.16775300350789196"
500,23,1,"0.10149482360318497"
500,24,1,"0.11009947016099389"
500,25,1,"0.11937845899923423"
500,26,1,"0.08725827926082097"
500,27,1,"0.11937845899923423"
500,28,1,"0.16775300350789196"
500,29,2,"0.17403071189228217;0.22801119388011093"
500,30,2,"0.16818223784895367;0.22882557052991856"
500,31,2,"0.16775300350789196;0.2406190423520403"
500,32,1,"0.11937845899923423"
500,33,2,"0.16775300350789196;0.2539027551031994"
500,34,1,"0.11937845899923423"
500,35,2,"0.16775300350789196;0.2539027551031994"
500,36,1,"0.16775300350789196"
500,37,1,"0.08705019170947473"
500,38,2,"0.16831562084654966;0.22848312589411496"
500,39,2,"0.1859612282505132;0.22801119388011093"
500,40,1,"0.11937845899923423"
500,41,1,"0.16775300350789196"
500,42,1,"0.11937845899923423"
500,43,1,"0.11937845899923423"
500,44,1,"0.22801119388011093"
500,45,2,"0.16775300350789196;0.2593633627773859"
500,46,2,"0.16799125156943517;0.22941375342231393"
500,47,1,"0.11937845899923423"
500,48,2,"0.16818223784895367;0.22882557052991856"
500,49,1,"0.22801119388011093"
500,50,2,"0.22801119388011093;0.23893282700323945"
500,51,2,"0.16889137962501266;0.22801119388011093"
500,52,1,"0.08343685677398442"
500,53,2,"0.1884690992185923;0.22801119388011093"
500,54,1,"0.12124573950932133"
500,55,1,"0.08343685677398442"
500,56,1,"0.11937845899923423"
500,57,1,"0.16775300350789196"
500,58,2,"0.16799125156943517;0.22941375342231393"
500,59,1,"0.22801119388011093"
500,60,1,"0.11937845899923423"
500,61,1,"0.104611612190675"
500,62,1,"0.11937845899923423"
500,63,1,"0.11937845899923423"
500,64,2,"0.16799125156943517;0.22913823227690033"
500,65,1,"0.22801119388011093"
500,66,1,"0.12124573950932133"
500,67,1,"0.08705019170947473"
500,68,2,"0.16775300350789196;0.2650036701138473"
500,69,1,"0.11937845899923423"
500,70,2,"0.22801119388011093;0.3540433806988493"
500,71,1,"0.11937845899923423"
500,72,1,"0.22801119388011093"
500,73,1,"0.22801119388011093"
500,74,2,"0.16889137962501266;0.22801119388011093"
500,75,1,"0.11937845899923423"
500,76,1,"0.11937845899923423"
500,77,2,"0.22801119388011093;0.3860522713021059"
500,78,1,"0.22801119388011093"
500,79,2,"0.16775300350789196;0.291551519758218"
500,80,2,"0.20104011201990254;0.22801119388011093"
500,81,1,"0.22801119388011093"
500,82,2,"0.16775300350789196;0.23646559732100064"
500,83,1,"0.08343685677398442"
500,84,2,"0.16968813756679196;0.22801119388011093"
500,85,1,"0.11937845899923423"
500,86,1,"0.08343685677398442"
500,87,2,"0.2168369204955283;0.22801119388011093"
500,88,1,"0.12124573950932133"
500,89,2,"0.20104011201990254;0.22801119388011093"
500,90,1,"0.22801119388011093"
500,91,2,"0.16775300350789196;0.24210541153090007"
500,92,1,"0.08670722509933651"
500,93,1,"0.11937845899923423"
500,94,2,"0.16867262514111955;0.2280870617402872"
500,95,1,"0.08343685677398442"
500,96,1,"0.11945890794755099"
500,97,2,"0.169400403042431;0.22801119388011093"
500,98,2,"0.16775300350789196;0.23073840552683744"
500,99,1,"0.1144338171304104"
500,100,1,"0.08343685677398442"
500,101,1,"0.08343685677398442"
500,102,1,"0.11937845899923423"
500,103,1,"0.12250748715267601"
500,104,2,"0.22801119388011093;0.2846581653327886"
500,105,1,"0.12134133737548353"
500,106,1,"0.22801119388011093"
500,107,1,"0.12124573950932133"
500,108,1,"0.11937845899923423"
500,109,1,"0.11937845899923423"
500,110,2,"0.16799125156943517;0.22913823227690033"
500,111,1,"0.12032726146780254"
500,112,1,"0.16775300350789196"
500,113,2,"0.22801119388011093;0.4626305876048621"
500,114,2,"0.16775300350789196;0.23188907366121866"
500,115,1,"0.11937845899923423"
500,116,1,"0.11937845899923423"
500,117,1,"0.11937845899923423"
500,118,1,"0.12283861530051045"
500,119,2,"0.16775300350789196;0.3575604012182395"
500,120,1,"0.16775300350789196"
500,121,1,"0.11945890794755099"
500,122,2,"0.16775300350789196;0.2352578334823585"
500,123,1,"0.22801119388011093"
500,124,1,"0.16775300350789196"
500,125,1,"0.11937845899923423"
500,126,2,"0.16775300350789196;0.23646559732100064"
500,127,1,"0.11937845899923423"
500,128,1,"0.08400609905200557"
500,129,2,"0.22801119388011093;0.3696028103213886"
500,130,1,"0.08400609905200557"
500,131,1,"0.09183114822558987"
500,132,1,"0.12124573950932133"
500,133,2,"0.19031576040745582;0.22801119388011093"
500,134,1,"0.11937845899923423"
500,135,1,"0.08352438782922944"
500,136,1,"0.22801119388011093"
500,137,1,"0.16775300350789196"
500,138,1,"0.11937845899923423"
500,139,2,"0.22801119388011093;0.29690888646634495"
500,140,1,"0.08343685677398442"
500,141,1,"0.11937845899923423"
500,142,1,"0.16775300350789196"
500,143,1,"0.22801119388011093"
500,144,1,"0.11937845899923423"
500,145,1,"0.08343685677398442"
500,146,1,"0.1030213810456305"
500,147,2,"0.22696639243225428;0.22801119388011093"
500,148,2,"0.16799125156943517;0.22913823227690033"
500,149,1,"0.22801119388011093"
500,150,2,"0.1726307980227368;0.22801119388011093"
500,151,1,"0.11937845899923423"
500,152,1,"0.12139850669881104"
500,153,2,"0.16799125156943517;0.22913823227690033"
500,154,1,"0.11945890794755099"
500,155,1,"0.11937845899923423"
500,156,1,"0.11969955699933676"
500,157,1,"0.22801119388011093"
500,158,2,"0.16775300350789196;0.2682454217079775"
500,159,2,"0.22801119388011093;0.23105739710146062"
500,160,1,"0.11937845899923423"
500,161,1,"0.11945890794755099"
500,162,1,"0.11937845899923423"
500,163,2,"0.22801119388011093;0.3540433806988493"
500,164,1,"0.08343685677398442"
500,165,1,"0.11937845899923423"
500,166,2,"0.22801119388011093;0.24289872591823813"
500,167,1,"0.11937845899923423"
500,168,2,"0.16775300350789196;0.234839014772527"
500,169,1,"0.08343685677398442"
500,170,2,"0.16775300350789196;0.2352578334823585"
500,171,2,"0.22801119388011093;0.24289872591823813"
500,172,2,"0.16777742194378073;0.2304914682878971"
500,173,1,"0.11937845899923423"
500,174,1,"0.08670722509933651"
500,175,1,"0.16775300350789196"
500,176,1,"0.11955778345190017"
500,177,1,"0.11937845899923423"
500,178,1,"0.12058064606616604"
500,179,1,"0.11937845899923423"
500,180,2,"0.22801119388011093;0.4540575425340581"
500,181,2,"0.22801119388011093;0.25681960410358423"
500,182,2,"0.17655673591758814;0.22801119388011093"
500,183,2,"0.16775300350789196;0.23646559732100064"
500,184,2,"0.16968813756679196;0.22801119388011093"
500,185,1,"0.16775300350789196"
500,186,1,"0.08555048550731385"
500,187,1,"0.08343685677398442"
500,188,1,"0.16775300350789196"
500,189,1,"0.16775300350789196"
500,190,1,"0.08505964825044235"
500,191,2,"0.20589839088293185;0.22801119388011093"
500,192,1,"0.16775300350789196"
500,193,1,"0.11937845899923423"
500,194,2,"0.16775300350789196;0.23128254498439949"
500,195,1,"0.12139850669881104"
500,196,2,"0.16799125156943517;0.22913823227690033"
500,197,1,"0.08343685677398442"
500,198,2,"0.16775300350789196;0.23646559732100064"
500,199,2,"0.22801119388011093;0.43689279863808145"
500,200,1,"0.11937845899923423"
525,1,2,"0.16775300350789196;0.22913823227690033"
525,2,2,"0.22801119388011093;0.43689279863808145"
525,3,2,"0.16831562084654966;0.22801119388011093"
525,4,1,"0.11937845899923423"
525,5,1,"0.11937845899923423"
525,6,1,"0.16775300350789196"
525,7,1,"0.16532963413641039"
525,8,1,"0.11937845899923423"
525,9,2,"0.19031576040745582;0.22801119388011093"
525,10,1,"0.11219374431214707"
525,11,2,"0.16775300350789196;0.27524021914092256"
525,12,2,"0.1884690992185923;0.22801119388011093"
525,13,1,"0.11937845899923423"
525,14,2,"0.16775300350789196;0.22941375342231393"
525,15,1,"0.08343685677398442"
525,16,2,"0.16775300350789196;0.23646559732100064"
525,17,1,"0.11937845899923423"
525,18,1,"0.11937845899923423"
525,19,2,"0.22801119388011093;0.23105739710146062"
525,20,1,"0.11937845899923423"
525,21,2,"0.16775300350789196;0.4181682564331786"
525,22,2,"0.16775300350789196;0.25656100791882974"
525,23,1,"0.16775300350789196"
525,24,1,"0.16775300350789196"
525,25,2,"0.16799125156943517;0.22801119388011093"
525,26,1,"0.088935729851484"
525,27,2,"0.16775300350789196;0.34736637710520235"
525,28,1,"0.16775300350789196"
525,29,2,"0.1699983511515413;0.22801119388011093"
525,30,1,"0.08343685677398442"
525,31,2,"0.16775300350789196;0.24526555637734354"
525,32,2,"0.16775300350789196;0.23290428925525306"
525,33,1,"0.11937845899923423"
525,34,1,"0.08362719148788822"
525,35,1,"0.11937845899923423"
525,36,1,"0.09340375869517424"
525,37,1,"0.11937845899923423"
525,38,1,"0.11937845899923423"
525,39,1,"0.08343685677398442"
525,40,1,"0.16775300350789196"
525,41,1,"0.16532963413641039"
525,42,1,"0.11937845899923423"
525,43,1,"0.08555048550731385"
525,44,2,"0.16775300350789196;0.24526555637734354"
525,45,1,"0.11937845899923423"
525,46,1,"0.16775300350789196"
525,47,2,"0.22801119388011093;0.43689279863808145"
525,48,1,"0.08343685677398442"
525,49,2,"0.17865342932489187;0.22801119388011093"
525,50,1,"0.11937845899923423"
525,51,1,"0.11937845899923423"
525,52,2,"0.22801119388011093;0.3696028103213886"
525,53,1,"0.11937845899923423"
525,54,2,"0.19031576040745582;0.22801119388011093"
525,55,2,"0.16775300350789196;0.2298614085653513"
525,56,1,"0.12125624952608291"
525,57,1,"0.16775300350789196"
525,58,1,"0.11937845899923423"
525,59,1,"0.22801119388011093"
525,60,1,"0.11937845899923423"
525,61,1,"0.1537575247229667"
525,62,1,"0.11937845899923423"
525,63,1,"0.11937845899923423"
525,64,2,"0.16775300350789196;0.23646559732100064"
525,65,2,"0.22801119388011093;0.29690888646634495"
525,66,1,"0.12250748715267601"
525,67,1,"0.08725827926082097"
525,68,1,"0.11937845899923423"
525,69,1,"0.11927600954785834"
525,70,2,"0.16775300350789196;0.22913823227690033"
525,71,2,"0.16775300350789196;0.24714395709138884"
525,72,2,"0.16775300350789196;0.3693875084249774"
525,73,2,"0.16775300350789196;0.2352578334823585"
525,74,1,"0.11937845899923423"
525,75,2,"0.22801119388011093;0.4626305876048621"
525,76,2,"0.16775300350789196;0.22913823227690033"
525,77,2,"0.16775300350789196;0.2325528752824504"
525,78,2,"0.16799125156943517;0.22801119388011093"
525,79,1,"0.11937845899923423"
525,80,1,"0.08670722509933651"
525,81,1,"0.16775300350789196"
525,82,1,"0.13950333816367175"
525,83,1,"0.1277237118478868"
525,84,1,"0.16775300350789196"
525,85,1,"0.16775300350789196"
525,86,1,"0.22801119388011093"
525,87,2,"0.16775300350789196;0.26207067523857575"
525,88,2,"0.22801119388011093;0.3780611264734932"
525,89,1,"0.16775300350789196"
525,90,2,"0.16775300350789196;0.2291419843137625"
525,91,1,"0.08343685677398442"
525,92,2,"0.16775300350789196;0.23646559732100064"
525,93,2,"0.16775300350789196;0.32364020754716905"
525,94,1,"0.08940535548524221"
525,95,2,"0.16889137962501266;0.22801119388011093"
525,96,1,"0.08343685677398442"
525,97,2,"0.22696639243225428;0.22801119388011093"
525,98,1,"0.16218575586304665"
525,99,1,"0.16775300350789196"
525,100,1,"0.11937845899923423"
525,101,1,"0.12128022968865826"
525,102,1,"0.16775300350789196"
525,103,1,"0.08428930014162929"
525,104,1,"0.11937845899923423"
525,105,2,"0.16775300350789196;0.2650036701138473"
525,106,2,"0.16775300350789196;0.2514590416356648"
525,107,1,"0.11955778345190017"
525,108,2,"0.17305169094564474;0.22801119388011093"
525,109,2,"0.22801119388011093;0.24289872591823813"
525,110,2,"0.22801119388011093;0.4540575425340581"
525,111,1,"0.10149482360318497"
525,112,1,"0.11937845899923423"
525,113,2,"0.16775300350789196;0.23646559732100064"
525,114,2,"0.1726307980227368;0.22801119388011093"
525,115,2,"0.22801119388011093;0.26229787548130173"
525,116,2,"0.17968294874811375;0.22801119388011093"
525,117,2,"0.16775300350789196;0.23128254498439949"
525,118,2,"0.16775300350789196;0.23646559732100064"
525,119,2,"0.16775300350789196;0.29577193217363"
525,120,1,"0.16775300350789196"
525,121,1,"0.11937845899923423"
525,122,1,"0.11937845899923423"
525,123,1,"0.1447077694272812"
525,124,1,"0.08343685677398442"
525,125,2,"0.16775300350789196;0.22913823227690033"
525,126,1,"0.22801119388011093"
525,127,1,"0.11937845899923423"
525,128,2,"0.16867262514111955;0.22801119388011093"
525,129,2,"0.16775300350789196;0.4905167939172162"
525,130,1,"0.16775300350789196"
525,131,1,"0.11937845899923423"
525,132,2,"0.17403071189228217;0.22801119388011093"
525,133,1,"0.11937845899923423"
525,134,2,"0.17462119088910324;0.22801119388011093"
525,135,1,"0.11939994214381597"
525,136,2,"0.20589839088293185;0.22801119388011093"
525,137,2,"0.16775300350789196;0.234430591916912"
525,138,1,"0.16775300350789196"
525,139,2,"0.21400598558020933;0.22801119388011093"
525,140,1,"0.16532963413641039"
525,141,1,"0.12124573950932133"
525,142,2,"0.16775300350789196;0.32364020754716905"
525,143,1,"0.1216033887486789"
525,144,1,"0.08343685677398442"
525,145,2,"0.16775300350789196;0.23157828973640554"
525,146,2,"0.16799125156943517;0.22801119388011093"
525,147,2,"0.17607839618297264;0.22801119388011093"
525,148,1,"0.11937845899923423"
525,149,2,"0.1884690992185923;0.22801119388011093"
525,150,1,"0.11937845899923423"
525,151,1,"0.11937845899923423"
525,152,2,"0.22344047106644985;0.22801119388011093"
525,153,1,"0.08343685677398442"
525,154,2,"0.22801119388011093;0.4540575425340581"
525,155,1,"0.08555048550731385"
525,156,2,"0.16775300350789196;0.23646559732100064"
525,157,2,"0.16799125156943517;0.22801119388011093"
525,158,2,"0.16775300350789196;0.23290428925525306"
525,159,2,"0.16775300350789196;0.23646559732100064"
525,160,1,"0.16775300350789196"
525,161,2,"0.2082586419741466;0.22801119388011093"
525,162,1,"0.16775300350789196"
525,163,1,"0.15649600628280283"
525,164,2,"0.16775300350789196;0.3993411789743271"
525,165,1,"0.09258182430386161"
525,166,1,"0.09258182430386161"
525,167,1,"0.22801119388011093"
525,168,1,"0.1216033887486789"
525,169,2,"0.16799125156943517;0.22801119388011093"
525,170,1,"0.1447077694272812"
525,171,2,"0.16775300350789196;0.22969084301148085"
525,172,2,"0.16799125156943517;0.22801119388011093"
525,173,2,"0.16799125156943517;0.22801119388011093"
525,174,1,"0.11937845899923423"
525,175,2,"0.16799125156943517;0.22801119388011093"
525,176,2,"0.16799125156943517;0.22801119388011093"
525,177,2,"0.1679083230641385;0.2282488241006618"
525,178,1,"0.11937845899923423"
525,179,2,"0.22801119388011093;0.25220600390084486"
525,180,2,"0.16775300350789196;0.23646559732100064"
525,181,1,"0.11937845899923423"
525,182,1,"0.11937845899923423"
525,183,2,"0.16775300350789196;0.33849439063105863"
525,184,1,"0.08940535548524221"
525,185,1,"0.16775300350789196"
525,186,1,"0.11937845899923423"
525,187,1,"0.11937845899923423"
525,188,2,"0.182264550931938;0.22801119388011093"
525,189,1,"0.11937845899923423"
525,190,1,"0.14914173972361633"
525,191,2,"0.16775300350789196;0.22913823227690033"
525,192,1,"0.11937845899923423"
525,193,1,"0.11937845899923423"
525,194,1,"0.11937845899923423"
525,195,2,"0.19031576040745582;0.22801119388011093"
525,196,2,"0.16775300350789196;0.3693875084249774"
525,197,1,"0.11937845899923423"
525,198,2,"0.169400403042431;0.22801119388011093"
525,199,1,"0.12124573950932133"
525,200,1,"0.08343685677398442"
550,1,2,"0.16968813756679196;0.22801119388011093"
550,2,1,"0.08343685677398442"
550,3,1,"0.09114828472437786"
550,4,1,"0.08343685677398442"
550,5,1,"0.11937845899923423"
550,6,2,"0.1849075555443835;0.22801119388011093"
550,7,1,"0.12087738775586368"
550,8,1,"0.11937845899923423"
550,9,1,"0.08343685677398442"
550,10,2,"0.16775300350789196;0.23073840552683744"
550,11,1,"0.11937845899923423"
550,12,2,"0.16775300350789196;0.34736637710520235"
550,13,1,"0.11937845899923423"
550,14,2,"0.16775300350789196;0.23646559732100064"
550,15,2,"0.22696639243225428;0.22801119388011093"
550,16,2,"0.16775300350789196;0.30081447785735194"
550,17,1,"0.13042603783486398"
550,18,1,"0.11937845899923423"
550,19,2,"0.16775300350789196;0.23290428925525306"
550,20,1,"0.11937845899923423"
550,21,2,"0.22801119388011093;0.29690888646634495"
550,22,1,"0.08343685677398442"
550,23,1,"0.11937845899923423"
550,24,1,"0.11937845899923423"
550,25,1,"0.11937845899923423"
550,26,2,"0.16775300350789196;0.4639870725013478"
550,27,1,"0.11937845899923423"
550,28,1,"0.08343685677398442"
550,29,2,"0.22801119388011093;0.3942592672765382"
550,30,1,"0.09052247734216047"
550,31,1,"0.11937845899923423"
550,32,2,"0.16968813756679196;0.22801119388011093"
550,33,2,"0.16775300350789196;0.22801119388011093"
550,34,2,"0.16775300350789196;0.22913823227690033"
550,35,1,"0.11009947016099389"
550,36,1,"0.08705019170947473"
550,37,2,"0.16775300350789196;0.2292286409072954"
550,38,2,"0.22801119388011093;0.23105739710146062"
550,39,1,"0.11937845899923423"
550,40,1,"0.12087738775586368"
550,41,1,"0.11937845899923423"
550,42,1,"0.12410367720208043"
550,43,2,"0.16775300350789196;0.2393523285467577"
550,44,2,"0.16799125156943517;0.22801119388011093"
550,45,2,"0.16775300350789196;0.22801119388011093"
550,46,1,"0.11937845899923423"
550,47,1,"0.08670722509933651"
550,48,1,"0.11937845899923423"
550,49,2,"0.22801119388011093;0.27312268216485824"
550,50,1,"0.12197267732963096"
550,51,1,"0.11937845899923423"
550,52,1,"0.11937845899923423"
550,53,1,"0.11937845899923423"
550,54,2,"0.16775300350789196;0.2539027551031994"
550,55,2,"0.17712514290650386;0.22801119388011093"
550,56,2,"0.22801119388011093;0.3696028103213886"
550,57,1,"0.11937845899923423"
550,58,1,"0.11937845899923423"
550,59,2,"0.22801119388011093;0.33141798478614215"
550,60,2,"0.16775300350789196;0.23646559732100064"
550,61,2,"0.16775300350789196;0.22913823227690033"
550,62,2,"0.22801119388011093;0.4879574065997315"
550,63,1,"0.13628364254533207"
550,64,2,"0.16775300350789196;0.23188907366121866"
550,65,1,"0.16775300350789196"
550,66,1,"0.08343685677398442"
550,67,2,"0.16775300350789196;0.291551519758218"
550,68,1,"0.08378636733898517"
550,69,1,"0.12087738775586368"
550,70,1,"0.12197267732963096"
550,71,2,"0.22801119388011093;0.23445268250242912"
550,72,2,"0.1710810614251548;0.22801119388011093"
550,73,2,"0.16775300350789196;0.3693875084249774"
550,74,1,"0.11939994214381597"
550,75,1,"0.16775300350789196"
550,76,2,"0.16775300350789196;0.27889731536450196"
550,77,2,"0.1699983511515413;0.22801119388011093"
550,78,2,"0.22801119388011093;0.34601427504916826"
550,79,1,"0.08343685677398442"
550,80,1,"0.09114828472437786"
550,81,1,"0.11937845899923423"
550,82,2,"0.16799125156943517;0.22801119388011093"
550,83,2,"0.16775300350789196;0.4181682564331786"
550,84,1,"0.11988618582845484"
550,85,1,"0.08343685677398442"
550,86,1,"0.08343685677398442"
550,87,1,"0.11937845899923423"
550,88,2,"0.16775300350789196;0.23100233249312083"
550,89,1,"0.11937845899923423"
550,90,2,"0.16775300350789196;0.27889731536450196"
550,91,2,"0.16799125156943517;0.22801119388011093"
550,92,2,"0.16775300350789196;0.22801119388011093"
550,93,2,"0.16775300350789196;0.24210541153090007"
550,94,1,"0.11937845899923423"
550,95,1,"0.11937845899923423"
550,96,1,"0.08343685677398442"
550,97,2,"0.16775300350789196;0.22913823227690033"
550,98,1,"0.11937845899923423"
550,99,2,"0.1710810614251548;0.22801119388011093"
550,100,1,"0.08343685677398442"
550,101,2,"0.20104011201990254;0.22801119388011093"
550,102,1,"0.11937845899923423"
550,103,2,"0.16775300350789196;0.23646559732100064"
550,104,2,"0.16775300350789196;0.23646559732100064"
550,105,2,"0.17865342932489187;0.22801119388011093"
550,106,2,"0.16775300350789196;0.22913823227690033"
550,107,2,"0.16775300350789196;0.22930925164695942"
550,108,2,"0.1710810614251548;0.22801119388011093"
550,109,1,"0.11937845899923423"
550,110,2,"0.17607839618297264;0.22801119388011093"
550,111,2,"0.16775300350789196;0.22954126145716697"
550,112,1,"0.08343685677398442"
550,113,2,"0.16775300350789196;0.22801119388011093"
550,114,1,"0.13950333816367175"
550,115,1,"0.08505964825044235"
550,116,1,"0.1277237118478868"
550,117,1,"0.11937845899923423"
550,118,1,"0.11937845899923423"
550,119,2,"0.22801119388011093;0.33141798478614215"
550,120,2,"0.16775300350789196;0.23646559732100064"
550,121,1,"0.11937845899923423"
550,122,1,"0.08343685677398442"
550,123,1,"0.13780548359640638"
550,124,2,"0.22801119388011093;0.4540575425340581"
550,125,2,"0.18065131435725015;0.22801119388011093"
550,126,2,"0.16775300350789196;0.22801119388011093"
550,127,1,"0.08343685677398442"
550,128,2,"0.16799125156943517;0.22801119388011093"
550,129,2,"0.16775300350789196;0.23646559732100064"
550,130,1,"0.16775300350789196"
550,131,2,"0.16889137962501266;0.22801119388011093"
550,132,1,"0.11937845899923423"
550,133,1,"0.11937845899923423"
550,134,1,"0.08343685677398442"
550,135,1,"0.13368336567001235"
550,136,2,"0.16775300350789196;0.22913823227690033"
550,137,2,"0.16775300350789196;0.23005212440283912"
550,138,2,"0.16775300350789196;0.23646559732100064"
550,139,1,"0.11937845899923423"
550,140,1,"0.11937845899923423"
550,141,2,"0.2168369204955283;0.22801119388011093"
550,142,1,"0.08343685677398442"
550,143,2,"0.1726307980227368;0.22801119388011093"
550,144,1,"0.11937845899923423"
550,145,2,"0.22801119388011093;0.3031115551246179"
550,146,1,"0.11937845899923423"
550,147,1,"0.09430011019012687"
550,148,2,"0.16775300350789196;0.23646559732100064"
550,149,1,"0.11937845899923423"
550,150,1,"0.11955778345190017"
550,151,1,"0.13368336567001235"
550,152,1,"0.08343685677398442"
550,153,1,"0.11937845899923423"
550,154,2,"0.22801119388011093;0.23105739710146062"
550,155,1,"0.16775300350789196"
550,156,1,"0.13491625817380884"
550,157,1,"0.11937845899923423"
550,158,1,"0.08343685677398442"
550,159,2,"0.16775300350789196;0.2514590416356648"
550,160,2,"0.16775300350789196;0.2291419843137625"
550,161,2,"0.16799125156943517;0.22801119388011093"
550,162,1,"0.11937845899923423"
550,163,1,"0.11937845899923423"
550,164,2,"0.22801119388011093;0.43689279863808145"
550,165,1,"0.0862028663606193"
550,166,2,"0.18703755060057461;0.22801119388011093"
550,167,1,"0.08352438782922944"
550,168,2,"0.16775300350789196;0.23005212440283912"
550,169,1,"0.11937845899923423"
550,170,2,"0.20376011870467559;0.22801119388011093"
550,171,1,"0.12128022968865826"
550,172,2,"0.16775300350789196;0.2593633627773859"
550,173,1,"0.12124573950932133"
550,174,1,"0.12087738775586368"
550,175,2,"0.16775300350789196;0.22913823227690033"
550,176,1,"0.11009947016099389"
550,177,1,"0.12011747878360157"
550,178,1,"0.11937845899923423"
550,179,1,"0.11937845899923423"
550,180,1,"0.11937845899923423"
550,181,1,"0.10631640366534534"
550,182,1,"0.11937845899923423"
550,183,1,"0.11937845899923423"
550,184,2,"0.17462119088910324;0.22801119388011093"
550,185,1,"0.11009947016099389"
550,186,2,"0.1726307980227368;0.22801119388011093"
550,187,1,"0.11937845899923423"
550,188,1,"0.11937845899923423"
550,189,2,"0.16775300350789196;0.23326849764920685"
550,190,2,"0.16775300350789196;0.22801119388011093"
550,191,2,"0.22801119388011093;0.3780611264734932"
550,192,2,"0.16775300350789196;0.23612336847160328"
550,193,2,"0.16775300350789196;0.23128254498439949"
550,194,2,"0.16799125156943517;0.22801119388011093"
550,195,1,"0.11937845899923423"
550,196,1,"0.11937845899923423"
550,197,1,"0.11937845899923423"
550,198,1,"0.08343685677398442"
550,199,2,"0.18703755060057461;0.22801119388011093"
550,200,2,"0.16889137962501266;0.22801119388011093"
575,1,1,"0.11937845899923423"
575,2,1,"0.11937845899923423"
575,3,2,"0.22801119388011093;0.27828602848796147"
575,4,1,"0.11937845899923423"
575,5,2,"0.16889137962501266;0.22801119388011093"
575,6,2,"0.16775300350789196;0.23646559732100064"
575,7,1,"0.08343685677398442"
575,8,1,"0.1144338171304104"
575,9,1,"0.11937845899923423"
575,10,2,"0.22801119388011093;0.23445268250242912"
575,11,1,"0.11937845899923423"
575,12,2,"0.16775300350789196;0.22801119388011093"
575,13,2,"0.15131654303801426;0.33849439063105863"
575,14,1,"0.11937845899923423"
575,15,1,"0.11937845899923423"
575,16,2,"0.17462119088910324;0.22801119388011093"
575,17,1,"0.11937845899923423"
575,18,1,"0.08343685677398442"
575,19,1,"0.08428930014162929"
575,20,1,"0.11937845899923423"
575,21,2,"0.16775300350789196;0.22954126145716697"
575,22,2,"0.16775300350789196;0.23646559732100064"
575,23,2,"0.16775300350789196;0.29577193217363"
575,24,1,"0.11937845899923423"
575,25,1,"0.1144338171304104"
575,26,1,"0.11937845899923423"
575,27,1,"0.104611612190675"
575,28,1,"0.12124573950932133"
575,29,1,"0.11937845899923423"
575,30,1,"0.08705019170947473"
575,31,1,"0.1216033887486789"
575,32,1,"0.10631640366534534"
575,33,1,"0.08343685677398442"
575,34,2,"0.1778130240838485;0.22801119388011093"
575,35,2,"0.22344047106644985;0.22801119388011093"
575,36,2,"0.17462119088910324;0.22801119388011093"
575,37,1,"0.11937845899923423"
575,38,2,"0.16799125156943517;0.22801119388011093"
575,39,1,"0.10005245530338597"
575,40,2,"0.16775300350789196;0.2682454217079775"
575,41,1,"0.11937845899923423"
575,42,1,"0.12112667736227928"
575,43,2,"0.16775300350789196;0.22801119388011093"
575,44,1,"0.11955778345190017"
575,45,2,"0.22801119388011093;0.27312268216485824"
575,46,2,"0.16775300350789196;0.2406190423520403"
575,47,2,"0.16889137962501266;0.22801119388011093"
575,48,2,"0.16775300350789196;0.23646559732100064"
575,49,1,"0.08400609905200557"
575,50,2,"0.16775300350789196;0.22801119388011093"
575,51,1,"0.08753125703947505"
575,52,2,"0.16775300350789196;0.2393523285467577"
575,53,1,"0.11937845899923423"
575,54,2,"0.16799125156943517;0.22801119388011093"
575,55,1,"0.11937845899923423"
575,56,2,"0.16775300350789196;0.23646559732100064"
575,57,2,"0.16775300350789196;0.22801119388011093"
575,58,1,"0.11937845899923423"
575,59,1,"0.13042603783486398"
575,60,2,"0.16775300350789196;0.22913823227690033"
575,61,1,"0.12112667736227928"
575,62,2,"0.19316156132803408;0.22801119388011093"
575,63,1,"0.09430011019012687"
575,64,2,"0.1849075555443835;0.22801119388011093"
575,65,1,"0.11937845899923423"
575,66,1,"0.12197267732963096"
575,67,2,"0.16775300350789196;0.22801119388011093"
575,68,1,"0.11955778345190017"
575,69,1,"0.11927600954785834"
575,70,2,"0.16775300350789196;0.23646559732100064"
575,71,1,"0.11939994214381597"
575,72,2,"0.15938804410755525;0.3171227833053347"
575,73,2,"0.16775300350789196;0.22913823227690033"
575,74,2,"0.16775300350789196;0.2291419843137625"
575,75,1,"0.1030213810456305"
575,76,1,"0.08343685677398442"
575,77,1,"0.11937845899923423"
575,78,1,"0.11937845899923423"
575,79,2,"0.16775300350789196;0.23646559732100064"
575,80,2,"0.16775300350789196;0.26207067523857575"
575,81,1,"0.08343685677398442"
575,82,2,"0.16775300350789196;0.22801119388011093"
575,83,1,"0.11937845899923423"
575,84,2,"0.16775300350789196;0.22913823227690033"
575,85,2,"0.17607839618297264;0.22801119388011093"
575,86,2,"0.16775300350789196;0.22801119388011093"
575,87,1,"0.10005245530338597"
575,88,1,"0.08343685677398442"
575,89,2,"0.182264550931938;0.22801119388011093"
575,90,2,"0.169400403042431;0.22801119388011093"
575,91,2,"0.16775300350789196;0.22801119388011093"
575,92,1,"0.08785091634635257"
575,93,1,"0.11937845899923423"
575,94,1,"0.11937845899923423"
575,95,2,"0.17607839618297264;0.22801119388011093"
575,96,2,"0.16799125156943517;0.22801119388011093"
575,97,1,"0.11937845899923423"
575,98,1,"0.12250748715267601"
575,99,1,"0.11937845899923423"
575,100,1,"0.08343685677398442"
575,101,2,"0.16775300350789196;0.23646559732100064"
575,102,2,"0.1849075555443835;0.22801119388011093"
575,103,1,"0.08343685677398442"
575,104,1,"0.11937845899923423"
575,105,2,"0.182264550931938;0.22801119388011093"
575,106,1,"0.11937845899923423"
575,107,1,"0.12943584116701462"
575,108,1,"0.08343685677398442"
575,109,1,"0.11937845899923423"
575,110,2,"0.16775300350789196;0.2304914682878971"
575,111,2,"0.16775300350789196;0.2336443322884462"
575,112,2,"0.22801119388011093;0.23893282700323945"
575,113,2,"0.16775300350789196;0.23761048361534354"
575,114,1,"0.08343685677398442"
575,115,2,"0.18135339718562657;0.22801119388011093"
575,116,2,"0.16775300350789196;0.2682454217079775"
575,117,2,"0.16775300350789196;0.22930925164695942"
575,118,2,"0.16775300350789196;0.23221392304622404"
575,119,1,"0.11937845899923423"
575,120,2,"0.16775300350789196;0.22913823227690033"
575,121,1,"0.12116277411366418"
575,122,2,"0.15131654303801426;0.33849439063105863"
575,123,1,"0.11937845899923423"
575,124,2,"0.15649600628280283;0.32364020754716905"
575,125,2,"0.16968813756679196;0.22801119388011093"
575,126,1,"0.11937845899923423"
575,127,1,"0.11937845899923423"
575,128,1,"0.088935729851484"
575,129,2,"0.1699983511515413;0.22801119388011093"
575,130,1,"0.08343685677398442"
575,131,2,"0.22344047106644985;0.22801119388011093"
575,132,2,"0.16775300350789196;0.22801119388011093"
575,133,1,"0.09527471169037317"
575,134,1,"0.12134133737548353"
575,135,1,"0.11937845899923423"
575,136,1,"0.08343685677398442"
575,137,1,"0.088935729851484"
575,138,2,"0.1447077694272812;0.3693875084249774"
575,139,1,"0.11937845899923423"
575,140,2,"0.16775300350789196;0.2650036701138473"
575,141,1,"0.08378636733898517"
575,142,2,"0.13780548359640638;0.4397511448006392"
575,143,2,"0.16775300350789196;0.23646559732100064"
575,144,1,"0.11937845899923423"
575,145,2,"0.15131654303801426;0.33849439063105863"
575,146,2,"0.16775300350789196;0.22801119388011093"
575,147,1,"0.11937845899923423"
575,148,1,"0.11937845899923423"
575,149,1,"0.11937845899923423"
575,150,2,"0.22801119388011093;0.26229787548130173"
575,151,1,"0.11937845899923423"
575,152,1,"0.11927600954785834"
575,153,1,"0.11937845899923423"
575,154,1,"0.08343685677398442"
575,155,2,"0.17712514290650386;0.22801119388011093"
575,156,2,"0.2082586419741466;0.22801119388011093"
575,157,2,"0.22801119388011093;0.25220600390084486"
575,158,2,"0.16775300350789196;0.23073840552683744"
575,159,2,"0.16775300350789196;0.22801119388011093"
575,160,2,"0.16799125156943517;0.22801119388011093"
575,161,2,"0.16775300350789196;0.22913823227690033"
575,162,1,"0.11937845899923423"
575,163,2,"0.16775300350789196;0.22801119388011093"
575,164,1,"0.11937845899923423"
575,165,1,"0.09183114822558987"
575,166,2,"0.16775300350789196;0.24210541153090007"
575,167,1,"0.08343685677398442"
575,168,2,"0.16775300350789196;0.23646559732100064"
575,169,2,"0.169400403042431;0.22801119388011093"
575,170,1,"0.11937845899923423"
575,171,1,"0.11937845899923423"
575,172,1,"0.12125207158252381"
575,173,2,"0.17865342932489187;0.22801119388011093"
575,174,2,"0.16775300350789196;0.2352578334823585"
575,175,2,"0.16775300350789196;0.22848312589411496"
575,176,2,"0.16775300350789196;0.24358155216625682"
575,177,1,"0.08555048550731385"
575,178,2,"0.1691345242732962;0.22801119388011093"
575,179,1,"0.11937845899923423"
575,180,2,"0.16775300350789196;0.22801119388011093"
575,181,1,"0.11937845899923423"
575,182,2,"0.16775300350789196;0.23157828973640554"
575,183,2,"0.16799125156943517;0.22801119388011093"
575,184,1,"0.11937845899923423"
575,185,1,"0.08343685677398442"
575,186,1,"0.11937845899923423"
575,187,1,"0.08343685677398442"
575,188,2,"0.17305169094564474;0.22801119388011093"
575,189,1,"0.12363561415961434"
575,190,1,"0.11937845899923423"
575,191,1,"0.08343685677398442"
575,192,1,"0.08993345074980225"
575,193,2,"0.16775300350789196;0.22882557052991856"
575,194,1,"0.088935729851484"
575,195,1,"0.08343685677398442"
575,196,2,"0.16775300350789196;0.23646559732100064"
575,197,2,"0.16775300350789196;0.22801119388011093"
575,198,1,"0.08343685677398442"
575,199,2,"0.16775300350789196;0.23646559732100064"
575,200,2,"0.16775300350789196;0.2282488241006618"
600,1,1,"0.11937845899923423"
600,2,1,"0.11937845899923423"
600,3,1,"0.11937845899923423"
600,4,2,"0.16799125156943517;0.22801119388011093"
600,5,1,"0.12119713416947801"
600,6,2,"0.1447077694272812;0.24714395709138884"
600,7,1,"0.08343685677398442"
600,8,2,"0.1537575247229667;0.2406190423520403"
600,9,2,"0.1447077694272812;0.24714395709138884"
600,10,2,"0.16775300350789196;0.22801119388011093"
600,11,2,"0.16818223784895367;0.22801119388011093"
600,12,1,"0.11937845899923423"
600,13,2,"0.17462119088910324;0.22801119388011093"
600,14,2,"0.1859612282505132;0.22801119388011093"
600,15,2,"0.13368336567001235;0.2650036701138473"
600,16,2,"0.12698035166483185;0.291551519758218"
600,17,1,"0.08343685677398442"
600,18,1,"0.09340375869517424"
600,19,2,"0.16775300350789196;0.22913823227690033"
600,20,2,"0.1216033887486789;0.3993411789743271"
600,21,2,"0.16775300350789196;0.22913823227690033"
600,22,1,"0.08753125703947505"
600,23,2,"0.16775300350789196;0.22801119388011093"
600,24,1,"0.08343685677398442"
600,25,2,"0.16775300350789196;0.22801119388011093"
600,26,1,"0.08343685677398442"
600,27,2,"0.16775300350789196;0.22913823227690033"
600,28,1,"0.11937845899923423"
600,29,1,"0.11937845899923423"
600,30,1,"0.11937845899923423"
600,31,1,"0.11937845899923423"
600,32,1,"0.08343685677398442"
600,33,2,"0.17607839618297264;0.22801119388011093"
600,34,2,"0.12410367720208043;0.3171227833053347"
600,35,2,"0.16775300350789196;0.22801119388011093"
600,36,2,"0.16799125156943517;0.22801119388011093"
600,37,1,"0.08555048550731385"
600,38,1,"0.0963321978015938"
600,39,2,"0.16775300350789196;0.23646559732100064"
600,40,2,"0.1778130240838485;0.22801119388011093"
600,41,1,"0.10631640366534534"
600,42,2,"0.16775300350789196;0.22930925164695942"
600,43,2,"0.16799125156943517;0.22801119388011093"
600,44,2,"0.1537575247229667;0.2406190423520403"
600,45,2,"0.16775300350789196;0.22913823227690033"
600,46,2,"0.16775300350789196;0.22801119388011093"
600,47,2,"0.16775300350789196;0.22801119388011093"
600,48,2,"0.16775300350789196;0.2352578334823585"
600,49,2,"0.1859612282505132;0.22801119388011093"
600,50,2,"0.16775300350789196;0.23646559732100064"
600,51,2,"0.16775300350789196;0.22801119388011093"
600,52,1,"0.12125624952608291"
600,53,2,"0.16775300350789196;0.23646559732100064"
600,54,1,"0.11937845899923423"
600,55,2,"0.16775300350789196;0.2352578334823585"
600,56,2,"0.16775300350789196;0.22801119388011093"
600,57,1,"0.11937845899923423"
600,58,2,"0.16775300350789196;0.22801119388011093"
600,59,2,"0.12134133737548353;0.4639870725013478"
600,60,1,"0.11937845899923423"
600,61,2,"0.16775300350789196;0.22848312589411496"
600,62,1,"0.08400609905200557"
600,63,1,"0.11937845899923423"
600,64,2,"0.16775300350789196;0.22801119388011093"
600,65,1,"0.08343685677398442"
600,66,2,"0.16775300350789196;0.22801119388011093"
600,67,1,"0.08400609905200557"
600,68,1,"0.08352438782922944"
600,69,1,"0.11937845899923423"
600,70,1,"0.11937845899923423"
600,71,2,"0.16799125156943517;0.22801119388011093"
600,72,2,"0.16775300350789196;0.2365885550795338"
600,73,1,"0.11937845899923423"
600,74,1,"0.12032726146780254"
600,75,1,"0.11937845899923423"
600,76,2,"0.14107720226885823;0.2514590416356648"
600,77,2,"0.16775300350789196;0.23646559732100064"
600,78,2,"0.16775300350789196;0.22801119388011093"
600,79,2,"0.16775300350789196;0.23100233249312083"
600,80,1,"0.11937845899923423"
600,81,2,"0.16775300350789196;0.22801119388011093"
600,82,1,"0.11009947016099389"
600,83,2,"0.16775300350789196;0.23646559732100064"
600,84,1,"0.11937845899923423"
600,85,1,"0.08343685677398442"
600,86,2,"0.16775300350789196;0.22801119388011093"
600,87,2,"0.16775300350789196;0.22801119388011093"
600,88,2,"0.16775300350789196;0.23026262377097426"
600,89,1,"0.10005245530338597"
600,90,2,"0.16218575586304665;0.23761048361534354"
600,91,1,"0.12087738775586368"
600,92,1,"0.11937845899923423"
600,93,2,"0.16818223784895367;0.22801119388011093"
600,94,1,"0.12011747878360157"
600,95,1,"0.11937845899923423"
600,96,2,"0.16775300350789196;0.22801119388011093"
600,97,2,"0.16775300350789196;0.22801119388011093"
600,98,1,"0.11937845899923423"
600,99,2,"0.16775300350789196;0.22913823227690033"
600,100,1,"0.11937845899923423"
600,101,1,"0.11937845899923423"
600,102,1,"0.11937845899923423"
600,103,2,"0.12853894728635987;0.2831642741728322"
600,104,1,"0.11937845899923423"
600,105,2,"0.16867262514111955;0.22801119388011093"
600,106,2,"0.16775300350789196;0.23646559732100064"
600,107,2,"0.16867262514111955;0.22801119388011093"
600,108,2,"0.16775300350789196;0.22913823227690033"
600,109,1,"0.11937845899923423"
600,110,1,"0.11937845899923423"
600,111,1,"0.08343685677398442"
600,112,2,"0.16775300350789196;0.23646559732100064"
600,113,1,"0.11937845899923423"
600,114,2,"0.16775300350789196;0.23157828973640554"
600,115,1,"0.11937845899923423"
600,116,1,"0.11937845899923423"
600,117,2,"0.16775300350789196;0.22801119388011093"
600,118,1,"0.10631640366534534"
600,119,1,"0.08428930014162929"
600,120,2,"0.16775300350789196;0.22801119388011093"
600,121,2,"0.12321399965794286;0.33069248335871"
600,122,2,"0.16775300350789196;0.23100233249312083"
600,123,2,"0.16775300350789196;0.22801119388011093"
600,124,2,"0.16799125156943517;0.22801119388011093"
600,125,1,"0.11937845899923423"
600,126,1,"0.08725827926082097"
600,127,2,"0.16775300350789196;0.22917268800473847"
600,128,1,"0.11937845899923423"
600,129,1,"0.11955778345190017"
600,130,1,"0.11937845899923423"
600,131,1,"0.11937845899923423"
600,132,1,"0.11937845899923423"
600,133,2,"0.16775300350789196;0.22801119388011093"
600,134,2,"0.16775300350789196;0.22801119388011093"
600,135,2,"0.16775300350789196;0.23646559732100064"
600,136,2,"0.16775300350789196;0.23221392304622404"
600,137,1,"0.08378636733898517"
600,138,2,"0.13256665959588138;0.2682454217079775"
600,139,1,"0.09114828472437786"
600,140,2,"0.16775300350789196;0.22969084301148085"
600,141,1,"0.11937845899923423"
600,142,2,"0.12943584116701462;0.27889731536450196"
600,143,1,"0.11937845899923423"
600,144,2,"0.16775300350789196;0.22801119388011093"
600,145,1,"0.08343685677398442"
600,146,2,"0.14685288688379347;0.24526555637734354"
600,147,2,"0.16775300350789196;0.23646559732100064"
600,148,1,"0.10814304150573749"
600,149,2,"0.13628364254533207;0.2593633627773859"
600,150,1,"0.10149482360318497"
600,151,2,"0.16799125156943517;0.22801119388011093"
600,152,2,"0.16775300350789196;0.23100233249312083"
600,153,2,"0.1537575247229667;0.2406190423520403"
600,154,2,"0.16775300350789196;0.22801119388011093"
600,155,2,"0.16775300350789196;0.23646559732100064"
600,156,2,"0.16775300350789196;0.22801119388011093"
600,157,1,"0.11937845899923423"
600,158,2,"0.12134133737548353;0.4639870725013478"
600,159,2,"0.16775300350789196;0.22801119388011093"
600,160,1,"0.11937845899923423"
600,161,1,"0.11937845899923423"
600,162,2,"0.16775300350789196;0.23646559732100064"
600,163,2,"0.16775300350789196;0.22913823227690033"
600,164,2,"0.16775300350789196;0.22801119388011093"
600,165,1,"0.11937845899923423"
600,166,2,"0.16775300350789196;0.234839014772527"
600,167,1,"0.11937845899923423"
600,168,1,"0.11937845899923423"
600,169,1,"0.088935729851484"
600,170,2,"0.16775300350789196;0.22801119388011093"
600,171,1,"0.11937845899923423"
600,172,1,"0.11937845899923423"
600,173,1,"0.11937845899923423"
600,174,1,"0.08725827926082097"
600,175,1,"0.08343685677398442"
600,176,1,"0.11937845899923423"
600,177,2,"0.16775300350789196;0.22801119388011093"
600,178,2,"0.16799125156943517;0.22801119388011093"
600,179,1,"0.11937845899923423"
600,180,1,"0.10814304150573749"
600,181,2,"0.16775300350789196;0.23646559732100064"
600,182,1,"0.08400609905200557"
600,183,1,"0.08343685677398442"
600,184,1,"0.11937845899923423"
600,185,1,"0.12032726146780254"
600,186,1,"0.08343685677398442"
600,187,2,"0.16775300350789196;0.23646559732100064"
600,188,2,"0.1277237118478868;0.2869015929450159"
600,189,1,"0.11937845899923423"
600,190,2,"0.15938804410755525;0.23834253010645146"
600,191,1,"0.08343685677398442"
600,192,1,"0.12116277411366418"
600,193,2,"0.16775300350789196;0.22913823227690033"
600,194,2,"0.16775300350789196;0.22913823227690033"
600,195,2,"0.16775300350789196;0.22801119388011093"
600,196,1,"0.08863816052599996"
600,197,2,"0.16775300350789196;0.22801119388011093"
600,198,1,"0.11937845899923423"
600,199,2,"0.16775300350789196;0.23073840552683744"
600,200,2,"0.17186756320775845;0.22801119388011093"
