segment_length,run_index,start_index
50,1,1567
50,2,296
50,3,1436
50,4,444
50,5,606
50,6,1860
50,7,319
50,8,194
50,9,597
50,10,420
50,11,1073
50,12,1556
50,13,1241
50,14,1637
50,15,1071
50,16,134
50,17,286
50,18,129
50,19,287
50,20,1094
50,21,1020
50,22,1032
50,23,715
50,24,85
50,25,532
50,26,225
50,27,1354
50,28,554
50,29,446
50,30,1113
50,31,1646
50,32,1804
50,33,1725
50,34,202
50,35,1948
50,36,260
50,37,1218
50,38,501
50,39,430
50,40,9
50,41,1954
50,42,1658
50,43,1318
50,44,761
50,45,873
50,46,1121
50,47,1425
50,48,1934
50,49,962
50,50,1626
50,51,1495
50,52,574
50,53,1780
50,54,949
50,55,1384
50,56,863
50,57,1715
50,58,1588
50,59,159
50,60,1614
50,61,1357
50,62,526
50,63,744
50,64,1925
50,65,249
50,66,1160
50,67,734
50,68,407
50,69,1123
50,70,1916
50,71,1495
50,72,1793
50,73,1221
50,74,201
50,75,447
50,76,449
50,77,907
50,78,769
50,79,955
50,80,261
50,81,1523
50,82,1137
50,83,1117
50,84,1774
50,85,1477
50,86,1637
50,87,1096
50,88,1864
50,89,1398
50,90,239
50,91,1771
50,92,1622
50,93,1115
50,94,323
50,95,907
50,96,62
50,97,27
50,98,1447
50,99,1009
50,100,163
50,101,1922
50,102,1108
50,103,311
50,104,214
50,105,1827
50,106,789
50,107,1732
50,108,444
50,109,1029
50,110,1688
50,111,580
50,112,1927
50,113,727
50,114,1940
50,115,1456
50,116,1414
50,117,188
50,118,93
50,119,455
50,120,357
50,121,818
50,122,317
50,123,1228
50,124,275
50,125,810
50,126,1137
50,127,1432
50,128,358
50,129,1284
50,130,1175
50,131,1242
50,132,693
50,133,1764
50,134,821
50,135,1405
50,136,544
50,137,1102
50,138,164
50,139,1553
50,140,20
50,141,1046
50,142,1421
50,143,1844
50,144,635
50,145,1079
50,146,432
50,147,1483
50,148,818
50,149,1445
50,150,999
50,151,1269
50,152,1761
50,153,1907
50,154,1284
50,155,1214
50,156,1424
50,157,1217
50,158,1741
50,159,326
50,160,1859
50,161,561
50,162,1564
50,163,886
50,164,1746
50,165,1615
50,166,1388
50,167,997
50,168,471
50,169,1772
50,170,1622
50,171,1209
50,172,1261
50,173,1492
50,174,1256
50,175,1679
50,176,223
50,177,147
50,178,248
50,179,1002
50,180,1745
50,181,828
50,182,94
50,183,1225
50,184,822
50,185,1698
50,186,88
50,187,464
50,188,1572
50,189,1289
50,190,618
50,191,358
50,192,1520
50,193,1256
50,194,1598
50,195,1577
50,196,527
50,197,1596
50,198,640
50,199,563
50,200,848
75,1,365
75,2,669
75,3,766
75,4,98
75,5,912
75,6,973
75,7,7
75,8,1678
75,9,54
75,10,1840
75,11,73
75,12,1847
75,13,396
75,14,783
75,15,862
75,16,1594
75,17,1720
75,18,1788
75,19,1391
75,20,1047
75,21,1915
75,22,612
75,23,1386
75,24,455
75,25,295
75,26,1437
75,27,1857
75,28,1301
75,29,1440
75,30,1153
75,31,351
75,32,1527
75,33,1444
75,34,421
75,35,1139
75,36,691
75,37,9
75,38,1892
75,39,1807
75,40,885
75,41,722
75,42,1841
75,43,1410
75,44,537
75,45,1458
75,46,358
75,47,70
75,48,1413
75,49,922
75,50,1498
75,51,654
75,52,787
75,53,1543
75,54,1170
75,55,1667
75,56,1749
75,57,818
75,58,1611
75,59,1452
75,60,1871
75,61,318
75,62,675
75,63,964
75,64,990
75,65,1296
75,66,255
75,67,213
75,68,1918
75,69,1366
75,70,1501
75,71,1571
75,72,792
75,73,148
75,74,604
75,75,1544
75,76,1484
75,77,46
75,78,1007
75,79,1160
75,80,1741
75,81,479
75,82,146
75,83,1927
75,84,1004
75,85,214
75,86,898
75,87,870
75,88,1055
75,89,269
75,90,110
75,91,1293
75,92,545
75,93,972
75,94,787
75,95,985
75,96,683
75,97,1369
75,98,723
75,99,769
75,100,916
75,101,1081
75,102,201
75,103,1888
75,104,991
75,105,1392
75,106,1870
75,107,115
75,108,1716
75,109,1487
75,110,982
75,111,1122
75,112,687
75,113,1527
75,114,181
75,115,1907
75,116,879
75,117,992
75,118,290
75,119,1781
75,120,1270
75,121,1183
75,122,1017
75,123,372
75,124,1112
75,125,1411
75,126,1547
75,127,536
75,128,318
75,129,1717
75,130,775
75,131,1488
75,132,1182
75,133,666
75,134,1734
75,135,581
75,136,621
75,137,1546
75,138,619
75,139,1332
75,140,45
75,141,1197
75,142,1631
75,143,857
75,144,1501
75,145,1137
75,146,1283
75,147,848
75,148,1703
75,149,143
75,150,471
75,151,1928
75,152,1175
75,153,721
75,154,657
75,155,1209
75,156,1590
75,157,659
75,158,955
75,159,24
75,160,380
75,161,804
75,162,14
75,163,789
75,164,1152
75,165,542
75,166,405
75,167,704
75,168,181
75,169,789
75,170,930
75,171,1678
75,172,1432
75,173,1830
75,174,1461
75,175,1686
75,176,541
75,177,1634
75,178,966
75,179,1256
75,180,1923
75,181,1823
75,182,250
75,183,136
75,184,1418
75,185,998
75,186,295
75,187,1427
75,188,1916
75,189,1745
75,190,1762
75,191,269
75,192,349
75,193,657
75,194,287
75,195,939
75,196,235
75,197,828
75,198,771
75,199,1545
75,200,1111
100,1,387
100,2,759
100,3,1793
100,4,58
100,5,428
100,6,394
100,7,170
100,8,7
100,9,1511
100,10,1395
100,11,344
100,12,1263
100,13,757
100,14,1416
100,15,1512
100,16,1277
100,17,1800
100,18,76
100,19,1602
100,20,721
100,21,234
100,22,285
100,23,1723
100,24,498
100,25,817
100,26,806
100,27,1065
100,28,1446
100,29,815
100,30,128
100,31,989
100,32,1625
100,33,442
100,34,1897
100,35,711
100,36,710
100,37,1497
100,38,348
100,39,662
100,40,146
100,41,12
100,42,930
100,43,456
100,44,1385
100,45,760
100,46,496
100,47,898
100,48,1168
100,49,425
100,50,406
100,51,1035
100,52,1728
100,53,709
100,54,1493
100,55,574
100,56,206
100,57,861
100,58,252
100,59,935
100,60,1510
100,61,220
100,62,934
100,63,480
100,64,850
100,65,746
100,66,1452
100,67,1684
100,68,499
100,69,1116
100,70,181
100,71,197
100,72,1688
100,73,124
100,74,1561
100,75,1896
100,76,531
100,77,1694
100,78,305
100,79,734
100,80,375
100,81,1793
100,82,129
100,83,1152
100,84,358
100,85,788
100,86,149
100,87,1048
100,88,260
100,89,1773
100,90,1619
100,91,1257
100,92,573
100,93,1518
100,94,139
100,95,1480
100,96,1117
100,97,961
100,98,1572
100,99,384
100,100,268
100,101,1905
100,102,1791
100,103,1110
100,104,604
100,105,1690
100,106,1339
100,107,1226
100,108,1046
100,109,1234
100,110,990
100,111,497
100,112,1501
100,113,712
100,114,1351
100,115,595
100,116,1114
100,117,1261
100,118,1599
100,119,357
100,120,1740
100,121,981
100,122,1128
100,123,1639
100,124,650
100,125,636
100,126,635
100,127,1288
100,128,348
100,129,882
100,130,978
100,131,1277
100,132,26
100,133,783
100,134,1668
100,135,1309
100,136,1425
100,137,331
100,138,1064
100,139,1900
100,140,1564
100,141,1446
100,142,1628
100,143,90
100,144,1631
100,145,255
100,146,323
100,147,1363
100,148,1158
100,149,702
100,150,661
100,151,840
100,152,1616
100,153,1051
100,154,1478
100,155,154
100,156,36
100,157,1035
100,158,844
100,159,42
100,160,224
100,161,1480
100,162,1832
100,163,1839
100,164,1288
100,165,700
100,166,1537
100,167,1879
100,168,1557
100,169,1462
100,170,345
100,171,823
100,172,982
100,173,1119
100,174,101
100,175,832
100,176,1406
100,177,960
100,178,139
100,179,1584
100,180,1216
100,181,1159
100,182,299
100,183,540
100,184,85
100,185,203
100,186,1140
100,187,257
100,188,1257
100,189,1387
100,190,636
100,191,559
100,192,1346
100,193,534
100,194,1624
100,195,1211
100,196,998
100,197,1484
100,198,765
100,199,317
100,200,473
125,1,649
125,2,1752
125,3,429
125,4,1185
125,5,1699
125,6,773
125,7,1191
125,8,1521
125,9,254
125,10,290
125,11,441
125,12,1684
125,13,660
125,14,1659
125,15,527
125,16,1398
125,17,1295
125,18,1865
125,19,1000
125,20,1231
125,21,690
125,22,18
125,23,843
125,24,393
125,25,965
125,26,1831
125,27,1590
125,28,1129
125,29,1481
125,30,204
125,31,931
125,32,542
125,33,889
125,34,1183
125,35,1437
125,36,1594
125,37,803
125,38,1748
125,39,229
125,40,1140
125,41,1392
125,42,195
125,43,1839
125,44,1074
125,45,696
125,46,789
125,47,1457
125,48,670
125,49,590
125,50,1311
125,51,1831
125,52,1519
125,53,784
125,54,395
125,55,1153
125,56,1366
125,57,1230
125,58,60
125,59,1764
125,60,396
125,61,928
125,62,424
125,63,1310
125,64,206
125,65,1363
125,66,1586
125,67,1869
125,68,1345
125,69,233
125,70,151
125,71,780
125,72,215
125,73,61
125,74,172
125,75,788
125,76,1566
125,77,981
125,78,328
125,79,1352
125,80,1076
125,81,931
125,82,1746
125,83,1392
125,84,343
125,85,993
125,86,1100
125,87,1277
125,88,1278
125,89,1717
125,90,1664
125,91,1362
125,92,1723
125,93,123
125,94,1180
125,95,984
125,96,498
125,97,485
125,98,689
125,99,870
125,100,164
125,101,1425
125,102,253
125,103,1851
125,104,1427
125,105,626
125,106,1502
125,107,5
125,108,1663
125,109,1124
125,110,336
125,111,328
125,112,745
125,113,1610
125,114,1664
125,115,1566
125,116,1097
125,117,1350
125,118,102
125,119,1468
125,120,739
125,121,1541
125,122,1126
125,123,1501
125,124,982
125,125,1803
125,126,56
125,127,162
125,128,1486
125,129,376
125,130,1166
125,131,1420
125,132,1306
125,133,84
125,134,1232
125,135,1678
125,136,793
125,137,1573
125,138,58
125,139,385
125,140,960
125,141,1070
125,142,714
125,143,1164
125,144,1807
125,145,345
125,146,1124
125,147,1152
125,148,461
125,149,1760
125,150,1096
125,151,1101
125,152,1829
125,153,514
125,154,933
125,155,892
125,156,272
125,157,901
125,158,1690
125,159,931
125,160,1380
125,161,1664
125,162,545
125,163,1552
125,164,1211
125,165,1493
125,166,1050
125,167,1230
125,168,546
125,169,829
125,170,1271
125,171,610
125,172,135
125,173,1089
125,174,1186
125,175,424
125,176,1805
125,177,1086
125,178,1651
125,179,49
125,180,1060
125,181,1794
125,182,1625
125,183,371
125,184,1637
125,185,80
125,186,1089
125,187,356
125,188,1291
125,189,440
125,190,847
125,191,1340
125,192,580
125,193,1108
125,194,33
125,195,502
125,196,184
125,197,1097
125,198,1868
125,199,773
125,200,183
150,1,947
150,2,1540
150,3,1245
150,4,1148
150,5,1729
150,6,386
150,7,1174
150,8,92
150,9,1112
150,10,242
150,11,1840
150,12,1074
150,13,1640
150,14,242
150,15,18
150,16,1416
150,17,595
150,18,1140
150,19,1177
150,20,1656
150,21,503
150,22,111
150,23,428
150,24,1133
150,25,257
150,26,1556
150,27,892
150,28,1459
150,29,28
150,30,1322
150,31,715
150,32,926
150,33,1748
150,34,176
150,35,515
150,36,1129
150,37,810
150,38,631
150,39,807
150,40,1217
150,41,300
150,42,689
150,43,1167
150,44,274
150,45,692
150,46,1725
150,47,181
150,48,1107
150,49,385
150,50,461
150,51,220
150,52,1014
150,53,1760
150,54,1104
150,55,1360
150,56,129
150,57,87
150,58,1227
150,59,1127
150,60,1158
150,61,1117
150,62,1061
150,63,122
150,64,1701
150,65,1778
150,66,1078
150,67,1837
150,68,1298
150,69,112
150,70,1000
150,71,764
150,72,944
150,73,1381
150,74,1439
150,75,761
150,76,1589
150,77,1184
150,78,743
150,79,784
150,80,466
150,81,629
150,82,1539
150,83,1730
150,84,551
150,85,1554
150,86,608
150,87,720
150,88,1123
150,89,606
150,90,1245
150,91,1247
150,92,511
150,93,1765
150,94,128
150,95,1798
150,96,1492
150,97,1706
150,98,268
150,99,1210
150,100,960
150,101,1252
150,102,958
150,103,1842
150,104,1048
150,105,73
150,106,1558
150,107,118
150,108,102
150,109,1196
150,110,1814
150,111,569
150,112,147
150,113,918
150,114,544
150,115,899
150,116,359
150,117,1598
150,118,1519
150,119,356
150,120,1846
150,121,1043
150,122,1366
150,123,876
150,124,522
150,125,1536
150,126,1612
150,127,1718
150,128,1272
150,129,20
150,130,495
150,131,97
150,132,1838
150,133,1301
150,134,720
150,135,1423
150,136,1558
150,137,35
150,138,1351
150,139,472
150,140,483
150,141,1766
150,142,1623
150,143,734
150,144,413
150,145,1774
150,146,240
150,147,1006
150,148,285
150,149,828
150,150,532
150,151,1707
150,152,1358
150,153,982
150,154,1090
150,155,725
150,156,551
150,157,406
150,158,459
150,159,201
150,160,238
150,161,58
150,162,564
150,163,737
150,164,561
150,165,1391
150,166,191
150,167,508
150,168,1082
150,169,1313
150,170,946
150,171,561
150,172,1245
150,173,643
150,174,871
150,175,113
150,176,1614
150,177,723
150,178,943
150,179,1236
150,180,997
150,181,1410
150,182,1163
150,183,14
150,184,597
150,185,354
150,186,1094
150,187,1458
150,188,1216
150,189,719
150,190,571
150,191,1451
150,192,1823
150,193,1059
150,194,383
150,195,111
150,196,1730
150,197,412
150,198,150
150,199,779
150,200,1831
175,1,701
175,2,979
175,3,349
175,4,1609
175,5,1807
175,6,186
175,7,724
175,8,734
175,9,934
175,10,133
175,11,837
175,12,1157
175,13,1009
175,14,1407
175,15,854
175,16,146
175,17,79
175,18,1478
175,19,784
175,20,795
175,21,1378
175,22,710
175,23,1721
175,24,53
175,25,579
175,26,46
175,27,272
175,28,1346
175,29,1802
175,30,937
175,31,435
175,32,1726
175,33,998
175,34,846
175,35,818
175,36,270
175,37,366
175,38,1765
175,39,1071
175,40,869
175,41,1742
175,42,953
175,43,443
175,44,1416
175,45,19
175,46,23
175,47,411
175,48,782
175,49,1531
175,50,709
175,51,1364
175,52,1139
175,53,443
175,54,1169
175,55,499
175,56,549
175,57,272
175,58,158
175,59,1154
175,60,1218
175,61,633
175,62,1195
175,63,605
175,64,783
175,65,74
175,66,19
175,67,1092
175,68,960
175,69,1715
175,70,1689
175,71,697
175,72,1582
175,73,628
175,74,577
175,75,509
175,76,394
175,77,897
175,78,1157
175,79,1654
175,80,1813
175,81,782
175,82,864
175,83,425
175,84,708
175,85,1610
175,86,1348
175,87,1565
175,88,231
175,89,1199
175,90,373
175,91,1623
175,92,575
175,93,1783
175,94,1240
175,95,956
175,96,315
175,97,472
175,98,1483
175,99,599
175,100,612
175,101,1177
175,102,1085
175,103,994
175,104,1299
175,105,929
175,106,678
175,107,916
175,108,59
175,109,292
175,110,571
175,111,250
175,112,611
175,113,925
175,114,1463
175,115,1439
175,116,415
175,117,911
175,118,740
175,119,716
175,120,1722
175,121,417
175,122,589
175,123,37
175,124,732
175,125,45
175,126,1247
175,127,1207
175,128,190
175,129,607
175,130,276
175,131,896
175,132,794
175,133,283
175,134,903
175,135,1342
175,136,1618
175,137,1286
175,138,1588
175,139,1093
175,140,381
175,141,1772
175,142,601
175,143,1306
175,144,258
175,145,1110
175,146,1447
175,147,812
175,148,1742
175,149,961
175,150,111
175,151,1598
175,152,730
175,153,544
175,154,542
175,155,1021
175,156,626
175,157,56
175,158,1577
175,159,84
175,160,915
175,161,1562
175,162,1009
175,163,1518
175,164,1139
175,165,1202
175,166,1138
175,167,511
175,168,951
175,169,661
175,170,249
175,171,1825
175,172,1713
175,173,1452
175,174,1493
175,175,664
175,176,919
175,177,1374
175,178,1167
175,179,351
175,180,821
175,181,826
175,182,1695
175,183,1340
175,184,286
175,185,1344
175,186,1152
175,187,1234
175,188,463
175,189,886
175,190,378
175,191,1327
175,192,1242
175,193,108
175,194,1118
175,195,1395
175,196,327
175,197,1134
175,198,431
175,199,606
175,200,905
200,1,493
200,2,1226
200,3,1686
200,4,5
200,5,260
200,6,1800
200,7,1676
200,8,157
200,9,947
200,10,221
200,11,973
200,12,663
200,13,793
200,14,315
200,15,1118
200,16,1611
200,17,1319
200,18,1710
200,19,305
200,20,362
200,21,1660
200,22,937
200,23,551
200,24,1288
200,25,1726
200,26,1667
200,27,1608
200,28,1790
200,29,134
200,30,1774
200,31,1083
200,32,10
200,33,1083
200,34,271
200,35,611
200,36,581
200,37,1050
200,38,1315
200,39,1116
200,40,1182
200,41,192
200,42,1274
200,43,711
200,44,1070
200,45,1685
200,46,1086
200,47,272
200,48,220
200,49,824
200,50,152
200,51,453
200,52,616
200,53,1725
200,54,961
200,55,940
200,56,596
200,57,1059
200,58,481
200,59,345
200,60,1038
200,61,5
200,62,939
200,63,1468
200,64,1585
200,65,988
200,66,761
200,67,323
200,68,478
200,69,1162
200,70,1651
200,71,1598
200,72,1756
200,73,994
200,74,267
200,75,842
200,76,1405
200,77,913
200,78,1170
200,79,642
200,80,1296
200,81,1610
200,82,1106
200,83,250
200,84,509
200,85,278
200,86,1143
200,87,1447
200,88,952
200,89,288
200,90,1238
200,91,976
200,92,1595
200,93,799
200,94,534
200,95,1017
200,96,1479
200,97,1509
200,98,641
200,99,431
200,100,1152
200,101,1385
200,102,1229
200,103,1232
200,104,258
200,105,243
200,106,99
200,107,430
200,108,681
200,109,1460
200,110,338
200,111,1753
200,112,1766
200,113,1535
200,114,754
200,115,477
200,116,287
200,117,420
200,118,34
200,119,1013
200,120,287
200,121,1414
200,122,1617
200,123,1693
200,124,1312
200,125,1282
200,126,155
200,127,805
200,128,447
200,129,1021
200,130,1506
200,131,186
200,132,1001
200,133,966
200,134,1180
200,135,1613
200,136,435
200,137,939
200,138,801
200,139,343
200,140,933
200,141,1396
200,142,1752
200,143,1234
200,144,811
200,145,1274
200,146,236
200,147,1401
200,148,236
200,149,1645
200,150,663
200,151,837
200,152,704
200,153,1593
200,154,140
200,155,751
200,156,1741
200,157,1085
200,158,601
200,159,1698
200,160,216
200,161,987
200,162,76
200,163,324
200,164,1594
200,165,452
200,166,382
200,167,476
200,168,1216
200,169,1649
200,170,196
200,171,182
200,172,1581
200,173,880
200,174,533
200,175,170
200,176,1081
200,177,526
200,178,336
200,179,874
200,180,1021
200,181,1122
200,182,442
200,183,1649
200,184,1410
200,185,1694
200,186,1036
200,187,913
200,188,1609
200,189,377
200,190,1174
200,191,968
200,192,174
200,193,1585
200,194,1255
200,195,643
200,196,1296
200,197,37
200,198,1121
200,199,449
200,200,518
225,1,227
225,2,207
225,3,554
225,4,1728
225,5,1476
225,6,1505
225,7,1469
225,8,203
225,9,88
225,10,506
225,11,716
225,12,840
225,13,85
225,14,893
225,15,1301
225,16,1279
225,17,1388
225,18,1649
225,19,327
225,20,249
225,21,1756
225,22,1297
225,23,1686
225,24,499
225,25,282
225,26,643
225,27,1200
225,28,863
225,29,334
225,30,1273
225,31,912
225,32,827
225,33,1090
225,34,61
225,35,217
225,36,1495
225,37,1658
225,38,487
225,39,1039
225,40,590
225,41,696
225,42,811
225,43,177
225,44,505
225,45,1723
225,46,1180
225,47,705
225,48,306
225,49,1075
225,50,1359
225,51,293
225,52,323
225,53,89
225,54,1773
225,55,1076
225,56,32
225,57,1098
225,58,117
225,59,682
225,60,1479
225,61,725
225,62,422
225,63,1238
225,64,204
225,65,1714
225,66,998
225,67,48
225,68,720
225,69,1063
225,70,1008
225,71,1552
225,72,460
225,73,454
225,74,1657
225,75,1550
225,76,1465
225,77,1451
225,78,440
225,79,348
225,80,1131
225,81,534
225,82,1641
225,83,1521
225,84,513
225,85,1759
225,86,660
225,87,888
225,88,1535
225,89,630
225,90,1530
225,91,807
225,92,496
225,93,1556
225,94,958
225,95,45
225,96,1465
225,97,622
225,98,951
225,99,1757
225,100,263
225,101,1183
225,102,1202
225,103,350
225,104,731
225,105,1024
225,106,334
225,107,700
225,108,969
225,109,1585
225,110,92
225,111,1434
225,112,366
225,113,755
225,114,965
225,115,1169
225,116,711
225,117,201
225,118,849
225,119,717
225,120,1407
225,121,1140
225,122,642
225,123,1654
225,124,66
225,125,995
225,126,847
225,127,1773
225,128,173
225,129,1226
225,130,1182
225,131,1243
225,132,891
225,133,126
225,134,1152
225,135,717
225,136,832
225,137,1100
225,138,1158
225,139,1286
225,140,739
225,141,795
225,142,766
225,143,1031
225,144,1298
225,145,1151
225,146,1045
225,147,782
225,148,1332
225,149,247
225,150,1459
225,151,378
225,152,954
225,153,1699
225,154,772
225,155,694
225,156,1380
225,157,899
225,158,1569
225,159,1177
225,160,825
225,161,1597
225,162,527
225,163,1653
225,164,391
225,165,1370
225,166,1490
225,167,1116
225,168,1173
225,169,229
225,170,1560
225,171,1597
225,172,547
225,173,940
225,174,165
225,175,633
225,176,776
225,177,834
225,178,781
225,179,1695
225,180,1177
225,181,910
225,182,467
225,183,576
225,184,1257
225,185,1482
225,186,66
225,187,1648
225,188,188
225,189,1457
225,190,1149
225,191,176
225,192,1237
225,193,1484
225,194,86
225,195,66
225,196,530
225,197,1472
225,198,1537
225,199,363
225,200,1741
250,1,572
250,2,720
250,3,1355
250,4,177
250,5,204
250,6,135
250,7,698
250,8,1125
250,9,1543
250,10,961
250,11,1010
250,12,816
250,13,938
250,14,1323
250,15,935
250,16,581
250,17,1570
250,18,490
250,19,628
250,20,1446
250,21,1735
250,22,1438
250,23,721
250,24,818
250,25,1549
250,26,1310
250,27,664
250,28,914
250,29,557
250,30,710
250,31,316
250,32,1100
250,33,1243
250,34,653
250,35,1498
250,36,336
250,37,1544
250,38,1489
250,39,1739
250,40,977
250,41,1555
250,42,140
250,43,1171
250,44,1014
250,45,336
250,46,880
250,47,1730
250,48,1552
250,49,695
250,50,772
250,51,958
250,52,356
250,53,1011
250,54,1421
250,55,1707
250,56,979
250,57,1694
250,58,154
250,59,1151
250,60,664
250,61,458
250,62,917
250,63,90
250,64,363
250,65,32
250,66,1206
250,67,750
250,68,1389
250,69,151
250,70,3
250,71,126
250,72,1006
250,73,1338
250,74,1270
250,75,1641
250,76,199
250,77,981
250,78,110
250,79,617
250,80,169
250,81,1502
250,82,1175
250,83,1376
250,84,1713
250,85,1654
250,86,61
250,87,918
250,88,356
250,89,619
250,90,848
250,91,1630
250,92,1702
250,93,79
250,94,1006
250,95,310
250,96,1650
250,97,733
250,98,1732
250,99,278
250,100,1661
250,101,99
250,102,138
250,103,243
250,104,30
250,105,83
250,106,214
250,107,639
250,108,647
250,109,832
250,110,889
250,111,1437
250,112,679
250,113,329
250,114,174
250,115,931
250,116,431
250,117,1230
250,118,1394
250,119,827
250,120,1679
250,121,849
250,122,1312
250,123,86
250,124,830
250,125,1043
250,126,1169
250,127,608
250,128,1688
250,129,482
250,130,864
250,131,1188
250,132,1433
250,133,458
250,134,1148
250,135,651
250,136,79
250,137,749
250,138,415
250,139,965
250,140,1258
250,141,276
250,142,992
250,143,28
250,144,1543
250,145,374
250,146,623
250,147,649
250,148,1285
250,149,1259
250,150,92
250,151,801
250,152,1347
250,153,465
250,154,862
250,155,1197
250,156,262
250,157,876
250,158,696
250,159,1740
250,160,278
250,161,814
250,162,635
250,163,1094
250,164,1517
250,165,305
250,166,814
250,167,72
250,168,1498
250,169,1603
250,170,1081
250,171,181
250,172,1754
250,173,1355
250,174,612
250,175,2
250,176,1231
250,177,875
250,178,1319
250,179,861
250,180,879
250,181,745
250,182,98
250,183,454
250,184,133
250,185,362
250,186,1438
250,187,1639
250,188,1480
250,189,254
250,190,1674
250,191,840
250,192,334
250,193,937
250,194,694
250,195,707
250,196,879
250,197,1545
250,198,968
250,199,1501
250,200,361
275,1,608
275,2,1720
275,3,567
275,4,988
275,5,373
275,6,364
275,7,1352
275,8,748
275,9,1481
275,10,1527
275,11,145
275,12,151
275,13,898
275,14,1217
275,15,1593
275,16,783
275,17,1480
275,18,1433
275,19,1051
275,20,1720
275,21,31
275,22,1661
275,23,1537
275,24,96
275,25,1410
275,26,544
275,27,1299
275,28,1607
275,29,1205
275,30,146
275,31,641
275,32,24
275,33,639
275,34,1289
275,35,1210
275,36,391
275,37,1701
275,38,1209
275,39,56
275,40,142
275,41,89
275,42,1532
275,43,645
275,44,30
275,45,790
275,46,1672
275,47,633
275,48,1444
275,49,1278
275,50,1224
275,51,1530
275,52,1012
275,53,916
275,54,1453
275,55,1189
275,56,752
275,57,81
275,58,1366
275,59,1355
275,60,1699
275,61,433
275,62,237
275,63,1668
275,64,439
275,65,1050
275,66,1719
275,67,728
275,68,1554
275,69,92
275,70,369
275,71,1075
275,72,1562
275,73,1668
275,74,1072
275,75,237
275,76,233
275,77,1599
275,78,271
275,79,1432
275,80,598
275,81,829
275,82,1026
275,83,959
275,84,1465
275,85,1588
275,86,988
275,87,404
275,88,76
275,89,514
275,90,334
275,91,1505
275,92,420
275,93,512
275,94,518
275,95,300
275,96,1293
275,97,1469
275,98,117
275,99,1480
275,100,1724
275,101,96
275,102,1040
275,103,333
275,104,1565
275,105,1642
275,106,670
275,107,1605
275,108,857
275,109,390
275,110,19
275,111,1606
275,112,1448
275,113,471
275,114,252
275,115,650
275,116,1535
275,117,811
275,118,413
275,119,1659
275,120,202
275,121,1183
275,122,1631
275,123,639
275,124,1178
275,125,1570
275,126,546
275,127,1609
275,128,881
275,129,1016
275,130,402
275,131,939
275,132,788
275,133,786
275,134,1015
275,135,1378
275,136,561
275,137,1053
275,138,1128
275,139,1220
275,140,64
275,141,351
275,142,310
275,143,817
275,144,703
275,145,691
275,146,432
275,147,433
275,148,432
275,149,377
275,150,182
275,151,664
275,152,1114
275,153,1096
275,154,573
275,155,1362
275,156,24
275,157,85
275,158,523
275,159,1694
275,160,1662
275,161,700
275,162,634
275,163,303
275,164,1718
275,165,1449
275,166,307
275,167,1272
275,168,1289
275,169,1429
275,170,1532
275,171,785
275,172,809
275,173,1366
275,174,237
275,175,626
275,176,1415
275,177,610
275,178,1242
275,179,12
275,180,1701
275,181,98
275,182,1282
275,183,665
275,184,623
275,185,1540
275,186,1550
275,187,374
275,188,240
275,189,1204
275,190,728
275,191,1088
275,192,1489
275,193,1295
275,194,680
275,195,1588
275,196,492
275,197,388
275,198,1287
275,199,1137
275,200,304
300,1,954
300,2,127
300,3,1674
300,4,1563
300,5,1014
300,6,349
300,7,1461
300,8,1201
300,9,1234
300,10,520
300,11,627
300,12,1476
300,13,1514
300,14,999
300,15,1198
300,16,1113
300,17,262
300,18,1606
300,19,946
300,20,1099
300,21,408
300,22,606
300,23,440
300,24,1038
300,25,1168
300,26,1463
300,27,1244
300,28,310
300,29,1298
300,30,1062
300,31,211
300,32,987
300,33,793
300,34,1520
300,35,1668
300,36,71
300,37,1600
300,38,891
300,39,973
300,40,1650
300,41,69
300,42,931
300,43,1185
300,44,674
300,45,1384
300,46,1037
300,47,462
300,48,368
300,49,299
300,50,625
300,51,154
300,52,554
300,53,1085
300,54,1424
300,55,1292
300,56,531
300,57,1086
300,58,477
300,59,890
300,60,676
300,61,934
300,62,18
300,63,1353
300,64,1599
300,65,952
300,66,1
300,67,1432
300,68,658
300,69,880
300,70,1311
300,71,722
300,72,1309
300,73,1114
300,74,396
300,75,1513
300,76,572
300,77,538
300,78,1167
300,79,981
300,80,883
300,81,1163
300,82,870
300,83,1109
300,84,133
300,85,1455
300,86,1238
300,87,884
300,88,352
300,89,393
300,90,1041
300,91,1044
300,92,516
300,93,1002
300,94,1439
300,95,719
300,96,698
300,97,952
300,98,385
300,99,311
300,100,1168
300,101,227
300,102,1055
300,103,1123
300,104,1265
300,105,1018
300,106,1210
300,107,642
300,108,1265
300,109,998
300,110,146
300,111,347
300,112,1103
300,113,610
300,114,670
300,115,1515
300,116,1316
300,117,671
300,118,1398
300,119,360
300,120,421
300,121,1025
300,122,1038
300,123,691
300,124,327
300,125,1040
300,126,1392
300,127,382
300,128,1407
300,129,522
300,130,1140
300,131,374
300,132,817
300,133,1306
300,134,538
300,135,1207
300,136,605
300,137,125
300,138,555
300,139,110
300,140,258
300,141,1071
300,142,1283
300,143,449
300,144,1040
300,145,1641
300,146,953
300,147,1189
300,148,404
300,149,703
300,150,783
300,151,645
300,152,1091
300,153,1169
300,154,1539
300,155,1686
300,156,1068
300,157,1613
300,158,419
300,159,808
300,160,677
300,161,1114
300,162,48
300,163,837
300,164,1229
300,165,192
300,166,564
300,167,1604
300,168,1065
300,169,1366
300,170,1678
300,171,1610
300,172,1048
300,173,949
300,174,477
300,175,818
300,176,921
300,177,112
300,178,283
300,179,683
300,180,1599
300,181,489
300,182,1104
300,183,1145
300,184,376
300,185,1021
300,186,1701
300,187,1297
300,188,1649
300,189,1469
300,190,437
300,191,1293
300,192,1421
300,193,468
300,194,143
300,195,1621
300,196,608
300,197,934
300,198,1381
300,199,602
300,200,1651
325,1,1620
325,2,715
325,3,1299
325,4,1224
325,5,1277
325,6,1020
325,7,893
325,8,541
325,9,689
325,10,545
325,11,1671
325,12,530
325,13,1676
325,14,81
325,15,1591
325,16,207
325,17,475
325,18,131
325,19,1494
325,20,1497
325,21,857
325,22,972
325,23,903
325,24,201
325,25,584
325,26,1133
325,27,370
325,28,318
325,29,1350
325,30,770
325,31,515
325,32,479
325,33,97
325,34,1477
325,35,22
325,36,1162
325,37,1493
325,38,525
325,39,964
325,40,597
325,41,707
325,42,17
325,43,1125
325,44,348
325,45,613
325,46,1417
325,47,1459
325,48,1395
325,49,1227
325,50,346
325,51,1500
325,52,1619
325,53,747
325,54,1666
325,55,912
325,56,1617
325,57,226
325,58,1586
325,59,1633
325,60,1594
325,61,648
325,62,1538
325,63,274
325,64,569
325,65,1088
325,66,51
325,67,894
325,68,187
325,69,716
325,70,1171
325,71,1428
325,72,795
325,73,572
325,74,1062
325,75,642
325,76,1011
325,77,1070
325,78,1291
325,79,695
325,80,1404
325,81,1471
325,82,74
325,83,1624
325,84,880
325,85,1227
325,86,986
325,87,369
325,88,1036
325,89,732
325,90,1613
325,91,1253
325,92,1015
325,93,192
325,94,1592
325,95,64
325,96,571
325,97,497
325,98,1435
325,99,55
325,100,1279
325,101,534
325,102,1427
325,103,413
325,104,739
325,105,763
325,106,276
325,107,8
325,108,741
325,109,665
325,110,990
325,111,303
325,112,822
325,113,422
325,114,236
325,115,277
325,116,860
325,117,530
325,118,1343
325,119,531
325,120,1463
325,121,859
325,122,1447
325,123,1535
325,124,699
325,125,1434
325,126,660
325,127,805
325,128,933
325,129,1208
325,130,661
325,131,971
325,132,1185
325,133,1549
325,134,1622
325,135,1189
325,136,523
325,137,638
325,138,1050
325,139,1245
325,140,1083
325,141,964
325,142,343
325,143,1116
325,144,1182
325,145,6
325,146,599
325,147,720
325,148,1257
325,149,1277
325,150,513
325,151,1017
325,152,388
325,153,413
325,154,561
325,155,1392
325,156,390
325,157,655
325,158,1026
325,159,61
325,160,557
325,161,132
325,162,962
325,163,554
325,164,152
325,165,431
325,166,115
325,167,269
325,168,134
325,169,303
325,170,1337
325,171,746
325,172,904
325,173,1121
325,174,1405
325,175,1082
325,176,416
325,177,1588
325,178,426
325,179,903
325,180,724
325,181,1174
325,182,695
325,183,152
325,184,1479
325,185,751
325,186,1157
325,187,864
325,188,1670
325,189,626
325,190,826
325,191,381
325,192,754
325,193,966
325,194,483
325,195,1147
325,196,749
325,197,1586
325,198,179
325,199,167
325,200,658
350,1,688
350,2,1104
350,3,907
350,4,633
350,5,1611
350,6,42
350,7,268
350,8,969
350,9,304
350,10,1289
350,11,485
350,12,1203
350,13,275
350,14,875
350,15,115
350,16,755
350,17,1288
350,18,1050
350,19,1281
350,20,49
350,21,1145
350,22,913
350,23,464
350,24,779
350,25,1409
350,26,199
350,27,805
350,28,58
350,29,351
350,30,340
350,31,754
350,32,1116
350,33,739
350,34,689
350,35,1186
350,36,1169
350,37,450
350,38,1519
350,39,1325
350,40,555
350,41,611
350,42,1507
350,43,633
350,44,1344
350,45,1454
350,46,682
350,47,745
350,48,119
350,49,607
350,50,303
350,51,1248
350,52,551
350,53,1640
350,54,1408
350,55,63
350,56,1465
350,57,237
350,58,1536
350,59,174
350,60,656
350,61,1365
350,62,555
350,63,1291
350,64,64
350,65,264
350,66,885
350,67,1036
350,68,309
350,69,305
350,70,332
350,71,408
350,72,1328
350,73,183
350,74,188
350,75,104
350,76,394
350,77,1636
350,78,1468
350,79,1619
350,80,404
350,81,1361
350,82,1236
350,83,1414
350,84,884
350,85,1547
350,86,244
350,87,1511
350,88,913
350,89,146
350,90,24
350,91,352
350,92,43
350,93,461
350,94,1048
350,95,298
350,96,1040
350,97,1304
350,98,844
350,99,454
350,100,40
350,101,1306
350,102,592
350,103,447
350,104,206
350,105,469
350,106,1348
350,107,1030
350,108,1097
350,109,1122
350,110,1326
350,111,164
350,112,1353
350,113,608
350,114,474
350,115,847
350,116,1437
350,117,735
350,118,1439
350,119,1384
350,120,1137
350,121,783
350,122,1136
350,123,623
350,124,43
350,125,375
350,126,995
350,127,1469
350,128,1068
350,129,527
350,130,349
350,131,821
350,132,1449
350,133,610
350,134,693
350,135,400
350,136,1504
350,137,1473
350,138,1206
350,139,1386
350,140,1343
350,141,49
350,142,1622
350,143,525
350,144,355
350,145,1522
350,146,77
350,147,1597
350,148,935
350,149,1601
350,150,739
350,151,1592
350,152,1512
350,153,30
350,154,987
350,155,310
350,156,954
350,157,825
350,158,542
350,159,1255
350,160,272
350,161,555
350,162,1136
350,163,637
350,164,1058
350,165,28
350,166,758
350,167,306
350,168,1594
350,169,128
350,170,438
350,171,1346
350,172,856
350,173,1386
350,174,491
350,175,1646
350,176,1322
350,177,1640
350,178,1596
350,179,1259
350,180,1146
350,181,289
350,182,1247
350,183,650
350,184,1091
350,185,323
350,186,809
350,187,1234
350,188,716
350,189,329
350,190,948
350,191,1528
350,192,622
350,193,26
350,194,1421
350,195,627
350,196,658
350,197,1479
350,198,1416
350,199,191
350,200,1206
375,1,971
375,2,1431
375,3,1385
375,4,344
375,5,947
375,6,447
375,7,408
375,8,197
375,9,1061
375,10,564
375,11,980
375,12,1597
375,13,1523
375,14,1626
375,15,545
375,16,324
375,17,836
375,18,1442
375,19,1228
375,20,113
375,21,522
375,22,725
375,23,17
375,24,1009
375,25,486
375,26,58
375,27,592
375,28,1518
375,29,1436
375,30,831
375,31,7
375,32,328
375,33,1006
375,34,1045
375,35,1174
375,36,400
375,37,40
375,38,1227
375,39,315
375,40,1495
375,41,1193
375,42,1383
375,43,787
375,44,650
375,45,847
375,46,15
375,47,1452
375,48,244
375,49,663
375,50,103
375,51,436
375,52,1102
375,53,553
375,54,1074
375,55,117
375,56,711
375,57,65
375,58,148
375,59,659
375,60,544
375,61,1102
375,62,1133
375,63,692
375,64,505
375,65,537
375,66,6
375,67,377
375,68,1109
375,69,232
375,70,1093
375,71,1041
375,72,916
375,73,1368
375,74,618
375,75,1085
375,76,787
375,77,535
375,78,542
375,79,545
375,80,1460
375,81,136
375,82,134
375,83,54
375,84,1333
375,85,695
375,86,391
375,87,257
375,88,205
375,89,1457
375,90,184
375,91,123
375,92,77
375,93,946
375,94,665
375,95,1587
375,96,118
375,97,624
375,98,1120
375,99,833
375,100,285
375,101,1409
375,102,609
375,103,517
375,104,1346
375,105,1425
375,106,1378
375,107,654
375,108,415
375,109,1205
375,110,637
375,111,703
375,112,901
375,113,785
375,114,1322
375,115,322
375,116,815
375,117,956
375,118,283
375,119,1321
375,120,1311
375,121,883
375,122,926
375,123,156
375,124,328
375,125,622
375,126,377
375,127,589
375,128,1515
375,129,735
375,130,770
375,131,839
375,132,24
375,133,1342
375,134,154
375,135,1049
375,136,757
375,137,1592
375,138,439
375,139,487
375,140,1171
375,141,190
375,142,1551
375,143,1066
375,144,765
375,145,448
375,146,384
375,147,819
375,148,1333
375,149,823
375,150,250
375,151,868
375,152,234
375,153,1003
375,154,1126
375,155,1479
375,156,602
375,157,1015
375,158,1533
375,159,1479
375,160,227
375,161,103
375,162,1619
375,163,498
375,164,164
375,165,49
375,166,128
375,167,1349
375,168,135
375,169,1327
375,170,693
375,171,1519
375,172,1091
375,173,735
375,174,1122
375,175,1623
375,176,418
375,177,669
375,178,318
375,179,1398
375,180,1398
375,181,876
375,182,835
375,183,304
375,184,760
375,185,740
375,186,1329
375,187,320
375,188,1159
375,189,63
375,190,289
375,191,57
375,192,170
375,193,171
375,194,211
375,195,442
375,196,128
375,197,1623
375,198,719
375,199,879
375,200,644
400,1,558
400,2,327
400,3,1116
400,4,1464
400,5,410
400,6,1050
400,7,865
400,8,492
400,9,810
400,10,1100
400,11,1229
400,12,92
400,13,298
400,14,538
400,15,1433
400,16,990
400,17,1286
400,18,873
400,19,1393
400,20,235
400,21,1012
400,22,1236
400,23,459
400,24,708
400,25,1145
400,26,1497
400,27,846
400,28,687
400,29,1195
400,30,1050
400,31,1292
400,32,834
400,33,1501
400,34,1233
400,35,598
400,36,804
400,37,1156
400,38,1026
400,39,131
400,40,1312
400,41,830
400,42,973
400,43,229
400,44,171
400,45,64
400,46,1214
400,47,792
400,48,493
400,49,522
400,50,722
400,51,268
400,52,454
400,53,885
400,54,1151
400,55,253
400,56,788
400,57,102
400,58,124
400,59,1254
400,60,319
400,61,583
400,62,1280
400,63,973
400,64,770
400,65,214
400,66,699
400,67,286
400,68,1267
400,69,27
400,70,114
400,71,421
400,72,176
400,73,681
400,74,118
400,75,370
400,76,1177
400,77,1337
400,78,418
400,79,1413
400,80,749
400,81,1388
400,82,1196
400,83,533
400,84,636
400,85,1339
400,86,43
400,87,300
400,88,754
400,89,1391
400,90,1136
400,91,1595
400,92,1581
400,93,1152
400,94,23
400,95,1410
400,96,623
400,97,151
400,98,422
400,99,1273
400,100,802
400,101,931
400,102,1294
400,103,774
400,104,1501
400,105,1207
400,106,99
400,107,732
400,108,122
400,109,1393
400,110,461
400,111,60
400,112,1583
400,113,1036
400,114,664
400,115,587
400,116,1151
400,117,1256
400,118,1511
400,119,1233
400,120,378
400,121,299
400,122,465
400,123,300
400,124,1601
400,125,962
400,126,864
400,127,1291
400,128,266
400,129,1043
400,130,1309
400,131,192
400,132,1129
400,133,902
400,134,1250
400,135,881
400,136,390
400,137,1372
400,138,275
400,139,275
400,140,226
400,141,1372
400,142,561
400,143,499
400,144,386
400,145,727
400,146,1486
400,147,1514
400,148,266
400,149,1575
400,150,1013
400,151,482
400,152,358
400,153,584
400,154,395
400,155,1277
400,156,1111
400,157,456
400,158,1229
400,159,139
400,160,939
400,161,1215
400,162,326
400,163,1453
400,164,126
400,165,1267
400,166,1492
400,167,1523
400,168,6
400,169,945
400,170,274
400,171,495
400,172,1055
400,173,92
400,174,1603
400,175,970
400,176,470
400,177,985
400,178,1411
400,179,1117
400,180,46
400,181,739
400,182,592
400,183,332
400,184,746
400,185,984
400,186,414
400,187,1263
400,188,1218
400,189,987
400,190,1488
400,191,809
400,192,1143
400,193,28
400,194,270
400,195,900
400,196,550
400,197,300
400,198,87
400,199,153
400,200,365
425,1,172
425,2,1249
425,3,1533
425,4,713
425,5,1049
425,6,455
425,7,492
425,8,875
425,9,837
425,10,767
425,11,664
425,12,1565
425,13,709
425,14,1442
425,15,910
425,16,716
425,17,1257
425,18,1477
425,19,753
425,20,91
425,21,1098
425,22,1104
425,23,166
425,24,1341
425,25,1079
425,26,741
425,27,1265
425,28,60
425,29,380
425,30,629
425,31,637
425,32,504
425,33,1440
425,34,704
425,35,39
425,36,25
425,37,1438
425,38,869
425,39,643
425,40,794
425,41,1342
425,42,8
425,43,1526
425,44,1100
425,45,313
425,46,1336
425,47,1439
425,48,389
425,49,995
425,50,1168
425,51,552
425,52,391
425,53,1128
425,54,610
425,55,1155
425,56,63
425,57,16
425,58,245
425,59,279
425,60,1192
425,61,781
425,62,857
425,63,376
425,64,296
425,65,31
425,66,814
425,67,948
425,68,1418
425,69,551
425,70,37
425,71,632
425,72,992
425,73,1349
425,74,676
425,75,659
425,76,147
425,77,520
425,78,1131
425,79,1284
425,80,1546
425,81,681
425,82,741
425,83,1522
425,84,886
425,85,173
425,86,112
425,87,438
425,88,1014
425,89,615
425,90,109
425,91,203
425,92,1420
425,93,271
425,94,555
425,95,202
425,96,445
425,97,614
425,98,1411
425,99,166
425,100,1247
425,101,141
425,102,1152
425,103,225
425,104,1108
425,105,746
425,106,382
425,107,1295
425,108,859
425,109,915
425,110,1029
425,111,935
425,112,1093
425,113,1379
425,114,635
425,115,299
425,116,1522
425,117,1418
425,118,47
425,119,1497
425,120,1491
425,121,1368
425,122,1379
425,123,508
425,124,1361
425,125,657
425,126,644
425,127,654
425,128,335
425,129,625
425,130,557
425,131,77
425,132,1542
425,133,826
425,134,1159
425,135,952
425,136,415
425,137,848
425,138,1039
425,139,980
425,140,517
425,141,399
425,142,865
425,143,203
425,144,545
425,145,1148
425,146,1027
425,147,302
425,148,976
425,149,1342
425,150,716
425,151,429
425,152,803
425,153,822
425,154,481
425,155,473
425,156,728
425,157,192
425,158,511
425,159,505
425,160,236
425,161,1565
425,162,674
425,163,159
425,164,846
425,165,452
425,166,369
425,167,952
425,168,563
425,169,29
425,170,1242
425,171,302
425,172,748
425,173,473
425,174,1167
425,175,325
425,176,354
425,177,178
425,178,658
425,179,914
425,180,338
425,181,919
425,182,866
425,183,83
425,184,119
425,185,1179
425,186,236
425,187,216
425,188,579
425,189,513
425,190,111
425,191,690
425,192,1144
425,193,580
425,194,1419
425,195,262
425,196,1551
425,197,498
425,198,1352
425,199,726
425,200,592
450,1,273
450,2,770
450,3,922
450,4,1516
450,5,793
450,6,1028
450,7,951
450,8,458
450,9,977
450,10,610
450,11,341
450,12,1143
450,13,194
450,14,52
450,15,183
450,16,185
450,17,1413
450,18,1067
450,19,64
450,20,774
450,21,595
450,22,313
450,23,194
450,24,752
450,25,13
450,26,116
450,27,469
450,28,356
450,29,881
450,30,1283
450,31,1218
450,32,1368
450,33,61
450,34,676
450,35,1481
450,36,1383
450,37,1244
450,38,106
450,39,928
450,40,97
450,41,158
450,42,519
450,43,2
450,44,453
450,45,1050
450,46,1427
450,47,1005
450,48,930
450,49,1396
450,50,183
450,51,518
450,52,962
450,53,709
450,54,464
450,55,1081
450,56,529
450,57,930
450,58,957
450,59,495
450,60,1420
450,61,537
450,62,173
450,63,978
450,64,1430
450,65,1173
450,66,1415
450,67,1540
450,68,238
450,69,114
450,70,105
450,71,1361
450,72,1038
450,73,443
450,74,1233
450,75,329
450,76,1290
450,77,101
450,78,905
450,79,1230
450,80,1191
450,81,622
450,82,712
450,83,803
450,84,976
450,85,688
450,86,804
450,87,1005
450,88,1388
450,89,1107
450,90,1301
450,91,427
450,92,95
450,93,694
450,94,1501
450,95,963
450,96,398
450,97,775
450,98,1406
450,99,881
450,100,563
450,101,279
450,102,1169
450,103,1458
450,104,141
450,105,281
450,106,1489
450,107,916
450,108,896
450,109,1185
450,110,622
450,111,1315
450,112,200
450,113,686
450,114,171
450,115,1027
450,116,1320
450,117,1522
450,118,193
450,119,1014
450,120,386
450,121,482
450,122,656
450,123,1257
450,124,846
450,125,1309
450,126,578
450,127,598
450,128,1350
450,129,864
450,130,337
450,131,207
450,132,882
450,133,567
450,134,939
450,135,1160
450,136,240
450,137,763
450,138,400
450,139,545
450,140,31
450,141,377
450,142,103
450,143,477
450,144,861
450,145,147
450,146,708
450,147,9
450,148,199
450,149,765
450,150,1067
450,151,918
450,152,936
450,153,557
450,154,648
450,155,456
450,156,138
450,157,577
450,158,120
450,159,754
450,160,64
450,161,1209
450,162,947
450,163,692
450,164,662
450,165,446
450,166,369
450,167,294
450,168,1304
450,169,1469
450,170,1192
450,171,534
450,172,943
450,173,258
450,174,771
450,175,508
450,176,887
450,177,900
450,178,794
450,179,834
450,180,1402
450,181,1204
450,182,1496
450,183,513
450,184,314
450,185,1037
450,186,262
450,187,721
450,188,1124
450,189,1410
450,190,136
450,191,302
450,192,608
450,193,207
450,194,382
450,195,530
450,196,211
450,197,278
450,198,282
450,199,357
450,200,1151
475,1,1431
475,2,1087
475,3,936
475,4,43
475,5,410
475,6,655
475,7,424
475,8,1141
475,9,1448
475,10,724
475,11,17
475,12,1263
475,13,768
475,14,722
475,15,1126
475,16,520
475,17,10
475,18,1120
475,19,580
475,20,52
475,21,1434
475,22,496
475,23,103
475,24,1481
475,25,39
475,26,135
475,27,1367
475,28,716
475,29,673
475,30,135
475,31,1081
475,32,169
475,33,339
475,34,746
475,35,1108
475,36,804
475,37,1016
475,38,417
475,39,48
475,40,1159
475,41,1283
475,42,1427
475,43,1440
475,44,468
475,45,1142
475,46,1187
475,47,454
475,48,1231
475,49,1274
475,50,399
475,51,1131
475,52,657
475,53,1268
475,54,995
475,55,711
475,56,206
475,57,1300
475,58,185
475,59,284
475,60,228
475,61,1119
475,62,165
475,63,617
475,64,1413
475,65,980
475,66,1291
475,67,321
475,68,430
475,69,894
475,70,605
475,71,9
475,72,315
475,73,21
475,74,1450
475,75,283
475,76,1416
475,77,241
475,78,102
475,79,431
475,80,452
475,81,1411
475,82,249
475,83,208
475,84,1066
475,85,282
475,86,1171
475,87,157
475,88,154
475,89,902
475,90,1130
475,91,1246
475,92,1522
475,93,274
475,94,200
475,95,1044
475,96,1145
475,97,53
475,98,988
475,99,541
475,100,521
475,101,473
475,102,586
475,103,104
475,104,216
475,105,1450
475,106,1370
475,107,1069
475,108,1000
475,109,553
475,110,142
475,111,732
475,112,819
475,113,1493
475,114,514
475,115,1457
475,116,1290
475,117,399
475,118,1504
475,119,638
475,120,448
475,121,966
475,122,1310
475,123,1107
475,124,923
475,125,21
475,126,919
475,127,390
475,128,1165
475,129,405
475,130,1527
475,131,1252
475,132,625
475,133,720
475,134,1275
475,135,1163
475,136,96
475,137,543
475,138,1000
475,139,1058
475,140,1031
475,141,286
475,142,1197
475,143,677
475,144,381
475,145,1050
475,146,1209
475,147,901
475,148,1292
475,149,1436
475,150,140
475,151,16
475,152,829
475,153,107
475,154,24
475,155,1283
475,156,1069
475,157,545
475,158,44
475,159,608
475,160,1268
475,161,505
475,162,185
475,163,20
475,164,899
475,165,600
475,166,1013
475,167,926
475,168,989
475,169,1332
475,170,711
475,171,688
475,172,297
475,173,224
475,174,976
475,175,858
475,176,1325
475,177,1207
475,178,353
475,179,108
475,180,152
475,181,1011
475,182,767
475,183,738
475,184,595
475,185,881
475,186,583
475,187,1040
475,188,181
475,189,179
475,190,101
475,191,435
475,192,36
475,193,599
475,194,1337
475,195,415
475,196,245
475,197,121
475,198,529
475,199,147
475,200,707
500,1,374
500,2,1234
500,3,1454
500,4,924
500,5,1189
500,6,1366
500,7,596
500,8,866
500,9,596
500,10,295
500,11,1285
500,12,77
500,13,910
500,14,622
500,15,393
500,16,694
500,17,928
500,18,458
500,19,718
500,20,101
500,21,620
500,22,687
500,23,1315
500,24,1302
500,25,1172
500,26,1364
500,27,1072
500,28,678
500,29,319
500,30,365
500,31,550
500,32,987
500,33,568
500,34,1196
500,35,570
500,36,731
500,37,1367
500,38,363
500,39,281
500,40,1249
500,41,794
500,42,1029
500,43,1187
500,44,53
500,45,574
500,46,418
500,47,1104
500,48,366
500,49,13
500,50,226
500,51,357
500,52,1490
500,53,276
500,54,920
500,55,1426
500,56,1036
500,57,667
500,58,416
500,59,115
500,60,1046
500,61,1309
500,62,1250
500,63,1157
500,64,388
500,65,82
500,66,921
500,67,1366
500,68,581
500,69,1136
500,70,176
500,71,1144
500,72,69
500,73,115
500,74,357
500,75,989
500,76,1099
500,77,165
500,78,113
500,79,598
500,80,258
500,81,70
500,82,476
500,83,1417
500,84,348
500,85,1137
500,86,1498
500,87,242
500,88,921
500,89,258
500,90,70
500,91,553
500,92,1371
500,93,1006
500,94,358
500,95,1502
500,96,951
500,97,351
500,98,435
500,99,1296
500,100,1425
500,101,1424
500,102,1233
500,103,888
500,104,203
500,105,905
500,106,113
500,107,917
500,108,1079
500,109,1191
500,110,402
500,111,936
500,112,666
500,113,143
500,114,446
500,115,1033
500,116,1006
500,117,1265
500,118,884
500,119,626
500,120,792
500,121,950
500,122,469
500,123,60
500,124,742
500,125,987
500,126,493
500,127,1165
500,128,1388
500,129,172
500,130,1387
500,131,1337
500,132,920
500,133,275
500,134,1198
500,135,1397
500,136,1
500,137,798
500,138,1077
500,139,198
500,140,1424
500,141,1231
500,142,800
500,143,67
500,144,1239
500,145,1426
500,146,1313
500,147,233
500,148,391
500,149,106
500,150,327
500,151,1277
500,152,902
500,153,402
500,154,948
500,155,1284
500,156,945
500,157,125
500,158,583
500,159,231
500,160,1267
500,161,949
500,162,1155
500,163,177
500,164,1497
500,165,956
500,166,223
500,167,987
500,168,467
500,169,1421
500,170,469
500,171,224
500,172,432
500,173,1268
500,174,1373
500,175,801
500,176,946
500,177,1168
500,178,935
500,179,1002
500,180,144
500,181,217
500,182,309
500,183,532
500,184,348
500,185,795
500,186,1377
500,187,1437
500,188,779
500,189,743
500,190,1379
500,191,253
500,192,653
500,193,1186
500,194,440
500,195,903
500,196,398
500,197,1435
500,198,480
500,199,149
500,200,1187
525,1,399
525,2,87
525,3,307
525,4,1225
525,5,1098
525,6,673
525,7,761
525,8,1106
525,9,214
525,10,1267
525,11,604
525,12,216
525,13,1226
525,14,428
525,15,1418
525,16,536
525,17,1093
525,18,1163
525,19,171
525,20,1209
525,21,653
525,22,589
525,23,724
525,24,718
525,25,323
525,26,1322
525,27,641
525,28,724
525,29,286
525,30,1415
525,31,575
525,32,467
525,33,921
525,34,1365
525,35,1041
525,36,1302
525,37,1123
525,38,1153
525,39,1455
525,40,747
525,41,759
525,42,1115
525,43,1349
525,44,575
525,45,1222
525,46,738
525,47,87
525,48,1478
525,49,242
525,50,1099
525,51,1097
525,52,109
525,53,1211
525,54,214
525,55,435
525,56,869
525,57,690
525,58,951
525,59,50
525,60,1041
525,61,770
525,62,1077
525,63,1038
525,64,518
525,65,135
525,66,843
525,67,1335
525,68,945
525,69,1258
525,70,378
525,71,577
525,72,645
525,73,481
525,74,1184
525,75,77
525,76,387
525,77,465
525,78,336
525,79,1192
525,80,1344
525,81,678
525,82,791
525,83,815
525,84,687
525,85,728
525,86,32
525,87,594
525,88,105
525,89,730
525,90,418
525,91,1384
525,92,550
525,93,633
525,94,1319
525,95,298
525,96,1436
525,97,173
525,98,761
525,99,664
525,100,1187
525,101,867
525,102,730
525,103,1358
525,104,967
525,105,598
525,106,584
525,107,905
525,108,266
525,109,161
525,110,80
525,111,1283
525,112,1170
525,113,494
525,114,268
525,115,152
525,116,239
525,117,452
525,118,495
525,119,619
525,120,683
525,121,943
525,122,1187
525,123,782
525,124,1452
525,125,415
525,126,1
525,127,1031
525,128,300
525,129,662
525,130,732
525,131,1234
525,132,259
525,133,1151
525,134,257
525,135,912
525,136,192
525,137,478
525,138,706
525,139,184
525,140,760
525,141,875
525,142,632
525,143,855
525,144,1452
525,145,454
525,146,351
525,147,251
525,148,1249
525,149,216
525,150,1136
525,151,1245
525,152,176
525,153,1406
525,154,82
525,155,1350
525,156,509
525,157,342
525,158,467
525,159,532
525,160,712
525,161,190
525,162,720
525,163,767
525,164,651
525,165,1306
525,166,1306
525,167,30
525,168,853
525,169,335
525,170,781
525,171,434
525,172,349
525,173,319
525,174,1024
525,175,326
525,176,364
525,177,370
525,178,971
525,179,157
525,180,511
525,181,1196
525,182,1204
525,183,637
525,184,1320
525,185,712
525,186,1139
525,187,944
525,188,231
525,189,1242
525,190,776
525,191,389
525,192,960
525,193,1183
525,194,1022
525,195,213
525,196,646
525,197,1156
525,198,293
525,199,875
525,200,1449
550,1,227
550,2,1418
550,3,1281
550,4,1419
550,5,1052
550,6,160
550,7,847
550,8,1077
550,9,1378
550,10,462
550,11,1225
550,12,660
550,13,1207
550,14,563
550,15,109
550,16,639
550,17,764
550,18,1096
550,19,480
550,20,1190
550,21,68
550,22,1431
550,23,873
550,24,1221
550,25,1143
550,26,680
550,27,994
550,28,1387
550,29,32
550,30,1283
550,31,1020
550,32,228
550,33,360
550,34,421
550,35,1239
550,36,1310
550,37,436
550,38,106
550,39,1061
550,40,847
550,41,955
550,42,788
550,43,581
550,44,259
550,45,335
550,46,1169
550,47,1313
550,48,946
550,49,80
550,50,804
550,51,907
550,52,955
550,53,1080
550,54,605
550,55,185
550,56,40
550,57,1094
550,58,1222
550,59,55
550,60,560
550,61,427
550,62,3
550,63,749
550,64,471
550,65,684
550,66,1443
550,67,633
550,68,1335
550,69,848
550,70,804
550,71,104
550,72,219
550,73,664
550,74,870
550,75,686
550,76,625
550,77,227
550,78,50
550,79,1440
550,80,1282
550,81,1108
550,82,257
550,83,674
550,84,857
550,85,1409
550,86,1410
550,87,1087
550,88,463
550,89,1189
550,90,626
550,91,273
550,92,376
550,93,588
550,94,1109
550,95,1132
550,96,1346
550,97,390
550,98,899
550,99,217
550,100,1406
550,101,133
550,102,950
550,103,568
550,104,518
550,105,177
550,106,412
550,107,437
550,108,218
550,109,1104
550,110,189
550,111,444
550,112,1350
550,113,366
550,114,744
550,115,1324
550,116,772
550,117,871
550,118,1064
550,119,55
550,120,559
550,121,954
550,122,1423
550,123,745
550,124,12
550,125,173
550,126,372
550,127,1428
550,128,265
550,129,507
550,130,704
550,131,238
550,132,1115
550,133,895
550,134,1365
550,135,754
550,136,395
550,137,452
550,138,532
550,139,1129
550,140,921
550,141,117
550,142,1412
550,143,207
550,144,1124
550,145,66
550,146,942
550,147,1270
550,148,533
550,149,1102
550,150,864
550,151,755
550,152,1434
550,153,1046
550,154,104
550,155,710
550,156,752
550,157,1079
550,158,1436
550,159,600
550,160,429
550,161,259
550,162,1147
550,163,876
550,164,19
550,165,1318
550,166,156
550,167,1339
550,168,452
550,169,1045
550,170,129
550,171,822
550,172,609
550,173,834
550,174,848
550,175,407
550,176,1240
550,177,855
550,178,1139
550,179,1043
550,180,908
550,181,1246
550,182,985
550,183,921
550,184,194
550,185,1240
550,186,207
550,187,1014
550,188,996
550,189,482
550,190,324
550,191,37
550,192,503
550,193,468
550,194,273
550,195,1099
550,196,896
550,197,1210
550,198,1429
550,199,157
550,200,238
575,1,1050
575,2,957
575,3,9
575,4,1004
575,5,172
575,6,530
575,7,1345
575,8,1201
575,9,1006
575,10,33
575,11,911
575,12,381
575,13,678
575,14,849
575,15,866
575,16,130
575,17,885
575,18,1331
575,19,1300
575,20,905
575,21,458
575,22,577
575,23,657
575,24,1109
575,25,1201
575,26,865
575,27,1214
575,28,786
575,29,960
575,30,1280
575,31,765
575,32,1212
575,33,1383
575,34,115
575,35,44
575,36,129
575,37,1149
575,38,232
575,39,1223
575,40,638
575,41,1171
575,42,800
575,43,360
575,44,818
575,45,10
575,46,602
575,47,173
575,48,547
575,49,1301
575,50,372
575,51,1273
575,52,599
575,53,874
575,54,227
575,55,880
575,56,571
575,57,313
575,58,957
575,59,716
575,60,414
575,61,799
575,62,77
575,63,1238
575,64,94
575,65,1044
575,66,758
575,67,269
575,68,819
575,69,1196
575,70,561
575,71,826
575,72,670
575,73,435
575,74,444
575,75,1218
575,76,1426
575,77,968
575,78,1136
575,79,522
575,80,631
575,81,1371
575,82,271
575,83,832
575,84,412
575,85,123
575,86,268
575,87,1225
575,88,1331
575,89,99
575,90,167
575,91,358
575,92,1270
575,93,930
575,94,873
575,95,123
575,96,194
575,97,862
575,98,754
575,99,966
575,100,1404
575,101,581
575,102,95
575,103,1328
575,104,1069
575,105,99
575,106,962
575,107,718
575,108,1413
575,109,939
575,110,474
575,111,503
575,112,30
575,113,594
575,114,1387
575,115,103
575,116,636
575,117,454
575,118,490
575,119,999
575,120,442
575,121,796
575,122,678
575,123,1087
575,124,673
575,125,163
575,126,951
575,127,926
575,128,1260
575,129,161
575,130,1321
575,131,42
575,132,358
575,133,1234
575,134,773
575,135,1045
575,136,1402
575,137,1261
575,138,687
575,139,934
575,140,634
575,141,1304
575,142,697
575,143,561
575,144,1027
575,145,678
575,146,327
575,147,993
575,148,1016
575,149,1055
575,150,16
575,151,860
575,152,1195
575,153,1059
575,154,1329
575,155,119
575,156,57
575,157,21
575,158,475
575,159,288
575,160,237
575,161,419
575,162,1086
575,163,285
575,164,1006
575,165,1248
575,166,606
575,167,1397
575,168,526
575,169,167
575,170,996
575,171,1011
575,172,786
575,173,111
575,174,515
575,175,397
575,176,608
575,177,1290
575,178,169
575,179,1118
575,180,273
575,181,1013
575,182,485
575,183,218
575,184,1128
575,185,1349
575,186,837
575,187,1424
575,188,138
575,189,743
575,190,883
575,191,1422
575,192,1256
575,193,402
575,194,1262
575,195,1427
575,196,564
575,197,387
575,198,1340
575,199,524
575,200,394
600,1,1127
600,2,1058
600,3,1114
600,4,146
600,5,747
600,6,637
600,7,1294
600,8,625
600,9,637
600,10,310
600,11,115
600,12,1127
600,13,58
600,14,21
600,15,658
600,16,676
600,17,1301
600,18,1209
600,19,422
600,20,716
600,21,418
600,22,1243
600,23,296
600,24,1301
600,25,194
600,26,1351
600,27,446
600,28,1018
600,29,1075
600,30,861
600,31,930
600,32,1294
600,33,53
600,34,691
600,35,390
600,36,144
600,37,1260
600,38,1200
600,39,592
600,40,45
600,41,1180
600,42,469
600,43,153
600,44,623
600,45,444
600,46,252
600,47,237
600,48,532
600,49,19
600,50,560
600,51,389
600,52,733
600,53,589
600,54,1109
600,55,531
600,56,255
600,57,782
600,58,233
600,59,727
600,60,870
600,61,410
600,62,1274
600,63,892
600,64,237
600,65,1392
600,66,355
600,67,1274
600,68,1282
600,69,975
600,70,832
600,71,127
600,72,609
600,73,885
600,74,762
600,75,989
600,76,643
600,77,559
600,78,272
600,79,495
600,80,987
600,81,217
600,82,1173
600,83,596
600,84,946
600,85,1348
600,86,346
600,87,219
600,88,488
600,89,1191
600,90,616
600,91,756
600,92,801
600,93,115
600,94,764
600,95,854
600,96,273
600,97,403
600,98,841
600,99,434
600,100,1151
600,101,949
600,102,874
600,103,673
600,104,1050
600,105,106
600,106,540
600,107,107
600,108,454
600,109,991
600,110,833
600,111,1386
600,112,572
600,113,810
600,114,502
600,115,1117
600,116,1002
600,117,262
600,118,1179
600,119,1269
600,120,379
600,121,698
600,122,495
600,123,362
600,124,145
600,125,880
600,126,1247
600,127,463
600,128,1155
600,129,773
600,130,818
600,131,981
600,132,948
600,133,400
600,134,243
600,135,570
600,136,507
600,137,1275
600,138,658
600,139,1218
600,140,477
600,141,1039
600,142,670
600,143,914
600,144,286
600,145,1304
600,146,634
600,147,547
600,148,1177
600,149,651
600,150,1188
600,151,125
600,152,496
600,153,622
600,154,308
600,155,599
600,156,317
600,157,1159
600,158,727
600,159,378
600,160,873
600,161,1155
600,162,607
600,163,437
600,164,193
600,165,1008
600,166,527
600,167,887
600,168,1028
600,169,1229
600,170,258
600,171,1063
600,172,1036
600,173,915
600,174,1245
600,175,1303
600,176,1025
600,177,399
600,178,148
600,179,1112
600,180,1177
600,181,571
600,182,1273
600,183,1363
600,184,801
600,185,762
600,186,1291
600,187,601
600,188,673
600,189,1100
600,190,618
600,191,1395
600,192,750
600,193,423
600,194,428
600,195,363
600,196,1234
600,197,221
600,198,858
600,199,492
600,200,76
625,1,255
625,2,795
625,3,478
625,4,528
625,5,141
625,6,697
625,7,1297
625,8,108
625,9,519
625,10,1373
625,11,1187
625,12,1047
625,13,65
625,14,210
625,15,714
625,16,601
625,17,145
625,18,299
625,19,231
625,20,659
625,21,1110
625,22,899
625,23,583
625,24,135
625,25,167
625,26,177
625,27,260
625,28,415
625,29,8
625,30,1056
625,31,454
625,32,390
625,33,475
625,34,404
625,35,190
625,36,908
625,37,930
625,38,1223
625,39,129
625,40,1137
625,41,840
625,42,191
625,43,116
625,44,34
625,45,1309
625,46,122
625,47,580
625,48,36
625,49,363
625,50,374
625,51,54
625,52,607
625,53,569
625,54,163
625,55,896
625,56,998
625,57,1003
625,58,956
625,59,1052
625,60,955
625,61,522
625,62,166
625,63,744
625,64,977
625,65,959
625,66,1030
625,67,24
625,68,891
625,69,1380
625,70,695
625,71,808
625,72,306
625,73,1334
625,74,596
625,75,1179
625,76,457
625,77,1008
625,78,1154
625,79,497
625,80,473
625,81,994
625,82,676
625,83,1277
625,84,838
625,85,1054
625,86,190
625,87,1010
625,88,206
625,89,587
625,90,207
625,91,1355
625,92,1189
625,93,134
625,94,305
625,95,1039
625,96,1318
625,97,391
625,98,175
625,99,613
625,100,663
625,101,1
625,102,328
625,103,298
625,104,1040
625,105,898
625,106,167
625,107,1157
625,108,1337
625,109,50
625,110,65
625,111,156
625,112,1073
625,113,1345
625,114,700
625,115,23
625,116,555
625,117,585
625,118,544
625,119,1221
625,120,520
625,121,990
625,122,398
625,123,405
625,124,797
625,125,64
625,126,1374
625,127,1007
625,128,541
625,129,487
625,130,112
625,131,36
625,132,786
625,133,307
625,134,170
625,135,485
625,136,1337
625,137,213
625,138,1340
625,139,1146
625,140,1201
625,141,1080
625,142,227
625,143,430
625,144,1278
625,145,906
625,146,425
625,147,903
625,148,949
625,149,347
625,150,1219
625,151,454
625,152,513
625,153,1046
625,154,771
625,155,808
625,156,850
625,157,1267
625,158,764
625,159,129
625,160,396
625,161,480
625,162,718
625,163,693
625,164,818
625,165,1221
625,166,317
625,167,592
625,168,921
625,169,1080
625,170,894
625,171,707
625,172,853
625,173,999
625,174,404
625,175,1215
625,176,646
625,177,607
625,178,771
625,179,1302
625,180,1355
625,181,770
625,182,195
625,183,100
625,184,927
625,185,23
625,186,94
625,187,450
625,188,513
625,189,407
625,190,751
625,191,1160
625,192,1036
625,193,1130
625,194,298
625,195,522
625,196,671
625,197,447
625,198,669
625,199,793
625,200,949
650,1,1232
650,2,41
650,3,1229
650,4,265
650,5,1353
650,6,845
650,7,78
650,8,863
650,9,702
650,10,372
650,11,1252
650,12,1052
650,13,331
650,14,838
650,15,166
650,16,72
650,17,182
650,18,289
650,19,1265
650,20,102
650,21,215
650,22,974
650,23,538
650,24,144
650,25,1310
650,26,798
650,27,1019
650,28,288
650,29,360
650,30,1267
650,31,980
650,32,1238
650,33,1138
650,34,1214
650,35,133
650,36,88
650,37,610
650,38,1049
650,39,83
650,40,708
650,41,124
650,42,1128
650,43,624
650,44,1142
650,45,417
650,46,853
650,47,794
650,48,1058
650,49,334
650,50,1062
650,51,743
650,52,1264
650,53,294
650,54,735
650,55,809
650,56,372
650,57,154
650,58,900
650,59,292
650,60,225
650,61,654
650,62,526
650,63,1143
650,64,65
650,65,887
650,66,1098
650,67,335
650,68,434
650,69,1202
650,70,276
650,71,364
650,72,585
650,73,1277
650,74,918
650,75,571
650,76,1163
650,77,200
650,78,1198
650,79,993
650,80,1251
650,81,698
650,82,695
650,83,182
650,84,1203
650,85,710
650,86,1000
650,87,1161
650,88,463
650,89,774
650,90,305
650,91,103
650,92,316
650,93,813
650,94,876
650,95,445
650,96,976
650,97,171
650,98,685
650,99,608
650,100,473
650,101,677
650,102,600
650,103,486
650,104,385
650,105,594
650,106,268
650,107,906
650,108,1269
650,109,947
650,110,1239
650,111,600
650,112,1172
650,113,83
650,114,143
650,115,1100
650,116,896
650,117,710
650,118,1027
650,119,1309
650,120,799
650,121,670
650,122,213
650,123,179
650,124,798
650,125,670
650,126,379
650,127,397
650,128,1187
650,129,1001
650,130,180
650,131,225
650,132,1085
650,133,464
650,134,506
650,135,1109
650,136,1073
650,137,215
650,138,312
650,139,468
650,140,828
650,141,386
650,142,857
650,143,1069
650,144,785
650,145,954
650,146,556
650,147,520
650,148,547
650,149,576
650,150,528
650,151,278
650,152,75
650,153,506
650,154,69
650,155,663
650,156,417
650,157,852
650,158,155
650,159,1245
650,160,693
650,161,635
650,162,208
650,163,791
650,164,577
650,165,481
650,166,110
650,167,1034
650,168,344
650,169,759
650,170,1279
650,171,882
650,172,1190
650,173,1090
650,174,938
650,175,1000
650,176,67
650,177,705
650,178,1113
650,179,688
650,180,435
650,181,280
650,182,1008
650,183,1219
650,184,310
650,185,433
650,186,1138
650,187,89
650,188,1212
650,189,293
650,190,1134
650,191,1248
650,192,1052
650,193,552
650,194,94
650,195,1161
650,196,271
650,197,425
650,198,1082
650,199,1077
650,200,912
675,1,513
675,2,65
675,3,72
675,4,1218
675,5,646
675,6,839
675,7,437
675,8,293
675,9,279
675,10,1071
675,11,847
675,12,777
675,13,477
675,14,396
675,15,1219
675,16,24
675,17,1082
675,18,643
675,19,998
675,20,1278
675,21,990
675,22,998
675,23,1198
675,24,41
675,25,960
675,26,466
675,27,239
675,28,471
675,29,870
675,30,136
675,31,1057
675,32,392
675,33,1237
675,34,420
675,35,838
675,36,611
675,37,638
675,38,161
675,39,627
675,40,410
675,41,408
675,42,624
675,43,436
675,44,936
675,45,426
675,46,1124
675,47,565
675,48,293
675,49,67
675,50,957
675,51,851
675,52,412
675,53,1151
675,54,1088
675,55,1231
675,56,325
675,57,744
675,58,1250
675,59,1125
675,60,495
675,61,718
675,62,956
675,63,145
675,64,402
675,65,13
675,66,1056
675,67,100
675,68,1000
675,69,1100
675,70,259
675,71,205
675,72,146
675,73,468
675,74,797
675,75,125
675,76,563
675,77,20
675,78,79
675,79,1023
675,80,1283
675,81,465
675,82,518
675,83,914
675,84,658
675,85,194
675,86,425
675,87,1010
675,88,298
675,89,310
675,90,223
675,91,745
675,92,1156
675,93,627
675,94,916
675,95,253
675,96,791
675,97,683
675,98,518
675,99,1212
675,100,310
675,101,562
675,102,87
675,103,646
675,104,295
675,105,1309
675,106,1110
675,107,777
675,108,704
675,109,1070
675,110,1193
675,111,1075
675,112,957
675,113,574
675,114,269
675,115,288
675,116,233
675,117,902
675,118,1324
675,119,180
675,120,473
675,121,580
675,122,1194
675,123,932
675,124,176
675,125,914
675,126,17
675,127,778
675,128,1251
675,129,638
675,130,661
675,131,923
675,132,1187
675,133,1142
675,134,1232
675,135,661
675,136,952
675,137,749
675,138,752
675,139,628
675,140,763
675,141,882
675,142,937
675,143,686
675,144,3
675,145,1107
675,146,86
675,147,233
675,148,580
675,149,378
675,150,98
675,151,1296
675,152,1117
675,153,300
675,154,119
675,155,599
675,156,1086
675,157,479
675,158,521
675,159,195
675,160,245
675,161,735
675,162,166
675,163,1273
675,164,850
675,165,1010
675,166,1318
675,167,1310
675,168,107
675,169,703
675,170,790
675,171,193
675,172,251
675,173,1175
675,174,1209
675,175,331
675,176,632
675,177,538
675,178,31
675,179,984
675,180,429
675,181,46
675,182,1310
675,183,878
675,184,666
675,185,919
675,186,1078
675,187,26
675,188,1303
675,189,1243
675,190,99
675,191,422
675,192,59
675,193,782
675,194,301
675,195,743
675,196,525
675,197,2
675,198,1171
675,199,1295
675,200,1324
700,1,87
700,2,89
700,3,298
700,4,817
700,5,941
700,6,719
700,7,1011
700,8,1039
700,9,142
700,10,828
700,11,18
700,12,759
700,13,431
700,14,885
700,15,1015
700,16,606
700,17,74
700,18,750
700,19,175
700,20,4
700,21,896
700,22,1171
700,23,646
700,24,732
700,25,39
700,26,696
700,27,862
700,28,1218
700,29,123
700,30,403
700,31,1287
700,32,243
700,33,888
700,34,287
700,35,376
700,36,1231
700,37,767
700,38,995
700,39,1088
700,40,4
700,41,1291
700,42,782
700,43,964
700,44,622
700,45,253
700,46,881
700,47,181
700,48,578
700,49,1009
700,50,1041
700,51,1118
700,52,1135
700,53,16
700,54,405
700,55,143
700,56,135
700,57,1083
700,58,1099
700,59,447
700,60,889
700,61,1190
700,62,537
700,63,712
700,64,206
700,65,109
700,66,1066
700,67,997
700,68,869
700,69,900
700,70,66
700,71,289
700,72,1030
700,73,925
700,74,254
700,75,910
700,76,147
700,77,515
700,78,384
700,79,1001
700,80,995
700,81,435
700,82,874
700,83,854
700,84,650
700,85,739
700,86,137
700,87,952
700,88,869
700,89,1085
700,90,989
700,91,329
700,92,180
700,93,1117
700,94,545
700,95,1249
700,96,825
700,97,571
700,98,126
700,99,688
700,100,157
700,101,443
700,102,861
700,103,887
700,104,823
700,105,684
700,106,450
700,107,350
700,108,863
700,109,1198
700,110,511
700,111,422
700,112,604
700,113,463
700,114,159
700,115,499
700,116,1261
700,117,935
700,118,238
700,119,296
700,120,438
700,121,1175
700,122,30
700,123,527
700,124,408
700,125,407
700,126,618
700,127,426
700,128,662
700,129,930
700,130,747
700,131,1275
700,132,161
700,133,1161
700,134,1256
700,135,530
700,136,505
700,137,249
700,138,359
700,139,720
700,140,1253
700,141,1216
700,142,165
700,143,992
700,144,1207
700,145,99
700,146,763
700,147,1126
700,148,1087
700,149,1174
700,150,828
700,151,43
700,152,69
700,153,879
700,154,1279
700,155,510
700,156,679
700,157,745
700,158,64
700,159,1005
700,160,317
700,161,786
700,162,468
700,163,8
700,164,644
700,165,932
700,166,1129
700,167,678
700,168,156
700,169,218
700,170,7
700,171,483
700,172,1189
700,173,573
700,174,987
700,175,1219
700,176,864
700,177,300
700,178,775
700,179,463
700,180,190
700,181,329
700,182,748
700,183,667
700,184,1008
700,185,309
700,186,437
700,187,502
700,188,331
700,189,186
700,190,51
700,191,18
700,192,854
700,193,3
700,194,925
700,195,188
700,196,1200
700,197,976
700,198,46
700,199,562
700,200,759
725,1,367
725,2,172
725,3,1243
725,4,400
725,5,379
725,6,504
725,7,260
725,8,1094
725,9,967
725,10,676
725,11,503
725,12,1233
725,13,677
725,14,228
725,15,913
725,16,517
725,17,426
725,18,244
725,19,18
725,20,1235
725,21,301
725,22,273
725,23,546
725,24,288
725,25,1257
725,26,172
725,27,329
725,28,646
725,29,967
725,30,127
725,31,676
725,32,582
725,33,256
725,34,1059
725,35,516
725,36,746
725,37,671
725,38,211
725,39,93
725,40,1104
725,41,366
725,42,1251
725,43,83
725,44,564
725,45,531
725,46,481
725,47,1073
725,48,1085
725,49,1202
725,50,898
725,51,514
725,52,106
725,53,819
725,54,154
725,55,361
725,56,886
725,57,1222
725,58,649
725,59,326
725,60,219
725,61,44
725,62,889
725,63,100
725,64,1200
725,65,451
725,66,653
725,67,863
725,68,273
725,69,388
725,70,323
725,71,273
725,72,530
725,73,985
725,74,981
725,75,682
725,76,952
725,77,279
725,78,831
725,79,938
725,80,918
725,81,507
725,82,1223
725,83,907
725,84,13
725,85,1132
725,86,347
725,87,321
725,88,1159
725,89,511
725,90,873
725,91,151
725,92,237
725,93,1245
725,94,714
725,95,1270
725,96,549
725,97,806
725,98,957
725,99,498
725,100,1063
725,101,814
725,102,482
725,103,214
725,104,125
725,105,653
725,106,819
725,107,960
725,108,966
725,109,694
725,110,1117
725,111,984
725,112,1045
725,113,597
725,114,1151
725,115,569
725,116,253
725,117,1063
725,118,341
725,119,900
725,120,858
725,121,247
725,122,1273
725,123,530
725,124,909
725,125,57
725,126,1146
725,127,205
725,128,480
725,129,1132
725,130,768
725,131,635
725,132,179
725,133,835
725,134,728
725,135,160
725,136,523
725,137,1180
725,138,646
725,139,37
725,140,893
725,141,3
725,142,1085
725,143,1095
725,144,956
725,145,89
725,146,359
725,147,977
725,148,554
725,149,1217
725,150,255
725,151,908
725,152,94
725,153,658
725,154,883
725,155,330
725,156,311
725,157,178
725,158,1233
725,159,343
725,160,914
725,161,405
725,162,230
725,163,19
725,164,406
725,165,494
725,166,836
725,167,1068
725,168,800
725,169,504
725,170,424
725,171,728
725,172,135
725,173,417
725,174,467
725,175,830
725,176,588
725,177,17
725,178,1198
725,179,1197
725,180,783
725,181,766
725,182,455
725,183,1122
725,184,607
725,185,1267
725,186,163
725,187,589
725,188,92
725,189,792
725,190,535
725,191,1109
725,192,1253
725,193,135
725,194,1061
725,195,107
725,196,574
725,197,1178
725,198,1122
725,199,1084
725,200,685
750,1,1191
750,2,866
750,3,192
750,4,344
750,5,405
750,6,928
750,7,806
750,8,220
750,9,568
750,10,71
750,11,965
750,12,575
750,13,584
750,14,388
750,15,715
750,16,1174
750,17,430
750,18,341
750,19,818
750,20,1005
750,21,359
750,22,375
750,23,801
750,24,738
750,25,15
750,26,991
750,27,905
750,28,843
750,29,387
750,30,1058
750,31,1196
750,32,777
750,33,512
750,34,203
750,35,421
750,36,76
750,37,1192
750,38,72
750,39,379
750,40,943
750,41,603
750,42,1166
750,43,151
750,44,965
750,45,518
750,46,1116
750,47,827
750,48,877
750,49,655
750,50,715
750,51,856
750,52,802
750,53,1245
750,54,370
750,55,1042
750,56,1209
750,57,1218
750,58,994
750,59,1117
750,60,401
750,61,914
750,62,1117
750,63,967
750,64,95
750,65,390
750,66,766
750,67,433
750,68,548
750,69,654
750,70,244
750,71,268
750,72,782
750,73,1164
750,74,730
750,75,797
750,76,52
750,77,173
750,78,341
750,79,228
750,80,1129
750,81,267
750,82,1155
750,83,629
750,84,323
750,85,774
750,86,491
750,87,181
750,88,333
750,89,127
750,90,1014
750,91,286
750,92,173
750,93,837
750,94,1102
750,95,460
750,96,772
750,97,911
750,98,978
750,99,819
750,100,947
750,101,697
750,102,335
750,103,814
750,104,297
750,105,581
750,106,1236
750,107,700
750,108,373
750,109,1235
750,110,776
750,111,650
750,112,862
750,113,521
750,114,519
750,115,120
750,116,228
750,117,917
750,118,856
750,119,1068
750,120,270
750,121,224
750,122,754
750,123,550
750,124,988
750,125,848
750,126,986
750,127,746
750,128,951
750,129,305
750,130,412
750,131,984
750,132,138
750,133,916
750,134,199
750,135,947
750,136,1067
750,137,759
750,138,1065
750,139,400
750,140,570
750,141,589
750,142,280
750,143,986
750,144,400
750,145,642
750,146,393
750,147,730
750,148,527
750,149,277
750,150,600
750,151,391
750,152,172
750,153,20
750,154,520
750,155,369
750,156,651
750,157,1124
750,158,578
750,159,386
750,160,590
750,161,582
750,162,562
750,163,1222
750,164,566
750,165,22
750,166,396
750,167,1001
750,168,210
750,169,463
750,170,394
750,171,436
750,172,137
750,173,168
750,174,751
750,175,866
750,176,331
750,177,180
750,178,1
750,179,1220
750,180,245
750,181,20
750,182,510
750,183,1248
750,184,716
750,185,1038
750,186,616
750,187,111
750,188,927
750,189,241
750,190,304
750,191,894
750,192,305
750,193,463
750,194,1114
750,195,951
750,196,222
750,197,374
750,198,537
750,199,973
750,200,317
775,1,188
775,2,1070
775,3,690
775,4,315
775,5,927
775,6,977
775,7,548
775,8,344
775,9,834
775,10,751
775,11,989
775,12,785
775,13,724
775,14,234
775,15,170
775,16,460
775,17,953
775,18,1014
775,19,66
775,20,6
775,21,903
775,22,133
775,23,31
775,24,254
775,25,116
775,26,804
775,27,787
775,28,1173
775,29,1044
775,30,473
775,31,770
775,32,902
775,33,634
775,34,889
775,35,860
775,36,737
775,37,1039
775,38,988
775,39,258
775,40,1227
775,41,572
775,42,204
775,43,422
775,44,787
775,45,867
775,46,920
775,47,176
775,48,365
775,49,525
775,50,768
775,51,344
775,52,629
775,53,96
775,54,282
775,55,683
775,56,875
775,57,711
775,58,621
775,59,919
775,60,711
775,61,78
775,62,315
775,63,424
775,64,149
775,65,524
775,66,320
775,67,329
775,68,1020
775,69,831
775,70,575
775,71,901
775,72,1108
775,73,674
775,74,33
775,75,206
775,76,857
775,77,650
775,78,145
775,79,895
775,80,974
775,81,959
775,82,914
775,83,73
775,84,429
775,85,1225
775,86,200
775,87,230
775,88,222
775,89,458
775,90,995
775,91,1022
775,92,241
775,93,616
775,94,1077
775,95,645
775,96,640
775,97,1180
775,98,886
775,99,552
775,100,507
775,101,1155
775,102,590
775,103,61
775,104,13
775,105,1188
775,106,1199
775,107,239
775,108,1080
775,109,678
775,110,866
775,111,63
775,112,177
775,113,1031
775,114,407
775,115,778
775,116,581
775,117,556
775,118,260
775,119,345
775,120,101
775,121,462
775,122,19
775,123,1152
775,124,58
775,125,1006
775,126,89
775,127,253
775,128,494
775,129,490
775,130,614
775,131,117
775,132,903
775,133,233
775,134,258
775,135,583
775,136,664
775,137,991
775,138,612
775,139,1049
775,140,1194
775,141,710
775,142,1087
775,143,786
775,144,316
775,145,376
775,146,1127
775,147,431
775,148,1009
775,149,211
775,150,956
775,151,956
775,152,591
775,153,896
775,154,764
775,155,21
775,156,934
775,157,924
775,158,476
775,159,19
775,160,137
775,161,729
775,162,276
775,163,948
775,164,877
775,165,1139
775,166,471
775,167,228
775,168,19
775,169,714
775,170,1133
775,171,1087
775,172,1070
775,173,107
775,174,729
775,175,368
775,176,632
775,177,1216
775,178,81
775,179,854
775,180,329
775,181,1214
775,182,497
775,183,56
775,184,532
775,185,394
775,186,689
775,187,1076
775,188,575
775,189,1103
775,190,269
775,191,156
775,192,604
775,193,882
775,194,1001
775,195,316
775,196,19
775,197,953
775,198,683
775,199,845
775,200,208
800,1,928
800,2,7
800,3,1035
800,4,648
800,5,277
800,6,801
800,7,248
800,8,885
800,9,198
800,10,458
800,11,922
800,12,1118
800,13,548
800,14,509
800,15,1024
800,16,830
800,17,249
800,18,254
800,19,49
800,20,157
800,21,27
800,22,1141
800,23,211
800,24,183
800,25,641
800,26,694
800,27,1175
800,28,25
800,29,306
800,30,346
800,31,850
800,32,380
800,33,977
800,34,509
800,35,481
800,36,820
800,37,413
800,38,477
800,39,295
800,40,841
800,41,822
800,42,866
800,43,746
800,44,992
800,45,203
800,46,581
800,47,499
800,48,910
800,49,945
800,50,537
800,51,1087
800,52,494
800,53,152
800,54,860
800,55,916
800,56,1012
800,57,275
800,58,547
800,59,531
800,60,985
800,61,464
800,62,340
800,63,673
800,64,867
800,65,107
800,66,866
800,67,346
800,68,1042
800,69,412
800,70,1013
800,71,47
800,72,983
800,73,783
800,74,217
800,75,223
800,76,330
800,77,1093
800,78,557
800,79,118
800,80,220
800,81,424
800,82,1154
800,83,1138
800,84,474
800,85,1054
800,86,105
800,87,15
800,88,241
800,89,230
800,90,113
800,91,501
800,92,1091
800,93,326
800,94,499
800,95,855
800,96,451
800,97,303
800,98,625
800,99,933
800,100,887
800,101,122
800,102,404
800,103,64
800,104,581
800,105,526
800,106,249
800,107,854
800,108,886
800,109,98
800,110,341
800,111,1014
800,112,1144
800,113,1147
800,114,282
800,115,460
800,116,1038
800,117,445
800,118,682
800,119,144
800,120,14
800,121,1086
800,122,627
800,123,862
800,124,199
800,125,928
800,126,202
800,127,1032
800,128,493
800,129,376
800,130,801
800,131,627
800,132,1150
800,133,550
800,134,1139
800,135,331
800,136,103
800,137,645
800,138,558
800,139,223
800,140,621
800,141,1122
800,142,1074
800,143,623
800,144,663
800,145,42
800,146,1087
800,147,990
800,148,459
800,149,431
800,150,783
800,151,984
800,152,1116
800,153,542
800,154,526
800,155,1003
800,156,39
800,157,727
800,158,82
800,159,961
800,160,1117
800,161,658
800,162,288
800,163,769
800,164,969
800,165,90
800,166,814
800,167,753
800,168,694
800,169,197
800,170,190
800,171,125
800,172,377
800,173,515
800,174,730
800,175,585
800,176,429
800,177,72
800,178,43
800,179,131
800,180,756
800,181,229
800,182,420
800,183,557
800,184,1154
800,185,1192
800,186,856
800,187,277
800,188,789
800,189,462
800,190,378
800,191,611
800,192,749
800,193,333
800,194,991
800,195,797
800,196,641
800,197,701
800,198,496
800,199,1147
800,200,901
825,1,851
825,2,782
825,3,735
825,4,300
825,5,119
825,6,166
825,7,242
825,8,552
825,9,246
825,10,610
825,11,220
825,12,561
825,13,372
825,14,843
825,15,943
825,16,811
825,17,581
825,18,301
825,19,154
825,20,653
825,21,807
825,22,536
825,23,516
825,24,677
825,25,1164
825,26,596
825,27,208
825,28,855
825,29,648
825,30,957
825,31,66
825,32,467
825,33,183
825,34,727
825,35,594
825,36,1155
825,37,1113
825,38,965
825,39,623
825,40,589
825,41,63
825,42,8
825,43,836
825,44,349
825,45,693
825,46,986
825,47,521
825,48,970
825,49,763
825,50,856
825,51,331
825,52,264
825,53,845
825,54,1131
825,55,946
825,56,325
825,57,1077
825,58,1172
825,59,1146
825,60,4
825,61,106
825,62,488
825,63,128
825,64,1106
825,65,616
825,66,946
825,67,1144
825,68,53
825,69,903
825,70,987
825,71,542
825,72,363
825,73,465
825,74,24
825,75,830
825,76,1134
825,77,277
825,78,77
825,79,299
825,80,1077
825,81,904
825,82,729
825,83,797
825,84,943
825,85,1
825,86,63
825,87,25
825,88,270
825,89,805
825,90,787
825,91,803
825,92,342
825,93,880
825,94,552
825,95,854
825,96,330
825,97,112
825,98,1150
825,99,583
825,100,349
825,101,1111
825,102,375
825,103,992
825,104,437
825,105,45
825,106,620
825,107,356
825,108,1054
825,109,857
825,110,682
825,111,900
825,112,873
825,113,977
825,114,639
825,115,214
825,116,862
825,117,120
825,118,361
825,119,63
825,120,872
825,121,494
825,122,723
825,123,995
825,124,487
825,125,1135
825,126,93
825,127,283
825,128,1134
825,129,993
825,130,93
825,131,227
825,132,466
825,133,137
825,134,194
825,135,75
825,136,273
825,137,16
825,138,371
825,139,839
825,140,478
825,141,984
825,142,727
825,143,432
825,144,941
825,145,1156
825,146,985
825,147,43
825,148,627
825,149,891
825,150,416
825,151,899
825,152,825
825,153,32
825,154,417
825,155,400
825,156,969
825,157,1167
825,158,822
825,159,376
825,160,581
825,161,560
825,162,243
825,163,15
825,164,756
825,165,823
825,166,152
825,167,1012
825,168,1102
825,169,957
825,170,26
825,171,1174
825,172,849
825,173,365
825,174,401
825,175,16
825,176,92
825,177,619
825,178,1156
825,179,934
825,180,224
825,181,670
825,182,946
825,183,639
825,184,629
825,185,324
825,186,491
825,187,49
825,188,275
825,189,49
825,190,936
825,191,234
825,192,507
825,193,42
825,194,693
825,195,814
825,196,1004
825,197,282
825,198,1064
825,199,520
825,200,158
850,1,1073
850,2,394
850,3,814
850,4,1055
850,5,1142
850,6,197
850,7,141
850,8,981
850,9,678
850,10,480
850,11,542
850,12,199
850,13,803
850,14,706
850,15,834
850,16,189
850,17,781
850,18,885
850,19,460
850,20,644
850,21,22
850,22,250
850,23,492
850,24,482
850,25,487
850,26,1107
850,27,211
850,28,1141
850,29,513
850,30,383
850,31,1054
850,32,981
850,33,26
850,34,1085
850,35,659
850,36,78
850,37,1124
850,38,292
850,39,72
850,40,536
850,41,174
850,42,360
850,43,955
850,44,406
850,45,187
850,46,1105
850,47,25
850,48,283
850,49,826
850,50,262
850,51,57
850,52,172
850,53,828
850,54,558
850,55,1102
850,56,306
850,57,647
850,58,434
850,59,105
850,60,1040
850,61,53
850,62,30
850,63,925
850,64,1092
850,65,711
850,66,649
850,67,259
850,68,250
850,69,33
850,70,557
850,71,206
850,72,1047
850,73,106
850,74,786
850,75,531
850,76,797
850,77,149
850,78,158
850,79,441
850,80,673
850,81,998
850,82,523
850,83,846
850,84,638
850,85,434
850,86,332
850,87,358
850,88,152
850,89,1148
850,90,1104
850,91,998
850,92,1124
850,93,796
850,94,566
850,95,344
850,96,115
850,97,528
850,98,765
850,99,29
850,100,849
850,101,144
850,102,611
850,103,1006
850,104,394
850,105,844
850,106,936
850,107,592
850,108,957
850,109,1140
850,110,217
850,111,1089
850,112,749
850,113,617
850,114,620
850,115,128
850,116,711
850,117,505
850,118,875
850,119,999
850,120,572
850,121,279
850,122,434
850,123,139
850,124,586
850,125,53
850,126,130
850,127,602
850,128,535
850,129,560
850,130,215
850,131,1039
850,132,797
850,133,301
850,134,566
850,135,302
850,136,460
850,137,1010
850,138,286
850,139,709
850,140,171
850,141,138
850,142,450
850,143,991
850,144,1025
850,145,162
850,146,939
850,147,736
850,148,719
850,149,81
850,150,1031
850,151,19
850,152,500
850,153,282
850,154,911
850,155,289
850,156,918
850,157,346
850,158,19
850,159,792
850,160,639
850,161,290
850,162,8
850,163,342
850,164,355
850,165,922
850,166,965
850,167,828
850,168,41
850,169,1020
850,170,385
850,171,320
850,172,697
850,173,958
850,174,943
850,175,114
850,176,618
850,177,386
850,178,786
850,179,631
850,180,28
850,181,1128
850,182,17
850,183,898
850,184,701
850,185,178
850,186,859
850,187,788
850,188,491
850,189,603
850,190,853
850,191,762
850,192,23
850,193,234
850,194,984
850,195,745
850,196,861
850,197,340
850,198,842
850,199,522
850,200,6
875,1,98
875,2,737
875,3,197
875,4,603
875,5,623
875,6,1040
875,7,237
875,8,736
875,9,921
875,10,173
875,11,752
875,12,19
875,13,89
875,14,530
875,15,77
875,16,745
875,17,213
875,18,755
875,19,468
875,20,770
875,21,761
875,22,141
875,23,104
875,24,275
875,25,967
875,26,793
875,27,1071
875,28,1041
875,29,302
875,30,1060
875,31,233
875,32,747
875,33,1025
875,34,719
875,35,682
875,36,748
875,37,706
875,38,992
875,39,999
875,40,715
875,41,960
875,42,502
875,43,40
875,44,1024
875,45,1098
875,46,554
875,47,297
875,48,673
875,49,350
875,50,878
875,51,217
875,52,621
875,53,711
875,54,731
875,55,1083
875,56,1082
875,57,442
875,58,904
875,59,1049
875,60,608
875,61,1049
875,62,1082
875,63,370
875,64,801
875,65,267
875,66,609
875,67,1064
875,68,643
875,69,101
875,70,341
875,71,66
875,72,565
875,73,406
875,74,743
875,75,1010
875,76,1073
875,77,866
875,78,603
875,79,446
875,80,242
875,81,960
875,82,852
875,83,382
875,84,951
875,85,180
875,86,370
875,87,177
875,88,709
875,89,506
875,90,483
875,91,834
875,92,254
875,93,818
875,94,1011
875,95,455
875,96,106
875,97,1028
875,98,880
875,99,445
875,100,271
875,101,138
875,102,423
875,103,224
875,104,555
875,105,337
875,106,1095
875,107,940
875,108,290
875,109,318
875,110,435
875,111,494
875,112,202
875,113,424
875,114,680
875,115,67
875,116,518
875,117,999
875,118,640
875,119,493
875,120,635
875,121,472
875,122,390
875,123,1080
875,124,820
875,125,911
875,126,992
875,127,948
875,128,947
875,129,385
875,130,310
875,131,7
875,132,1076
875,133,600
875,134,250
875,135,657
875,136,662
875,137,62
875,138,121
875,139,1049
875,140,908
875,141,498
875,142,745
875,143,800
875,144,319
875,145,19
875,146,1083
875,147,406
875,148,123
875,149,386
875,150,457
875,151,868
875,152,4
875,153,1003
875,154,743
875,155,540
875,156,1076
875,157,564
875,158,634
875,159,796
875,160,568
875,161,1052
875,162,964
875,163,267
875,164,617
875,165,550
875,166,488
875,167,987
875,168,1081
875,169,886
875,170,86
875,171,531
875,172,737
875,173,946
875,174,342
875,175,986
875,176,769
875,177,679
875,178,421
875,179,140
875,180,806
875,181,1101
875,182,585
875,183,536
875,184,11
875,185,397
875,186,745
875,187,575
875,188,70
875,189,1072
875,190,1022
875,191,359
875,192,670
875,193,1123
875,194,59
875,195,517
875,196,688
875,197,342
875,198,1080
875,199,654
875,200,50
900,1,183
900,2,782
900,3,361
900,4,246
900,5,460
900,6,908
900,7,409
900,8,1025
900,9,805
900,10,131
900,11,1054
900,12,230
900,13,620
900,14,409
900,15,731
900,16,677
900,17,184
900,18,1025
900,19,69
900,20,284
900,21,449
900,22,979
900,23,273
900,24,562
900,25,231
900,26,769
900,27,873
900,28,837
900,29,266
900,30,799
900,31,775
900,32,518
900,33,126
900,34,320
900,35,469
900,36,379
900,37,674
900,38,1104
900,39,549
900,40,164
900,41,436
900,42,16
900,43,687
900,44,970
900,45,361
900,46,55
900,47,842
900,48,702
900,49,551
900,50,169
900,51,749
900,52,500
900,53,210
900,54,48
900,55,798
900,56,943
900,57,776
900,58,852
900,59,642
900,60,702
900,61,924
900,62,947
900,63,782
900,64,197
900,65,459
900,66,388
900,67,929
900,68,1044
900,69,831
900,70,1101
900,71,670
900,72,966
900,73,231
900,74,797
900,75,426
900,76,280
900,77,423
900,78,488
900,79,186
900,80,162
900,81,353
900,82,812
900,83,139
900,84,626
900,85,358
900,86,170
900,87,136
900,88,252
900,89,213
900,90,419
900,91,648
900,92,452
900,93,407
900,94,363
900,95,1045
900,96,159
900,97,531
900,98,166
900,99,856
900,100,313
900,101,566
900,102,283
900,103,881
900,104,219
900,105,555
900,106,764
900,107,888
900,108,885
900,109,698
900,110,846
900,111,318
900,112,248
900,113,507
900,114,524
900,115,674
900,116,774
900,117,31
900,118,188
900,119,30
900,120,817
900,121,58
900,122,260
900,123,395
900,124,392
900,125,629
900,126,151
900,127,1027
900,128,760
900,129,170
900,130,763
900,131,70
900,132,250
900,133,219
900,134,1060
900,135,461
900,136,233
900,137,534
900,138,294
900,139,119
900,140,387
900,141,304
900,142,58
900,143,453
900,144,1039
900,145,741
900,146,1068
900,147,556
900,148,1085
900,149,961
900,150,380
900,151,931
900,152,38
900,153,642
900,154,534
900,155,810
900,156,518
900,157,142
900,158,986
900,159,407
900,160,227
900,161,444
900,162,243
900,163,680
900,164,1093
900,165,979
900,166,619
900,167,193
900,168,30
900,169,57
900,170,229
900,171,241
900,172,54
900,173,697
900,174,441
900,175,763
900,176,973
900,177,1028
900,178,503
900,179,393
900,180,515
900,181,1093
900,182,173
900,183,351
900,184,849
900,185,886
900,186,768
900,187,998
900,188,4
900,189,478
900,190,845
900,191,580
900,192,615
900,193,1099
900,194,1105
900,195,135
900,196,666
900,197,404
900,198,236
900,199,799
900,200,708
925,1,711
925,2,964
925,3,892
925,4,212
925,5,550
925,6,839
925,7,215
925,8,1068
925,9,159
925,10,453
925,11,258
925,12,865
925,13,194
925,14,465
925,15,710
925,16,959
925,17,1069
925,18,794
925,19,362
925,20,950
925,21,162
925,22,681
925,23,786
925,24,636
925,25,369
925,26,274
925,27,218
925,28,366
925,29,306
925,30,444
925,31,779
925,32,627
925,33,1007
925,34,365
925,35,210
925,36,709
925,37,938
925,38,772
925,39,647
925,40,584
925,41,745
925,42,1029
925,43,600
925,44,686
925,45,275
925,46,802
925,47,358
925,48,506
925,49,153
925,50,911
925,51,1051
925,52,447
925,53,860
925,54,505
925,55,302
925,56,1061
925,57,343
925,58,201
925,59,839
925,60,326
925,61,87
925,62,625
925,63,662
925,64,430
925,65,576
925,66,259
925,67,208
925,68,705
925,69,555
925,70,152
925,71,68
925,72,875
925,73,1036
925,74,544
925,75,762
925,76,239
925,77,854
925,78,850
925,79,219
925,80,934
925,81,667
925,82,928
925,83,364
925,84,1047
925,85,898
925,86,229
925,87,375
925,88,316
925,89,798
925,90,325
925,91,155
925,92,759
925,93,842
925,94,838
925,95,866
925,96,1010
925,97,592
925,98,87
925,99,767
925,100,479
925,101,1045
925,102,315
925,103,671
925,104,482
925,105,957
925,106,636
925,107,690
925,108,658
925,109,356
925,110,992
925,111,973
925,112,519
925,113,72
925,114,830
925,115,379
925,116,892
925,117,623
925,118,1030
925,119,854
925,120,893
925,121,49
925,122,1003
925,123,779
925,124,815
925,125,589
925,126,848
925,127,920
925,128,317
925,129,715
925,130,270
925,131,245
925,132,884
925,133,653
925,134,326
925,135,784
925,136,51
925,137,524
925,138,662
925,139,970
925,140,596
925,141,683
925,142,835
925,143,868
925,144,940
925,145,1043
925,146,997
925,147,513
925,148,908
925,149,418
925,150,779
925,151,28
925,152,728
925,153,937
925,154,353
925,155,840
925,156,820
925,157,989
925,158,623
925,159,273
925,160,164
925,161,253
925,162,13
925,163,246
925,164,197
925,165,525
925,166,1006
925,167,961
925,168,119
925,169,905
925,170,577
925,171,884
925,172,862
925,173,436
925,174,748
925,175,326
925,176,401
925,177,950
925,178,712
925,179,698
925,180,95
925,181,358
925,182,390
925,183,1070
925,184,996
925,185,959
925,186,583
925,187,1067
925,188,198
925,189,317
925,190,354
925,191,1026
925,192,259
925,193,378
925,194,823
925,195,671
925,196,976
925,197,320
925,198,88
925,199,990
925,200,81
950,1,523
950,2,27
950,3,1019
950,4,140
950,5,441
950,6,503
950,7,655
950,8,951
950,9,462
950,10,613
950,11,186
950,12,779
950,13,486
950,14,833
950,15,120
950,16,923
950,17,74
950,18,921
950,19,1050
950,20,620
950,21,788
950,22,634
950,23,249
950,24,328
950,25,397
950,26,995
950,27,95
950,28,926
950,29,961
950,30,195
950,31,171
950,32,664
950,33,517
950,34,960
950,35,812
950,36,613
950,37,849
950,38,729
950,39,1025
950,40,915
950,41,964
950,42,950
950,43,818
950,44,720
950,45,659
950,46,188
950,47,47
950,48,362
950,49,21
950,50,444
950,51,154
950,52,142
950,53,1037
950,54,214
950,55,188
950,56,894
950,57,989
950,58,405
950,59,590
950,60,447
950,61,404
950,62,906
950,63,166
950,64,601
950,65,976
950,66,448
950,67,473
950,68,899
950,69,622
950,70,462
950,71,467
950,72,980
950,73,732
950,74,85
950,75,250
950,76,346
950,77,113
950,78,146
950,79,528
950,80,849
950,81,893
950,82,962
950,83,101
950,84,750
950,85,653
950,86,70
950,87,536
950,88,485
950,89,632
950,90,75
950,91,223
950,92,511
950,93,762
950,94,811
950,95,487
950,96,174
950,97,799
950,98,693
950,99,69
950,100,714
950,101,91
950,102,354
950,103,702
950,104,314
950,105,713
950,106,854
950,107,395
950,108,75
950,109,456
950,110,153
950,111,814
950,112,490
950,113,478
950,114,856
950,115,299
950,116,164
950,117,773
950,118,696
950,119,368
950,120,569
950,121,806
950,122,343
950,123,721
950,124,111
950,125,1020
950,126,842
950,127,260
950,128,659
950,129,238
950,130,757
950,131,177
950,132,69
950,133,99
950,134,525
950,135,563
950,136,302
950,137,537
950,138,554
950,139,769
950,140,491
950,141,50
950,142,800
950,143,644
950,144,264
950,145,620
950,146,686
950,147,777
950,148,625
950,149,267
950,150,457
950,151,367
950,152,826
950,153,563
950,154,123
950,155,101
950,156,934
950,157,592
950,158,182
950,159,628
950,160,415
950,161,425
950,162,855
950,163,471
950,164,1011
950,165,294
950,166,861
950,167,1041
950,168,14
950,169,384
950,170,36
950,171,799
950,172,366
950,173,469
950,174,521
950,175,770
950,176,44
950,177,448
950,178,657
950,179,994
950,180,834
950,181,905
950,182,928
950,183,493
950,184,202
950,185,674
950,186,120
950,187,248
950,188,420
950,189,702
950,190,332
950,191,590
950,192,110
950,193,454
950,194,518
950,195,236
950,196,915
950,197,72
950,198,36
950,199,34
950,200,588
975,1,865
975,2,599
975,3,522
975,4,683
975,5,764
975,6,38
975,7,1030
975,8,545
975,9,4
975,10,561
975,11,724
975,12,94
975,13,558
975,14,216
975,15,444
975,16,246
975,17,928
975,18,467
975,19,516
975,20,454
975,21,924
975,22,879
975,23,304
975,24,372
975,25,897
975,26,1021
975,27,210
975,28,227
975,29,758
975,30,965
975,31,376
975,32,814
975,33,349
975,34,229
975,35,99
975,36,391
975,37,719
975,38,102
975,39,656
975,40,822
975,41,597
975,42,456
975,43,129
975,44,558
975,45,111
975,46,399
975,47,448
975,48,170
975,49,172
975,50,867
975,51,8
975,52,280
975,53,855
975,54,141
975,55,971
975,56,496
975,57,343
975,58,710
975,59,849
975,60,914
975,61,947
975,62,78
975,63,789
975,64,536
975,65,124
975,66,439
975,67,53
975,68,974
975,69,795
975,70,46
975,71,615
975,72,782
975,73,332
975,74,575
975,75,919
975,76,896
975,77,37
975,78,267
975,79,796
975,80,828
975,81,647
975,82,932
975,83,131
975,84,822
975,85,18
975,86,312
975,87,696
975,88,449
975,89,892
975,90,293
975,91,751
975,92,806
975,93,959
975,94,803
975,95,897
975,96,56
975,97,386
975,98,814
975,99,173
975,100,452
975,101,736
975,102,579
975,103,828
975,104,378
975,105,647
975,106,555
975,107,1008
975,108,732
975,109,576
975,110,223
975,111,582
975,112,322
975,113,784
975,114,185
975,115,82
975,116,95
975,117,591
975,118,277
975,119,183
975,120,987
975,121,327
975,122,533
975,123,669
975,124,307
975,125,866
975,126,174
975,127,381
975,128,190
975,129,55
975,130,710
975,131,644
975,132,60
975,133,764
975,134,932
975,135,567
975,136,1020
975,137,337
975,138,643
975,139,913
975,140,371
975,141,678
975,142,449
975,143,569
975,144,639
975,145,617
975,146,985
975,147,253
975,148,600
975,149,319
975,150,310
975,151,995
975,152,335
975,153,103
975,154,182
975,155,90
975,156,389
975,157,109
975,158,253
975,159,399
975,160,872
975,161,326
975,162,32
975,163,787
975,164,410
975,165,664
975,166,476
975,167,45
975,168,824
975,169,294
975,170,719
975,171,674
975,172,974
975,173,1002
975,174,429
975,175,199
975,176,322
975,177,885
975,178,273
975,179,587
975,180,484
975,181,656
975,182,373
975,183,124
975,184,962
975,185,151
975,186,198
975,187,1030
975,188,199
975,189,721
975,190,417
975,191,475
975,192,909
975,193,321
975,194,94
975,195,433
975,196,890
975,197,720
975,198,338
975,199,824
975,200,453
1000,1,808
1000,2,71
1000,3,512
1000,4,882
1000,5,829
1000,6,950
1000,7,815
1000,8,523
1000,9,478
1000,10,581
1000,11,558
1000,12,443
1000,13,680
1000,14,524
1000,15,211
1000,16,422
1000,17,486
1000,18,669
1000,19,679
1000,20,805
1000,21,863
1000,22,543
1000,23,939
1000,24,214
1000,25,443
1000,26,995
1000,27,710
1000,28,79
1000,29,517
1000,30,695
1000,31,837
1000,32,27
1000,33,962
1000,34,236
1000,35,241
1000,36,42
1000,37,208
1000,38,65
1000,39,575
1000,40,129
1000,41,30
1000,42,312
1000,43,686
1000,44,645
1000,45,597
1000,46,498
1000,47,661
1000,48,750
1000,49,758
1000,50,271
1000,51,996
1000,52,604
1000,53,302
1000,54,944
1000,55,419
1000,56,35
1000,57,329
1000,58,289
1000,59,805
1000,60,182
1000,61,466
1000,62,515
1000,63,127
1000,64,633
1000,65,909
1000,66,349
1000,67,626
1000,68,254
1000,69,286
1000,70,664
1000,71,679
1000,72,217
1000,73,153
1000,74,788
1000,75,633
1000,76,977
1000,77,472
1000,78,632
1000,79,70
1000,80,994
1000,81,128
1000,82,645
1000,83,117
1000,84,327
1000,85,129
1000,86,779
1000,87,659
1000,88,94
1000,89,601
1000,90,317
1000,91,851
1000,92,548
1000,93,773
1000,94,25
1000,95,671
1000,96,50
1000,97,297
1000,98,392
1000,99,186
1000,100,656
1000,101,719
1000,102,280
1000,103,779
1000,104,463
1000,105,809
1000,106,121
1000,107,782
1000,108,759
1000,109,346
1000,110,423
1000,111,260
1000,112,570
1000,113,465
1000,114,253
1000,115,450
1000,116,610
1000,117,473
1000,118,822
1000,119,670
1000,120,273
1000,121,465
1000,122,427
1000,123,254
1000,124,982
1000,125,235
1000,126,613
1000,127,405
1000,128,763
1000,129,420
1000,130,272
1000,131,860
1000,132,997
1000,133,309
1000,134,874
1000,135,376
1000,136,938
1000,137,725
1000,138,949
1000,139,721
1000,140,788
1000,141,862
1000,142,840
1000,143,171
1000,144,861
1000,145,826
1000,146,188
1000,147,695
1000,148,877
1000,149,397
1000,150,767
1000,151,835
1000,152,655
1000,153,820
1000,154,910
1000,155,956
1000,156,426
1000,157,521
1000,158,694
1000,159,663
1000,160,536
1000,161,434
1000,162,380
1000,163,849
1000,164,181
1000,165,884
1000,166,210
1000,167,391
1000,168,841
1000,169,313
1000,170,143
1000,171,531
1000,172,866
1000,173,293
1000,174,720
1000,175,759
1000,176,101
1000,177,249
1000,178,556
1000,179,287
1000,180,155
1000,181,107
1000,182,61
1000,183,198
1000,184,684
1000,185,766
1000,186,867
1000,187,427
1000,188,280
1000,189,183
1000,190,628
1000,191,922
1000,192,863
1000,193,762
1000,194,78
1000,195,936
1000,196,699
1000,197,374
1000,198,779
1000,199,786
1000,200,290
1025,1,758
1025,2,497
1025,3,475
1025,4,763
1025,5,347
1025,6,570
1025,7,84
1025,8,97
1025,9,743
1025,10,142
1025,11,163
1025,12,94
1025,13,247
1025,14,583
1025,15,368
1025,16,801
1025,17,143
1025,18,12
1025,19,512
1025,20,588
1025,21,100
1025,22,855
1025,23,522
1025,24,270
1025,25,757
1025,26,566
1025,27,739
1025,28,299
1025,29,860
1025,30,910
1025,31,288
1025,32,475
1025,33,711
1025,34,645
1025,35,791
1025,36,459
1025,37,646
1025,38,820
1025,39,940
1025,40,319
1025,41,757
1025,42,458
1025,43,192
1025,44,235
1025,45,365
1025,46,573
1025,47,482
1025,48,948
1025,49,637
1025,50,78
1025,51,290
1025,52,182
1025,53,307
1025,54,253
1025,55,128
1025,56,78
1025,57,364
1025,58,323
1025,59,590
1025,60,151
1025,61,476
1025,62,45
1025,63,475
1025,64,8
1025,65,810
1025,66,749
1025,67,203
1025,68,154
1025,69,603
1025,70,241
1025,71,326
1025,72,749
1025,73,883
1025,74,732
1025,75,351
1025,76,17
1025,77,378
1025,78,309
1025,79,491
1025,80,410
1025,81,827
1025,82,552
1025,83,438
1025,84,560
1025,85,972
1025,86,165
1025,87,102
1025,88,517
1025,89,358
1025,90,293
1025,91,191
1025,92,772
1025,93,449
1025,94,630
1025,95,212
1025,96,856
1025,97,877
1025,98,759
1025,99,375
1025,100,364
1025,101,394
1025,102,7
1025,103,391
1025,104,883
1025,105,622
1025,106,730
1025,107,637
1025,108,15
1025,109,221
1025,110,297
1025,111,245
1025,112,138
1025,113,109
1025,114,681
1025,115,84
1025,116,27
1025,117,791
1025,118,606
1025,119,434
1025,120,513
1025,121,352
1025,122,901
1025,123,650
1025,124,168
1025,125,595
1025,126,384
1025,127,914
1025,128,250
1025,129,888
1025,130,132
1025,131,837
1025,132,795
1025,133,420
1025,134,801
1025,135,650
1025,136,67
1025,137,744
1025,138,273
1025,139,159
1025,140,230
1025,141,592
1025,142,380
1025,143,888
1025,144,446
1025,145,912
1025,146,539
1025,147,232
1025,148,343
1025,149,494
1025,150,858
1025,151,179
1025,152,313
1025,153,32
1025,154,738
1025,155,872
1025,156,765
1025,157,549
1025,158,496
1025,159,921
1025,160,158
1025,161,246
1025,162,522
1025,163,178
1025,164,519
1025,165,37
1025,166,327
1025,167,716
1025,168,621
1025,169,121
1025,170,843
1025,171,99
1025,172,472
1025,173,643
1025,174,920
1025,175,39
1025,176,52
1025,177,357
1025,178,927
1025,179,563
1025,180,175
1025,181,368
1025,182,841
1025,183,258
1025,184,91
1025,185,152
1025,186,595
1025,187,418
1025,188,952
1025,189,656
1025,190,453
1025,191,383
1025,192,80
1025,193,229
1025,194,86
1025,195,321
1025,196,342
1025,197,371
1025,198,264
1025,199,33
1025,200,847
1050,1,878
1050,2,231
1050,3,493
1050,4,251
1050,5,662
1050,6,255
1050,7,167
1050,8,183
1050,9,901
1050,10,400
1050,11,512
1050,12,750
1050,13,832
1050,14,442
1050,15,296
1050,16,223
1050,17,430
1050,18,518
1050,19,879
1050,20,381
1050,21,481
1050,22,331
1050,23,677
1050,24,217
1050,25,321
1050,26,178
1050,27,848
1050,28,785
1050,29,357
1050,30,221
1050,31,84
1050,32,213
1050,33,478
1050,34,833
1050,35,261
1050,36,291
1050,37,128
1050,38,559
1050,39,68
1050,40,867
1050,41,509
1050,42,444
1050,43,244
1050,44,237
1050,45,819
1050,46,612
1050,47,458
1050,48,690
1050,49,21
1050,50,909
1050,51,643
1050,52,137
1050,53,557
1050,54,564
1050,55,627
1050,56,160
1050,57,523
1050,58,104
1050,59,514
1050,60,657
1050,61,375
1050,62,199
1050,63,108
1050,64,818
1050,65,633
1050,66,582
1050,67,203
1050,68,321
1050,69,266
1050,70,394
1050,71,677
1050,72,876
1050,73,773
1050,74,353
1050,75,844
1050,76,710
1050,77,823
1050,78,449
1050,79,791
1050,80,246
1050,81,143
1050,82,258
1050,83,816
1050,84,444
1050,85,857
1050,86,907
1050,87,136
1050,88,929
1050,89,106
1050,90,534
1050,91,902
1050,92,882
1050,93,304
1050,94,869
1050,95,278
1050,96,370
1050,97,881
1050,98,64
1050,99,7
1050,100,854
1050,101,41
1050,102,766
1050,103,742
1050,104,290
1050,105,621
1050,106,725
1050,107,548
1050,108,482
1050,109,850
1050,110,351
1050,111,504
1050,112,230
1050,113,275
1050,114,332
1050,115,661
1050,116,83
1050,117,885
1050,118,325
1050,119,373
1050,120,643
1050,121,864
1050,122,535
1050,123,387
1050,124,341
1050,125,219
1050,126,419
1050,127,194
1050,128,229
1050,129,661
1050,130,746
1050,131,939
1050,132,749
1050,133,49
1050,134,441
1050,135,300
1050,136,88
1050,137,108
1050,138,490
1050,139,115
1050,140,272
1050,141,98
1050,142,637
1050,143,684
1050,144,931
1050,145,776
1050,146,796
1050,147,396
1050,148,515
1050,149,388
1050,150,313
1050,151,403
1050,152,893
1050,153,916
1050,154,732
1050,155,390
1050,156,850
1050,157,809
1050,158,10
1050,159,237
1050,160,439
1050,161,384
1050,162,457
1050,163,471
1050,164,811
1050,165,615
1050,166,574
1050,167,616
1050,168,812
1050,169,23
1050,170,855
1050,171,708
1050,172,140
1050,173,512
1050,174,6
1050,175,507
1050,176,717
1050,177,499
1050,178,291
1050,179,254
1050,180,86
1050,181,495
1050,182,586
1050,183,898
1050,184,358
1050,185,918
1050,186,897
1050,187,190
1050,188,170
1050,189,606
1050,190,468
1050,191,81
1050,192,324
1050,193,488
1050,194,404
1050,195,239
1050,196,769
1050,197,816
1050,198,544
1050,199,686
1050,200,922
1075,1,597
1075,2,452
1075,3,851
1075,4,615
1075,5,622
1075,6,724
1075,7,839
1075,8,250
1075,9,471
1075,10,166
1075,11,625
1075,12,730
1075,13,921
1075,14,920
1075,15,883
1075,16,172
1075,17,882
1075,18,242
1075,19,51
1075,20,344
1075,21,470
1075,22,263
1075,23,477
1075,24,253
1075,25,26
1075,26,443
1075,27,422
1075,28,613
1075,29,830
1075,30,96
1075,31,193
1075,32,634
1075,33,348
1075,34,457
1075,35,859
1075,36,391
1075,37,796
1075,38,439
1075,39,202
1075,40,600
1075,41,404
1075,42,1
1075,43,882
1075,44,262
1075,45,321
1075,46,701
1075,47,663
1075,48,442
1075,49,882
1075,50,929
1075,51,867
1075,52,419
1075,53,182
1075,54,199
1075,55,48
1075,56,323
1075,57,624
1075,58,855
1075,59,496
1075,60,50
1075,61,862
1075,62,721
1075,63,627
1075,64,1
1075,65,412
1075,66,120
1075,67,876
1075,68,61
1075,69,370
1075,70,553
1075,71,101
1075,72,833
1075,73,110
1075,74,754
1075,75,160
1075,76,869
1075,77,193
1075,78,692
1075,79,697
1075,80,872
1075,81,767
1075,82,811
1075,83,572
1075,84,493
1075,85,374
1075,86,444
1075,87,315
1075,88,58
1075,89,97
1075,90,239
1075,91,388
1075,92,364
1075,93,31
1075,94,922
1075,95,469
1075,96,120
1075,97,332
1075,98,205
1075,99,319
1075,100,832
1075,101,129
1075,102,20
1075,103,158
1075,104,180
1075,105,18
1075,106,14
1075,107,603
1075,108,332
1075,109,76
1075,110,835
1075,111,760
1075,112,456
1075,113,777
1075,114,222
1075,115,44
1075,116,30
1075,117,246
1075,118,742
1075,119,791
1075,120,315
1075,121,148
1075,122,909
1075,123,716
1075,124,300
1075,125,496
1075,126,796
1075,127,471
1075,128,670
1075,129,160
1075,130,338
1075,131,280
1075,132,592
1075,133,897
1075,134,912
1075,135,759
1075,136,609
1075,137,436
1075,138,546
1075,139,88
1075,140,688
1075,141,661
1075,142,461
1075,143,844
1075,144,633
1075,145,233
1075,146,903
1075,147,471
1075,148,887
1075,149,72
1075,150,833
1075,151,867
1075,152,875
1075,153,309
1075,154,153
1075,155,234
1075,156,759
1075,157,168
1075,158,5
1075,159,273
1075,160,830
1075,161,337
1075,162,836
1075,163,921
1075,164,849
1075,165,909
1075,166,547
1075,167,752
1075,168,582
1075,169,521
1075,170,459
1075,171,536
1075,172,559
1075,173,810
1075,174,597
1075,175,457
1075,176,444
1075,177,46
1075,178,64
1075,179,309
1075,180,498
1075,181,614
1075,182,327
1075,183,112
1075,184,561
1075,185,508
1075,186,536
1075,187,564
1075,188,490
1075,189,222
1075,190,195
1075,191,398
1075,192,687
1075,193,440
1075,194,797
1075,195,453
1075,196,255
1075,197,765
1075,198,268
1075,199,386
1075,200,929
1100,1,859
1100,2,605
1100,3,5
1100,4,189
1100,5,338
1100,6,838
1100,7,601
1100,8,625
1100,9,290
1100,10,354
1100,11,77
1100,12,44
1100,13,563
1100,14,138
1100,15,599
1100,16,49
1100,17,820
1100,18,899
1100,19,822
1100,20,466
1100,21,566
1100,22,29
1100,23,186
1100,24,277
1100,25,96
1100,26,659
1100,27,138
1100,28,672
1100,29,589
1100,30,41
1100,31,167
1100,32,850
1100,33,458
1100,34,667
1100,35,147
1100,36,524
1100,37,337
1100,38,521
1100,39,638
1100,40,665
1100,41,437
1100,42,567
1100,43,720
1100,44,597
1100,45,631
1100,46,509
1100,47,337
1100,48,712
1100,49,137
1100,50,203
1100,51,900
1100,52,763
1100,53,514
1100,54,449
1100,55,844
1100,56,468
1100,57,591
1100,58,901
1100,59,321
1100,60,161
1100,61,383
1100,62,829
1100,63,521
1100,64,661
1100,65,712
1100,66,62
1100,67,303
1100,68,17
1100,69,596
1100,70,8
1100,71,469
1100,72,892
1100,73,167
1100,74,492
1100,75,278
1100,76,275
1100,77,190
1100,78,814
1100,79,645
1100,80,550
1100,81,513
1100,82,252
1100,83,307
1100,84,541
1100,85,883
1100,86,889
1100,87,122
1100,88,319
1100,89,417
1100,90,72
1100,91,867
1100,92,184
1100,93,368
1100,94,180
1100,95,899
1100,96,779
1100,97,168
1100,98,297
1100,99,772
1100,100,324
1100,101,898
1100,102,452
1100,103,857
1100,104,562
1100,105,691
1100,106,793
1100,107,207
1100,108,201
1100,109,117
1100,110,648
1100,111,499
1100,112,224
1100,113,33
1100,114,23
1100,115,594
1100,116,424
1100,117,900
1100,118,821
1100,119,428
1100,120,878
1100,121,829
1100,122,354
1100,123,444
1100,124,188
1100,125,97
1100,126,794
1100,127,474
1100,128,10
1100,129,814
1100,130,135
1100,131,11
1100,132,233
1100,133,842
1100,134,378
1100,135,81
1100,136,248
1100,137,809
1100,138,623
1100,139,489
1100,140,688
1100,141,713
1100,142,127
1100,143,728
1100,144,566
1100,145,335
1100,146,504
1100,147,207
1100,148,717
1100,149,489
1100,150,3
1100,151,406
1100,152,694
1100,153,808
1100,154,867
1100,155,200
1100,156,770
1100,157,115
1100,158,395
1100,159,150
1100,160,486
1100,161,685
1100,162,577
1100,163,465
1100,164,888
1100,165,848
1100,166,471
1100,167,415
1100,168,524
1100,169,317
1100,170,281
1100,171,409
1100,172,331
1100,173,547
1100,174,901
1100,175,631
1100,176,693
1100,177,591
1100,178,853
1100,179,757
1100,180,24
1100,181,49
1100,182,104
1100,183,433
1100,184,879
1100,185,155
1100,186,729
1100,187,857
1100,188,507
1100,189,569
1100,190,202
1100,191,507
1100,192,407
1100,193,616
1100,194,194
1100,195,40
1100,196,440
1100,197,398
1100,198,113
1100,199,565
1100,200,113
1125,1,672
1125,2,497
1125,3,125
1125,4,634
1125,5,818
1125,6,768
1125,7,254
1125,8,835
1125,9,502
1125,10,462
1125,11,266
1125,12,842
1125,13,566
1125,14,521
1125,15,719
1125,16,618
1125,17,214
1125,18,106
1125,19,653
1125,20,137
1125,21,644
1125,22,641
1125,23,732
1125,24,290
1125,25,643
1125,26,560
1125,27,405
1125,28,623
1125,29,255
1125,30,29
1125,31,36
1125,32,168
1125,33,578
1125,34,687
1125,35,703
1125,36,584
1125,37,76
1125,38,43
1125,39,353
1125,40,811
1125,41,243
1125,42,463
1125,43,653
1125,44,754
1125,45,697
1125,46,317
1125,47,493
1125,48,562
1125,49,600
1125,50,61
1125,51,485
1125,52,272
1125,53,229
1125,54,444
1125,55,570
1125,56,351
1125,57,828
1125,58,766
1125,59,369
1125,60,617
1125,61,208
1125,62,851
1125,63,817
1125,64,874
1125,65,269
1125,66,127
1125,67,526
1125,68,568
1125,69,594
1125,70,74
1125,71,682
1125,72,43
1125,73,175
1125,74,43
1125,75,844
1125,76,207
1125,77,246
1125,78,523
1125,79,580
1125,80,125
1125,81,569
1125,82,377
1125,83,845
1125,84,252
1125,85,344
1125,86,518
1125,87,621
1125,88,688
1125,89,879
1125,90,49
1125,91,698
1125,92,492
1125,93,479
1125,94,824
1125,95,563
1125,96,684
1125,97,676
1125,98,475
1125,99,202
1125,100,380
1125,101,161
1125,102,434
1125,103,541
1125,104,361
1125,105,308
1125,106,149
1125,107,2
1125,108,160
1125,109,57
1125,110,630
1125,111,461
1125,112,32
1125,113,244
1125,114,627
1125,115,153
1125,116,348
1125,117,530
1125,118,394
1125,119,461
1125,120,688
1125,121,805
1125,122,603
1125,123,357
1125,124,767
1125,125,168
1125,126,350
1125,127,186
1125,128,262
1125,129,108
1125,130,116
1125,131,804
1125,132,209
1125,133,668
1125,134,494
1125,135,279
1125,136,228
1125,137,497
1125,138,106
1125,139,696
1125,140,686
1125,141,392
1125,142,594
1125,143,615
1125,144,558
1125,145,698
1125,146,556
1125,147,645
1125,148,728
1125,149,203
1125,150,817
1125,151,746
1125,152,740
1125,153,635
1125,154,43
1125,155,294
1125,156,213
1125,157,6
1125,158,772
1125,159,812
1125,160,567
1125,161,256
1125,162,805
1125,163,22
1125,164,214
1125,165,698
1125,166,369
1125,167,463
1125,168,208
1125,169,642
1125,170,297
1125,171,597
1125,172,328
1125,173,602
1125,174,508
1125,175,357
1125,176,737
1125,177,878
1125,178,687
1125,179,667
1125,180,85
1125,181,316
1125,182,477
1125,183,210
1125,184,472
1125,185,497
1125,186,462
1125,187,225
1125,188,23
1125,189,444
1125,190,240
1125,191,374
1125,192,53
1125,193,625
1125,194,537
1125,195,250
1125,196,66
1125,197,65
1125,198,476
1125,199,761
1125,200,89
1150,1,762
1150,2,85
1150,3,18
1150,4,91
1150,5,794
1150,6,648
1150,7,114
1150,8,61
1150,9,611
1150,10,313
1150,11,819
1150,12,211
1150,13,422
1150,14,684
1150,15,712
1150,16,128
1150,17,485
1150,18,850
1150,19,403
1150,20,628
1150,21,590
1150,22,311
1150,23,364
1150,24,474
1150,25,510
1150,26,476
1150,27,333
1150,28,294
1150,29,413
1150,30,413
1150,31,559
1150,32,717
1150,33,330
1150,34,630
1150,35,435
1150,36,488
1150,37,243
1150,38,525
1150,39,332
1150,40,610
1150,41,141
1150,42,821
1150,43,734
1150,44,387
1150,45,779
1150,46,595
1150,47,693
1150,48,579
1150,49,240
1150,50,423
1150,51,701
1150,52,346
1150,53,27
1150,54,414
1150,55,153
1150,56,681
1150,57,314
1150,58,20
1150,59,222
1150,60,783
1150,61,85
1150,62,548
1150,63,77
1150,64,553
1150,65,709
1150,66,127
1150,67,241
1150,68,432
1150,69,577
1150,70,558
1150,71,183
1150,72,480
1150,73,462
1150,74,404
1150,75,748
1150,76,524
1150,77,565
1150,78,675
1150,79,637
1150,80,28
1150,81,644
1150,82,640
1150,83,130
1150,84,187
1150,85,378
1150,86,135
1150,87,328
1150,88,163
1150,89,157
1150,90,62
1150,91,249
1150,92,414
1150,93,47
1150,94,277
1150,95,736
1150,96,311
1150,97,442
1150,98,666
1150,99,773
1150,100,738
1150,101,773
1150,102,752
1150,103,98
1150,104,93
1150,105,419
1150,106,327
1150,107,447
1150,108,222
1150,109,787
1150,110,399
1150,111,418
1150,112,116
1150,113,617
1150,114,105
1150,115,200
1150,116,15
1150,117,367
1150,118,449
1150,119,338
1150,120,186
1150,121,645
1150,122,541
1150,123,418
1150,124,485
1150,125,260
1150,126,56
1150,127,575
1150,128,320
1150,129,134
1150,130,480
1150,131,570
1150,132,257
1150,133,171
1150,134,324
1150,135,220
1150,136,624
1150,137,768
1150,138,181
1150,139,637
1150,140,851
1150,141,849
1150,142,677
1150,143,324
1150,144,849
1150,145,615
1150,146,684
1150,147,62
1150,148,721
1150,149,237
1150,150,412
1150,151,533
1150,152,527
1150,153,817
1150,154,822
1150,155,521
1150,156,155
1150,157,842
1150,158,218
1150,159,19
1150,160,247
1150,161,212
1150,162,525
1150,163,715
1150,164,647
1150,165,471
1150,166,372
1150,167,226
1150,168,54
1150,169,565
1150,170,499
1150,171,832
1150,172,745
1150,173,695
1150,174,627
1150,175,815
1150,176,420
1150,177,784
1150,178,201
1150,179,575
1150,180,145
1150,181,274
1150,182,205
1150,183,309
1150,184,632
1150,185,8
1150,186,282
1150,187,6
1150,188,31
1150,189,617
1150,190,572
1150,191,312
1150,192,145
1150,193,588
1150,194,658
1150,195,10
1150,196,755
1150,197,633
1150,198,78
1150,199,842
1150,200,120
1175,1,643
1175,2,270
1175,3,178
1175,4,348
1175,5,641
1175,6,570
1175,7,338
1175,8,166
1175,9,521
1175,10,36
1175,11,692
1175,12,783
1175,13,299
1175,14,457
1175,15,484
1175,16,673
1175,17,440
1175,18,422
1175,19,375
1175,20,605
1175,21,154
1175,22,778
1175,23,491
1175,24,394
1175,25,708
1175,26,732
1175,27,87
1175,28,658
1175,29,111
1175,30,741
1175,31,294
1175,32,247
1175,33,328
1175,34,757
1175,35,143
1175,36,713
1175,37,637
1175,38,76
1175,39,309
1175,40,94
1175,41,636
1175,42,67
1175,43,245
1175,44,325
1175,45,820
1175,46,330
1175,47,764
1175,48,192
1175,49,455
1175,50,569
1175,51,599
1175,52,814
1175,53,250
1175,54,93
1175,55,443
1175,56,254
1175,57,558
1175,58,673
1175,59,180
1175,60,72
1175,61,537
1175,62,322
1175,63,20
1175,64,287
1175,65,166
1175,66,723
1175,67,86
1175,68,552
1175,69,756
1175,70,548
1175,71,358
1175,72,591
1175,73,813
1175,74,267
1175,75,445
1175,76,632
1175,77,363
1175,78,511
1175,79,415
1175,80,199
1175,81,764
1175,82,72
1175,83,582
1175,84,789
1175,85,227
1175,86,55
1175,87,111
1175,88,766
1175,89,370
1175,90,123
1175,91,113
1175,92,629
1175,93,695
1175,94,435
1175,95,415
1175,96,39
1175,97,532
1175,98,39
1175,99,745
1175,100,368
1175,101,401
1175,102,791
1175,103,827
1175,104,171
1175,105,800
1175,106,528
1175,107,169
1175,108,233
1175,109,178
1175,110,120
1175,111,804
1175,112,223
1175,113,430
1175,114,379
1175,115,558
1175,116,400
1175,117,432
1175,118,98
1175,119,357
1175,120,738
1175,121,269
1175,122,640
1175,123,152
1175,124,66
1175,125,566
1175,126,476
1175,127,288
1175,128,477
1175,129,24
1175,130,388
1175,131,606
1175,132,17
1175,133,41
1175,134,530
1175,135,568
1175,136,556
1175,137,262
1175,138,61
1175,139,150
1175,140,617
1175,141,563
1175,142,251
1175,143,584
1175,144,388
1175,145,347
1175,146,629
1175,147,770
1175,148,599
1175,149,81
1175,150,250
1175,151,134
1175,152,625
1175,153,137
1175,154,798
1175,155,129
1175,156,730
1175,157,122
1175,158,262
1175,159,540
1175,160,117
1175,161,93
1175,162,426
1175,163,150
1175,164,201
1175,165,283
1175,166,202
1175,167,733
1175,168,325
1175,169,15
1175,170,564
1175,171,396
1175,172,416
1175,173,341
1175,174,626
1175,175,372
1175,176,208
1175,177,418
1175,178,365
1175,179,717
1175,180,284
1175,181,238
1175,182,752
1175,183,629
1175,184,557
1175,185,194
1175,186,386
1175,187,57
1175,188,676
1175,189,414
1175,190,336
1175,191,57
1175,192,15
1175,193,6
1175,194,167
1175,195,116
1175,196,309
1175,197,733
1175,198,401
1175,199,346
1175,200,784
1200,1,325
1200,2,427
1200,3,472
1200,4,137
1200,5,27
1200,6,55
1200,7,41
1200,8,556
1200,9,527
1200,10,422
1200,11,758
1200,12,200
1200,13,502
1200,14,773
1200,15,648
1200,16,547
1200,17,597
1200,18,210
1200,19,540
1200,20,297
1200,21,520
1200,22,266
1200,23,421
1200,24,625
1200,25,165
1200,26,268
1200,27,95
1200,28,221
1200,29,272
1200,30,36
1200,31,414
1200,32,590
1200,33,756
1200,34,704
1200,35,224
1200,36,363
1200,37,60
1200,38,102
1200,39,700
1200,40,624
1200,41,224
1200,42,240
1200,43,415
1200,44,407
1200,45,82
1200,46,53
1200,47,739
1200,48,661
1200,49,658
1200,50,319
1200,51,549
1200,52,724
1200,53,739
1200,54,153
1200,55,603
1200,56,398
1200,57,210
1200,58,254
1200,59,253
1200,60,256
1200,61,557
1200,62,674
1200,63,696
1200,64,195
1200,65,44
1200,66,516
1200,67,3
1200,68,679
1200,69,629
1200,70,340
1200,71,656
1200,72,275
1200,73,182
1200,74,182
1200,75,700
1200,76,155
1200,77,137
1200,78,116
1200,79,494
1200,80,116
1200,81,691
1200,82,291
1200,83,370
1200,84,130
1200,85,141
1200,86,550
1200,87,678
1200,88,309
1200,89,279
1200,90,570
1200,91,425
1200,92,38
1200,93,292
1200,94,673
1200,95,743
1200,96,361
1200,97,153
1200,98,727
1200,99,736
1200,100,361
1200,101,502
1200,102,347
1200,103,537
1200,104,493
1200,105,27
1200,106,124
1200,107,229
1200,108,122
1200,109,663
1200,110,322
1200,111,377
1200,112,653
1200,113,685
1200,114,170
1200,115,472
1200,116,642
1200,117,450
1200,118,498
1200,119,190
1200,120,135
1200,121,241
1200,122,380
1200,123,533
1200,124,6
1200,125,678
1200,126,303
1200,127,693
1200,128,400
1200,129,612
1200,130,88
1200,131,469
1200,132,583
1200,133,278
1200,134,305
1200,135,308
1200,136,167
1200,137,777
1200,138,275
1200,139,735
1200,140,96
1200,141,717
1200,142,74
1200,143,68
1200,144,364
1200,145,535
1200,146,512
1200,147,703
1200,148,384
1200,149,404
1200,150,548
1200,151,275
1200,152,432
1200,153,274
1200,154,161
1200,155,349
1200,156,229
1200,157,784
1200,158,406
1200,159,378
1200,160,801
1200,161,152
1200,162,445
1200,163,598
1200,164,638
1200,165,463
1200,166,702
1200,167,224
1200,168,187
1200,169,467
1200,170,489
1200,171,567
1200,172,698
1200,173,237
1200,174,194
1200,175,337
1200,176,570
1200,177,149
1200,178,676
1200,179,647
1200,180,81
1200,181,326
1200,182,790
1200,183,766
1200,184,170
1200,185,289
1200,186,636
1200,187,369
1200,188,566
1200,189,790
1200,190,224
1200,191,4
1200,192,114
1200,193,757
1200,194,176
1200,195,772
1200,196,712
1200,197,24
1200,198,710
1200,199,729
1200,200,208
1225,1,538
1225,2,509
1225,3,291
1225,4,551
1225,5,763
1225,6,393
1225,7,440
1225,8,684
1225,9,499
1225,10,424
1225,11,458
1225,12,176
1225,13,330
1225,14,702
1225,15,769
1225,16,481
1225,17,156
1225,18,640
1225,19,387
1225,20,550
1225,21,292
1225,22,550
1225,23,239
1225,24,413
1225,25,448
1225,26,28
1225,27,316
1225,28,753
1225,29,334
1225,30,403
1225,31,162
1225,32,26
1225,33,203
1225,34,326
1225,35,682
1225,36,292
1225,37,718
1225,38,478
1225,39,318
1225,40,608
1225,41,109
1225,42,167
1225,43,655
1225,44,306
1225,45,99
1225,46,358
1225,47,24
1225,48,571
1225,49,715
1225,50,9
1225,51,679
1225,52,50
1225,53,4
1225,54,687
1225,55,182
1225,56,174
1225,57,314
1225,58,754
1225,59,579
1225,60,601
1225,61,246
1225,62,115
1225,63,502
1225,64,500
1225,65,84
1225,66,650
1225,67,189
1225,68,296
1225,69,372
1225,70,678
1225,71,375
1225,72,771
1225,73,3
1225,74,451
1225,75,704
1225,76,82
1225,77,76
1225,78,180
1225,79,617
1225,80,736
1225,81,578
1225,82,754
1225,83,2
1225,84,26
1225,85,659
1225,86,349
1225,87,175
1225,88,567
1225,89,626
1225,90,386
1225,91,408
1225,92,677
1225,93,513
1225,94,644
1225,95,21
1225,96,703
1225,97,692
1225,98,681
1225,99,422
1225,100,307
1225,101,17
1225,102,51
1225,103,490
1225,104,36
1225,105,249
1225,106,603
1225,107,687
1225,108,230
1225,109,237
1225,110,736
1225,111,438
1225,112,112
1225,113,68
1225,114,644
1225,115,419
1225,116,731
1225,117,603
1225,118,607
1225,119,168
1225,120,539
1225,121,265
1225,122,155
1225,123,291
1225,124,482
1225,125,675
1225,126,585
1225,127,436
1225,128,80
1225,129,220
1225,130,191
1225,131,420
1225,132,17
1225,133,602
1225,134,375
1225,135,4
1225,136,29
1225,137,258
1225,138,158
1225,139,203
1225,140,675
1225,141,658
1225,142,222
1225,143,191
1225,144,592
1225,145,196
1225,146,114
1225,147,433
1225,148,15
1225,149,461
1225,150,612
1225,151,720
1225,152,258
1225,153,703
1225,154,350
1225,155,424
1225,156,351
1225,157,620
1225,158,99
1225,159,654
1225,160,60
1225,161,297
1225,162,172
1225,163,171
1225,164,266
1225,165,98
1225,166,326
1225,167,589
1225,168,176
1225,169,329
1225,170,219
1225,171,426
1225,172,213
1225,173,321
1225,174,677
1225,175,395
1225,176,487
1225,177,534
1225,178,426
1225,179,196
1225,180,453
1225,181,186
1225,182,531
1225,183,44
1225,184,661
1225,185,518
1225,186,644
1225,187,336
1225,188,755
1225,189,132
1225,190,541
1225,191,265
1225,192,119
1225,193,751
1225,194,230
1225,195,456
1225,196,357
1225,197,482
1225,198,335
1225,199,727
1225,200,725
1250,1,466
1250,2,729
1250,3,600
1250,4,392
1250,5,716
1250,6,353
1250,7,295
1250,8,310
1250,9,736
1250,10,8
1250,11,11
1250,12,506
1250,13,601
1250,14,271
1250,15,325
1250,16,647
1250,17,285
1250,18,249
1250,19,498
1250,20,373
1250,21,632
1250,22,127
1250,23,340
1250,24,589
1250,25,712
1250,26,107
1250,27,173
1250,28,419
1250,29,4
1250,30,119
1250,31,618
1250,32,369
1250,33,484
1250,34,378
1250,35,717
1250,36,413
1250,37,491
1250,38,402
1250,39,245
1250,40,563
1250,41,30
1250,42,491
1250,43,293
1250,44,199
1250,45,161
1250,46,700
1250,47,502
1250,48,729
1250,49,552
1250,50,283
1250,51,48
1250,52,726
1250,53,693
1250,54,134
1250,55,357
1250,56,514
1250,57,657
1250,58,272
1250,59,182
1250,60,141
1250,61,541
1250,62,53
1250,63,550
1250,64,667
1250,65,120
1250,66,238
1250,67,409
1250,68,120
1250,69,108
1250,70,350
1250,71,53
1250,72,363
1250,73,397
1250,74,278
1250,75,316
1250,76,604
1250,77,214
1250,78,638
1250,79,193
1250,80,428
1250,81,724
1250,82,99
1250,83,564
1250,84,21
1250,85,445
1250,86,41
1250,87,204
1250,88,734
1250,89,118
1250,90,498
1250,91,74
1250,92,724
1250,93,37
1250,94,357
1250,95,629
1250,96,753
1250,97,354
1250,98,178
1250,99,334
1250,100,277
1250,101,269
1250,102,730
1250,103,117
1250,104,315
1250,105,474
1250,106,76
1250,107,433
1250,108,350
1250,109,276
1250,110,30
1250,111,260
1250,112,90
1250,113,83
1250,114,12
1250,115,28
1250,116,299
1250,117,8
1250,118,32
1250,119,45
1250,120,234
1250,121,563
1250,122,173
1250,123,578
1250,124,525
1250,125,620
1250,126,586
1250,127,185
1250,128,654
1250,129,672
1250,130,253
1250,131,221
1250,132,123
1250,133,407
1250,134,194
1250,135,466
1250,136,452
1250,137,288
1250,138,452
1250,139,129
1250,140,416
1250,141,719
1250,142,586
1250,143,27
1250,144,689
1250,145,103
1250,146,77
1250,147,74
1250,148,3
1250,149,522
1250,150,331
1250,151,348
1250,152,749
1250,153,431
1250,154,368
1250,155,271
1250,156,711
1250,157,90
1250,158,743
1250,159,134
1250,160,214
1250,161,415
1250,162,660
1250,163,361
1250,164,344
1250,165,542
1250,166,238
1250,167,70
1250,168,547
1250,169,361
1250,170,511
1250,171,638
1250,172,343
1250,173,609
1250,174,554
1250,175,453
1250,176,188
1250,177,414
1250,178,417
1250,179,341
1250,180,372
1250,181,433
1250,182,182
1250,183,537
1250,184,201
1250,185,414
1250,186,213
1250,187,189
1250,188,721
1250,189,662
1250,190,471
1250,191,160
1250,192,633
1250,193,677
1250,194,568
1250,195,728
1250,196,238
1250,197,68
1250,198,81
1250,199,103
1250,200,35
1275,1,89
1275,2,532
1275,3,682
1275,4,311
1275,5,115
1275,6,223
1275,7,221
1275,8,466
1275,9,95
1275,10,710
1275,11,540
1275,12,179
1275,13,447
1275,14,150
1275,15,397
1275,16,305
1275,17,88
1275,18,474
1275,19,365
1275,20,14
1275,21,434
1275,22,448
1275,23,371
1275,24,275
1275,25,159
1275,26,302
1275,27,509
1275,28,108
1275,29,691
1275,30,129
1275,31,353
1275,32,248
1275,33,260
1275,34,142
1275,35,680
1275,36,395
1275,37,665
1275,38,149
1275,39,400
1275,40,619
1275,41,621
1275,42,197
1275,43,256
1275,44,572
1275,45,26
1275,46,327
1275,47,62
1275,48,441
1275,49,245
1275,50,718
1275,51,587
1275,52,648
1275,53,150
1275,54,426
1275,55,511
1275,56,641
1275,57,153
1275,58,589
1275,59,514
1275,60,631
1275,61,676
1275,62,118
1275,63,241
1275,64,441
1275,65,451
1275,66,167
1275,67,125
1275,68,327
1275,69,641
1275,70,297
1275,71,688
1275,72,128
1275,73,628
1275,74,39
1275,75,206
1275,76,561
1275,77,60
1275,78,445
1275,79,371
1275,80,569
1275,81,553
1275,82,54
1275,83,566
1275,84,5
1275,85,236
1275,86,341
1275,87,658
1275,88,223
1275,89,62
1275,90,708
1275,91,715
1275,92,368
1275,93,496
1275,94,343
1275,95,146
1275,96,372
1275,97,424
1275,98,44
1275,99,230
1275,100,322
1275,101,249
1275,102,230
1275,103,624
1275,104,493
1275,105,419
1275,106,666
1275,107,704
1275,108,702
1275,109,693
1275,110,430
1275,111,463
1275,112,397
1275,113,210
1275,114,249
1275,115,309
1275,116,579
1275,117,519
1275,118,364
1275,119,408
1275,120,524
1275,121,520
1275,122,477
1275,123,492
1275,124,443
1275,125,241
1275,126,293
1275,127,244
1275,128,459
1275,129,145
1275,130,185
1275,131,164
1275,132,26
1275,133,625
1275,134,467
1275,135,300
1275,136,249
1275,137,52
1275,138,261
1275,139,653
1275,140,437
1275,141,563
1275,142,598
1275,143,432
1275,144,395
1275,145,637
1275,146,479
1275,147,536
1275,148,276
1275,149,461
1275,150,531
1275,151,140
1275,152,662
1275,153,192
1275,154,433
1275,155,435
1275,156,492
1275,157,345
1275,158,583
1275,159,592
1275,160,670
1275,161,651
1275,162,586
1275,163,212
1275,164,502
1275,165,162
1275,166,498
1275,167,71
1275,168,48
1275,169,104
1275,170,445
1275,171,77
1275,172,45
1275,173,627
1275,174,600
1275,175,710
1275,176,73
1275,177,253
1275,178,529
1275,179,349
1275,180,599
1275,181,577
1275,182,385
1275,183,453
1275,184,91
1275,185,335
1275,186,516
1275,187,247
1275,188,698
1275,189,534
1275,190,601
1275,191,61
1275,192,184
1275,193,597
1275,194,436
1275,195,425
1275,196,366
1275,197,607
1275,198,710
1275,199,622
1275,200,382
1300,1,623
1300,2,167
1300,3,181
1300,4,49
1300,5,448
1300,6,259
1300,7,334
1300,8,163
1300,9,553
1300,10,136
1300,11,629
1300,12,170
1300,13,64
1300,14,680
1300,15,58
1300,16,353
1300,17,268
1300,18,195
1300,19,465
1300,20,150
1300,21,116
1300,22,550
1300,23,166
1300,24,201
1300,25,85
1300,26,463
1300,27,137
1300,28,512
1300,29,510
1300,30,663
1300,31,96
1300,32,272
1300,33,144
1300,34,334
1300,35,522
1300,36,193
1300,37,705
1300,38,72
1300,39,339
1300,40,386
1300,41,632
1300,42,222
1300,43,117
1300,44,601
1300,45,561
1300,46,61
1300,47,576
1300,48,479
1300,49,689
1300,50,477
1300,51,128
1300,52,211
1300,53,565
1300,54,99
1300,55,642
1300,56,54
1300,57,139
1300,58,501
1300,59,480
1300,60,298
1300,61,288
1300,62,648
1300,63,536
1300,64,528
1300,65,213
1300,66,223
1300,67,192
1300,68,540
1300,69,268
1300,70,154
1300,71,209
1300,72,679
1300,73,180
1300,74,225
1300,75,616
1300,76,349
1300,77,129
1300,78,542
1300,79,672
1300,80,566
1300,81,243
1300,82,154
1300,83,61
1300,84,539
1300,85,699
1300,86,378
1300,87,169
1300,88,477
1300,89,299
1300,90,159
1300,91,674
1300,92,156
1300,93,486
1300,94,589
1300,95,80
1300,96,562
1300,97,176
1300,98,146
1300,99,181
1300,100,490
1300,101,90
1300,102,139
1300,103,428
1300,104,58
1300,105,19
1300,106,683
1300,107,511
1300,108,53
1300,109,342
1300,110,406
1300,111,235
1300,112,618
1300,113,288
1300,114,351
1300,115,452
1300,116,428
1300,117,113
1300,118,413
1300,119,561
1300,120,206
1300,121,314
1300,122,437
1300,123,136
1300,124,415
1300,125,497
1300,126,244
1300,127,85
1300,128,407
1300,129,137
1300,130,182
1300,131,564
1300,132,74
1300,133,514
1300,134,682
1300,135,10
1300,136,631
1300,137,580
1300,138,82
1300,139,5
1300,140,644
1300,141,394
1300,142,24
1300,143,484
1300,144,42
1300,145,258
1300,146,601
1300,147,488
1300,148,475
1300,149,447
1300,150,422
1300,151,5
1300,152,465
1300,153,663
1300,154,49
1300,155,689
1300,156,326
1300,157,608
1300,158,143
1300,159,297
1300,160,198
1300,161,137
1300,162,558
1300,163,173
1300,164,228
1300,165,161
1300,166,657
1300,167,102
1300,168,466
1300,169,375
1300,170,353
1300,171,546
1300,172,198
1300,173,412
1300,174,336
1300,175,92
1300,176,428
1300,177,519
1300,178,329
1300,179,414
1300,180,10
1300,181,357
1300,182,146
1300,183,490
1300,184,290
1300,185,523
1300,186,632
1300,187,379
1300,188,103
1300,189,126
1300,190,213
1300,191,501
1300,192,609
1300,193,627
1300,194,657
1300,195,180
1300,196,674
1300,197,522
1300,198,57
1300,199,135
1300,200,199
1325,1,340
1325,2,49
1325,3,370
1325,4,358
1325,5,641
1325,6,194
1325,7,331
1325,8,191
1325,9,209
1325,10,58
1325,11,322
1325,12,365
1325,13,67
1325,14,526
1325,15,603
1325,16,15
1325,17,107
1325,18,315
1325,19,18
1325,20,555
1325,21,393
1325,22,576
1325,23,137
1325,24,331
1325,25,665
1325,26,598
1325,27,132
1325,28,650
1325,29,349
1325,30,142
1325,31,457
1325,32,257
1325,33,611
1325,34,610
1325,35,295
1325,36,218
1325,37,78
1325,38,301
1325,39,38
1325,40,512
1325,41,638
1325,42,437
1325,43,124
1325,44,102
1325,45,64
1325,46,360
1325,47,81
1325,48,440
1325,49,53
1325,50,401
1325,51,331
1325,52,185
1325,53,243
1325,54,534
1325,55,30
1325,56,397
1325,57,401
1325,58,298
1325,59,342
1325,60,413
1325,61,158
1325,62,476
1325,63,614
1325,64,423
1325,65,447
1325,66,383
1325,67,432
1325,68,205
1325,69,154
1325,70,221
1325,71,602
1325,72,47
1325,73,319
1325,74,148
1325,75,614
1325,76,526
1325,77,367
1325,78,444
1325,79,550
1325,80,211
1325,81,182
1325,82,329
1325,83,178
1325,84,521
1325,85,573
1325,86,154
1325,87,623
1325,88,282
1325,89,188
1325,90,30
1325,91,453
1325,92,549
1325,93,271
1325,94,668
1325,95,448
1325,96,661
1325,97,668
1325,98,129
1325,99,413
1325,100,140
1325,101,447
1325,102,459
1325,103,360
1325,104,203
1325,105,676
1325,106,268
1325,107,282
1325,108,107
1325,109,605
1325,110,115
1325,111,77
1325,112,215
1325,113,104
1325,114,534
1325,115,213
1325,116,228
1325,117,230
1325,118,221
1325,119,490
1325,120,290
1325,121,383
1325,122,304
1325,123,666
1325,124,88
1325,125,489
1325,126,498
1325,127,162
1325,128,215
1325,129,97
1325,130,487
1325,131,352
1325,132,372
1325,133,153
1325,134,260
1325,135,256
1325,136,287
1325,137,134
1325,138,680
1325,139,67
1325,140,125
1325,141,550
1325,142,357
1325,143,275
1325,144,454
1325,145,385
1325,146,164
1325,147,100
1325,148,375
1325,149,49
1325,150,446
1325,151,336
1325,152,154
1325,153,98
1325,154,423
1325,155,523
1325,156,552
1325,157,581
1325,158,419
1325,159,116
1325,160,558
1325,161,518
1325,162,456
1325,163,350
1325,164,459
1325,165,629
1325,166,424
1325,167,362
1325,168,200
1325,169,261
1325,170,622
1325,171,545
1325,172,296
1325,173,249
1325,174,159
1325,175,203
1325,176,34
1325,177,375
1325,178,56
1325,179,364
1325,180,433
1325,181,381
1325,182,498
1325,183,55
1325,184,295
1325,185,240
1325,186,279
1325,187,42
1325,188,661
1325,189,235
1325,190,74
1325,191,77
1325,192,447
1325,193,352
1325,194,434
1325,195,665
1325,196,609
1325,197,205
1325,198,237
1325,199,420
1325,200,312
1350,1,632
1350,2,135
1350,3,410
1350,4,629
1350,5,494
1350,6,532
1350,7,648
1350,8,362
1350,9,108
1350,10,403
1350,11,460
1350,12,638
1350,13,359
1350,14,120
1350,15,372
1350,16,336
1350,17,653
1350,18,291
1350,19,413
1350,20,554
1350,21,504
1350,22,248
1350,23,451
1350,24,519
1350,25,195
1350,26,92
1350,27,518
1350,28,27
1350,29,518
1350,30,24
1350,31,267
1350,32,95
1350,33,574
1350,34,77
1350,35,208
1350,36,517
1350,37,522
1350,38,380
1350,39,342
1350,40,576
1350,41,372
1350,42,205
1350,43,625
1350,44,555
1350,45,370
1350,46,300
1350,47,270
1350,48,485
1350,49,45
1350,50,476
1350,51,445
1350,52,614
1350,53,206
1350,54,454
1350,55,604
1350,56,76
1350,57,91
1350,58,431
1350,59,39
1350,60,360
1350,61,464
1350,62,408
1350,63,563
1350,64,562
1350,65,466
1350,66,619
1350,67,262
1350,68,328
1350,69,635
1350,70,118
1350,71,534
1350,72,128
1350,73,269
1350,74,269
1350,75,536
1350,76,36
1350,77,647
1350,78,409
1350,79,261
1350,80,77
1350,81,329
1350,82,260
1350,83,614
1350,84,32
1350,85,206
1350,86,452
1350,87,178
1350,88,439
1350,89,527
1350,90,28
1350,91,133
1350,92,391
1350,93,432
1350,94,114
1350,95,141
1350,96,429
1350,97,539
1350,98,381
1350,99,430
1350,100,634
1350,101,81
1350,102,35
1350,103,210
1350,104,537
1350,105,429
1350,106,184
1350,107,399
1350,108,327
1350,109,627
1350,110,313
1350,111,609
1350,112,507
1350,113,534
1350,114,28
1350,115,402
1350,116,629
1350,117,383
1350,118,153
1350,119,190
1350,120,322
1350,121,238
1350,122,178
1350,123,287
1350,124,32
1350,125,508
1350,126,192
1350,127,70
1350,128,439
1350,129,179
1350,130,495
1350,131,431
1350,132,87
1350,133,385
1350,134,26
1350,135,422
1350,136,159
1350,137,408
1350,138,108
1350,139,276
1350,140,283
1350,141,245
1350,142,496
1350,143,162
1350,144,474
1350,145,373
1350,146,593
1350,147,9
1350,148,121
1350,149,75
1350,150,145
1350,151,486
1350,152,580
1350,153,71
1350,154,258
1350,155,43
1350,156,639
1350,157,183
1350,158,439
1350,159,570
1350,160,405
1350,161,216
1350,162,630
1350,163,43
1350,164,93
1350,165,149
1350,166,312
1350,167,35
1350,168,358
1350,169,145
1350,170,436
1350,171,244
1350,172,630
1350,173,284
1350,174,111
1350,175,544
1350,176,61
1350,177,295
1350,178,600
1350,179,318
1350,180,402
1350,181,98
1350,182,395
1350,183,653
1350,184,228
1350,185,474
1350,186,198
1350,187,538
1350,188,601
1350,189,464
1350,190,245
1350,191,417
1350,192,523
1350,193,246
1350,194,569
1350,195,209
1350,196,420
1350,197,39
1350,198,166
1350,199,302
1350,200,358
1375,1,436
1375,2,461
1375,3,180
1375,4,313
1375,5,406
1375,6,372
1375,7,427
1375,8,56
1375,9,455
1375,10,95
1375,11,118
1375,12,434
1375,13,138
1375,14,612
1375,15,172
1375,16,367
1375,17,483
1375,18,199
1375,19,446
1375,20,187
1375,21,357
1375,22,244
1375,23,586
1375,24,207
1375,25,123
1375,26,209
1375,27,265
1375,28,264
1375,29,307
1375,30,606
1375,31,32
1375,32,306
1375,33,88
1375,34,312
1375,35,81
1375,36,625
1375,37,319
1375,38,338
1375,39,588
1375,40,10
1375,41,374
1375,42,332
1375,43,440
1375,44,596
1375,45,532
1375,46,364
1375,47,598
1375,48,585
1375,49,576
1375,50,171
1375,51,179
1375,52,6
1375,53,609
1375,54,288
1375,55,54
1375,56,187
1375,57,378
1375,58,520
1375,59,152
1375,60,24
1375,61,416
1375,62,441
1375,63,113
1375,64,573
1375,65,264
1375,66,379
1375,67,386
1375,68,93
1375,69,466
1375,70,557
1375,71,66
1375,72,51
1375,73,409
1375,74,337
1375,75,119
1375,76,313
1375,77,87
1375,78,509
1375,79,434
1375,80,510
1375,81,400
1375,82,443
1375,83,300
1375,84,339
1375,85,358
1375,86,341
1375,87,349
1375,88,360
1375,89,522
1375,90,98
1375,91,625
1375,92,623
1375,93,622
1375,94,400
1375,95,76
1375,96,336
1375,97,497
1375,98,481
1375,99,474
1375,100,107
1375,101,346
1375,102,418
1375,103,126
1375,104,47
1375,105,209
1375,106,117
1375,107,536
1375,108,231
1375,109,60
1375,110,548
1375,111,627
1375,112,8
1375,113,166
1375,114,597
1375,115,480
1375,116,393
1375,117,317
1375,118,203
1375,119,316
1375,120,80
1375,121,335
1375,122,623
1375,123,44
1375,124,86
1375,125,23
1375,126,157
1375,127,547
1375,128,206
1375,129,73
1375,130,402
1375,131,183
1375,132,500
1375,133,570
1375,134,417
1375,135,536
1375,136,370
1375,137,111
1375,138,117
1375,139,286
1375,140,332
1375,141,180
1375,142,217
1375,143,575
1375,144,7
1375,145,145
1375,146,451
1375,147,113
1375,148,89
1375,149,433
1375,150,598
1375,151,517
1375,152,628
1375,153,204
1375,154,131
1375,155,299
1375,156,163
1375,157,538
1375,158,137
1375,159,408
1375,160,409
1375,161,556
1375,162,390
1375,163,15
1375,164,168
1375,165,493
1375,166,457
1375,167,470
1375,168,450
1375,169,610
1375,170,475
1375,171,547
1375,172,419
1375,173,22
1375,174,602
1375,175,308
1375,176,131
1375,177,146
1375,178,120
1375,179,280
1375,180,573
1375,181,412
1375,182,562
1375,183,195
1375,184,131
1375,185,267
1375,186,548
1375,187,246
1375,188,394
1375,189,32
1375,190,7
1375,191,288
1375,192,496
1375,193,244
1375,194,505
1375,195,607
1375,196,242
1375,197,243
1375,198,325
1375,199,133
1375,200,202
1400,1,105
1400,2,172
1400,3,383
1400,4,492
1400,5,366
1400,6,20
1400,7,260
1400,8,21
1400,9,289
1400,10,145
1400,11,318
1400,12,463
1400,13,269
1400,14,486
1400,15,591
1400,16,450
1400,17,310
1400,18,468
1400,19,415
1400,20,515
1400,21,331
1400,22,212
1400,23,498
1400,24,213
1400,25,531
1400,26,158
1400,27,175
1400,28,329
1400,29,4
1400,30,421
1400,31,80
1400,32,84
1400,33,219
1400,34,492
1400,35,498
1400,36,44
1400,37,424
1400,38,64
1400,39,492
1400,40,376
1400,41,18
1400,42,228
1400,43,433
1400,44,476
1400,45,79
1400,46,309
1400,47,444
1400,48,175
1400,49,55
1400,50,274
1400,51,422
1400,52,56
1400,53,340
1400,54,357
1400,55,598
1400,56,129
1400,57,186
1400,58,357
1400,59,344
1400,60,427
1400,61,444
1400,62,311
1400,63,478
1400,64,422
1400,65,240
1400,66,423
1400,67,293
1400,68,351
1400,69,60
1400,70,118
1400,71,231
1400,72,101
1400,73,550
1400,74,126
1400,75,56
1400,76,357
1400,77,288
1400,78,324
1400,79,417
1400,80,148
1400,81,294
1400,82,573
1400,83,409
1400,84,457
1400,85,469
1400,86,213
1400,87,28
1400,88,294
1400,89,115
1400,90,502
1400,91,60
1400,92,479
1400,93,454
1400,94,487
1400,95,391
1400,96,296
1400,97,182
1400,98,548
1400,99,245
1400,100,578
1400,101,218
1400,102,262
1400,103,295
1400,104,51
1400,105,90
1400,106,335
1400,107,37
1400,108,45
1400,109,343
1400,110,224
1400,111,78
1400,112,590
1400,113,153
1400,114,129
1400,115,572
1400,116,198
1400,117,112
1400,118,374
1400,119,465
1400,120,361
1400,121,484
1400,122,239
1400,123,566
1400,124,217
1400,125,534
1400,126,278
1400,127,603
1400,128,473
1400,129,473
1400,130,452
1400,131,139
1400,132,558
1400,133,406
1400,134,329
1400,135,258
1400,136,368
1400,137,1
1400,138,438
1400,139,237
1400,140,215
1400,141,480
1400,142,592
1400,143,581
1400,144,21
1400,145,326
1400,146,317
1400,147,22
1400,148,417
1400,149,539
1400,150,519
1400,151,338
1400,152,233
1400,153,150
1400,154,166
1400,155,9
1400,156,236
1400,157,454
1400,158,545
1400,159,532
1400,160,551
1400,161,563
1400,162,63
1400,163,51
1400,164,398
1400,165,276
1400,166,269
1400,167,213
1400,168,252
1400,169,84
1400,170,117
1400,171,451
1400,172,394
1400,173,367
1400,174,451
1400,175,35
1400,176,489
1400,177,201
1400,178,383
1400,179,107
1400,180,166
1400,181,411
1400,182,170
1400,183,314
1400,184,86
1400,185,306
1400,186,465
1400,187,41
1400,188,114
1400,189,600
1400,190,471
1400,191,298
1400,192,229
1400,193,201
1400,194,132
1400,195,283
1400,196,565
1400,197,380
1400,198,7
1400,199,592
1400,200,517
1425,1,484
1425,2,462
1425,3,184
1425,4,490
1425,5,47
1425,6,472
1425,7,3
1425,8,537
1425,9,419
1425,10,380
1425,11,534
1425,12,134
1425,13,357
1425,14,437
1425,15,172
1425,16,176
1425,17,477
1425,18,28
1425,19,449
1425,20,146
1425,21,461
1425,22,174
1425,23,356
1425,24,33
1425,25,355
1425,26,482
1425,27,8
1425,28,380
1425,29,321
1425,30,416
1425,31,274
1425,32,256
1425,33,394
1425,34,66
1425,35,517
1425,36,460
1425,37,101
1425,38,98
1425,39,171
1425,40,347
1425,41,431
1425,42,226
1425,43,145
1425,44,43
1425,45,171
1425,46,122
1425,47,152
1425,48,498
1425,49,374
1425,50,438
1425,51,349
1425,52,206
1425,53,301
1425,54,128
1425,55,142
1425,56,468
1425,57,538
1425,58,248
1425,59,179
1425,60,441
1425,61,247
1425,62,487
1425,63,89
1425,64,256
1425,65,335
1425,66,422
1425,67,479
1425,68,390
1425,69,78
1425,70,510
1425,71,360
1425,72,305
1425,73,422
1425,74,121
1425,75,39
1425,76,107
1425,77,57
1425,78,78
1425,79,52
1425,80,223
1425,81,322
1425,82,27
1425,83,217
1425,84,418
1425,85,391
1425,86,39
1425,87,98
1425,88,259
1425,89,101
1425,90,391
1425,91,91
1425,92,190
1425,93,342
1425,94,287
1425,95,42
1425,96,12
1425,97,249
1425,98,299
1425,99,507
1425,100,494
1425,101,90
1425,102,389
1425,103,358
1425,104,138
1425,105,122
1425,106,381
1425,107,397
1425,108,362
1425,109,161
1425,110,526
1425,111,169
1425,112,561
1425,113,568
1425,114,198
1425,115,75
1425,116,166
1425,117,369
1425,118,290
1425,119,491
1425,120,410
1425,121,18
1425,122,234
1425,123,187
1425,124,526
1425,125,74
1425,126,451
1425,127,511
1425,128,64
1425,129,383
1425,130,566
1425,131,303
1425,132,29
1425,133,469
1425,134,308
1425,135,350
1425,136,333
1425,137,75
1425,138,485
1425,139,265
1425,140,176
1425,141,300
1425,142,534
1425,143,267
1425,144,417
1425,145,379
1425,146,249
1425,147,115
1425,148,545
1425,149,368
1425,150,117
1425,151,15
1425,152,430
1425,153,337
1425,154,540
1425,155,67
1425,156,328
1425,157,422
1425,158,273
1425,159,391
1425,160,504
1425,161,498
1425,162,452
1425,163,313
1425,164,103
1425,165,3
1425,166,500
1425,167,352
1425,168,284
1425,169,416
1425,170,393
1425,171,289
1425,172,421
1425,173,363
1425,174,159
1425,175,477
1425,176,73
1425,177,235
1425,178,549
1425,179,405
1425,180,278
1425,181,135
1425,182,305
1425,183,204
1425,184,102
1425,185,173
1425,186,517
1425,187,309
1425,188,447
1425,189,362
1425,190,461
1425,191,133
1425,192,348
1425,193,187
1425,194,473
1425,195,475
1425,196,53
1425,197,170
1425,198,366
1425,199,322
1425,200,307
1450,1,197
1450,2,451
1450,3,15
1450,4,305
1450,5,163
1450,6,398
1450,7,94
1450,8,409
1450,9,99
1450,10,484
1450,11,346
1450,12,191
1450,13,540
1450,14,144
1450,15,263
1450,16,367
1450,17,526
1450,18,346
1450,19,38
1450,20,35
1450,21,262
1450,22,373
1450,23,388
1450,24,448
1450,25,522
1450,26,481
1450,27,278
1450,28,432
1450,29,15
1450,30,213
1450,31,67
1450,32,61
1450,33,264
1450,34,92
1450,35,414
1450,36,508
1450,37,451
1450,38,542
1450,39,180
1450,40,542
1450,41,210
1450,42,550
1450,43,476
1450,44,13
1450,45,276
1450,46,337
1450,47,98
1450,48,61
1450,49,211
1450,50,64
1450,51,368
1450,52,350
1450,53,166
1450,54,284
1450,55,499
1450,56,36
1450,57,42
1450,58,306
1450,59,58
1450,60,491
1450,61,207
1450,62,517
1450,63,30
1450,64,535
1450,65,100
1450,66,268
1450,67,293
1450,68,155
1450,69,176
1450,70,328
1450,71,16
1450,72,522
1450,73,117
1450,74,94
1450,75,139
1450,76,93
1450,77,415
1450,78,220
1450,79,98
1450,80,332
1450,81,400
1450,82,391
1450,83,146
1450,84,381
1450,85,133
1450,86,495
1450,87,450
1450,88,148
1450,89,534
1450,90,342
1450,91,282
1450,92,261
1450,93,433
1450,94,423
1450,95,180
1450,96,82
1450,97,366
1450,98,346
1450,99,420
1450,100,156
1450,101,536
1450,102,83
1450,103,124
1450,104,486
1450,105,439
1450,106,126
1450,107,424
1450,108,346
1450,109,17
1450,110,413
1450,111,64
1450,112,481
1450,113,364
1450,114,323
1450,115,212
1450,116,379
1450,117,271
1450,118,231
1450,119,405
1450,120,115
1450,121,529
1450,122,341
1450,123,55
1450,124,246
1450,125,388
1450,126,444
1450,127,172
1450,128,136
1450,129,278
1450,130,116
1450,131,374
1450,132,246
1450,133,469
1450,134,171
1450,135,488
1450,136,331
1450,137,415
1450,138,179
1450,139,278
1450,140,81
1450,141,29
1450,142,108
1450,143,256
1450,144,116
1450,145,460
1450,146,197
1450,147,253
1450,148,471
1450,149,384
1450,150,500
1450,151,162
1450,152,279
1450,153,17
1450,154,130
1450,155,215
1450,156,166
1450,157,256
1450,158,60
1450,159,359
1450,160,107
1450,161,437
1450,162,539
1450,163,124
1450,164,253
1450,165,19
1450,166,60
1450,167,114
1450,168,170
1450,169,59
1450,170,427
1450,171,404
1450,172,459
1450,173,367
1450,174,202
1450,175,466
1450,176,345
1450,177,533
1450,178,353
1450,179,8
1450,180,328
1450,181,317
1450,182,401
1450,183,370
1450,184,51
1450,185,258
1450,186,384
1450,187,8
1450,188,427
1450,189,444
1450,190,399
1450,191,272
1450,192,86
1450,193,346
1450,194,28
1450,195,169
1450,196,129
1450,197,437
1450,198,514
1450,199,520
1450,200,279
1475,1,190
1475,2,184
1475,3,218
1475,4,51
1475,5,284
1475,6,418
1475,7,341
1475,8,438
1475,9,34
1475,10,238
1475,11,365
1475,12,524
1475,13,71
1475,14,139
1475,15,526
1475,16,162
1475,17,274
1475,18,397
1475,19,485
1475,20,7
1475,21,178
1475,22,145
1475,23,73
1475,24,273
1475,25,456
1475,26,242
1475,27,390
1475,28,40
1475,29,353
1475,30,507
1475,31,354
1475,32,178
1475,33,192
1475,34,328
1475,35,370
1475,36,171
1475,37,121
1475,38,520
1475,39,316
1475,40,252
1475,41,301
1475,42,124
1475,43,363
1475,44,26
1475,45,308
1475,46,308
1475,47,206
1475,48,308
1475,49,504
1475,50,116
1475,51,498
1475,52,337
1475,53,433
1475,54,93
1475,55,501
1475,56,285
1475,57,52
1475,58,365
1475,59,134
1475,60,73
1475,61,121
1475,62,390
1475,63,447
1475,64,435
1475,65,214
1475,66,364
1475,67,518
1475,68,438
1475,69,232
1475,70,416
1475,71,236
1475,72,64
1475,73,27
1475,74,108
1475,75,155
1475,76,62
1475,77,111
1475,78,351
1475,79,260
1475,80,483
1475,81,354
1475,82,240
1475,83,265
1475,84,482
1475,85,11
1475,86,515
1475,87,24
1475,88,133
1475,89,303
1475,90,255
1475,91,256
1475,92,304
1475,93,434
1475,94,352
1475,95,419
1475,96,197
1475,97,422
1475,98,93
1475,99,116
1475,100,492
1475,101,345
1475,102,264
1475,103,154
1475,104,433
1475,105,506
1475,106,159
1475,107,81
1475,108,236
1475,109,406
1475,110,525
1475,111,186
1475,112,424
1475,113,393
1475,114,70
1475,115,444
1475,116,216
1475,117,525
1475,118,167
1475,119,14
1475,120,402
1475,121,133
1475,122,120
1475,123,380
1475,124,436
1475,125,490
1475,126,225
1475,127,517
1475,128,173
1475,129,425
1475,130,238
1475,131,404
1475,132,182
1475,133,257
1475,134,152
1475,135,462
1475,136,50
1475,137,322
1475,138,414
1475,139,34
1475,140,22
1475,141,374
1475,142,308
1475,143,342
1475,144,151
1475,145,55
1475,146,456
1475,147,234
1475,148,208
1475,149,314
1475,150,82
1475,151,361
1475,152,142
1475,153,325
1475,154,258
1475,155,142
1475,156,355
1475,157,284
1475,158,338
1475,159,323
1475,160,277
1475,161,393
1475,162,356
1475,163,408
1475,164,120
1475,165,252
1475,166,57
1475,167,496
1475,168,380
1475,169,137
1475,170,516
1475,171,223
1475,172,46
1475,173,59
1475,174,328
1475,175,10
1475,176,54
1475,177,313
1475,178,242
1475,179,459
1475,180,379
1475,181,213
1475,182,189
1475,183,51
1475,184,59
1475,185,302
1475,186,91
1475,187,83
1475,188,429
1475,189,250
1475,190,331
1475,191,60
1475,192,492
1475,193,381
1475,194,305
1475,195,508
1475,196,465
1475,197,156
1475,198,306
1475,199,268
1475,200,305
1500,1,75
1500,2,159
1500,3,346
1500,4,171
1500,5,261
1500,6,413
1500,7,266
1500,8,155
1500,9,262
1500,10,129
1500,11,280
1500,12,489
1500,13,352
1500,14,428
1500,15,434
1500,16,185
1500,17,99
1500,18,389
1500,19,380
1500,20,452
1500,21,95
1500,22,370
1500,23,385
1500,24,405
1500,25,200
1500,26,386
1500,27,484
1500,28,13
1500,29,421
1500,30,320
1500,31,330
1500,32,264
1500,33,318
1500,34,310
1500,35,195
1500,36,460
1500,37,236
1500,38,107
1500,39,180
1500,40,400
1500,41,48
1500,42,327
1500,43,345
1500,44,109
1500,45,114
1500,46,74
1500,47,458
1500,48,395
1500,49,318
1500,50,299
1500,51,197
1500,52,58
1500,53,91
1500,54,270
1500,55,316
1500,56,332
1500,57,426
1500,58,430
1500,59,425
1500,60,48
1500,61,54
1500,62,361
1500,63,44
1500,64,310
1500,65,347
1500,66,47
1500,67,281
1500,68,72
1500,69,246
1500,70,421
1500,71,232
1500,72,430
1500,73,315
1500,74,392
1500,75,207
1500,76,465
1500,77,494
1500,78,17
1500,79,185
1500,80,110
1500,81,335
1500,82,433
1500,83,210
1500,84,319
1500,85,433
1500,86,6
1500,87,138
1500,88,333
1500,89,323
1500,90,274
1500,91,234
1500,92,413
1500,93,259
1500,94,52
1500,95,82
1500,96,304
1500,97,128
1500,98,229
1500,99,1
1500,100,68
1500,101,486
1500,102,317
1500,103,134
1500,104,202
1500,105,375
1500,106,118
1500,107,334
1500,108,158
1500,109,415
1500,110,62
1500,111,342
1500,112,403
1500,113,209
1500,114,25
1500,115,7
1500,116,326
1500,117,21
1500,118,72
1500,119,56
1500,120,223
1500,121,435
1500,122,250
1500,123,338
1500,124,121
1500,125,179
1500,126,269
1500,127,497
1500,128,175
1500,129,265
1500,130,435
1500,131,433
1500,132,455
1500,133,166
1500,134,124
1500,135,225
1500,136,239
1500,137,447
1500,138,240
1500,139,489
1500,140,439
1500,141,309
1500,142,307
1500,143,368
1500,144,393
1500,145,187
1500,146,136
1500,147,110
1500,148,142
1500,149,289
1500,150,185
1500,151,384
1500,152,104
1500,153,244
1500,154,104
1500,155,419
1500,156,244
1500,157,224
1500,158,134
1500,159,152
1500,160,246
1500,161,106
1500,162,263
1500,163,368
1500,164,39
1500,165,82
1500,166,119
1500,167,25
1500,168,216
1500,169,356
1500,170,373
1500,171,86
1500,172,10
1500,173,183
1500,174,390
1500,175,44
1500,176,283
1500,177,320
1500,178,76
1500,179,259
1500,180,161
1500,181,358
1500,182,447
1500,183,133
1500,184,156
1500,185,3
1500,186,502
1500,187,223
1500,188,322
1500,189,71
1500,190,217
1500,191,249
1500,192,489
1500,193,357
1500,194,37
1500,195,281
1500,196,420
1500,197,364
1500,198,169
1500,199,414
1500,200,144
