segment_length,run_index,rank,births
40,1,0,""
40,2,0,""
40,3,0,""
40,4,0,""
40,5,0,""
40,6,0,""
40,7,0,""
40,8,0,""
40,9,0,""
40,10,0,""
40,11,0,""
40,12,0,""
40,13,0,""
40,14,0,""
40,15,0,""
40,16,0,""
40,17,0,""
40,18,0,""
40,19,0,""
40,20,0,""
40,21,0,""
40,22,0,""
40,23,0,""
40,24,0,""
40,25,0,""
40,26,0,""
40,27,0,""
40,28,0,""
40,29,0,""
40,30,0,""
40,31,0,""
40,32,0,""
40,33,0,""
40,34,0,""
40,35,0,""
40,36,0,""
40,37,0,""
40,38,0,""
40,39,0,""
40,40,0,""
40,41,0,""
40,42,0,""
40,43,0,""
40,44,0,""
40,45,0,""
40,46,0,""
40,47,0,""
40,48,0,""
40,49,0,""
40,50,0,""
40,51,0,""
40,52,0,""
40,53,0,""
40,54,0,""
40,55,0,""
40,56,0,""
40,57,0,""
40,58,0,""
40,59,0,""
40,60,0,""
40,61,0,""
40,62,0,""
40,63,0,""
40,64,0,""
40,65,0,""
40,66,0,""
40,67,0,""
40,68,0,""
40,69,0,""
40,70,0,""
40,71,0,""
40,72,0,""
40,73,0,""
40,74,0,""
40,75,0,""
40,76,0,""
40,77,0,""
40,78,0,""
40,79,0,""
40,80,0,""
40,81,0,""
40,82,0,""
40,83,0,""
40,84,0,""
40,85,0,""
40,86,0,""
40,87,0,""
40,88,0,""
40,89,0,""
40,90,0,""
40,91,0,""
40,92,0,""
40,93,0,""
40,94,0,""
40,95,0,""
40,96,0,""
40,97,0,""
40,98,0,""
40,99,0,""
40,100,0,""
40,101,0,""
40,102,0,""
40,103,0,""
40,104,0,""
40,105,0,""
40,106,0,""
40,107,0,""
40,108,0,""
40,109,0,""
40,110,0,""
40,111,0,""
40,112,0,""
40,113,0,""
40,114,0,""
40,115,0,""
40,116,0,""
40,117,0,""
40,118,0,""
40,119,0,""
40,120,0,""
40,121,0,""
40,122,0,""
40,123,0,""
40,124,0,""
40,125,0,""
40,126,0,""
40,127,0,""
40,128,0,""
40,129,0,""
40,130,0,""
40,131,0,""
40,132,0,""
40,133,0,""
40,134,0,""
40,135,0,""
40,136,0,""
40,137,0,""
40,138,0,""
40,139,0,""
40,140,0,""
40,141,0,""
40,142,0,""
40,143,0,""
40,144,0,""
40,145,0,""
40,146,0,""
40,147,0,""
40,148,0,""
40,149,0,""
40,150,0,""
80,1,0,""
80,2,0,""
80,3,0,""
80,4,0,""
80,5,0,""
80,6,0,""
80,7,0,""
80,8,0,""
80,9,0,""
80,10,0,""
80,11,0,""
80,12,0,""
80,13,0,""
80,14,0,""
80,15,0,""
80,16,0,""
80,17,0,""
80,18,0,""
80,19,0,""
80,20,0,""
80,21,0,""
80,22,0,""
80,23,0,""
80,24,0,""
80,25,0,""
80,26,0,""
80,27,0,""
80,28,0,""
80,29,0,""
80,30,0,""
80,31,0,""
80,32,0,""
80,33,0,""
80,34,0,""
80,35,0,""
80,36,0,""
80,37,0,""
80,38,0,""
80,39,0,""
80,40,0,""
80,41,0,""
80,42,0,""
80,43,0,""
80,44,0,""
80,45,0,""
80,46,0,""
80,47,0,""
80,48,0,""
80,49,0,""
80,50,0,""
80,51,0,""
80,52,0,""
80,53,0,""
80,54,0,""
80,55,0,""
80,56,0,""
80,57,0,""
80,58,0,""
80,59,0,""
80,60,0,""
80,61,0,""
80,62,0,""
80,63,0,""
80,64,0,""
80,65,0,""
80,66,0,""
80,67,0,""
80,68,0,""
80,69,0,""
80,70,0,""
80,71,0,""
80,72,0,""
80,73,0,""
80,74,0,""
80,75,0,""
80,76,0,""
80,77,0,""
80,78,0,""
80,79,0,""
80,80,0,""
80,81,0,""
80,82,0,""
80,83,0,""
80,84,0,""
80,85,0,""
80,86,0,""
80,87,0,""
80,88,0,""
80,89,0,""
80,90,0,""
80,91,0,""
80,92,0,""
80,93,0,""
80,94,0,""
80,95,0,""
80,96,0,""
80,97,0,""
80,98,0,""
80,99,0,""
80,100,0,""
80,101,0,""
80,102,0,""
80,103,0,""
80,104,0,""
80,105,0,""
80,106,0,""
80,107,0,""
80,108,0,""
80,109,0,""
80,110,0,""
80,111,0,""
80,112,0,""
80,113,0,""
80,114,0,""
80,115,0,""
80,116,0,""
80,117,0,""
80,118,0,""
80,119,0,""
80,120,0,""
80,121,0,""
80,122,0,""
80,123,0,""
80,124,0,""
80,125,0,""
80,126,0,""
80,127,0,""
80,128,0,""
80,129,0,""
80,130,0,""
80,131,0,""
80,132,0,""
80,133,0,""
80,134,0,""
80,135,0,""
80,136,0,""
80,137,0,""
80,138,0,""
80,139,0,""
80,140,0,""
80,141,1,"0.18903927529227477"
80,142,0,""
80,143,0,""
80,144,0,""
80,145,0,""
80,146,0,""
80,147,0,""
80,148,0,""
80,149,0,""
80,150,1,"0.1919462616627348"
120,1,0,""
120,2,0,""
120,3,1,"0.16879916114372903"
120,4,0,""
120,5,1,"0.11181573340468487"
120,6,0,""
120,7,1,"0.1387244906258651"
120,8,1,"0.12060797864980981"
120,9,0,""
120,10,1,"0.07976877829169875"
120,11,0,""
120,12,1,"0.07988953202341242"
120,13,1,"0.12083223832474517"
120,14,1,"0.07754052405804249"
120,15,1,"0.10306789061681729"
120,16,1,"0.07977948825751291"
120,17,1,"0.08464450188104246"
120,18,1,"0.08937327718180274"
120,19,1,"0.08795987392779386"
120,20,0,""
120,21,0,""
120,22,1,"0.07995261656723351"
120,23,0,""
120,24,1,"0.07951132382612949"
120,25,1,"0.09409824698965709"
120,26,0,""
120,27,0,""
120,28,0,""
120,29,0,""
120,30,1,"0.11169204815807328"
120,31,0,""
120,32,1,"0.16440935879703458"
120,33,1,"0.16468556679424157"
120,34,1,"0.1647579771826164"
120,35,1,"0.07780566214561156"
120,36,1,"0.07980532765159769"
120,37,0,""
120,38,1,"0.12120701687328814"
120,39,0,""
120,40,1,"0.12094598902217575"
120,41,0,""
120,42,1,"0.0801219376169581"
120,43,1,"0.07764777577547712"
120,44,1,"0.0799322722436407"
120,45,1,"0.07961244469617378"
120,46,1,"0.07938908965475898"
120,47,1,"0.13365256890940808"
120,48,1,"0.1554981533359968"
120,49,0,""
120,50,1,"0.08769317609181945"
120,51,0,""
120,52,1,"0.1945570941018675"
120,53,1,"0.12122066108724497"
120,54,1,"0.07973111104166637"
120,55,1,"0.14337963200107504"
120,56,0,""
120,57,1,"0.1655358648365252"
120,58,1,"0.07999017328987452"
120,59,0,""
120,60,0,""
120,61,1,"0.16454087366115747"
120,62,1,"0.0774662739527863"
120,63,1,"0.08912865641430252"
120,64,1,"0.0801586158105269"
120,65,1,"0.08025302226045569"
120,66,1,"0.1696373150022832"
120,67,1,"0.07953237397021921"
120,68,1,"0.07754052405804249"
120,69,1,"0.11212279593749579"
120,70,1,"0.07750350695309245"
120,71,1,"0.07746814459486177"
120,72,1,"0.07776264441491262"
120,73,1,"0.12709031149133868"
120,74,1,"0.08011348659980513"
120,75,1,"0.07730361928683616"
120,76,1,"0.08025302226045569"
120,77,0,""
120,78,1,"0.07744058794034059"
120,79,0,""
120,80,1,"0.07951794822342859"
120,81,1,"0.16879916114372903"
120,82,1,"0.0797126919591634"
120,83,0,""
120,84,1,"0.12058002633829565"
120,85,1,"0.16879916114372903"
120,86,1,"0.11167556837650029"
120,87,1,"0.09565182695249898"
120,88,1,"0.16545349249691882"
120,89,1,"0.1003398201543063"
120,90,1,"0.08006958917667098"
120,91,1,"0.07984682286479516"
120,92,1,"0.07762286193960385"
120,93,0,""
120,94,1,"0.07964402858728074"
120,95,1,"0.12055387242525077"
120,96,1,"0.09688036816449583"
120,97,1,"0.07749927403368606"
120,98,1,"0.09364169231888553"
120,99,1,"0.09344018523175728"
120,100,1,"0.07951132382612949"
120,101,1,"0.07736307117782452"
120,102,0,""
120,103,1,"0.07741209028079615"
120,104,1,"0.09337488729890153"
120,105,1,"0.19020761671371525"
120,106,1,"0.0795499622765543"
120,107,0,""
120,108,1,"0.07768644794692159"
120,109,1,"0.16478474060566964"
120,110,1,"0.07949950826281287"
120,111,1,"0.07762286193960385"
120,112,1,"0.09885750216034421"
120,113,1,"0.07953483557999975"
120,114,1,"0.07984543345137665"
120,115,0,""
120,116,1,"0.0787977016313878"
120,117,1,"0.07726413360811832"
120,118,1,"0.08896354152112494"
120,119,0,""
120,120,1,"0.07959600752019123"
120,121,1,"0.11179716851959802"
120,122,0,""
120,123,1,"0.16128883824036228"
120,124,1,"0.08001983517314364"
120,125,1,"0.07749927403368606"
120,126,0,""
120,127,1,"0.07938303849407986"
120,128,1,"0.11197587403617378"
120,129,1,"0.1120156433438323"
120,130,1,"0.07969376410097934"
120,131,1,"0.07738344669373572"
120,132,1,"0.0796334310125406"
120,133,1,"0.07996248656966055"
120,134,1,"0.07951794822342859"
120,135,1,"0.0777237998774217"
120,136,1,"0.0777237998774217"
120,137,1,"0.12345553740238598"
120,138,1,"0.0797171981518255"
120,139,0,""
120,140,0,""
120,141,1,"0.11635220041566031"
120,142,0,""
120,143,1,"0.13987071652949506"
120,144,1,"0.07759595397628948"
120,145,1,"0.0772785287501837"
120,146,0,""
120,147,0,""
120,148,0,""
120,149,1,"0.17810639955931562"
120,150,1,"0.164947442656766"
160,1,2,"0.09688036816449583;0.12289554003673653"
160,2,2,"0.07735468521657277;0.16508849552751015"
160,3,1,"0.0777237998774217"
160,4,1,"0.07740125342334275"
160,5,1,"0.07780566214561156"
160,6,2,"0.08090794784970207;0.16498054918595279"
160,7,1,"0.07728140321854694"
160,8,1,"0.07741411700249308"
160,9,1,"0.0801894972189879"
160,10,1,"0.08011591117477468"
160,11,1,"0.11172722308655302"
160,12,1,"0.09820581859306002"
160,13,1,"0.07755411423556724"
160,14,1,"0.07974049760129004"
160,15,1,"0.0776427351841467"
160,16,1,"0.07976876744633432"
160,17,1,"0.07994297760342989"
160,18,1,"0.09102822786562459"
160,19,1,"0.0798303081808771"
160,20,2,"0.07963965991418757;0.1790449120867518"
160,21,1,"0.08006200446290863"
160,22,2,"0.12095073618581616;0.16630138396704333"
160,23,1,"0.07940315680667932"
160,24,1,"0.07956577758614615"
160,25,1,"0.08752213953561705"
160,26,1,"0.07965783673722998"
160,27,1,"0.07740852165177489"
160,28,1,"0.0800447094266282"
160,29,1,"0.08022098816670503"
160,30,2,"0.092588957675657;0.1444345244027985"
160,31,1,"0.07741209028079615"
160,32,1,"0.07969376410097934"
160,33,1,"0.07975450701291849"
160,34,1,"0.07726812635329089"
160,35,1,"0.07737651056750346"
160,36,1,"0.07741035674892784"
160,37,1,"0.07765791029798777"
160,38,1,"0.07935927633698553"
160,39,1,"0.07968939187696762"
160,40,1,"0.07985553601069319"
160,41,1,"0.08780801277209144"
160,42,1,"0.07780566214561156"
160,43,1,"0.07985055785917237"
160,44,1,"0.07994601681377275"
160,45,2,"0.12114509022205878;0.13252925811944635"
160,46,2,"0.1120395240460136;0.16630138396704333"
160,47,1,"0.07728393131973674"
160,48,1,"0.07970828400354547"
160,49,1,"0.07964832418204525"
160,50,1,"0.08013746592329797"
160,51,1,"0.07936070139310004"
160,52,1,"0.07971025641223303"
160,53,1,"0.07774584371775399"
160,54,1,"0.12090914461464712"
160,55,1,"0.07970588145419956"
160,56,1,"0.08012833640580619"
160,57,1,"0.07733849814424587"
160,58,2,"0.07765791029798777;0.16511174679757423"
160,59,1,"0.07960136296707464"
160,60,1,"0.07738344669373572"
160,61,1,"0.08001983517314364"
160,62,1,"0.08605201596095864"
160,63,1,"0.07981031628964246"
160,64,1,"0.07976395583964045"
160,65,1,"0.07953809037943119"
160,66,2,"0.0798303081808771;0.17920838698484615"
160,67,2,"0.11171222803803303;0.14337963200107504"
160,68,1,"0.07725910424408876"
160,69,1,"0.07726812635329089"
160,70,1,"0.08006958917667098"
160,71,1,"0.0971908068213332"
160,72,2,"0.10826801563523254;0.12055535926760955"
160,73,1,"0.08008404746087114"
160,74,1,"0.08793550712818855"
160,75,2,"0.09688036816449583;0.1536646137341771"
160,76,1,"0.08023691402493309"
160,77,1,"0.07968775266563818"
160,78,1,"0.0797171981518255"
160,79,1,"0.07757245449373723"
160,80,1,"0.07990542333401618"
160,81,1,"0.0787977016313878"
160,82,1,"0.09173613861972406"
160,83,1,"0.09652224498433477"
160,84,1,"0.07940155806571883"
160,85,1,"0.08010378999853013"
160,86,1,"0.07962491182663779"
160,87,2,"0.12069281576447909;0.1554981533359968"
160,88,1,"0.07938303849407986"
160,89,1,"0.09942143480645929"
160,90,1,"0.07730063145636767"
160,91,1,"0.08001857596837333"
160,92,1,"0.07735139581339796"
160,93,1,"0.079454033273145"
160,94,2,"0.12056217656424074;0.19856254803808024"
160,95,1,"0.07951619810483126"
160,96,1,"0.07731107657770836"
160,97,1,"0.0772950942666094"
160,98,1,"0.07955026600169207"
160,99,1,"0.07999235762722826"
160,100,1,"0.0772760043866706"
160,101,1,"0.08020517606153048"
160,102,1,"0.07777380746935429"
160,103,1,"0.0797498299434842"
160,104,1,"0.07912065945405784"
160,105,1,"0.07951243512911943"
160,106,1,"0.07936810210321078"
160,107,2,"0.09261624664721844;0.1508418221033165"
160,108,1,"0.08489337753778413"
160,109,1,"0.07760811945235618"
160,110,1,"0.07940639740878276"
160,111,2,"0.0799322722436407;0.1964285009758652"
160,112,2,"0.09571336153673106;0.12463948257132938"
160,113,2,"0.09540661828698392;0.12061846411819274"
160,114,1,"0.07968775266563818"
160,115,1,"0.07999235762722826"
160,116,1,"0.07957965709168073"
160,117,1,"0.07976748636012675"
160,118,1,"0.07746407210020959"
160,119,1,"0.11171698542090472"
160,120,1,"0.07762286193960385"
160,121,2,"0.07732617455345704;0.19601085687467817"
160,122,1,"0.07757718914231518"
160,123,1,"0.07751210046407041"
160,124,1,"0.08007631212462532"
160,125,1,"0.07963259452296789"
160,126,1,"0.0799015290440094"
160,127,1,"0.07728393131973674"
160,128,1,"0.07994601681377275"
160,129,2,"0.10115510537217993;0.12952288120549857"
160,130,1,"0.07983532984633045"
160,131,1,"0.07955026600169207"
160,132,1,"0.11173883809541774"
160,133,1,"0.07996794988279962"
160,134,1,"0.07735313213156171"
160,135,1,"0.08003883415715331"
160,136,1,"0.0801586158105269"
160,137,1,"0.077265336586839"
160,138,2,"0.12066199673393468;0.19856254803808024"
160,139,2,"0.0796921684310257;0.1793498882571401"
160,140,2,"0.11492384268796774;0.11976846660053157"
160,141,1,"0.07727333272180772"
160,142,1,"0.08001278487661209"
160,143,1,"0.08025302226045569"
160,144,2,"0.0992942594711081;0.12079543903361477"
160,145,2,"0.11189937148743011;0.1554981533359968"
160,146,1,"0.07951628466106313"
160,147,2,"0.07760078926689598;0.1803637917741113"
160,148,1,"0.10433175014325305"
160,149,2,"0.0992942594711081;0.12070086084881261"
160,150,1,"0.07779986293419093"
200,1,2,"0.0;0.0772760043866706"
200,2,2,"0.007828830307124853;0.07968939187696762"
200,3,2,"0.0;0.08001497291795096"
200,4,2,"0.00912014910490321;0.07934081506094201"
200,5,2,"0.013532347209540092;0.07753826499277501"
200,6,2,"0.005494603745620401;0.07756792360224578"
200,7,2,"0.011087113239524616;0.07992667428174569"
200,8,2,"0.0;0.08009867339178235"
200,9,2,"0.0;0.077265336586839"
200,10,2,"0.0;0.07955624606803906"
200,11,2,"0.013106604471001216;0.07972185049276309"
200,12,3,"0.008050779109848819;0.014894684455349036;0.07935509254014138"
200,13,2,"0.007547181896586737;0.07980123095399799"
200,14,2,"0.0;0.07944396526878056"
200,15,2,"0.012660098233935976;0.08025302226045569"
200,16,2,"0.012590253349681947;0.07984543345137665"
200,17,2,"0.015653076608307438;0.07775699915032776"
200,18,2,"0.0;0.07762021861209101"
200,19,2,"0.0;0.07774031990802918"
200,20,2,"0.00912216977792961;0.0776680497217623"
200,21,2,"0.014184608306704477;0.07999235762722826"
200,22,2,"0.0103227010680773;0.07730231429939172"
200,23,2,"0.005241577704879691;0.0774367016886424"
200,24,2,"0.0;0.08003366891181107"
200,25,2,"0.0;0.07831303196272348"
200,26,2,"0.012588056141948375;0.0797881163772875"
200,27,2,"0.01262845458632825;0.0801219376169581"
200,28,2,"0.012607383995981776;0.08000144659111197"
200,29,2,"0.011684857272787843;0.07725648571437115"
200,30,2,"0.013495068892650479;0.07769699032566953"
200,31,2,"0.016656688580361994;0.07999017328987452"
200,32,2,"0.0;0.07972643624633687"
200,33,2,"0.0;0.07996567959775962"
200,34,2,"0.016289851822321712;0.07724914487324509"
200,35,2,"0.013562760546204344;0.07746020540393732"
200,36,2,"0.025424913278072045;0.07777380746935429"
200,37,2,"0.012590538279084195;0.07981522232785561"
200,38,3,"0.008576950292603058;0.01483260839832009;0.07940469047221206"
200,39,2,"0.015012254976166149;0.08023510320581304"
200,40,2,"0.013568192098769137;0.07744833028688687"
200,41,2,"0.016089126148217725;0.08010986472275589"
200,42,2,"0.010069587190071037;0.08006200446290863"
200,43,2,"0.017972729332389817;0.07957768567129665"
200,44,2,"0.0;0.07967887812689699"
200,45,2,"0.008353264903202418;0.07999235762722826"
200,46,2,"0.012693884312056229;0.07997898086734559"
200,47,2,"0.0;0.07912065945405784"
200,48,2,"0.005708240585829468;0.07756319287707372"
200,49,2,"0.012690119705858637;0.08000603036070435"
200,50,2,"0.011098186170682455;0.07734176304836919"
200,51,2,"0.012588056141948375;0.0797881163772875"
200,52,2,"0.012676983416474068;0.08009867339178235"
200,53,2,"0.009321921415118012;0.07947815657418622"
200,54,2,"0.0134818134434625;0.08003366891181107"
200,55,2,"0.01055040096577442;0.07974795852348725"
200,56,2,"0.013515035845301646;0.07759595397628948"
200,57,2,"0.0;0.0776680497217623"
200,58,3,"0.008036342111471006;0.014896503882369556;0.07935359574592761"
200,59,2,"0.013510392821242518;0.07761541924501432"
200,60,2,"0.024991517969234798;0.08003366891181107"
200,61,2,"0.0;0.0801894972189879"
200,62,2,"0.023025173199192547;0.07966645243844743"
200,63,2,"0.013583509600520714;0.07734176304836919"
200,64,2,"0.02019077731184747;0.07978583258937925"
200,65,2,"0.012597357172870988;0.07992669246330943"
200,66,2,"0.013486711795112669;0.07987694219996949"
200,67,2,"0.009387543034112331;0.07741589734383766"
200,68,2,"0.013554739329251051;0.0772950942666094"
200,69,2,"0.01243879883164568;0.07969170511811409"
200,70,2,"0.02295891542414443;0.07951243512911943"
200,71,2,"0.0;0.07737651056750346"
200,72,2,"0.017975637002169188;0.07957578733655568"
200,73,2,"0.008036342111471006;0.07935359574592761"
200,74,2,"0.01259233265317299;0.07986351718631167"
200,75,2,"0.0;0.07952692149294455"
200,76,2,"0.018866900405768345;0.07760576084931368"
200,77,3,"0.014744456234316158;0.07579107273335157;0.07948517130824675"
200,78,2,"0.01265672841176961;0.08024163804523128"
200,79,2,"0.013493868163455273;0.07972777610428841"
200,80,2,"0.018571733295545977;0.07738697198259341"
200,81,2,"0.016192337649413142;0.07999017328987452"
200,82,2,"0.015399605117652095;0.07940469047221206"
200,83,2,"0.0;0.08010986472275589"
200,84,2,"0.018409946913572946;0.0797171981518255"
200,85,2,"0.007236818260230863;0.07995261656723351"
200,86,2,"0.012590134306541333;0.0798303081808771"
200,87,2,"0.0;0.07739401575309046"
200,88,2,"0.01262917506719684;0.07949598028318033"
200,89,2,"0.012681010337021525;0.08006958917667098"
200,90,2,"0.01351156514810946;0.07761053303010411"
200,91,2,"0.015850114200968615;0.07992669246330943"
200,92,2,"0.007031854026231388;0.0800357988688224"
200,93,2,"0.01274964663836588;0.07940315680667932"
200,94,2,"0.0;0.07724914487324509"
200,95,2,"0.016303024341124378;0.07951628466106313"
200,96,2,"0.014762468460924891;0.08005631853427857"
200,97,3,"0.009217849356702513;0.014762686277709033;0.07946775423716865"
200,98,2,"0.012691593917547444;0.07999235762722826"
200,99,2,"0.013521554538333569;0.07757245449373723"
200,100,2,"0.018082065478185853;0.08013122860757482"
200,101,2,"0.0;0.08001857596837333"
200,102,2,"0.014857163442150793;0.077265336586839"
200,103,2,"0.007854971051077048;0.0796802128062594"
200,104,2,"0.012610027950582914;0.08001857596837333"
200,105,2,"0.01266114868708716;0.08023691402493309"
200,106,2,"0.01109895655625293;0.07752950334363395"
200,107,2,"0.013496300396863184;0.07768644794692159"
200,108,2,"0.005925810394099327;0.07761053303010411"
200,109,2,"0.009949357492797337;0.0801586158105269"
200,110,3,"0.00598250117161525;0.014388885766602402;0.07762286193960385"
200,111,2,"0.020264213641213304;0.08024163804523128"
200,112,2,"0.005245626756538863;0.07743271640937863"
200,113,2,"0.0;0.07735139581339796"
200,114,2,"0.01351156514810946;0.07761053303010411"
200,115,2,"0.013415180609335157;0.07760576084931368"
200,116,2,"0.013489672433016641;0.07774584371775399"
200,117,2,"0.018320011607696297;0.07939219471752335"
200,118,2,"0.0;0.08003317266458465"
200,119,2,"0.00562464914188057;0.07760078926689598"
200,120,2,"0.012589111764857755;0.07973570650223319"
200,121,2,"0.0;0.07956577758614615"
200,122,2,"0.01740078171411402;0.0801586158105269"
200,123,2,"0.013534089898633786;0.07752950334363395"
200,124,2,"0.009391458591340576;0.07948517130824675"
200,125,2,"0.021188983559971553;0.07964186970444298"
200,126,2,"0.0;0.07726027065007234"
200,127,2,"0.011156821625259227;0.07985856325771057"
200,128,2,"0.00798895675910608;0.07934928662574844"
200,129,2,"0.0054221792930524175;0.07754961210389662"
200,130,3,"0.014412771025883411;0.07579107273335157;0.07991600520820047"
200,131,2,"0.012675265960879993;0.08011348659980513"
200,132,2,"0.01259912265802764;0.07962077410840078"
200,133,2,"0.023905706795847626;0.07735313213156171"
200,134,2,"0.013500227981038582;0.0776680497217623"
200,135,2,"0.019322750376305754;0.07726176836761328"
200,136,2,"0.011087306756624614;0.07997898086734559"
200,137,2,"0.016366255430094435;0.07740480831219254"
200,138,2,"0.015318192985811543;0.07935359574592761"
200,139,2,"0.021585293404823243;0.07946433431151322"
200,140,2,"0.0;0.0801809574892078"
200,141,2,"0.011095841426300606;0.07758188918110323"
200,142,2,"0.013571712693291304;0.0773230164338917"
200,143,2,"0.015807813078120573;0.07991600520820047"
200,144,2,"0.026595072339820915;0.07735791823165697"
200,145,2,"0.013583820735311848;0.0774177883841744"
200,146,2,"0.0;0.0801586158105269"
200,147,2,"0.008382909687512877;0.07938600604266423"
200,148,2,"0.007496837799399115;0.07982378833448285"
200,149,2,"0.01260033711889391;0.0799485779706425"
200,150,2,"0.0;0.07774584371775399"
240,1,2,"0.007967227670799767;0.0798303081808771"
240,2,2,"0.0;0.07769968928947608"
240,3,2,"0.0;0.07731702916054607"
240,4,2,"0.0061198657811126446;0.07765272381559588"
240,5,2,"0.011087160492344393;0.07996567959775962"
240,6,3,"0.0056244498897256925;0.014441993135311089;0.07754510583740915"
240,7,2,"0.0;0.07773484285118323"
240,8,2,"0.008494804336286903;0.07986489514688457"
240,9,3,"0.0061198657811126446;0.012606248702700102;0.07765272381559588"
240,10,2,"0.0;0.0772540771264035"
240,11,3,"0.005925810394099327;0.014396811346182125;0.07761053303010411"
240,12,2,"0.0052544372994267315;0.07742522298871399"
240,13,2,"0.011748454057458979;0.07970828400354547"
240,14,2,"0.0;0.07733849814424587"
240,15,2,"0.0;0.07776825273420887"
240,16,2,"0.0;0.07728671008626639"
240,17,2,"0.0;0.0776680497217623"
240,18,2,"0.0052544372994267315;0.07742522298871399"
240,19,2,"0.0;0.07998458837273259"
240,20,2,"0.0;0.07968775266563818"
240,21,2,"0.00518497505294638;0.07749084390087972"
240,22,2,"0.0;0.07952982621699665"
240,23,2,"0.0;0.07993951166826108"
240,24,3,"0.012702092068096082;0.07934081506094201;0.08036542435210803"
240,25,2,"0.007894892892414988;0.07966645243844743"
240,26,2,"0.0;0.07735791823165697"
240,27,2,"0.0;0.07951132382612949"
240,28,2,"0.010646376774681634;0.0796987363317645"
240,29,2,"0.0052758161265417;0.07740676999409385"
240,30,2,"0.0;0.07847465551730817"
240,31,2,"0.0;0.0777854556209341"
240,32,2,"0.007008019455131172;0.08003010536703288"
240,33,3,"0.0056450854267883375;0.012593256291989713;0.07754961210389662"
240,34,2,"0.012699861142215491;0.07746814459486177"
240,35,2,"0.0;0.07735313213156171"
240,36,2,"0.0;0.07993951166826108"
240,37,3,"0.01269791480638656;0.07579107273335157;0.0793622786465773"
240,38,2,"0.00731006421667933;0.07991402642543777"
240,39,2,"0.0;0.07762780984456757"
240,40,2,"0.0;0.07728140321854694"
240,41,2,"0.005220216285178255;0.07745615155697683"
240,42,2,"0.0;0.07736972046991768"
240,43,2,"0.005271053484587822;0.07751210046407041"
240,44,2,"0.0;0.07936810210321078"
240,45,2,"0.0;0.0777130915382562"
240,46,2,"0.0;0.07735638698865854"
240,47,2,"0.0;0.07774584371775399"
240,48,2,"0.0;0.07741589734383766"
240,49,2,"0.005494603745620401;0.07756792360224578"
240,50,2,"0.0;0.07735638698865854"
240,51,2,"0.0;0.07831303196272348"
240,52,2,"0.0;0.079282408837787"
240,53,2,"0.0;0.0787977016313878"
240,54,2,"0.0;0.07863595057700198"
240,55,2,"0.007828830307124853;0.07968939187696762"
240,56,2,"0.0;0.0795499622765543"
240,57,2,"0.013484145784152173;0.07992667428174569"
240,58,2,"0.012679804577459894;0.08007631212462532"
240,59,2,"0.0;0.08000144659111197"
240,60,2,"0.00939972569469652;0.07741411700249308"
240,61,2,"0.0;0.07762021861209101"
240,62,2,"0.0;0.07993951166826108"
240,63,3,"0.01259897697563009;0.07595340852497123;0.07994297760342989"
240,64,2,"0.0;0.07741411700249308"
240,65,2,"0.0;0.07730231429939172"
240,66,3,"0.005315095679418789;0.012589296153044072;0.07746020540393732"
240,67,2,"0.0;0.07771840155317843"
240,68,2,"0.007674366503211951;0.07974795852348725"
240,69,2,"0.0072854367360758975;0.07992667428174569"
240,70,2,"0.0;0.07726176836761328"
240,71,2,"0.005187993346529808;0.07748675962311175"
240,72,2,"0.005204981089510214;0.07747029449500166"
240,73,2,"0.012601947539245534;0.07996248656966055"
240,74,2,"0.0;0.07728945247667723"
240,75,2,"0.007447104519154847;0.07984682286479516"
240,76,2,"0.0;0.07950693475365593"
240,77,3,"0.00543142881030292;0.014472947839617405;0.07750350695309245"
240,78,2,"0.0;0.07725648571437115"
240,79,2,"0.007790705438898636;0.07970316201095881"
240,80,2,"0.005220216285178255;0.07745615155697683"
240,81,2,"0.007973640368987204;0.07964076690222974"
240,82,2,"0.0;0.07974512011839764"
240,83,2,"0.009413526103616374;0.07741209028079615"
240,84,2,"0.0;0.07963965991418757"
240,85,2,"0.008692932368937667;0.07941595783808351"
240,86,2,"0.0;0.07728945247667723"
240,87,2,"0.011088941218537311;0.07963259452296789"
240,88,2,"0.0;0.07973111104166637"
240,89,3,"0.008792606849759296;0.012660293089692862;0.07942567675798894"
240,90,2,"0.0;0.0776680497217623"
240,91,2,"0.0;0.07770239090145582"
240,92,2,"0.0;0.0777237998774217"
240,93,2,"0.0;0.07724914487324509"
240,94,2,"0.0;0.07964402858728074"
240,95,2,"0.0;0.0777237998774217"
240,96,3,"0.008576950292603058;0.01483260839832009;0.07940469047221206"
240,97,2,"0.0;0.07735638698865854"
240,98,2,"0.008873151041770042;0.07960877461294555"
240,99,2,"0.0;0.0795499622765543"
240,100,2,"0.0;0.07779986293419093"
240,101,3,"0.008594381869180857;0.014830687096814699;0.07940639740878276"
240,102,2,"0.0;0.07999578092755258"
240,103,3,"0.008081847501057888;0.01489086078982992;0.07935795195127038"
240,104,2,"0.011089147614338232;0.07960877461294555"
240,105,2,"0.0;0.0772540771264035"
240,106,2,"0.0;0.07952982621699665"
240,107,2,"0.009080284002791771;0.079454033273145"
240,108,2,"0.0;0.07729229584057076"
240,109,2,"0.0052287154206996705;0.07744833028688687"
240,110,2,"0.0;0.07739046605931195"
240,111,2,"0.0;0.07766291253526877"
240,112,2,"0.0;0.07738697198259341"
240,113,3,"0.008561752489192925;0.014834476661522867;0.07940315680667932"
240,114,2,"0.007031854026231388;0.0800357988688224"
240,115,2,"0.005394573196531771;0.07754277774250533"
240,116,2,"0.007261187575504026;0.07993951166826108"
240,117,3,"0.0059705227503469675;0.014390604279055719;0.07762021861209101"
240,118,3,"0.008960375632621536;0.014790152718994896;0.07944214747665367"
240,119,2,"0.005204981089510214;0.07747029449500166"
240,120,2,"0.0;0.07733227463192636"
240,121,2,"0.005494603745620401;0.07756792360224578"
240,122,2,"0.0076233476703616064;0.07976877829169875"
240,123,3,"0.012590253349681947;0.07579107273335157;0.07984543345137665"
240,124,2,"0.0;0.07912065945405784"
240,125,2,"0.011984560568390559;0.07756792360224578"
240,126,2,"0.0;0.07735139581339796"
240,127,2,"0.0;0.07775151369325327"
240,128,2,"0.0;0.0772785287501837"
240,129,2,"0.007188331312481692;0.07997898086734559"
240,130,2,"0.005666054719685362;0.07755411423556724"
240,131,2,"0.0;0.07763769685724377"
240,132,2,"0.0;0.079282408837787"
240,133,2,"0.007828830307124853;0.07968939187696762"
240,134,2,"0.0123336041357415;0.07981246245492193"
240,135,2,"0.0;0.07740480831219254"
240,136,2,"0.0;0.07732008192768357"
240,137,2,"0.0;0.0799790551327341"
240,138,3,"0.005328245563504264;0.014517855817388117;0.07744833028688687"
240,139,2,"0.013569938276514143;0.07732008192768357"
240,140,2,"0.0;0.0787977016313878"
240,141,2,"0.0;0.0787977016313878"
240,142,2,"0.0;0.07731702916054607"
240,143,2,"0.007433563565992354;0.07985305224992488"
240,144,2,"0.0;0.07952982621699665"
240,145,2,"0.007055625734423726;0.08004164440369159"
240,146,2,"0.009661629043685869;0.07944879878936198"
240,147,2,"0.013495981626799134;0.07769411185793824"
240,148,3,"0.0056244498897256925;0.014441993135311089;0.07754510583740915"
240,149,2,"0.0;0.08000712983643354"
240,150,2,"0.0;0.0796744616370369"
280,1,2,"0.005587240024376968;0.0775912802153342"
280,2,2,"0.0055314743350438934;0.07757718914231518"
280,3,2,"0.0;0.07762021861209101"
280,4,2,"0.0;0.07847465551730817"
280,5,3,"0.005583235686601558;0.014448486171188931;0.07753618096415213"
280,6,2,"0.0;0.07725910424408876"
280,7,2,"0.0;0.07730522719309635"
280,8,2,"0.0;0.07769176659577944"
280,9,2,"0.0;0.07733849814424587"
280,10,2,"0.005198609226320451;0.07747619756041872"
280,11,2,"0.0;0.07736972046991768"
280,12,2,"0.0;0.07541299415164693"
280,13,3,"0.0;0.0061198657811126446;0.07765272381559588"
280,14,2,"0.0;0.07727333272180772"
280,15,2,"0.0;0.07732915827341456"
280,16,2,"0.0;0.07779421349178155"
280,17,2,"0.0;0.07957279577898066"
280,18,2,"0.005211677332908621;0.07746407210020959"
280,19,2,"0.007471885842180175;0.07983516101983307"
280,20,2,"0.0;0.07741589734383766"
280,21,2,"0.0076486431505842015;0.07975822832198208"
280,22,2,"0.0;0.0772540771264035"
280,23,2,"0.0;0.07952146629624436"
280,24,2,"0.0;0.08017681459553858"
280,25,2,"0.0;0.079282408837787"
280,26,3,"0.0;0.005306503317012601;0.07746814459486177"
280,27,2,"0.0;0.07730656762495519"
280,28,2,"0.00731006421667933;0.07991402642543777"
280,29,3,"0.0;0.07730231429939172;0.08036542435210803"
280,30,2,"0.0;0.0777130915382562"
280,31,2,"0.0;0.08003317266458465"
280,32,3,"0.0059705227503469675;0.014390604279055719;0.07762021861209101"
280,33,2,"0.008132869292020525;0.0795939472343962"
280,34,2,"0.0;0.0799790551327341"
280,35,2,"0.0;0.07544126161591981"
280,36,2,"0.0;0.07725910424408876"
280,37,3,"0.0;0.005915317231531318;0.07760811945235618"
280,38,2,"0.005606070024081798;0.07759595397628948"
280,39,2,"0.0;0.07736651850530918"
280,40,2,"0.0;0.07954395653879401"
280,41,2,"0.0;0.0777854556209341"
280,42,2,"0.0;0.07730361928683616"
280,43,2,"0.005245626756538863;0.07743271640937863"
280,44,3,"0.0;0.0773139741604034;0.07878660232668801"
280,45,3,"0.005613379564787335;0.006330643691327054;0.07754277774250533"
280,46,2,"0.0;0.07741411700249308"
280,47,2,"0.008052987484542659;0.07961658074741423"
280,48,2,"0.0;0.07955624606803906"
280,49,2,"0.0;0.0774367016886424"
280,50,2,"0.0;0.07763273561123049"
280,51,2,"0.0;0.07769411185793824"
280,52,2,"0.0;0.07739752536862607"
280,53,2,"0.0;0.07774031990802918"
280,54,2,"0.005271053484587822;0.07751210046407041"
280,55,2,"0.0;0.0776427351841467"
280,56,2,"0.007522225010745827;0.07981246245492193"
280,57,2,"0.0;0.07748254274062054"
280,58,2,"0.0;0.07779986293419093"
280,59,2,"0.0;0.07769699032566953"
280,60,2,"0.0;0.07761783751910725"
280,61,3,"0.008036342111471006;0.014896503882369556;0.07935359574592761"
280,62,3,"0.005687050790867364;0.014432309110634159;0.07755860280468736"
280,63,2,"0.0;0.0772785287501837"
280,64,3,"0.0;0.005687050790867364;0.07755860280468736"
280,65,2,"0.0;0.07734496350503718"
280,66,2,"0.0;0.08006200446290863"
280,67,2,"0.0;0.07731702916054607"
280,68,2,"0.0;0.07774584371775399"
280,69,2,"0.0;0.07767321155729723"
280,70,2,"0.0;0.07831303196272348"
280,71,3,"0.0;0.005687050790867364;0.07755860280468736"
280,72,2,"0.0;0.0787977016313878"
280,73,2,"0.0;0.0772760043866706"
280,74,3,"0.009356602301898009;0.01263518049078094;0.07948167158607557"
280,75,2,"0.0;0.07730522719309635"
280,76,3,"0.005306503317012601;0.013062762150393809;0.07746814459486177"
280,77,3,"0.0060737745902014004;0.012604959111662649;0.0776427351841467"
280,78,2,"0.008318837131585797;0.07937997226517954"
280,79,3,"0.00841490928770072;0.014851249160076399;0.07938908965475898"
280,80,2,"0.0;0.07733227463192636"
280,81,2,"0.0;0.07767849285857596"
280,82,2,"0.0;0.07739046605931195"
280,83,2,"0.0;0.0774662739527863"
280,84,3,"0.005372881000317849;0.01258899763262765;0.07749084390087972"
280,85,3,"0.008129415525784035;0.014884977585716266;0.0793622786465773"
280,86,2,"0.0;0.07733539480581643"
280,87,2,"0.0;0.07540818914254262"
280,88,2,"0.0;0.0776680497217623"
280,89,2,"0.0;0.0799790551327341"
280,90,2,"0.0;0.07736972046991768"
280,91,2,"0.0;0.07740125342334275"
280,92,3,"0.0;0.00860965492409589;0.0773094499421908"
280,93,2,"0.0;0.0755200978438475"
280,94,2,"0.0;0.0795499622765543"
280,95,2,"0.0;0.07747029449500166"
280,96,2,"0.007828830307124853;0.07968939187696762"
280,97,2,"0.0;0.0773139741604034"
280,98,2,"0.0;0.07726283205700864"
280,99,2,"0.0;0.07997898086734559"
280,100,2,"0.0;0.07976748636012675"
280,101,3,"0.00875915695482857;0.014812117946838883;0.07942236014251763"
280,102,2,"0.005253648657248813;0.07750774778895864"
280,103,2,"0.008129415525784035;0.0793622786465773"
280,104,2,"0.007802886854437927;0.0796987363317645"
280,105,2,"0.0;0.07976748636012675"
280,106,2,"0.0;0.07956264547381066"
280,107,2,"0.005245626756538863;0.07743271640937863"
280,108,3,"0.008255402697328076;0.012690597611010598;0.0793740389578957"
280,109,2,"0.0;0.07831303196272348"
280,110,3,"0.005937762492631094;0.012599135217456791;0.07761312569346283"
280,111,2,"0.0;0.07815156215742343"
280,112,3,"0.00789719183015381;0.012702092068096082;0.07934081506094201"
280,113,2,"0.0;0.07765791029798777"
280,114,2,"0.0;0.07729805010264877"
280,115,2,"0.0;0.07737998686295887"
280,116,2,"0.0;0.07726283205700864"
280,117,2,"0.0;0.07735313213156171"
280,118,2,"0.008186411482068747;0.07957965709168073"
280,119,3,"0.005411709544191081;0.014476454690007457;0.07749927403368606"
280,120,3,"0.0;0.008792606849759296;0.07732617455345704"
280,121,3,"0.008994259733763048;0.014786505964903305;0.07944542446897528"
280,122,2,"0.0;0.0799790551327341"
280,123,2,"0.0;0.07583467785456763"
280,124,2,"0.0;0.07726027065007234"
280,125,2,"0.007140010702238924;0.08000603036070435"
280,126,2,"0.0052758161265417;0.07740676999409385"
280,127,2,"0.0;0.07735969408359002"
280,128,2,"0.0;0.0772540771264035"
280,129,2,"0.007854971051077048;0.0796802128062594"
280,130,2,"0.0;0.07831303196272348"
280,131,2,"0.0;0.07742157023725772"
280,132,2,"0.005269412706607967;0.07741209028079615"
280,133,2,"0.0;0.08017397382298197"
280,134,3,"0.005750951363604397;0.014422418225912035;0.07757245449373723"
280,135,2,"0.0;0.0774367016886424"
280,136,2,"0.0;0.07549501025180269"
280,137,2,"0.0;0.07754961210389662"
280,138,3,"0.009130732506147161;0.012643483870936742;0.07945892794519567"
280,139,2,"0.0;0.07774584371775399"
280,140,2,"0.007212576759162891;0.07996567959775962"
280,141,2,"0.0;0.0777854556209341"
280,142,2,"0.0;0.07738344669373572"
280,143,3,"0.008160726624710863;0.008766543443435927;0.07727066836858201"
280,144,2,"0.007751202008134741;0.07971791438943565"
280,145,2,"0.0;0.07730231429939172"
280,146,3,"0.00852902241927801;0.014838131209809658;0.07940007029205737"
280,147,3,"0.008659977865959248;0.014823280303464251;0.07941255794061239"
280,148,3,"0.005411709544191081;0.012590538279084195;0.07749927403368606"
280,149,2,"0.0;0.07740480831219254"
280,150,2,"0.0;0.08022098816670503"
320,1,3,"0.005531361332249953;0.012590253349681947;0.07752493201989406"
320,2,2,"0.005568436479918371;0.07758654324096392"
320,3,3,"0.0;0.008160726624710863;0.07727066836858201"
320,4,3,"0.0;0.00549100497846493;0.0775163083630528"
320,5,2,"0.0;0.07731702916054607"
320,6,2,"0.0;0.07780566214561156"
320,7,2,"0.0;0.07735969408359002"
320,8,2,"0.0;0.07778259682909949"
320,9,3,"0.0;0.07579107273335157;0.07724914487324509"
320,10,3,"0.0;0.00841490928770072;0.07729229584057076"
320,11,2,"0.0;0.0772760043866706"
320,12,2,"0.0;0.0776680497217623"
320,13,3,"0.007947348554097906;0.014815860608394061;0.07941922039981357"
320,14,3,"0.005411709544191081;0.012590538279084195;0.07749927403368606"
320,15,2,"0.0;0.07548905879885359"
320,16,3,"0.0;0.07579107273335157;0.07730231429939172"
320,17,2,"0.0;0.07960877461294555"
320,18,2,"0.0;0.07951628466106313"
320,19,3,"0.0;0.005948061799647552;0.07761541924501432"
320,20,3,"0.005302298854720914;0.008163347908398082;0.07747224467407325"
320,21,3,"0.0;0.07579107273335157;0.0773230164338917"
320,22,2,"0.007008019455131172;0.08003010536703288"
320,23,2,"0.0;0.07742900337289474"
320,24,2,"0.0;0.08000603036070435"
320,25,2,"0.007921015074490721;0.07965783673722998"
320,26,3,"0.0;0.005334290779292733;0.07748254274062054"
320,27,2,"0.008026439925827428;0.07942882231219364"
320,28,3,"0.00789719183015381;0.012702092068096082;0.07934081506094201"
320,29,3,"0.0;0.005592682174459039;0.07753826499277501"
320,30,3,"0.0;0.0059705227503469675;0.07762021861209101"
320,31,3,"0.0;0.005411709544191081;0.07749927403368606"
320,32,2,"0.0;0.07952146629624436"
320,33,3,"0.0;0.014385704780134583;0.07762780984456757"
320,34,2,"0.0;0.0799790551327341"
320,35,2,"0.0;0.0796987363317645"
320,36,3,"0.0;0.007958305913872999;0.0772540771264035"
320,37,2,"0.0;0.07735139581339796"
320,38,3,"0.0;0.014391961634414703;0.07761783751910725"
320,39,2,"0.0;0.0776680497217623"
320,40,3,"0.0;0.009183385052975902;0.07736307117782452"
320,41,3,"0.0;0.014396811346182125;0.07761053303010411"
320,42,2,"0.0;0.07953809037943119"
320,43,2,"0.0;0.07769968928947608"
320,44,2,"0.0;0.07739401575309046"
320,45,3,"0.009391458591340576;0.012633494078872586;0.07948517130824675"
320,46,2,"0.007868801763842772;0.0796754660947585"
320,47,3,"0.0;0.012640882780989671;0.07946775423716865"
320,48,2,"0.0;0.08002434596807463"
320,49,2,"0.0;0.07732008192768357"
320,50,2,"0.0;0.07997338903697311"
320,51,2,"0.0;0.07733849814424587"
320,52,3,"0.0;0.008893044378095533;0.07733539480581643"
320,53,2,"0.0;0.07961658074741423"
320,54,3,"0.0;0.07579107273335157;0.07767321155729723"
320,55,3,"0.0076233476703616064;0.012731000914231952;0.07937997226517954"
320,56,2,"0.0;0.0777237998774217"
320,57,2,"0.0;0.07744058794034059"
320,58,3,"0.0073971353885183555;0.014896503882369556;0.07935359574592761"
320,59,2,"0.0;0.07770239090145582"
320,60,2,"0.0;0.07947112460686387"
320,61,3,"0.008098323952506472;0.009219180336225409;0.07935927633698553"
320,62,2,"0.0;0.07997338903697311"
320,63,3,"0.0;0.07627602891002007;0.07728393131973674"
320,64,3,"0.005341204162922018;0.014453504971501711;0.07752950334363395"
320,65,2,"0.0;0.07540818914254262"
320,66,2,"0.0;0.07966645243844743"
320,67,2,"0.0;0.07765272381559588"
320,68,2,"0.0;0.07799012374612682"
320,69,3,"0.0;0.014376204616611021;0.0776427351841467"
320,70,2,"0.0;0.07583467785456763"
320,71,2,"0.0;0.08001497291795096"
320,72,3,"0.005372881000317849;0.01258899763262765;0.07749084390087972"
320,73,3,"0.0;0.014398427978853882;0.07760811945235618"
320,74,3,"0.0;0.008255402697328076;0.0772785287501837"
320,75,2,"0.0;0.07740676999409385"
320,76,2,"0.0;0.0772516787479272"
320,77,3,"0.005224511378817006;0.014514630658979434;0.07745225045749818"
320,78,2,"0.0;0.08003883415715331"
320,79,2,"0.0;0.07964921317428932"
320,80,3,"0.0;0.00914890041100814;0.07735969408359002"
320,81,3,"0.008026439925827428;0.014804788682552007;0.07942882231219364"
320,82,3,"0.0;0.07732617455345704;0.08182075143493692"
320,83,2,"0.0;0.07955624606803906"
320,84,2,"0.0;0.07999017328987452"
320,85,2,"0.0;0.07540636662889386"
320,86,3,"0.0;0.005925810394099327;0.07761053303010411"
320,87,2,"0.0;0.0795939472343962"
320,88,2,"0.0;0.07768889230802577"
320,89,2,"0.0;0.07960877461294555"
320,90,2,"0.0;0.0795499622765543"
320,91,2,"0.0;0.0795596301142911"
320,92,3,"0.0;0.008726185660881389;0.07732008192768357"
320,93,2,"0.0;0.07745615155697683"
320,94,2,"0.0;0.07778835053266474"
320,95,3,"0.0052287154206996705;0.014517855817388117;0.07744833028688687"
320,96,3,"0.0;0.00798895675910608;0.07725648571437115"
320,97,3,"0.0;0.014373040178054757;0.07764777577547712"
320,98,2,"0.0;0.07985305224992488"
320,99,2,"0.0;0.07951628466106313"
320,100,2,"0.0;0.07544714119846373"
320,101,2,"0.0;0.07544587883900973"
320,102,2,"0.0;0.0772785287501837"
320,103,2,"0.007522225010745827;0.07981246245492193"
320,104,3,"0.007522225010745827;0.014877488755123985;0.07936814828520555"
320,105,2,"0.0;0.07728671008626639"
320,106,2,"0.0;0.07742900337289474"
320,107,3,"0.008036342111471006;0.00918876527362071;0.07935359574592761"
320,108,2,"0.0;0.07957279577898066"
320,109,3,"0.009080284002791771;0.012646334677629385;0.079454033273145"
320,110,2,"0.0;0.07744058794034059"
320,111,2,"0.0;0.07753383841088421"
320,112,2,"0.0;0.07736907560583453"
320,113,2,"0.0;0.079282408837787"
320,114,2,"0.005568436479918371;0.07758654324096392"
320,115,2,"0.0;0.0776680497217623"
320,116,3,"0.005568436479918371;0.014412771025883411;0.07758654324096392"
320,117,2,"0.0;0.07965783673722998"
320,118,2,"0.0;0.07738344669373572"
320,119,2,"0.0;0.07737314614404175"
320,120,3,"0.0;0.008098323952506472;0.077265336586839"
320,121,2,"0.0;0.07541594461647698"
320,122,2,"0.0;0.07960579769051279"
320,123,2,"0.0;0.07776825273420887"
320,124,3,"0.0;0.07674616742967351;0.07768373522703119"
320,125,3,"0.0;0.009286858495224834;0.07737314614404175"
320,126,2,"0.0;0.0754296664330171"
320,127,2,"0.0;0.07734496350503718"
320,128,3,"0.0;0.07775151369325327;0.08112299625677435"
320,129,2,"0.0;0.07983516101983307"
320,130,2,"0.005241577704879691;0.0774367016886424"
320,131,2,"0.0;0.07728140321854694"
320,132,2,"0.0;0.07544838930977252"
320,133,2,"0.0;0.07739752536862607"
320,134,2,"0.0;0.0800447094266282"
320,135,2,"0.0;0.0772540771264035"
320,136,2,"0.0;0.07724914487324509"
320,137,3,"0.005587240024376968;0.012597375384053233;0.0775912802153342"
320,138,2,"0.0;0.07550116214007332"
320,139,2,"0.0;0.07546774332413267"
320,140,2,"0.0;0.0795499622765543"
320,141,3,"0.0;0.07579107273335157;0.07895909718377753"
320,142,2,"0.0;0.07739401575309046"
320,143,2,"0.005204981089510214;0.07747029449500166"
320,144,2,"0.0;0.07728945247667723"
320,145,2,"0.0;0.07767849285857596"
320,146,3,"0.0;0.014388885766602402;0.07762286193960385"
320,147,3,"0.0;0.005815599052313828;0.07758654324096392"
320,148,2,"0.0;0.07742157023725772"
320,149,2,"0.007947348554097906;0.07941922039981357"
320,150,3,"0.0;0.0061198657811126446;0.07765272381559588"
360,1,2,"0.0;0.07731702916054607"
360,2,2,"0.0;0.07739401575309046"
360,3,2,"0.0;0.07960579769051279"
360,4,3,"0.0;0.0053085914396878734;0.0774662739527863"
360,5,3,"0.005404064905357892;0.012592510389556269;0.07754510583740915"
360,6,2,"0.0;0.07741589734383766"
360,7,2,"0.0;0.07730656762495519"
360,8,2,"0.0;0.07778259682909949"
360,9,2,"0.0;0.07951628466106313"
360,10,2,"0.0;0.07969170511811409"
360,11,2,"0.0;0.07733227463192636"
360,12,2,"0.0;0.07953237397021921"
360,13,2,"0.0;0.07963259452296789"
360,14,2,"0.0;0.0796754660947585"
360,15,3,"0.0;0.005815599052313828;0.07758654324096392"
360,16,2,"0.0;0.07541214942298465"
360,17,2,"0.0;0.07552990761077151"
360,18,2,"0.0;0.07726413360811832"
360,19,3,"0.0;0.008626989350329904;0.07731107657770836"
360,20,2,"0.0;0.07549808156401953"
360,21,2,"0.0;0.07769411185793824"
360,22,2,"0.0;0.07738344669373572"
360,23,2,"0.0;0.07550403037770476"
360,24,2,"0.0;0.07745615155697683"
360,25,3,"0.0;0.005613379564787335;0.07754277774250533"
360,26,3,"0.0;0.005203199973801893;0.07747224467407325"
360,27,2,"0.0;0.07740852165177489"
360,28,3,"0.0;0.0;0.07762021861209101"
360,29,2,"0.0;0.07575076705117034"
360,30,3,"0.0;0.00860965492409589;0.0773094499421908"
360,31,2,"0.0;0.07766291253526877"
360,32,2,"0.0;0.07544485429197459"
360,33,2,"0.0;0.07766291253526877"
360,34,3,"0.0;0.00914890041100814;0.07735969408359002"
360,35,2,"0.0;0.07763769685724377"
360,36,3,"0.0;0.00518497505294638;0.07749084390087972"
360,37,2,"0.0;0.07774584371775399"
360,38,3,"0.0;0.014406503966289808;0.07759595397628948"
360,39,2,"0.0;0.07863595057700198"
360,40,2,"0.0;0.0776680497217623"
360,41,2,"0.0;0.07769699032566953"
360,42,2,"0.0;0.07767321155729723"
360,43,2,"0.0;0.0768275391975474"
360,44,3,"0.0;0.008893044378095533;0.07733539480581643"
360,45,2,"0.0;0.07960579769051279"
360,46,2,"0.0;0.07766291253526877"
360,47,3,"0.0;0.00914890041100814;0.07735969408359002"
360,48,2,"0.0;0.07969170511811409"
360,49,2,"0.0;0.07815156215742343"
360,50,3,"0.00742216489249635;0.012702061499056434;0.07935641749461705"
360,51,3,"0.005440188143762622;0.012592968071949666;0.07755411423556724"
360,52,2,"0.0;0.07742900337289474"
360,53,3,"0.0;0.0777854556209341;0.08243136200905385"
360,54,3,"0.0;0.005451259905098526;0.07750774778895864"
360,55,3,"0.0;0.009391458591340576;0.07738344669373572"
360,56,3,"0.007947348554097906;0.012663904377872391;0.07941922039981357"
360,57,3,"0.0;0.005470974617900457;0.07751210046407041"
360,58,2,"0.0;0.0777130915382562"
360,59,2,"0.0;0.07779421349178155"
360,60,3,"0.0;0.0;0.07738697198259341"
360,61,3,"0.0;0.0053085914396878734;0.0774662739527863"
360,62,3,"0.0;0.07738344669373572;0.08182075143493692"
360,63,2,"0.0;0.07768373522703119"
360,64,3,"0.0;0.008544209007805028;0.07730361928683616"
360,65,3,"0.0;0.006143246353202015;0.07765791029798777"
360,66,2,"0.0;0.07997898086734559"
360,67,3,"0.0;0.012600438275073957;0.07762286193960385"
360,68,2,"0.0;0.0777130915382562"
360,69,2,"0.0;0.07547591968825722"
360,70,2,"0.0;0.07956614100289404"
360,71,3,"0.0;0.005925810394099327;0.07761053303010411"
360,72,2,"0.0;0.07769968928947608"
360,73,3,"0.0;0.01436668199403161;0.07765791029798777"
360,74,2,"0.0;0.07549501025180269"
360,75,2,"0.0;0.07737998686295887"
360,76,3,"0.0;0.0058812811429429296;0.07760078926689598"
360,77,3,"0.0;0.008318837131585797;0.07728393131973674"
360,78,3,"0.008106122031893967;0.012652792263984525;0.07943866600390434"
360,79,3,"0.0;0.005708240585829468;0.07756319287707372"
360,80,3,"0.0;0.008447077332612947;0.0772950942666094"
360,81,2,"0.0;0.07541214942298465"
360,82,3,"0.0;0.008382909687512877;0.07728945247667723"
360,83,2,"0.0;0.07778835053266474"
360,84,3,"0.0;0.006027819755584843;0.07763273561123049"
360,85,2,"0.0;0.07955624606803906"
360,86,3,"0.0072854367360758975;0.014913686677481934;0.07934081506094201"
360,87,2,"0.0;0.0754845931500381"
360,88,2,"0.0;0.07995261656723351"
360,89,2,"0.0;0.07770239090145582"
360,90,3,"0.00731006421667933;0.012704356819145668;0.07934367834740834"
360,91,3,"0.0;0.008859366949135646;0.07733227463192636"
360,92,3,"0.0;0.005925810394099327;0.07761053303010411"
360,93,3,"0.0;0.0;0.07764777577547712"
360,94,3,"0.007522225010745827;0.012694535213077642;0.07936814828520555"
360,95,2,"0.0;0.07847465551730817"
360,96,3,"0.005211677332908621;0.01450470317627432;0.07746407210020959"
360,97,2,"0.0;0.07553689842905387"
360,98,3,"0.0;0.005708240585829468;0.07756319287707372"
360,99,2,"0.0;0.07727066836858201"
360,100,3,"0.0;0.00549100497846493;0.0775163083630528"
360,101,2,"0.0;0.07544126161591981"
360,102,2,"0.0;0.07540455270793417"
360,103,2,"0.0;0.0772516787479272"
360,104,3,"0.0;0.0056244498897256925;0.07754510583740915"
360,105,3,"0.0;0.008098323952506472;0.077265336586839"
360,106,3,"0.0;0.005304282188541794;0.07747029449500166"
360,107,2,"0.0;0.07541901094045021"
360,108,2,"0.0;0.07546244791250403"
360,109,2,"0.0;0.07957965709168073"
360,110,3,"0.0;0.07726812635329089;0.07878660232668801"
360,111,2,"0.0;0.07769968928947608"
360,112,2,"0.0;0.07747619756041872"
360,113,3,"0.0;0.005572087715773364;0.07753383841088421"
360,114,3,"0.0;0.014751794154874811;0.07947815657418622"
360,115,2,"0.0;0.0777130915382562"
360,116,2,"0.0;0.07770239090145582"
360,117,3,"0.0;0.014385704780134583;0.07762780984456757"
360,118,3,"0.0;0.0;0.07760811945235618"
360,119,3,"0.0076486431505842015;0.012684705547980221;0.07938303849407986"
360,120,2,"0.0;0.07770239090145582"
360,121,2,"0.0;0.07553352735826602"
360,122,3,"0.0;0.008050779109848819;0.07726176836761328"
360,123,3,"0.0;0.005948061799647552;0.07761541924501432"
360,124,3,"0.0;0.005606070024081798;0.07759595397628948"
360,125,3,"0.0;0.005319430131319276;0.07745615155697683"
360,126,2,"0.0;0.07778259682909949"
360,127,2,"0.0;0.07700810551088162"
360,128,2,"0.0;0.07779986293419093"
360,129,2,"0.0;0.07847465551730817"
360,130,2,"0.0;0.07760576084931368"
360,131,2,"0.0;0.08003883415715331"
360,132,2,"0.0;0.0754318631368313"
360,133,3,"0.0;0.014469857607081915;0.07750774778895864"
360,134,2,"0.0;0.0776680497217623"
360,135,2,"0.0;0.07726176836761328"
360,136,3,"0.0;0.008160726624710863;0.07727066836858201"
360,137,3,"0.0;0.07579107273335157;0.07738344669373572"
360,138,3,"0.0;0.014373040178054757;0.07764777577547712"
360,139,3,"0.007471885842180175;0.01269791480638656;0.0793622786465773"
360,140,2,"0.0;0.07757718914231518"
360,141,3,"0.007751202008134741;0.014843803274574014;0.07939551025638587"
360,142,2,"0.0;0.08004164440369159"
360,143,3,"0.0;0.007927543069066787;0.0772516787479272"
360,144,2,"0.0;0.0754275435936706"
360,145,2,"0.0;0.08001278487661209"
360,146,2,"0.0;0.07541493614911345"
360,147,2,"0.0;0.07912065945405784"
360,148,2,"0.0;0.07541493614911345"
360,149,3,"0.0;0.009096416857600499;0.07735468521657277"
360,150,2,"0.0;0.07953237397021921"
400,1,3,"0.0;0.014422418225912035;0.07551355928292258"
400,2,3,"0.0;0.0;0.0776427351841467"
400,3,2,"0.0;0.07944396526878056"
400,4,2,"0.0;0.07541299415164693"
400,5,3,"0.0;0.0;0.07737651056750346"
400,6,3,"0.0;0.009130732506147161;0.07735791823165697"
400,7,2,"0.0;0.07766291253526877"
400,8,2,"0.0;0.07964921317428932"
400,9,3,"0.0;0.01439367288489013;0.07583467785456763"
400,10,2,"0.0;0.07968446105747724"
400,11,3,"0.0;0.006143246353202015;0.07765791029798777"
400,12,2,"0.0;0.07735313213156171"
400,13,3,"0.0;0.014388885766602402;0.07610895016563893"
400,14,2,"0.0;0.07944396526878056"
400,15,3,"0.005440188143762622;0.007886684426653133;0.07755411423556724"
400,16,2,"0.0;0.07770754244065746"
400,17,2,"0.0;0.0777130915382562"
400,18,3,"0.0;0.005587240024376968;0.0775912802153342"
400,19,3,"0.0;0.012645864458353232;0.07945558165501776"
400,20,3,"0.0;0.005300073801892437;0.07747439213518667"
400,21,2,"0.0;0.07956264547381066"
400,22,3,"0.0;0.07579107273335157;0.07730361928683616"
400,23,3,"0.0;0.008825739590163697;0.07732915827341456"
400,24,3,"0.0;0.007522225010745827;0.07727333272180772"
400,25,2,"0.0;0.07549199034415452"
400,26,2,"0.0;0.08000144659111197"
400,27,2,"0.0;0.07542104387177866"
400,28,2,"0.0;0.07541702003629784"
400,29,2,"0.0;0.07546774332413267"
400,30,3,"0.0;0.005793853643109818;0.07758188918110323"
400,31,3,"0.005568436479918371;0.012596546357419202;0.07758654324096392"
400,32,2,"0.0;0.07779986293419093"
400,33,3,"0.0;0.012645864458353232;0.07945558165501776"
400,34,3,"0.00562464914188057;0.012598378129391305;0.07760078926689598"
400,35,3,"0.0;0.0;0.07761541924501432"
400,36,3,"0.0;0.009426492104147031;0.07738697198259341"
400,37,3,"0.0;0.008318837131585797;0.07728393131973674"
400,38,2,"0.0;0.07541214942298465"
400,39,2,"0.0;0.08003366891181107"
400,40,2,"0.0;0.07960136296707464"
400,41,2,"0.0;0.07547045105435546"
400,42,3,"0.0;0.009114589912311564;0.07735638698865854"
400,43,3,"0.0;0.007802886854437927;0.07730361928683616"
400,44,2,"0.0;0.07547882534540766"
400,45,3,"0.0;0.005476486582709531;0.07756319287707372"
400,46,3,"0.0;0.008447077332612947;0.0772950942666094"
400,47,3,"0.0;0.014398427978853882;0.07557206623829647"
400,48,3,"0.0;0.005568436479918371;0.07758654324096392"
400,49,3,"0.0;0.005666054719685362;0.07755411423556724"
400,50,2,"0.0;0.0764679316702846"
400,51,2,"0.0;0.07592982571338246"
400,52,3,"0.0;0.008594381869180857;0.07730804051925405"
400,53,3,"0.0;0.012638946563135982;0.07947112460686387"
400,54,2,"0.0;0.07769968928947608"
400,55,2,"0.0;0.079282408837787"
400,56,3,"0.0073840499027099556;0.012706142813867841;0.07935216691725519"
400,57,3,"0.0;0.007776853421691438;0.07730063145636767"
400,58,2,"0.0;0.07544967699572422"
400,59,2,"0.0;0.07956926224938073"
400,60,3,"0.0;0.0;0.07763273561123049"
400,61,3,"0.0;0.012690597611010598;0.0793740389578957"
400,62,2,"0.0;0.07952146629624436"
400,63,2,"0.0;0.07956926224938073"
400,64,2,"0.0;0.0754296664330171"
400,65,2,"0.0;0.07552990761077151"
400,66,3,"0.0;0.008447077332612947;0.0772950942666094"
400,67,3,"0.0;0.00562464914188057;0.07760078926689598"
400,68,2,"0.0;0.07544838930977252"
400,69,2,"0.0;0.07541702003629784"
400,70,2,"0.0;0.07778835053266474"
400,71,2,"0.0;0.07940780195737117"
400,72,3,"0.0;0.014406503966289808;0.07552990761077151"
400,73,2,"0.0;0.07726413360811832"
400,74,2,"0.0;0.07965783673722998"
400,75,2,"0.0;0.07770239090145582"
400,76,3,"0.0;0.009286858495224834;0.07737314614404175"
400,77,3,"0.0;0.005587240024376968;0.0775912802153342"
400,78,2,"0.0;0.07546774332413267"
400,79,3,"0.0;0.008129415525784035;0.07726812635329089"
400,80,2,"0.0;0.07543873591211987"
400,81,2,"0.0;0.07831303196272348"
400,82,2,"0.0;0.07551355928292258"
400,83,3,"0.0;0.008382909687512877;0.07728945247667723"
400,84,2,"0.0;0.07777692694651851"
400,85,2,"0.0;0.07969170511811409"
400,86,2,"0.0;0.07541009806897077"
400,87,3,"0.0;0.007828830307124853;0.07730656762495519"
400,88,2,"0.0;0.07731702916054607"
400,89,2,"0.0;0.07774584371775399"
400,90,3,"0.0;0.014815860608394061;0.07941922039981357"
400,91,3,"0.0;0.012604959111662649;0.0776427351841467"
400,92,3,"0.0;0.012688872889035446;0.07937704255346371"
400,93,3,"0.0;0.01264462543293066;0.07945743537127423"
400,94,3,"0.0;0.0;0.07763273561123049"
400,95,2,"0.0;0.07945892794519567"
400,96,2,"0.0;0.07543632484568717"
400,97,2,"0.0;0.07542527226773323"
400,98,3,"0.0;0.014826974201363816;0.07940950405636153"
400,99,3,"0.0;0.005328245563504264;0.07744833028688687"
400,100,3,"0.0;0.005315095679418789;0.07746020540393732"
400,101,3,"0.0;0.01449282951706125;0.07545211664183954"
400,102,2,"0.0;0.07610895016563893"
400,103,2,"0.0;0.08003317266458465"
400,104,2,"0.0;0.07601369333932806"
400,105,3,"0.0;0.005328245563504264;0.07744833028688687"
400,106,3,"0.0;0.005915317231531318;0.07760811945235618"
400,107,2,"0.0;0.07863595057700198"
400,108,3,"0.0;0.014834476661522867;0.07940315680667932"
400,109,3,"0.007973640368987204;0.01266250247202482;0.07942236014251763"
400,110,3,"0.0;0.005903340223036211;0.07760576084931368"
400,111,3,"0.0;0.0057295549570333115;0.07756792360224578"
400,112,2,"0.0;0.07541901094045021"
400,113,2,"0.0;0.07547882534540766"
400,114,2,"0.0;0.07730804051925405"
400,115,2,"0.0;0.07735791823165697"
400,116,3,"0.0;0.0076486431505842015;0.07728671008626639"
400,117,2,"0.0;0.07726027065007234"
400,118,2,"0.0;0.07799012374612682"
400,119,2,"0.0;0.07960877461294555"
400,120,3,"0.0;0.005793853643109818;0.07758188918110323"
400,121,3,"0.0;0.012588880184519171;0.07746814459486177"
400,122,3,"0.0;0.012640882780989671;0.07946775423716865"
400,123,3,"0.0;0.009217849356702513;0.07736651850530918"
400,124,3,"0.0;0.008576950292603058;0.07730656762495519"
400,125,3,"0.0;0.005207394821126523;0.07746814459486177"
400,126,3,"0.0;0.008511808795409642;0.07730063145636767"
400,127,2,"0.0;0.07768373522703119"
400,128,3,"0.0;0.07579107273335157;0.07779986293419093"
400,129,3,"0.0;0.0056450854267883375;0.07754961210389662"
400,130,2,"0.0;0.07775151369325327"
400,131,2,"0.0;0.07780566214561156"
400,132,3,"0.0;0.005302298854720914;0.07747224467407325"
400,133,2,"0.0;0.07548735770229409"
400,134,2,"0.0;0.07742522298871399"
400,135,2,"0.0;0.0796802128062594"
400,136,2,"0.0;0.0777237998774217"
400,137,2,"0.0;0.07718848127011413"
400,138,2,"0.0;0.07957279577898066"
400,139,3,"0.0;0.005708240585829468;0.07756319287707372"
400,140,3,"0.0;0.0;0.07735139581339796"
400,141,3,"0.0;0.008287159761125412;0.07728140321854694"
400,142,2,"0.0;0.07941595783808351"
400,143,2,"0.0;0.07544587883900973"
400,144,2,"0.0;0.07547045105435546"
400,145,2,"0.0;0.07541105112910454"
400,146,3,"0.0;0.008511808795409642;0.07730063145636767"
400,147,3,"0.0;0.01269216022648855;0.07937117102964929"
400,148,3,"0.005253648657248813;0.007987312601199842;0.07750774778895864"
400,149,2,"0.0;0.0796802128062594"
400,150,2,"0.0;0.07549501025180269"
440,1,3,"0.0;0.00841490928770072;0.07729229584057076"
440,2,3,"0.0;0.00799409009842914;0.07552664594991604"
440,3,3,"0.0;0.0054221792930524175;0.07754961210389662"
440,4,3,"0.0;0.013162998285037973;0.07551040972712142"
440,5,3,"0.0;0.0;0.07738697198259341"
440,6,3,"0.0;0.008129415525784035;0.07726812635329089"
440,7,2,"0.0;0.0768275391975474"
440,8,2,"0.0;0.07961658074741423"
440,9,2,"0.0;0.07565603101965654"
440,10,2,"0.0;0.07769176659577944"
440,11,3,"0.0;0.00902814421263696;0.07734818744274001"
440,12,3,"0.0;0.012641789336010466;0.07946433431151322"
440,13,2,"0.0;0.07772927895415596"
440,14,3,"0.0;0.008052987484542659;0.07733227463192636"
440,15,3,"0.0;0.00532362506230075;0.07745225045749818"
440,16,3,"0.0;0.008255402697328076;0.0772785287501837"
440,17,2,"0.0;0.07544967699572422"
440,18,2,"0.0;0.07773484285118323"
440,19,3,"0.0;0.012690597611010598;0.07799012374612682"
440,20,3,"0.0;0.00798895675910608;0.07725648571437115"
440,21,3,"0.0;0.005288382872597985;0.0775163083630528"
440,22,3,"0.0;0.009286858495224834;0.07737314614404175"
440,23,3,"0.0;0.07544838930977252;0.07579107273335157"
440,24,3,"0.0;0.005368339890150741;0.07753618096415213"
440,25,3,"0.0;0.00835069962018893;0.07728671008626639"
440,26,2,"0.0;0.07773484285118323"
440,27,2,"0.0;0.07601369333932806"
440,28,3,"0.0;0.0;0.07735638698865854"
440,29,2,"0.0;0.07775699915032776"
440,30,3,"0.0;0.00841490928770072;0.07729229584057076"
440,31,3,"0.0;0.008960375632621536;0.07734176304836919"
440,32,2,"0.0;0.0754296664330171"
440,33,3,"0.0;0.0;0.07761312569346283"
440,34,3,"0.0;0.008106122031893967;0.07733849814424587"
440,35,3,"0.0;0.012690597611010598;0.07799012374612682"
440,36,3,"0.0;0.009356602301898009;0.07737998686295887"
440,37,3,"0.0;0.07674616742967351;0.07863595057700198"
440,38,2,"0.0;0.07943866600390434"
440,39,2,"0.0;0.07895909718377753"
440,40,3,"0.0;0.009321921415118012;0.07737651056750346"
440,41,2,"0.0;0.07700810551088162"
440,42,3,"0.0;0.014476454690007457;0.07546508906274658"
440,43,2,"0.0;0.07951132382612949"
440,44,3,"0.0;0.014406503966289808;0.07552990761077151"
440,45,3,"0.0;0.008926687228601326;0.07733849814424587"
440,46,3,"0.0;0.005271053484587822;0.07751210046407041"
440,47,2,"0.0;0.07963259452296789"
440,48,3,"0.0;0.014456725379491116;0.07548159226902681"
440,49,2,"0.0;0.07778835053266474"
440,50,3,"0.0;0.012588096770995835;0.07544335824173358"
440,51,2,"0.0;0.07770754244065746"
440,52,3,"0.0;0.014469857607081915;0.07547045105435546"
440,53,2,"0.0;0.0777854556209341"
440,54,3,"0.0;0.008792606849759296;0.07732617455345704"
440,55,3,"0.0;0.0;0.0776427351841467"
440,56,3,"0.0;0.014843803274574014;0.07912065945405784"
440,57,3,"0.0;0.008318837131585797;0.07728393131973674"
440,58,3,"0.0;0.014836373423699771;0.07940155806571883"
440,59,3,"0.0;0.014514630658979434;0.07543632484568717"
440,60,3,"0.0;0.012594897588854265;0.07551355928292258"
440,61,3,"0.0;0.007408853074632744;0.07726176836761328"
440,62,3,"0.0;0.0;0.07727333272180772"
440,63,2,"0.0;0.07544838930977252"
440,64,2,"0.0;0.07545451696021922"
440,65,3,"0.0;0.07544126161591981;0.07878660232668801"
440,66,2,"0.0;0.07553689842905387"
440,67,2,"0.0;0.0754026709430085"
440,68,3,"0.0;0.005224511378817006;0.07745225045749818"
440,69,2,"0.0;0.07592982571338246"
440,70,3,"0.0;0.008544209007805028;0.07730361928683616"
440,71,3,"0.0;0.008050779109848819;0.07726176836761328"
440,72,3,"0.0;0.009252289968987751;0.07736972046991768"
440,73,2,"0.0;0.07774031990802918"
440,74,3,"0.0;0.014445242450682079;0.07549199034415452"
440,75,3,"0.0;0.005476486582709531;0.07756319287707372"
440,76,3,"0.0;0.007999717347670089;0.07732617455345704"
440,77,3,"0.0;0.0;0.07737998686295887"
440,78,2,"0.0;0.07963259452296789"
440,79,3,"0.0;0.012701921196698152;0.0777854556209341"
440,80,3,"0.0;0.014514630658979434;0.07543632484568717"
440,81,2,"0.0;0.07831303196272348"
440,82,2,"0.0;0.0777130915382562"
440,83,3,"0.0;0.014482931890565785;0.07545987854030546"
440,84,2,"0.0;0.07767321155729723"
440,85,3,"0.0;0.005643532012655219;0.07760576084931368"
440,86,3,"0.0;0.005368339890150741;0.07753618096415213"
440,87,3,"0.0;0.012588101398405667;0.07544838930977252"
440,88,2,"0.0;0.07769699032566953"
440,89,3,"0.0;0.005211677332908621;0.07746407210020959"
440,90,3,"0.0;0.008926687228601326;0.07733849814424587"
440,91,3,"0.0;0.009609148350575863;0.07735638698865854"
440,92,3,"0.0;0.012590674413983344;0.07547882534540766"
440,93,3,"0.0;0.005643532012655219;0.07760576084931368"
440,94,2,"0.0;0.07956926224938073"
440,95,3,"0.0;0.005368339890150741;0.07753618096415213"
440,96,2,"0.0;0.07780566214561156"
440,97,3,"0.0;0.0;0.07730063145636767"
440,98,2,"0.0;0.07957279577898066"
440,99,3,"0.0;0.0;0.07736307117782452"
440,100,3,"0.0;0.0;0.07747619756041872"
440,101,3,"0.0;0.07545987854030546;0.07627602891002007"
440,102,3,"0.0;0.012594736025051574;0.07551040972712142"
440,103,3,"0.0;0.007751202008134741;0.07729805010264877"
440,104,2,"0.0;0.07956264547381066"
440,105,3,"0.0;0.00784254833015674;0.07730804051925405"
440,106,2,"0.0;0.07541299415164693"
440,107,2,"0.0;0.07542527226773323"
440,108,3,"0.0;0.0;0.0775163083630528"
440,109,3,"0.0;0.007802886854437927;0.07730361928683616"
440,110,3,"0.0;0.006143246353202015;0.07765791029798777"
440,111,3,"0.0;0.0;0.07738697198259341"
440,112,2,"0.0;0.07551355928292258"
440,113,3,"0.0;0.0;0.07750774778895864"
440,114,3,"0.0;0.008159537124163683;0.07734496350503718"
440,115,3,"0.0;0.005451259905098526;0.07750774778895864"
440,116,3,"0.0;0.012663904377872391;0.07941922039981357"
440,117,3,"0.0;0.07541214942298465;0.07579107273335157"
440,118,2,"0.0;0.07965783673722998"
440,119,3,"0.0;0.014429061135047981;0.07550728396014339"
440,120,3,"0.0;0.008511808795409642;0.07730063145636767"
440,121,2,"0.0;0.0796802128062594"
440,122,3,"0.0;0.012588096770995835;0.07544335824173358"
440,123,3,"0.0;0.01442579400969858;0.07551040972712142"
440,124,2,"0.0;0.07551355928292258"
440,125,2,"0.0;0.07944396526878056"
440,126,3,"0.0;0.005323490321551369;0.07752493201989406"
440,127,2,"0.0;0.07546244791250403"
440,128,3,"0.0;0.009391458591340576;0.07738344669373572"
440,129,2,"0.0;0.07771840155317843"
440,130,2,"0.0;0.07799012374612682"
440,131,2,"0.0;0.07610895016563893"
440,132,2,"0.0;0.0754026709430085"
440,133,2,"0.0;0.07767321155729723"
440,134,3,"0.0;0.005392108836506374;0.07749510584220015"
440,135,3,"0.0;0.0112651460417775;0.07548735770229409"
440,136,2,"0.0;0.07779421349178155"
440,137,3,"0.0;0.009108907213020137;0.07730361928683616"
440,138,2,"0.0;0.07777380746935429"
440,139,3,"0.0;0.0059705227503469675;0.07762021861209101"
440,140,2,"0.0;0.0754318631368313"
440,141,3,"0.0;0.0;0.07761053303010411"
440,142,3,"0.0;0.008067224969090875;0.07726283205700864"
440,143,3,"0.0;0.0;0.07729229584057076"
440,144,3,"0.0;0.014740839979751997;0.07948878573304047"
440,145,3,"0.0;0.014884977585716266;0.07779421349178155"
440,146,2,"0.0;0.0754296664330171"
440,147,3,"0.0;0.007854971051077048;0.0773094499421908"
440,148,3,"0.0;0.005925810394099327;0.07761053303010411"
440,149,2,"0.0;0.07542527226773323"
440,150,2,"0.0;0.07963259452296789"
480,1,3,"0.0;0.006143246353202015;0.07765791029798777"
480,2,3,"0.0;0.0;0.07736307117782452"
480,3,3,"0.0;0.0;0.07738697198259341"
480,4,3,"0.0;0.014782838140941916;0.07944879878936198"
480,5,2,"0.0;0.07769968928947608"
480,6,3,"0.0;0.00835069962018893;0.0754318631368313"
480,7,3,"0.0;0.0;0.07735791823165697"
480,8,3,"0.0;0.005603513785086559;0.07754052405804249"
480,9,3,"0.0;0.07579107273335157;0.0776680497217623"
480,10,2,"0.0;0.07546244791250403"
480,11,2,"0.0;0.07954395653879401"
480,12,3,"0.0;0.0;0.07738344669373572"
480,13,2,"0.0;0.07769176659577944"
480,14,2,"0.0;0.07946433431151322"
480,15,3,"0.0;0.0;0.07557206623829647"
480,16,3,"0.0;0.012704356819145668;0.07775699915032776"
480,17,3,"0.0;0.005219092818826478;0.07749927403368606"
480,18,3,"0.0;0.007359259068126603;0.07725648571437115"
480,19,2,"0.0;0.07778259682909949"
480,20,3,"0.0;0.005209329140255563;0.0774662739527863"
480,21,3,"0.0;0.0;0.07575076705117034"
480,22,3,"0.0;0.009426492104147031;0.0755200978438475"
480,23,3,"0.0;0.005315095679418789;0.07746020540393732"
480,24,3,"0.0;0.07895909718377753;0.07957581218890554"
480,25,3,"0.0;0.01483260839832009;0.07790834556936117"
480,26,3,"0.0;0.008594381869180857;0.07544967699572422"
480,27,3,"0.0;0.00835069962018893;0.07728671008626639"
480,28,3,"0.0;0.007816686895694237;0.07730522719309635"
480,29,2,"0.0;0.07782895804026747"
480,30,3,"0.0;0.0;0.07735638698865854"
480,31,2,"0.0;0.07548735770229409"
480,32,3,"0.0;0.014851249160076399;0.07695634288635421"
480,33,2,"0.0;0.07553352735826602"
480,34,3,"0.0;0.005304810135045719;0.07747619756041872"
480,35,3,"0.0;0.01439367288489013;0.07583467785456763"
480,36,3,"0.0;0.005583235686601558;0.07753618096415213"
480,37,3,"0.0;0.0;0.07738344669373572"
480,38,3,"0.0;0.0;0.07736307117782452"
480,39,3,"0.0;0.005708240585829468;0.07756319287707372"
480,40,3,"0.0;0.012590133594313062;0.07546774332413267"
480,41,3,"0.0;0.07544838930977252;0.07579107273335157"
480,42,2,"0.0;0.0795596301142911"
480,43,3,"0.0;0.0;0.07735313213156171"
480,44,3,"0.0;0.009426492104147031;0.07738697198259341"
480,45,3,"0.0;0.0;0.07762286193960385"
480,46,3,"0.0;0.0;0.07761541924501432"
480,47,3,"0.0;0.0;0.07737651056750346"
480,48,3,"0.0;0.009465381291997732;0.07940780195737117"
480,49,2,"0.0;0.07770239090145582"
480,50,2,"0.0;0.07541400103136897"
480,51,3,"0.0;0.0;0.07544714119846373"
480,52,2,"0.0;0.07541299415164693"
480,53,2,"0.0;0.07507379466331107"
480,54,3,"0.0;0.0;0.07760811945235618"
480,55,2,"0.0;0.079454033273145"
480,56,3,"0.0;0.005960006740373513;0.07761783751910725"
480,57,3,"0.0;0.0;0.07737314614404175"
480,58,2,"0.0;0.0777237998774217"
480,59,2,"0.0;0.07773484285118323"
480,60,3,"0.0;0.0076233476703616064;0.07728393131973674"
480,61,3,"0.0;0.005211677332908621;0.07746407210020959"
480,62,3,"0.0;0.0060737745902014004;0.0776427351841467"
480,63,3,"0.0;0.007471885842180175;0.07726812635329089"
480,64,3,"0.0;0.01264462543293066;0.07945743537127423"
480,65,3,"0.0;0.07579107273335157;0.07774031990802918"
480,66,3,"0.0;0.07779986293419093;0.07802996151591156"
480,67,3,"0.0;0.008132869292020525;0.07734176304836919"
480,68,3,"0.0;0.012708539668990736;0.07776825273420887"
480,69,3,"0.0;0.01263518049078094;0.07948167158607557"
480,70,3,"0.0;0.005613379564787335;0.07754277774250533"
480,71,2,"0.0;0.07546774332413267"
480,72,3,"0.0;0.0;0.07548159226902681"
480,73,2,"0.0;0.07769176659577944"
480,74,2,"0.0;0.07952146629624436"
480,75,3,"0.0;0.008079380113554835;0.07733539480581643"
480,76,3,"0.0;0.00769980497853754;0.07729229584057076"
480,77,3,"0.0;0.008223724546893933;0.0772760043866706"
480,78,3,"0.0;0.014443614055582681;0.07549334111405981"
480,79,3,"0.0;0.007921015074490721;0.07731702916054607"
480,80,3,"0.0;0.07595340852497123;0.07962446312505674"
480,81,3,"0.0;0.014409630386477183;0.07552664594991604"
480,82,3,"0.0;0.005310703720000621;0.07746407210020959"
480,83,2,"0.0;0.07954395653879401"
480,84,2,"0.0;0.0776680497217623"
480,85,2,"0.0;0.0777237998774217"
480,86,3,"0.0;0.0;0.07735313213156171"
480,87,3,"0.0;0.005219092818826478;0.07749927403368606"
480,88,2,"0.0;0.07541901094045021"
480,89,3,"0.0;0.0;0.07736907560583453"
480,90,3,"0.0;0.008447077332612947;0.07543873591211987"
480,91,2,"0.0;0.07770239090145582"
480,92,3,"0.0;0.005793853643109818;0.07758188918110323"
480,93,3,"0.0;0.005915317231531318;0.07760811945235618"
480,94,3,"0.0;0.007802886854437927;0.07730361928683616"
480,95,3,"0.0;0.005334290779292733;0.07748254274062054"
480,96,3,"0.0;0.005476486582709531;0.07756319287707372"
480,97,2,"0.0;0.0777237998774217"
480,98,2,"0.0;0.07540636662889386"
480,99,3,"0.0;0.008447077332612947;0.07543873591211987"
480,100,3,"0.0;0.005304282188541794;0.07747029449500166"
480,101,3,"0.0;0.012688872889035446;0.07815156215742343"
480,102,3,"0.0;0.012589296153044072;0.07544126161591981"
480,103,3,"0.0;0.07674616742967351;0.0777130915382562"
480,104,2,"0.0;0.07935506243811304"
480,105,2,"0.0;0.07540455270793417"
480,106,3,"0.0;0.0;0.07735969408359002"
480,107,3,"0.0;0.014369783784771325;0.07718848127011413"
480,108,2,"0.0;0.07542527226773323"
480,109,3,"0.0;0.0;0.07762021861209101"
480,110,3,"0.0;0.07770239090145582;0.07802996151591156"
480,111,3,"0.0;0.012594897588854265;0.07551355928292258"
480,112,3,"0.0;0.0;0.07737314614404175"
480,113,3,"0.0;0.014412771025883411;0.07552334564266648"
480,114,2,"0.0;0.07957279577898066"
480,115,3,"0.0;0.07579107273335157;0.0796754660947585"
480,116,3,"0.0;0.012594897588854265;0.07551355928292258"
480,117,2,"0.0;0.07548905879885359"
480,118,3,"0.0;0.0;0.07548735770229409"
480,119,3,"0.0;0.0;0.07735468521657277"
480,120,3,"0.0;0.014855051579140867;0.07676684969387984"
480,121,2,"0.0;0.07769699032566953"
480,122,2,"0.0;0.07541594461647698"
480,123,3,"0.0;0.007751202008134741;0.07729805010264877"
480,124,3,"0.0;0.0;0.0772760043866706"
480,125,3,"0.0;0.0053085914396878734;0.0774662739527863"
480,126,3,"0.0;0.0;0.07734176304836919"
480,127,3,"0.0;0.014369783784771325;0.07718848127011413"
480,128,3,"0.0;0.008994259733763048;0.07548159226902681"
480,129,3,"0.0;0.014804788682552007;0.07942882231219364"
480,130,2,"0.0;0.0754296664330171"
480,131,3,"0.0;0.07579107273335157;0.07772927895415596"
480,132,3,"0.0;0.0;0.07747029449500166"
480,133,3,"0.0;0.012640882780989671;0.07946775423716865"
480,134,2,"0.0;0.07541299415164693"
480,135,3,"0.0;0.013838459884415174;0.07946433431151322"
480,136,3,"0.0;0.0;0.07544335824173358"
480,137,3,"0.0;0.0;0.07730656762495519"
480,138,3,"0.0;0.008019834963262064;0.07725910424408876"
480,139,3,"0.0;0.007860121975296706;0.07549501025180269"
480,140,3,"0.0;0.01489086078982992;0.07497477985069091"
480,141,3,"0.0;0.00543142881030292;0.07750350695309245"
480,142,3,"0.0;0.009234413471397293;0.07779421349178155"
480,143,3,"0.0;0.005253648657248813;0.07750774778895864"
480,144,2,"0.0;0.07542527226773323"
480,145,3,"0.0;0.012690597611010598;0.07799012374612682"
480,146,2,"0.0;0.0754296664330171"
480,147,3,"0.0;0.0;0.07730361928683616"
480,148,3,"0.0;0.012606497952876033;0.07736907560583453"
480,149,3,"0.0;0.014450186913355855;0.07548735770229409"
480,150,3,"0.0;0.012641789336010466;0.07946433431151322"
520,1,3,"0.0;0.07579107273335157;0.07782895804026747"
520,2,3,"0.0;0.0;0.07601369333932806"
520,3,3,"0.0;0.007947348554097906;0.07732008192768357"
520,4,3,"0.0;0.014416142388562318;0.0755200978438475"
520,5,3,"0.0;0.0;0.07545451696021922"
520,6,2,"0.0;0.07770754244065746"
520,7,3,"0.0;0.0;0.07553352735826602"
520,8,3,"0.0;0.008792606849759296;0.07546508906274658"
520,9,3,"0.0;0.014450186913355855;0.07548735770229409"
520,10,3,"0.0;0.014836373423699771;0.0777174351031673"
520,11,3,"0.0;0.0;0.07726283205700864"
520,12,3,"0.0;0.005603513785086559;0.07754052405804249"
520,13,3,"0.0;0.009391458591340576;0.07551679439808476"
520,14,3,"0.0;0.012651570769700474;0.07944214747665367"
520,15,2,"0.0;0.07769411185793824"
520,16,3,"0.0;0.007597785367170206;0.07728140321854694"
520,17,3,"0.0;0.012592061882060218;0.07548735770229409"
520,18,3,"0.0;0.012674867243390463;0.07752656338936517"
520,19,3,"0.0;0.0;0.07543413815256202"
520,20,3,"0.0;0.0;0.07601369333932806"
520,21,3,"0.0;0.0;0.07557206623829647"
520,22,3,"0.0;0.0;0.07549334111405981"
520,23,3,"0.0;0.0;0.07565603101965654"
520,24,3,"0.0;0.0;0.07747029449500166"
520,25,3,"0.0;0.005310703720000621;0.07746407210020959"
520,26,2,"0.0;0.07771840155317843"
520,27,3,"0.0;0.008994259733763048;0.07548159226902681"
520,28,3,"0.0;0.07544838930977252;0.07579107273335157"
520,29,3,"0.0;0.014459969825713397;0.07547882534540766"
520,30,3,"0.0;0.012702061499056434;0.07488733875307428"
520,31,3,"0.0;0.005392108836506374;0.07749510584220015"
520,32,3,"0.0;0.005915317231531318;0.07760811945235618"
520,33,2,"0.0;0.0777237998774217"
520,34,3,"0.0;0.005323490321551369;0.07752493201989406"
520,35,3,"0.0;0.008960375632621536;0.07734176304836919"
520,36,3,"0.0;0.07839294560322552;0.08112299625677435"
520,37,3,"0.0;0.00860965492409589;0.07545074633272048"
520,38,3,"0.0;0.008960375632621536;0.07547882534540766"
520,39,3,"0.0;0.014896503882369556;0.07470093203765162"
520,40,3,"0.0;0.0;0.07726283205700864"
520,41,3,"0.0;0.07769176659577944;0.07957581218890554"
520,42,3,"0.0;0.0;0.07761053303010411"
520,43,3,"0.0;0.005202068701429682;0.07749510584220015"
520,44,3,"0.0;0.0;0.07760811945235618"
520,45,3,"0.0;0.012688872889035446;0.07619993360846823"
520,46,3,"0.0;0.0;0.07735791823165697"
520,47,3,"0.0;0.014755251517710519;0.07947464928186918"
520,48,3,"0.0;0.0;0.07553689842905387"
520,49,3,"0.0;0.007334604375533502;0.0772540771264035"
520,50,2,"0.0;0.07767321155729723"
520,51,3,"0.0;0.005925810394099327;0.07761053303010411"
520,52,3,"0.0;0.005470974617900457;0.07751210046407041"
520,53,2,"0.0;0.07774031990802918"
520,54,2,"0.0;0.07541009806897077"
520,55,3,"0.0;0.0;0.0772516787479272"
520,56,3,"0.0;0.007999717347670089;0.07732617455345704"
520,57,3,"0.0;0.014777277276476637;0.079454033273145"
520,58,3,"0.0;0.00798895675910608;0.07540818914254262"
520,59,3,"0.0;0.012598378129391305;0.07553352735826602"
520,60,2,"0.0;0.07545074633272048"
520,61,3,"0.0;0.0;0.07550116214007332"
520,62,3,"0.0;0.012700599530946767;0.07778835053266474"
520,63,3,"0.0;0.009130732506147161;0.07549334111405981"
520,64,3,"0.0;0.009217849356702513;0.07550116214007332"
520,65,3,"0.0;0.0;0.07543413815256202"
520,66,3,"0.0;0.0;0.07762021861209101"
520,67,2,"0.0;0.07772927895415596"
520,68,3,"0.0;0.0;0.07726176836761328"
520,69,3,"0.0;0.005304282188541794;0.07747029449500166"
520,70,3,"0.0;0.00519237337334766;0.07748254274062054"
520,71,3,"0.0;0.0;0.07552334564266648"
520,72,3,"0.0;0.005592682174459039;0.07753826499277501"
520,73,3,"0.0;0.009130732506147161;0.07549334111405981"
520,74,3,"0.0;0.005815599052313828;0.07758654324096392"
520,75,3,"0.0;0.0;0.077265336586839"
520,76,3,"0.0;0.007447104519154847;0.077265336586839"
520,77,3,"0.0;0.005203199973801893;0.07747224467407325"
520,78,2,"0.0;0.07770239090145582"
520,79,3,"0.0;0.0;0.07730063145636767"
520,80,3,"0.0;0.008223724546893933;0.07542331548580875"
520,81,3,"0.0;0.005236525274878433;0.07750350695309245"
520,82,3,"0.0;0.008893044378095533;0.07733539480581643"
520,83,2,"0.0;0.0754318631368313"
520,84,3,"0.0;0.0;0.07725910424408876"
520,85,2,"0.0;0.07769411185793824"
520,86,3,"0.0;0.014416142388562318;0.0755200978438475"
520,87,2,"0.0;0.07628823355605069"
520,88,3,"0.0;0.0;0.07735313213156171"
520,89,3,"0.0;0.012694535213077642;0.07563544354337826"
520,90,3,"0.0;0.0056450854267883375;0.07754961210389662"
520,91,3,"0.0;0.005306503317012601;0.07746814459486177"
520,92,3,"0.0;0.0;0.07727066836858201"
520,93,3,"0.0;0.0;0.07727333272180772"
520,94,3,"0.0;0.005687050790867364;0.07755860280468736"
520,95,3,"0.0;0.00598250117161525;0.07762286193960385"
520,96,3,"0.0;0.0;0.07548159226902681"
520,97,3,"0.0;0.005572087715773364;0.07753383841088421"
520,98,3,"0.0;0.005937762492631094;0.07761312569346283"
520,99,3,"0.0;0.012592061882060218;0.07548735770229409"
520,100,3,"0.0;0.014390604279055719;0.07601369333932806"
520,101,3,"0.0;0.0;0.07544714119846373"
520,102,2,"0.0;0.07766291253526877"
520,103,3,"0.0;0.0056450854267883375;0.07754961210389662"
520,104,3,"0.0;0.005376679983410891;0.07753826499277501"
520,105,3,"0.0;0.008081847501057888;0.07541400103136897"
520,106,3,"0.0;0.0060737745902014004;0.0776427351841467"
520,107,3,"0.0;0.012588101398405667;0.07544838930977252"
520,108,3,"0.0;0.0;0.07765272381559588"
520,109,3,"0.0;0.014823280303464251;0.07839294560322552"
520,110,3,"0.0;0.0;0.07730231429939172"
520,111,3,"0.0;0.014497933744375103;0.07544838930977252"
520,112,3,"0.0;0.014400155561408428;0.07553689842905387"
520,113,3,"0.0;0.008692932368937667;0.07545728247183431"
520,114,3,"0.0;0.013140972364349884;0.07549501025180269"
520,115,3,"0.0;0.0;0.07546244791250403"
520,116,3,"0.0;0.0;0.07565603101965654"
520,117,3,"0.0;0.0;0.07737998686295887"
520,118,3,"0.0;0.008160726624710863;0.07541901094045021"
520,119,3,"0.0;0.005394573196531771;0.07754277774250533"
520,120,3,"0.0;0.0;0.07730804051925405"
520,121,3,"0.0;0.007927543069066787;0.07540455270793417"
520,122,3,"0.0;0.01260033711889391;0.07583467785456763"
520,123,2,"0.0;0.0777237998774217"
520,124,2,"0.0;0.07540455270793417"
520,125,3,"0.0;0.0;0.07549047055374825"
520,126,2,"0.0;0.07771840155317843"
520,127,3,"0.0;0.008576950292603058;0.07544838930977252"
520,128,3,"0.0;0.012686802662592941;0.07831303196272348"
520,129,3,"0.0;0.0;0.07547325087031843"
520,130,3,"0.0;0.012601947539245534;0.07628823355605069"
520,131,3,"0.0;0.0;0.07733227463192636"
520,132,3,"0.0;0.0;0.07728140321854694"
520,133,3,"0.0;0.0;0.07728140321854694"
520,134,3,"0.0;0.0;0.07751210046407041"
520,135,3,"0.0;0.00555160335733609;0.07752950334363395"
520,136,3,"0.0;0.014482931890565785;0.07545987854030546"
520,137,3,"0.0;0.012588892247317332;0.07543413815256202"
520,138,2,"0.0;0.07960136296707464"
520,139,2,"0.0;0.07767321155729723"
520,140,3,"0.0;0.0;0.07548905879885359"
520,141,3,"0.0;0.0;0.07736307117782452"
520,142,3,"0.0;0.012600438275073957;0.07610895016563893"
520,143,3,"0.0;0.014748090678771007;0.07948167158607557"
520,144,3,"0.0;0.0057295549570333115;0.07756792360224578"
520,145,3,"0.0;0.008255402697328076;0.0772785287501837"
520,146,3,"0.0;0.0;0.07550116214007332"
520,147,3,"0.0;0.0;0.07550116214007332"
520,148,3,"0.0;0.0;0.07550116214007332"
520,149,3,"0.0;0.01448961312745607;0.07545451696021922"
520,150,3,"0.0;0.005300073801892437;0.07747439213518667"
560,1,3,"0.0;0.0;0.0773230164338917"
560,2,3,"0.0;0.0;0.07547591968825722"
560,3,3,"0.0;0.0;0.07724914487324509"
560,4,3,"0.0;0.012663904377872391;0.07877683154459506"
560,5,2,"0.0;0.07540818914254262"
560,6,3,"0.0;0.005915317231531318;0.07760811945235618"
560,7,2,"0.0;0.07769176659577944"
560,8,3,"0.0;0.0;0.07550403037770476"
560,9,3,"0.0;0.0;0.07545074633272048"
560,10,3,"0.0;0.0;0.07549334111405981"
560,11,3,"0.0;0.0;0.07601135701977847"
560,12,3,"0.0;0.014755251517710519;0.07947464928186918"
560,13,3,"0.0;0.0;0.07762286193960385"
560,14,3,"0.0;0.0;0.07762021861209101"
560,15,3,"0.0;0.014400155561408428;0.07541009806897077"
560,16,3,"0.0;0.0;0.07610895016563893"
560,17,3,"0.0;0.007958305913872999;0.07540636662889386"
560,18,3,"0.0;0.0;0.07752493201989406"
560,19,3,"0.0;0.007776853421691438;0.07730063145636767"
560,20,3,"0.0;0.0;0.07761053303010411"
560,21,3,"0.0;0.0;0.07728140321854694"
560,22,3,"0.0;0.0;0.07551355928292258"
560,23,3,"0.0;0.00798895675910608;0.07540818914254262"
560,24,3,"0.0;0.008710166427474016;0.07507379466331107"
560,25,3,"0.0;0.0;0.07737314614404175"
560,26,3,"0.0;0.005211677332908621;0.07746407210020959"
560,27,3,"0.0;0.005708240585829468;0.07756319287707372"
560,28,3,"0.0;0.0;0.07543873591211987"
560,29,3,"0.0;0.0;0.07544485429197459"
560,30,3,"0.0;0.00860965492409589;0.07545074633272048"
560,31,3,"0.0;0.0;0.07544714119846373"
560,32,3,"0.0;0.0;0.07429652844750582"
560,33,3,"0.0;0.01266250247202482;0.07896923630907343"
560,34,3,"0.0;0.009286858495224834;0.07550728396014339"
560,35,3,"0.0;0.01259897697563009;0.07565603101965654"
560,36,3,"0.0;0.008050779109848819;0.07541214942298465"
560,37,3,"0.0;0.0;0.07545451696021922"
560,38,3,"0.0;0.0;0.07507379466331107"
560,39,3,"0.0;0.012590674413983344;0.07547882534540766"
560,40,2,"0.0;0.07772927895415596"
560,41,3,"0.0;0.0754026709430085;0.07579107273335157"
560,42,3,"0.0;0.0;0.07735139581339796"
560,43,3,"0.0;0.0;0.07548159226902681"
560,44,3,"0.0;0.014376204616611021;0.07542527226773323"
560,45,2,"0.0;0.07769411185793824"
560,46,3,"0.0;0.0;0.0764679316702846"
560,47,3,"0.0;0.0;0.0773139741604034"
560,48,3,"0.0;0.005531361332249953;0.07752493201989406"
560,49,3,"0.0;0.005224511378817006;0.07745225045749818"
560,50,3,"0.0;0.0;0.07762286193960385"
560,51,3,"0.0;0.0076486431505842015;0.07728671008626639"
560,52,2,"0.0;0.07541299415164693"
560,53,3,"0.0;0.012588056141948375;0.07545074633272048"
560,54,3,"0.0;0.009693252410560668;0.07945558165501776"
560,55,3,"0.0;0.0;0.07733539480581643"
560,56,3,"0.0;0.0;0.07736307117782452"
560,57,3,"0.0;0.0;0.07548735770229409"
560,58,3,"0.0;0.012651570769700474;0.07944214747665367"
560,59,3,"0.0;0.0;0.07714611913470229"
560,60,3,"0.0;0.012593523947792803;0.07550403037770476"
560,61,2,"0.0;0.0777237998774217"
560,62,2,"0.0;0.07768889230802577"
560,63,3,"0.0;0.0;0.07565603101965654"
560,64,3,"0.0;0.005271053484587822;0.07751210046407041"
560,65,3,"0.0;0.0;0.07734176304836919"
560,66,2,"0.0;0.0776680497217623"
560,67,3,"0.0;0.014769932921927839;0.07770239090145582"
560,68,3,"0.0;0.0;0.07583467785456763"
560,69,2,"0.0;0.0754318631368313"
560,70,3,"0.0;0.008926687228601326;0.07547591968825722"
560,71,3,"0.0;0.0;0.07541901094045021"
560,72,3,"0.0;0.0;0.07550728396014339"
560,73,3,"0.0;0.0;0.07736651850530918"
560,74,3,"0.0;0.010908830392041173;0.07543413815256202"
560,75,3,"0.0;0.00731006421667933;0.0772516787479272"
560,76,3,"0.0;0.009062181301007444;0.07548735770229409"
560,77,3,"0.0;0.0;0.07552990761077151"
560,78,2,"0.0;0.07541702003629784"
560,79,2,"0.0;0.07767849285857596"
560,80,3,"0.0;0.0;0.07552334564266648"
560,81,3,"0.0;0.0;0.07592982571338246"
560,82,3,"0.0;0.012631832374732548;0.07948878573304047"
560,83,3,"0.0;0.012594897588854265;0.07551355928292258"
560,84,2,"0.0;0.07541214942298465"
560,85,3,"0.0;0.0;0.07747619756041872"
560,86,3,"0.0;0.0;0.07548905879885359"
560,87,3,"0.0;0.0;0.07761541924501432"
560,88,3,"0.0;0.0;0.07738344669373572"
560,89,3,"0.0;0.012596243647839917;0.0755200978438475"
560,90,3,"0.0;0.0;0.07735791823165697"
560,91,3,"0.0;0.009080284002791771;0.07548905879885359"
560,92,3,"0.0;0.006143246353202015;0.07765791029798777"
560,93,3,"0.0;0.0;0.07547882534540766"
560,94,2,"0.0;0.07542527226773323"
560,95,3,"0.0;0.014782838140941916;0.07768373522703119"
560,96,3,"0.0;0.0;0.07543413815256202"
560,97,3,"0.0;0.0;0.07545728247183431"
560,98,3,"0.0;0.0;0.07545451696021922"
560,99,3,"0.0;0.0;0.07762286193960385"
560,100,3,"0.0;0.014755251517710519;0.0777237998774217"
560,101,3,"0.0;0.0;0.07549199034415452"
560,102,3,"0.0;0.0;0.07545987854030546"
560,103,3,"0.0;0.0;0.07429387707098319"
560,104,3,"0.0;0.0;0.07553689842905387"
560,105,3,"0.0;0.014786505964903305;0.07944542446897528"
560,106,3,"0.0;0.0;0.07736972046991768"
560,107,3,"0.0;0.0;0.07429387707098319"
560,108,3,"0.0;0.006027819755584843;0.07763273561123049"
560,109,3,"0.0;0.0;0.07738344669373572"
560,110,3,"0.0;0.07542527226773323;0.07579107273335157"
560,111,3,"0.0;0.0;0.07765791029798777"
560,112,3,"0.0;0.0;0.07730231429939172"
560,113,3,"0.0;0.0;0.07725648571437115"
560,114,3,"0.0;0.005948061799647552;0.07761541924501432"
560,115,3,"0.0;0.0;0.0754318631368313"
560,116,3,"0.0;0.005209329140255563;0.0774662739527863"
560,117,2,"0.0;0.07541009806897077"
560,118,3,"0.0;0.0060737745902014004;0.0776427351841467"
560,119,3,"0.0;0.0;0.07551679439808476"
560,120,3,"0.0;0.0;0.07544126161591981"
560,121,3,"0.0;0.005411709544191081;0.07749927403368606"
560,122,3,"0.0;0.0;0.07544126161591981"
560,123,2,"0.0;0.0776680497217623"
560,124,3,"0.0;0.011620429470569741;0.07628823355605069"
560,125,3,"0.0;0.0;0.07565603101965654"
560,126,3,"0.0;0.0;0.07763769685724377"
560,127,2,"0.0;0.07771840155317843"
560,128,3,"0.0;0.00731006421667933;0.07540455270793417"
560,129,3,"0.0;0.0;0.07738697198259341"
560,130,3,"0.0;0.01259490219627677;0.07551679439808476"
560,131,3,"0.0;0.007927543069066787;0.07540455270793417"
560,132,3,"0.0;0.01367618218788182;0.0763885768017259"
560,133,3,"0.0;0.012652792263984525;0.07943866600390434"
560,134,3,"0.0;0.008067224969090875;0.07541299415164693"
560,135,3,"0.0;0.0;0.07548735770229409"
560,136,3,"0.0;0.0;0.07759595397628948"
560,137,3,"0.0;0.0;0.07551679439808476"
560,138,3,"0.0;0.012641789336010466;0.07946433431151322"
560,139,3,"0.0;0.0;0.07628823355605069"
560,140,3,"0.0;0.008382909687512877;0.07543413815256202"
560,141,3,"0.0;0.0;0.07543413815256202"
560,142,3,"0.0;0.0;0.07550403037770476"
560,143,3,"0.0;0.0;0.07547325087031843"
560,144,3,"0.0;0.0073840499027099556;0.07541009806897077"
560,145,2,"0.0;0.07772927895415596"
560,146,3,"0.0;0.0;0.07551040972712142"
560,147,3,"0.0;0.0;0.0754318631368313"
560,148,3,"0.0;0.0;0.07839294560322552"
560,149,2,"0.0;0.07541702003629784"
560,150,3,"0.0;0.00731006421667933;0.0772516787479272"
600,1,3,"0.0;0.0;0.07541493614911345"
600,2,3,"0.0;0.0;0.07758654324096392"
600,3,3,"0.0;0.0;0.07543632484568717"
600,4,3,"0.0;0.0;0.07429652844750582"
600,5,3,"0.0;0.0;0.07733539480581643"
600,6,3,"0.0;0.005319430131319276;0.07745615155697683"
600,7,3,"0.0;0.0;0.07546244791250403"
600,8,3,"0.0;0.0;0.07429652844750582"
600,9,3,"0.0;0.0;0.07751210046407041"
600,10,3,"0.0;0.0;0.07488733875307428"
600,11,3,"0.0;0.0;0.07736307117782452"
600,12,3,"0.0;0.008106122031893967;0.07547591968825722"
600,13,3,"0.0;0.0;0.07550728396014339"
600,14,3,"0.0;0.012604959111662649;0.07542527226773323"
600,15,3,"0.0;0.0;0.07565603101965654"
600,16,3,"0.0;0.0;0.07544126161591981"
600,17,2,"0.0;0.07542527226773323"
600,18,3,"0.0;0.0;0.07544335824173358"
600,19,3,"0.0;0.005334290779292733;0.07748254274062054"
600,20,3,"0.0;0.0;0.07755411423556724"
600,21,2,"0.0;0.07766291253526877"
600,22,3,"0.0;0.0;0.07543413815256202"
600,23,3,"0.0;0.0057295549570333115;0.07756792360224578"
600,24,3,"0.0;0.0;0.07526099625899324"
600,25,3,"0.0;0.0;0.07543413815256202"
600,26,3,"0.0;0.005310703720000621;0.07746407210020959"
600,27,3,"0.0;0.0;0.0773139741604034"
600,28,3,"0.0;0.0;0.07544335824173358"
600,29,3,"0.0;0.0;0.07550403037770476"
600,30,3,"0.0;0.0;0.07729229584057076"
600,31,3,"0.0;0.0;0.07545451696021922"
600,32,3,"0.0;0.0;0.07750350695309245"
600,33,3,"0.0;0.0;0.07544126161591981"
600,34,2,"0.0;0.07771840155317843"
600,35,2,"0.0;0.07767321155729723"
600,36,3,"0.0;0.0;0.07550728396014339"
600,37,3,"0.0;0.012599135217456791;0.07541299415164693"
600,38,3,"0.0;0.0;0.07545987854030546"
600,39,3,"0.0;0.0;0.07730522719309635"
600,40,3,"0.0;0.0;0.07735969408359002"
600,41,3,"0.0;0.03386211025014395;0.0754026709430085"
600,42,3,"0.0;0.0;0.07548159226902681"
600,43,3,"0.0;0.005353257299059742;0.07748675962311175"
600,44,3,"0.0;0.0;0.07543413815256202"
600,45,3,"0.0;0.0;0.07549334111405981"
600,46,3,"0.0;0.0;0.0754318631368313"
600,47,3,"0.0;0.0;0.07547882534540766"
600,48,3,"0.0;0.008160726624710863;0.07541901094045021"
600,49,3,"0.0;0.0;0.07551040972712142"
600,50,3,"0.0;0.0;0.07757245449373723"
600,51,3,"0.0;0.0;0.07546244791250403"
600,52,3,"0.0;0.0;0.07547591968825722"
600,53,3,"0.0;0.0;0.0772516787479272"
600,54,3,"0.0;0.0;0.0747884578492617"
600,55,3,"0.0;0.0;0.0773094499421908"
600,56,2,"0.0;0.0754026709430085"
600,57,2,"0.0;0.07541400103136897"
600,58,3,"0.0;0.0;0.07755411423556724"
600,59,2,"0.0;0.07773484285118323"
600,60,3,"0.0;0.008255402697328076;0.07542527226773323"
600,61,2,"0.0;0.0776680497217623"
600,62,3,"0.0;0.0;0.07726027065007234"
600,63,3,"0.0;0.0;0.07732915827341456"
600,64,3,"0.0;0.0;0.0772950942666094"
600,65,3,"0.0;0.0;0.07544967699572422"
600,66,3,"0.0;0.0;0.07732008192768357"
600,67,3,"0.0;0.0;0.07583467785456763"
600,68,3,"0.0;0.012596546357419202;0.0754026709430085"
600,69,3,"0.0;0.0;0.0754845931500381"
600,70,3,"0.0;0.0;0.07545074633272048"
600,71,3,"0.0;0.01260033711889391;0.07541400103136897"
600,72,3,"0.0;0.0;0.07728945247667723"
600,73,3,"0.0;0.00835069962018893;0.0754318631368313"
600,74,3,"0.0;0.0;0.07763273561123049"
600,75,3,"0.0;0.0;0.07750350695309245"
600,76,3,"0.0;0.0;0.07547045105435546"
600,77,3,"0.0;0.0;0.07761312569346283"
600,78,3,"0.0;0.0;0.07545211664183954"
600,79,3,"0.0;0.0;0.0772785287501837"
600,80,3,"0.0;0.0;0.07761541924501432"
600,81,3,"0.0;0.01438244053092075;0.07542104387177866"
600,82,3,"0.0;0.0;0.07733849814424587"
600,83,3,"0.0;0.0;0.07695634288635421"
600,84,3,"0.0;0.0;0.07545451696021922"
600,85,3,"0.0;0.014797523295642415;0.07766291253526877"
600,86,3,"0.0;0.012600662284753372;0.07541594461647698"
600,87,2,"0.0;0.07767849285857596"
600,88,3,"0.0;0.0;0.07735791823165697"
600,89,3,"0.0;0.0;0.07735139581339796"
600,90,3,"0.0;0.0;0.07736651850530918"
600,91,3,"0.0;0.014786505964903305;0.07767849285857596"
600,92,3,"0.0;0.0;0.07760576084931368"
600,93,3,"0.0;0.0;0.07731702916054607"
600,94,3,"0.0;0.0;0.07488733875307428"
600,95,3,"0.0;0.0;0.07541400103136897"
600,96,3,"0.0;0.0;0.07550728396014339"
600,97,3,"0.0;0.0;0.07765791029798777"
600,98,3,"0.0;0.0;0.07734818744274001"
600,99,3,"0.0;0.0;0.07756319287707372"
600,100,3,"0.0;0.0;0.07735791823165697"
600,101,3,"0.0;0.0;0.07549334111405981"
600,102,3,"0.0;0.0;0.07749927403368606"
600,103,3,"0.0;0.0;0.07729805010264877"
600,104,3,"0.0;0.0;0.07552990761077151"
600,105,2,"0.0;0.07767849285857596"
600,106,3,"0.0;0.0;0.07543413815256202"
600,107,3,"0.0;0.0;0.07750774778895864"
600,108,3,"0.0;0.0;0.07545987854030546"
600,109,3,"0.0;0.0;0.07551040972712142"
600,110,3,"0.0;0.0;0.07545987854030546"
600,111,3,"0.0;0.0;0.07601369333932806"
600,112,2,"0.0;0.07771840155317843"
600,113,3,"0.0;0.012600662284753372;0.07541594461647698"
600,114,2,"0.0;0.07769176659577944"
600,115,2,"0.0;0.07541400103136897"
600,116,3,"0.0;0.0;0.07592982571338246"
600,117,3,"0.0;0.0;0.0764679316702846"
600,118,3,"0.0;0.008067224969090875;0.07541299415164693"
600,119,3,"0.0;0.0;0.07565603101965654"
600,120,3,"0.0;0.01259897697563009;0.07541214942298465"
600,121,3,"0.0;0.0;0.0763885768017259"
600,122,3,"0.0;0.012631832374732548;0.07948878573304047"
600,123,3,"0.0;0.0;0.07547045105435546"
600,124,3,"0.0;0.0;0.07761783751910725"
600,125,3,"0.0;0.0;0.0772760043866706"
600,126,3,"0.0;0.0;0.07552664594991604"
600,127,3,"0.0;0.0;0.07545451696021922"
600,128,3,"0.0;0.0;0.07526099625899324"
600,129,3,"0.0;0.0;0.0754845931500381"
600,130,3,"0.0;0.0;0.07619993360846823"
600,131,3,"0.0;0.0;0.07550403037770476"
600,132,3,"0.0;0.0;0.0764679316702846"
600,133,3,"0.0;0.0;0.07544714119846373"
600,134,3,"0.0;0.0;0.07730361928683616"
600,135,3,"0.0;0.0;0.07760811945235618"
600,136,3,"0.0;0.0;0.07752070606131727"
600,137,3,"0.0;0.0;0.07565603101965654"
600,138,3,"0.0;0.012638946563135982;0.07771840155317843"
600,139,3,"0.0;0.0;0.0755200978438475"
600,140,3,"0.0;0.0;0.07550728396014339"
600,141,2,"0.0;0.07772927895415596"
600,142,3,"0.0;0.0;0.07730231429939172"
600,143,3,"0.0;0.0;0.07695634288635421"
600,144,2,"0.0;0.07770754244065746"
600,145,3,"0.0;0.0;0.07737314614404175"
600,146,3,"0.0;0.0073840499027099556;0.07541009806897077"
600,147,3,"0.0;0.005306503317012601;0.07746814459486177"
600,148,3,"0.0;0.0;0.07752656338936517"
600,149,3,"0.0;0.0;0.07552990761077151"
600,150,3,"0.0;0.009733245837357593;0.07946433431151322"
640,1,3,"0.0;0.014396811346182125;0.07541214942298465"
640,2,3,"0.0;0.0;0.07549334111405981"
640,3,3,"0.0;0.0;0.07700810551088162"
640,4,3,"0.0;0.0;0.07762021861209101"
640,5,3,"0.0;0.0;0.07733227463192636"
640,6,3,"0.0;0.0;0.07549334111405981"
640,7,3,"0.0;0.0;0.077265336586839"
640,8,3,"0.0;0.0;0.07541400103136897"
640,9,3,"0.0;0.014771828968620823;0.07769968928947608"
640,10,3,"0.0;0.008081847501057888;0.07541400103136897"
640,11,3,"0.0;0.0;0.0776427351841467"
640,12,3,"0.0;0.0;0.07735468521657277"
640,13,3,"0.0;0.0;0.07545211664183954"
640,14,3,"0.0;0.0;0.07542331548580875"
640,15,3,"0.0;0.0;0.07733849814424587"
640,16,3,"0.0;0.0;0.07470093203765162"
640,17,3,"0.0;0.0;0.07750774778895864"
640,18,3,"0.0;0.0;0.07544967699572422"
640,19,3,"0.0;0.0;0.07749927403368606"
640,20,3,"0.0;0.0;0.07547882534540766"
640,21,3,"0.0;0.0;0.0746021498757721"
640,22,3,"0.0;0.01263518049078094;0.07773484285118323"
640,23,3,"0.0;0.014379371139606714;0.07542331548580875"
640,24,3,"0.0;0.0;0.0754026709430085"
640,25,3,"0.0;0.0;0.0773230164338917"
640,26,3,"0.0;0.005328245563504264;0.07744833028688687"
640,27,3,"0.0;0.0;0.07429387707098319"
640,28,3,"0.0;0.0;0.07544126161591981"
640,29,3,"0.0;0.0;0.07551040972712142"
640,30,3,"0.0;0.0;0.07553689842905387"
640,31,3,"0.0;0.0;0.07544587883900973"
640,32,3,"0.0;0.0;0.0773035806103571"
640,33,3,"0.0;0.0;0.07549334111405981"
640,34,3,"0.0;0.0;0.07738344669373572"
640,35,3,"0.0;0.0;0.07552990761077151"
640,36,3,"0.0;0.0;0.07547325087031843"
640,37,3,"0.0;0.0;0.07545451696021922"
640,38,3,"0.0;0.0;0.07676684969387984"
640,39,3,"0.0;0.0;0.07732617455345704"
640,40,3,"0.0;0.0;0.07549334111405981"
640,41,3,"0.0;0.0;0.07752493201989406"
640,42,3,"0.0;0.0052287154206996705;0.07744833028688687"
640,43,3,"0.0;0.0;0.07544967699572422"
640,44,3,"0.0;0.07541400103136897;0.07878660232668801"
640,45,3,"0.0;0.0;0.07548905879885359"
640,46,3,"0.0;0.01260419367498628;0.07542331548580875"
640,47,3,"0.0;0.0;0.07563544354337826"
640,48,3,"0.0;0.0;0.07548735770229409"
640,49,3,"0.0;0.0;0.07753618096415213"
640,50,3,"0.0;0.005315095679418789;0.07746020540393732"
640,51,3,"0.0;0.0;0.07749084390087972"
640,52,3,"0.0;0.0;0.0746021498757721"
640,53,3,"0.0;0.0;0.07544805785361242"
640,54,3,"0.0;0.0;0.07764777577547712"
640,55,3,"0.0;0.0;0.07728140321854694"
640,56,3,"0.0;0.0;0.07545211664183954"
640,57,3,"0.0;0.0;0.07544485429197459"
640,58,3,"0.0;0.0;0.07764777577547712"
640,59,3,"0.0;0.008255402697328076;0.07542527226773323"
640,60,3,"0.0;0.0;0.07547325087031843"
640,61,3,"0.0;0.014388885766602402;0.07541702003629784"
640,62,3,"0.0;0.0;0.07732915827341456"
640,63,3,"0.0;0.0;0.07550116214007332"
640,64,3,"0.0;0.0;0.07754510583740915"
640,65,3,"0.0;0.0;0.07545211664183954"
640,66,3,"0.0;0.0;0.0763885768017259"
640,67,3,"0.0;0.07771840155317843;0.07802996151591156"
640,68,3,"0.0;0.0;0.0754845931500381"
640,69,3,"0.0;0.005372881000317849;0.07749084390087972"
640,70,3,"0.0;0.0;0.07746814459486177"
640,71,3,"0.0;0.0;0.0763885768017259"
640,72,3,"0.0;0.0;0.07735139581339796"
640,73,3,"0.0;0.0;0.07549047055374825"
640,74,3,"0.0;0.0;0.07737651056750346"
640,75,3,"0.0;0.0;0.07548735770229409"
640,76,3,"0.0;0.012604959111662649;0.07542527226773323"
640,77,3,"0.0;0.0;0.07750350695309245"
640,78,3,"0.0;0.0754318631368313;0.07579107273335157"
640,79,3,"0.0;0.0;0.07543873591211987"
640,80,3,"0.0;0.014376204616611021;0.07542527226773323"
640,81,3,"0.0;0.0;0.07738697198259341"
640,82,3,"0.0;0.012651570769700474;0.07767321155729723"
640,83,3,"0.0;0.005302298854720914;0.07747224467407325"
640,84,3,"0.0;0.0;0.07549334111405981"
640,85,2,"0.0;0.07767321155729723"
640,86,3,"0.0;0.0;0.07736972046991768"
640,87,3,"0.0;0.0;0.07546244791250403"
640,88,3,"0.0;0.0;0.0754026709430085"
640,89,3,"0.0;0.0;0.07429652844750582"
640,90,3,"0.0;0.0;0.07547591968825722"
640,91,3,"0.0;0.0;0.0755200978438475"
640,92,3,"0.0;0.0;0.07736307117782452"
640,93,3,"0.0;0.0;0.07543632484568717"
640,94,3,"0.0;0.0;0.07734176304836919"
640,95,3,"0.0;0.0;0.07544485429197459"
640,96,3,"0.0;0.0;0.07550728396014339"
640,97,3,"0.0;0.0;0.07546508906274658"
640,98,3,"0.0;0.0;0.07548159226902681"
640,99,2,"0.0;0.07767849285857596"
640,100,3,"0.0;0.0;0.07550403037770476"
640,101,3,"0.0;0.0;0.07543413815256202"
640,102,3,"0.0;0.0;0.07628823355605069"
640,103,3,"0.0;0.0;0.07755411423556724"
640,104,3,"0.0;0.0;0.07763769685724377"
640,105,3,"0.0;0.0;0.07730063145636767"
640,106,3,"0.0;0.0;0.07541901094045021"
640,107,3,"0.0;0.0;0.0768275391975474"
640,108,3,"0.0;0.0;0.07543413815256202"
640,109,3,"0.0;0.0;0.07548905879885359"
640,110,3,"0.0;0.0;0.07732008192768357"
640,111,3,"0.0;0.0;0.07541299415164693"
640,112,3,"0.0;0.0;0.0755200978438475"
640,113,3,"0.0;0.0;0.07732008192768357"
640,114,3,"0.0;0.0;0.07549199034415452"
640,115,3,"0.0;0.0;0.07736651850530918"
640,116,3,"0.0;0.0;0.07575076705117034"
640,117,3,"0.0;0.0;0.07545211664183954"
640,118,3,"0.0;0.0;0.07541299415164693"
640,119,3,"0.0;0.014388885766602402;0.07541702003629784"
640,120,3,"0.0;0.0;0.07441631087176448"
640,121,3,"0.0;0.0;0.07700810551088162"
640,122,3,"0.0;0.0;0.07547045105435546"
640,123,3,"0.0;0.0;0.07729229584057076"
640,124,3,"0.0;0.0;0.07553689842905387"
640,125,3,"0.0;0.0;0.07547591968825722"
640,126,3,"0.0;0.0;0.07550116214007332"
640,127,3,"0.0;0.01260033711889391;0.07541400103136897"
640,128,3,"0.0;0.0;0.07550116214007332"
640,129,3,"0.0;0.0;0.07547045105435546"
640,130,3,"0.0;0.0;0.07546508906274658"
640,131,3,"0.0;0.0;0.07547882534540766"
640,132,3,"0.0;0.0;0.07551040972712142"
640,133,3,"0.0;0.0;0.07549199034415452"
640,134,3,"0.0;0.0;0.07730361928683616"
640,135,3,"0.0;0.014373040178054757;0.0754275435936706"
640,136,3,"0.0;0.0;0.07429520962574425"
640,137,3,"0.0;0.0;0.07551679439808476"
640,138,3,"0.0;0.0;0.07601369333932806"
640,139,3,"0.0;0.0;0.07546244791250403"
640,140,3,"0.0;0.0;0.07765272381559588"
640,141,3,"0.0;0.0;0.07762780984456757"
640,142,3,"0.0;0.008287159761125412;0.0754275435936706"
640,143,3,"0.0;0.0;0.0755200978438475"
640,144,2,"0.0;0.07542104387177866"
640,145,3,"0.0;0.007927543069066787;0.07540455270793417"
640,146,3,"0.0;0.0;0.0754275435936706"
640,147,3,"0.0;0.0;0.07583467785456763"
640,148,3,"0.0;0.0;0.07544967699572422"
640,149,3,"0.0;0.01264462543293066;0.07769699032566953"
640,150,3,"0.0;0.0;0.0768275391975474"
680,1,3,"0.0;0.0;0.07551040972712142"
680,2,3,"0.0;0.0;0.07543632484568717"
680,3,3,"0.0;0.0;0.07736907560583453"
680,4,3,"0.0;0.0;0.07620995170967841"
680,5,3,"0.0;0.014771828968620823;0.07607596752501398"
680,6,3,"0.0;0.0;0.07541105112910454"
680,7,3,"0.0;0.0;0.07545211664183954"
680,8,3,"0.0;0.0;0.07751210046407041"
680,9,3,"0.0;0.0;0.07541702003629784"
680,10,3,"0.0;0.0;0.07602100402102098"
680,11,3,"0.0;0.0;0.07542104387177866"
680,12,3,"0.0;0.0;0.07552990761077151"
680,13,3,"0.0;0.0;0.07545211664183954"
680,14,3,"0.0;0.005451259905098526;0.07750774778895864"
680,15,3,"0.0;0.0;0.07575076705117034"
680,16,3,"0.0;0.0;0.07619993360846823"
680,17,3,"0.0;0.0;0.07602100402102098"
680,18,3,"0.0;0.0;0.07429387707098319"
680,19,3,"0.0;0.0;0.07544126161591981"
680,20,3,"0.0;0.0;0.07470093203765162"
680,21,3,"0.0;0.0;0.07429520962574425"
680,22,3,"0.0;0.0;0.0754318631368313"
680,23,3,"0.0;0.0;0.07763273561123049"
680,24,3,"0.0;0.0;0.07737998686295887"
680,25,3,"0.0;0.0;0.0746021498757721"
680,26,3,"0.0;0.0;0.07761783751910725"
680,27,3,"0.0;0.0;0.07546774332413267"
680,28,3,"0.0;0.0;0.07548905879885359"
680,29,3,"0.0;0.0;0.07748254274062054"
680,30,3,"0.0;0.0;0.07736307117782452"
680,31,3,"0.0;0.0;0.07619993360846823"
680,32,3,"0.0;0.0;0.07552664594991604"
680,33,3,"0.0;0.012605318770282238;0.0754275435936706"
680,34,3,"0.0;0.0;0.07737651056750346"
680,35,3,"0.0;0.0;0.07543873591211987"
680,36,3,"0.0;0.014790152718994896;0.07606088698538664"
680,37,3,"0.0;0.0;0.07545728247183431"
680,38,3,"0.0;0.0;0.07735468521657277"
680,39,3,"0.0;0.0;0.0754845931500381"
680,40,3,"0.0;0.0;0.07664774924680254"
680,41,3,"0.0;0.005392108836506374;0.07749510584220015"
680,42,3,"0.0;0.0;0.07549047055374825"
680,43,3,"0.0;0.0;0.07620995170967841"
680,44,3,"0.0;0.0;0.07734818744274001"
680,45,3,"0.0;0.0;0.07544587883900973"
680,46,3,"0.0;0.0;0.07551040972712142"
680,47,3,"0.0;0.008287159761125412;0.0754275435936706"
680,48,3,"0.0;0.0;0.07541299415164693"
680,49,3,"0.0;0.012637333609648747;0.0777237998774217"
680,50,3,"0.0;0.008129415525784035;0.07541702003629784"
680,51,3,"0.0;0.0;0.07548159226902681"
680,52,3,"0.0;0.0;0.07604093372422446"
680,53,3,"0.0;0.0;0.0773094499421908"
680,54,3,"0.0;0.0;0.0746021498757721"
680,55,3,"0.0;0.0;0.07548905879885359"
680,56,3,"0.0;0.0;0.07602605547232141"
680,57,3,"0.0;0.0;0.07549501025180269"
680,58,3,"0.0;0.0;0.07544838930977252"
680,59,3,"0.0;0.0;0.07747439213518667"
680,60,3,"0.0;0.008255402697328076;0.07542527226773323"
680,61,3,"0.0;0.0;0.07544335824173358"
680,62,3,"0.0;0.0;0.07664774924680254"
680,63,3,"0.0;0.0;0.07553352735826602"
680,64,3,"0.0;0.0;0.07548905879885359"
680,65,3,"0.0;0.0;0.07545211664183954"
680,66,3,"0.0;0.0;0.07547045105435546"
680,67,3,"0.0;0.014412771025883411;0.0754026709430085"
680,68,3,"0.0;0.0;0.07541702003629784"
680,69,3,"0.0;0.0;0.07541702003629784"
680,70,3,"0.0;0.0;0.07549808156401953"
680,71,3,"0.0;0.0;0.07550116214007332"
680,72,3,"0.0;0.0;0.0754845931500381"
680,73,3,"0.0;0.0;0.07544967699572422"
680,74,3,"0.0;0.0;0.07544967699572422"
680,75,3,"0.0;0.0;0.07618518200757379"
680,76,3,"0.0;0.0;0.07541901094045021"
680,77,3,"0.0;0.0;0.07619112489780991"
680,78,3,"0.0;0.0;0.07761053303010411"
680,79,3,"0.0;0.0;0.07747619756041872"
680,80,3,"0.0;0.0;0.07544805785361242"
680,81,3,"0.0;0.0;0.07544335824173358"
680,82,3,"0.0;0.0;0.07548159226902681"
680,83,3,"0.0;0.0;0.07548735770229409"
680,84,3,"0.0;0.0;0.07547045105435546"
680,85,3,"0.0;0.0;0.0761870974225609"
680,86,3,"0.0;0.0;0.07549501025180269"
680,87,3,"0.0;0.0;0.07549047055374825"
680,88,3,"0.0;0.0;0.0754318631368313"
680,89,3,"0.0;0.0;0.07549199034415452"
680,90,3,"0.0;0.0;0.07557206623829647"
680,91,3,"0.0;0.0;0.07545451696021922"
680,92,3,"0.0;0.0;0.07541105112910454"
680,93,3,"0.0;0.0;0.07763273561123049"
680,94,3,"0.0;0.0;0.07724914487324509"
680,95,3,"0.0;0.012600438275073957;0.07541702003629784"
680,96,3,"0.0;0.00789719183015381;0.0754026709430085"
680,97,3,"0.0;0.00798895675910608;0.07540818914254262"
680,98,3,"0.0;0.0;0.0763885768017259"
680,99,3,"0.0;0.0;0.07545728247183431"
680,100,3,"0.0;0.0;0.07541105112910454"
680,101,3,"0.0;0.00798895675910608;0.07540818914254262"
680,102,3,"0.0;0.0;0.07550728396014339"
680,103,3,"0.0;0.0;0.07545728247183431"
680,104,3,"0.0;0.0;0.07592982571338246"
680,105,3,"0.0;0.0;0.0764679316702846"
680,106,3,"0.0;0.005310703720000621;0.07746407210020959"
680,107,3,"0.0;0.0;0.07552334564266648"
680,108,3,"0.0;0.0;0.07543632484568717"
680,109,3,"0.0;0.0;0.07540455270793417"
680,110,3,"0.0;0.0;0.0754845931500381"
680,111,3,"0.0;0.0;0.07735638698865854"
680,112,3,"0.0;0.005211677332908621;0.07746407210020959"
680,113,3,"0.0;0.014755251517710519;0.07609046236804431"
680,114,3,"0.0;0.012602737591448521;0.07542104387177866"
680,115,3,"0.0;0.0;0.0760085267640871"
680,116,3,"0.0;0.005306503317012601;0.07746814459486177"
680,117,3,"0.0;0.0;0.07700810551088162"
680,118,3,"0.0;0.005306503317012601;0.07746814459486177"
680,119,3,"0.0;0.0;0.07553689842905387"
680,120,3,"0.0;0.0;0.07429520962574425"
680,121,3,"0.0;0.01263518049078094;0.07773484285118323"
680,122,3,"0.0;0.0;0.0772516787479272"
680,123,3,"0.0;0.0;0.07546244791250403"
680,124,3,"0.0;0.0;0.07541105112910454"
680,125,3,"0.0;0.0;0.07603531083119983"
680,126,3,"0.0;0.07579107273335157;0.07766291253526877"
680,127,3,"0.0;0.0;0.07565603101965654"
680,128,3,"0.0;0.0;0.07547591968825722"
680,129,3,"0.0;0.0;0.07749084390087972"
680,130,3,"0.0;0.0;0.07748254274062054"
680,131,3,"0.0;0.0;0.07718848127011413"
680,132,3,"0.0;0.0;0.07544587883900973"
680,133,3,"0.0;0.07579107273335157;0.0777237998774217"
680,134,3,"0.0;0.0;0.07737651056750346"
680,135,3,"0.0;0.0;0.07544805785361242"
680,136,3,"0.0;0.0;0.07549047055374825"
680,137,3,"0.0;0.0;0.07565603101965654"
680,138,3,"0.0;0.0;0.07552990761077151"
680,139,3,"0.0;0.0;0.07541009806897077"
680,140,3,"0.0;0.0;0.07734818744274001"
680,141,3,"0.0;0.0;0.07470093203765162"
680,142,3,"0.0;0.0;0.07545074633272048"
680,143,3,"0.0;0.0;0.07749084390087972"
680,144,3,"0.0;0.0;0.07545451696021922"
680,145,3,"0.0;0.012645864458353232;0.07769411185793824"
680,146,3,"0.0;0.012646334677629385;0.07607155473975272"
680,147,3,"0.0;0.0;0.07549334111405981"
680,148,3,"0.0;0.0;0.07601094001203489"
680,149,3,"0.0;0.0;0.07549334111405981"
680,150,3,"0.0;0.012605318770282238;0.0754275435936706"
720,1,3,"0.0;0.0;0.07549334111405981"
720,2,3,"0.0;0.0;0.07549047055374825"
720,3,3,"0.0;0.0;0.07541105112910454"
720,4,3,"0.0;0.0;0.0763373120102424"
720,5,3,"0.0;0.0;0.07526099625899324"
720,6,3,"0.0;0.0;0.07738697198259341"
720,7,3,"0.0;0.0;0.0754296664330171"
720,8,3,"0.0;0.0;0.07545987854030546"
720,9,3,"0.0;0.0;0.07734496350503718"
720,10,3,"0.0;0.0;0.07545211664183954"
720,11,3,"0.0;0.0;0.07664774924680254"
720,12,3,"0.0;0.0;0.07540455270793417"
720,13,3,"0.0;0.0;0.0773230164338917"
720,14,3,"0.0;0.0;0.07547591968825722"
720,15,3,"0.0;0.0;0.07557206623829647"
720,16,3,"0.0;0.0;0.0760062144395162"
720,17,3,"0.0;0.0;0.07541702003629784"
720,18,3,"0.0;0.0;0.07549334111405981"
720,19,3,"0.0;0.0;0.07541299415164693"
720,20,3,"0.0;0.0;0.07748675962311175"
720,21,3,"0.0;0.008490264136010088;0.07606679509526977"
720,22,3,"0.0;0.0;0.07551679439808476"
720,23,3,"0.0;0.0;0.07541009806897077"
720,24,3,"0.0;0.0;0.07563544354337826"
720,25,3,"0.0;0.0;0.07601369333932806"
720,26,3,"0.0;0.0;0.07441631087176448"
720,27,3,"0.0;0.0;0.0773094499421908"
720,28,3,"0.0;0.0;0.07549334111405981"
720,29,3,"0.0;0.0;0.07606384494021606"
720,30,3,"0.0;0.0;0.07547882534540766"
720,31,3,"0.0;0.0;0.07610895016563893"
720,32,3,"0.0;0.0;0.07548159226902681"
720,33,3,"0.0;0.0;0.07542527226773323"
720,34,3,"0.0;0.0;0.07543632484568717"
720,35,3,"0.0;0.0;0.07549808156401953"
720,36,3,"0.0;0.0;0.07621833568637694"
720,37,3,"0.0;0.0;0.07429652844750582"
720,38,3,"0.0;0.0;0.07546508906274658"
720,39,3,"0.0;0.0;0.07549808156401953"
720,40,3,"0.0;0.0;0.0755200978438475"
720,41,3,"0.0;0.0;0.07747224467407325"
720,42,3,"0.0;0.0;0.07546244791250403"
720,43,3,"0.0;0.0;0.07557206623829647"
720,44,3,"0.0;0.0;0.07548735770229409"
720,45,3,"0.0;0.0;0.07546244791250403"
720,46,3,"0.0;0.0;0.07542527226773323"
720,47,3,"0.0;0.008516202234739315;0.07541214942298465"
720,48,3,"0.0;0.0;0.07548735770229409"
720,49,3,"0.0;0.0;0.0761891302157037"
720,50,3,"0.0;0.0;0.07552990761077151"
720,51,3,"0.0;0.0;0.0763373120102424"
720,52,3,"0.0;0.0;0.07544587883900973"
720,53,3,"0.0;0.0;0.0746021498757721"
720,54,3,"0.0;0.0;0.07748254274062054"
720,55,3,"0.0;0.014740839979751997;0.07610361984336309"
720,56,3,"0.0;0.0;0.07545728247183431"
720,57,3,"0.0;0.0;0.07550116214007332"
720,58,3,"0.0;0.0;0.07592982571338246"
720,59,3,"0.0;0.0;0.07733849814424587"
720,60,3,"0.0;0.0;0.07542331548580875"
720,61,3,"0.0;0.005328245563504264;0.07744833028688687"
720,62,3,"0.0;0.0;0.07545074633272048"
720,63,3,"0.0;0.0;0.07544838930977252"
720,64,3,"0.0;0.0;0.07541594461647698"
720,65,3,"0.0;0.0;0.07664774924680254"
720,66,3,"0.0;0.0;0.07549808156401953"
720,67,3,"0.0;0.0;0.07551679439808476"
720,68,3,"0.0;0.0;0.07730361928683616"
720,69,3,"0.0;0.0;0.07548159226902681"
720,70,3,"0.0;0.0;0.07575076705117034"
720,71,3,"0.0;0.0;0.07545987854030546"
720,72,3,"0.0;0.0;0.0754275435936706"
720,73,3,"0.0;0.0;0.07730231429939172"
720,74,3,"0.0;0.0;0.07601334947775261"
720,75,3,"0.0;0.0;0.07563544354337826"
720,76,3,"0.0;0.0;0.07548905879885359"
720,77,3,"0.0;0.0;0.07737314614404175"
720,78,3,"0.0;0.0;0.07544838930977252"
720,79,3,"0.0;0.0;0.07544587883900973"
720,80,3,"0.0;0.0;0.0763885768017259"
720,81,3,"0.0;0.0;0.07544485429197459"
720,82,3,"0.0;0.0;0.07549808156401953"
720,83,3,"0.0;0.0;0.07676684969387984"
720,84,3,"0.0;0.0;0.07547591968825722"
720,85,3,"0.0;0.0;0.07543873591211987"
720,86,3,"0.0;0.0;0.07544805785361242"
720,87,3,"0.0;0.0;0.07541105112910454"
720,88,3,"0.0;0.0;0.07548159226902681"
720,89,3,"0.0;0.0;0.07549808156401953"
720,90,3,"0.0;0.0;0.07735468521657277"
720,91,3,"0.0;0.0;0.07540636662889386"
720,92,3,"0.0;0.0;0.0746021498757721"
720,93,3,"0.0;0.0;0.07546774332413267"
720,94,3,"0.0;0.0;0.07542527226773323"
720,95,3,"0.0;0.0;0.07551679439808476"
720,96,3,"0.0;0.0;0.07618105846243195"
720,97,3,"0.0;0.0;0.07565603101965654"
720,98,3,"0.0;0.0;0.07735969408359002"
720,99,3,"0.0;0.0;0.07551040972712142"
720,100,3,"0.0;0.0;0.07730522719309635"
720,101,3,"0.0;0.0;0.07545728247183431"
720,102,3,"0.0;0.0;0.07552664594991604"
720,103,3,"0.0;0.0;0.07542331548580875"
720,104,3,"0.0;0.0;0.07543632484568717"
720,105,3,"0.0;0.0;0.07541299415164693"
720,106,3,"0.0;0.0;0.0762141202707937"
720,107,3,"0.0;0.0;0.07548905879885359"
720,108,3,"0.0;0.0;0.07549199034415452"
720,109,3,"0.0;0.0;0.07601135701977847"
720,110,3,"0.0;0.0;0.07604093372422446"
720,111,3,"0.0;0.0;0.07552664594991604"
720,112,3,"0.0;0.0;0.07547882534540766"
720,113,3,"0.0;0.0;0.07749927403368606"
720,114,3,"0.0;0.0;0.07736972046991768"
720,115,3,"0.0;0.0;0.07620564004903874"
720,116,3,"0.0;0.0;0.07544485429197459"
720,117,3,"0.0;0.0;0.07541901094045021"
720,118,3,"0.0;0.0;0.07540455270793417"
720,119,3,"0.0;0.0;0.07549501025180269"
720,120,3,"0.0;0.0;0.07695634288635421"
720,121,3,"0.0;0.0;0.07429387707098319"
720,122,3,"0.0;0.0;0.07615958747260243"
720,123,3,"0.0;0.0;0.07541009806897077"
720,124,3,"0.0;0.0;0.07546244791250403"
720,125,3,"0.0;0.0;0.07543632484568717"
720,126,3,"0.0;0.0;0.07546774332413267"
720,127,3,"0.0;0.0;0.07620564004903874"
720,128,3,"0.0;0.0;0.07604093372422446"
720,129,3,"0.0;0.0;0.07664774924680254"
720,130,3,"0.0;0.008050779109848819;0.07541214942298465"
720,131,3,"0.0;0.0;0.07488733875307428"
720,132,3,"0.0;0.0;0.07488733875307428"
720,133,3,"0.0;0.0;0.07548905879885359"
720,134,3,"0.0;0.0;0.07746407210020959"
720,135,3,"0.0;0.0;0.07546508906274658"
720,136,3,"0.0;0.0;0.07541901094045021"
720,137,3,"0.0;0.0;0.07747835254256141"
720,138,3,"0.0;0.0;0.07541493614911345"
720,139,3,"0.0;0.014396811346182125;0.07541214942298465"
720,140,3,"0.0;0.0;0.07544967699572422"
720,141,3,"0.0;0.008067224969090875;0.07541299415164693"
720,142,3,"0.0;0.0;0.07607155473975272"
720,143,3,"0.0;0.008485229733705456;0.07610361984336309"
720,144,3,"0.0;0.0;0.07551040972712142"
720,145,3,"0.0;0.008489616501464394;0.07607596752501398"
720,146,3,"0.0;0.0;0.07541299415164693"
720,147,3,"0.0;0.0;0.07620995170967841"
720,148,3,"0.0;0.0;0.07429520962574425"
720,149,3,"0.0;0.0;0.0763885768017259"
720,150,3,"0.0;0.0;0.07610895016563893"
760,1,3,"0.0;0.0;0.07721060591110591"
760,2,3,"0.0;0.0;0.07546244791250403"
760,3,3,"0.0;0.0;0.07749084390087972"
760,4,3,"0.0;0.0;0.07544335824173358"
760,5,3,"0.0;0.0;0.07544587883900973"
760,6,3,"0.0;0.0;0.07541009806897077"
760,7,3,"0.0;0.0;0.07542527226773323"
760,8,3,"0.0;0.0;0.07550116214007332"
760,9,3,"0.0;0.0;0.07540636662889386"
760,10,3,"0.0;0.0;0.07542527226773323"
760,11,3,"0.0;0.0;0.07546508906274658"
760,12,3,"0.0;0.0;0.0754318631368313"
760,13,3,"0.0;0.0;0.07546774332413267"
760,14,3,"0.0;0.0;0.07703555378849515"
760,15,3,"0.0;0.0;0.07549808156401953"
760,16,3,"0.0;0.0;0.0754296664330171"
760,17,3,"0.0;0.0;0.07547325087031843"
760,18,3,"0.0;0.0;0.07603269652520679"
760,19,3,"0.0;0.0;0.07703555378849515"
760,20,3,"0.0;0.0;0.0754845931500381"
760,21,3,"0.0;0.0;0.07547045105435546"
760,22,3,"0.0;0.0;0.0755200978438475"
760,23,3,"0.0;0.0;0.07549199034415452"
760,24,3,"0.0;0.0;0.07549808156401953"
760,25,3,"0.0;0.0;0.07546244791250403"
760,26,3,"0.0;0.0;0.07541901094045021"
760,27,3,"0.0;0.0;0.07550728396014339"
760,28,3,"0.0;0.0;0.07544838930977252"
760,29,3,"0.0;0.0;0.0754275435936706"
760,30,3,"0.0;0.0;0.07737998686295887"
760,31,3,"0.0;0.0;0.07551679439808476"
760,32,3,"0.0;0.0;0.07557206623829647"
760,33,3,"0.0;0.0;0.07544335824173358"
760,34,3,"0.0;0.0;0.07549199034415452"
760,35,3,"0.0;0.0;0.07547591968825722"
760,36,3,"0.0;0.0;0.07551355928292258"
760,37,3,"0.0;0.0;0.07747619756041872"
760,38,3,"0.0;0.0;0.07545728247183431"
760,39,3,"0.0;0.0;0.07550403037770476"
760,40,3,"0.0;0.0;0.07543873591211987"
760,41,3,"0.0;0.0;0.0761891302157037"
760,42,3,"0.0;0.0;0.07541400103136897"
760,43,3,"0.0;0.0;0.07605783026719652"
760,44,3,"0.0;0.0;0.07551355928292258"
760,45,3,"0.0;0.0;0.07545728247183431"
760,46,3,"0.0;0.008160726624710863;0.07541901094045021"
760,47,3,"0.0;0.008318837131585797;0.0754296664330171"
760,48,3,"0.0;0.0;0.07746407210020959"
760,49,3,"0.0;0.0;0.0754296664330171"
760,50,3,"0.0;0.0084890410151052;0.07607767905146576"
760,51,3,"0.0;0.0;0.07547045105435546"
760,52,3,"0.0;0.0;0.07549501025180269"
760,53,3,"0.0;0.0;0.07616330738065641"
760,54,3,"0.0;0.0;0.07429520962574425"
760,55,3,"0.0;0.0;0.07549047055374825"
760,56,3,"0.0;0.005392108836506374;0.07749510584220015"
760,57,3,"0.0;0.0;0.07552334564266648"
760,58,3,"0.0;0.0;0.07583467785456763"
760,59,3,"0.0;0.0;0.07549047055374825"
760,60,3,"0.0;0.0;0.07507379466331107"
760,61,3,"0.0;0.0;0.07618518200757379"
760,62,3,"0.0;0.0;0.0760313083158993"
760,63,3,"0.0;0.0;0.07550403037770476"
760,64,3,"0.0;0.0;0.07607467425284047"
760,65,3,"0.0;0.0;0.07470093203765162"
760,66,3,"0.0;0.0;0.07541299415164693"
760,67,3,"0.0;0.0;0.07544335824173358"
760,68,3,"0.0;0.0;0.07488733875307428"
760,69,3,"0.0;0.0;0.07606679509526977"
760,70,3,"0.0;0.0;0.07546508906274658"
760,71,3,"0.0;0.0;0.07544838930977252"
760,72,3,"0.0;0.0;0.07616726858687099"
760,73,3,"0.0;0.0;0.0754275435936706"
760,74,3,"0.0;0.0;0.07429520962574425"
760,75,3,"0.0;0.0;0.07601369333932806"
760,76,3,"0.0;0.0;0.07736651850530918"
760,77,3,"0.0;0.0;0.07551040972712142"
760,78,3,"0.0;0.0;0.07549808156401953"
760,79,3,"0.0;0.0;0.07548735770229409"
760,80,3,"0.0;0.0;0.07548735770229409"
760,81,3,"0.0;0.0;0.07547045105435546"
760,82,3,"0.0;0.0;0.0760085267640871"
760,83,3,"0.0;0.0;0.07526099625899324"
760,84,3,"0.0;0.0;0.07551355928292258"
760,85,3,"0.0;0.0;0.0754275435936706"
760,86,3,"0.0;0.005310703720000621;0.07746407210020959"
760,87,3,"0.0;0.0;0.07549808156401953"
760,88,3,"0.0;0.0;0.07543873591211987"
760,89,3,"0.0;0.0;0.07548905879885359"
760,90,3,"0.0;0.0;0.07541702003629784"
760,91,3,"0.0;0.0;0.07548905879885359"
760,92,3,"0.0;0.0;0.07544967699572422"
760,93,3,"0.0;0.0;0.07544967699572422"
760,94,3,"0.0;0.0;0.07541493614911345"
760,95,3,"0.0;0.0;0.07545728247183431"
760,96,3,"0.0;0.0;0.07541299415164693"
760,97,3,"0.0;0.0;0.07601369333932806"
760,98,3,"0.0;0.0;0.07700810551088162"
760,99,3,"0.0;0.0;0.07547045105435546"
760,100,3,"0.0;0.0;0.07542527226773323"
760,101,3,"0.0;0.0;0.07582343395443714"
760,102,3,"0.0;0.0;0.07736307117782452"
760,103,3,"0.0;0.0;0.07547882534540766"
760,104,3,"0.0;0.0;0.07549047055374825"
760,105,3,"0.0;0.0;0.07550116214007332"
760,106,3,"0.0;0.0;0.07605783026719652"
760,107,3,"0.0;0.0;0.07547045105435546"
760,108,3,"0.0;0.0;0.07550403037770476"
760,109,3,"0.0;0.0;0.0754296664330171"
760,110,3,"0.0;0.0;0.07540455270793417"
760,111,3,"0.0;0.0;0.07544126161591981"
760,112,3,"0.0;0.0;0.07544714119846373"
760,113,3,"0.0;0.0;0.07541702003629784"
760,114,3,"0.0;0.0;0.07664774924680254"
760,115,3,"0.0;0.0;0.07541214942298465"
760,116,3,"0.0;0.0;0.07616330738065641"
760,117,3,"0.0;0.0;0.0754845931500381"
760,118,3,"0.0;0.0;0.07622268698762588"
760,119,3,"0.0;0.0;0.07606984504486775"
760,120,3,"0.0;0.0;0.07549501025180269"
760,121,3,"0.0;0.0072854367360758975;0.0754026709430085"
760,122,3,"0.0;0.0;0.07544126161591981"
760,123,3,"0.0;0.0;0.07542104387177866"
760,124,3,"0.0;0.0;0.07604647343492892"
760,125,3,"0.0;0.0;0.07543873591211987"
760,126,3,"0.0;0.0;0.07544838930977252"
760,127,3,"0.0;0.008485791543663633;0.0761001870839849"
760,128,3,"0.0;0.0;0.07546508906274658"
760,129,3,"0.0;0.0;0.07429652844750582"
760,130,3,"0.0;0.0;0.07605783026719652"
760,131,3,"0.0;0.0;0.0754845931500381"
760,132,3,"0.0;0.0;0.07551679439808476"
760,133,3,"0.0;0.0;0.07544838930977252"
760,134,3,"0.0;0.0;0.07544126161591981"
760,135,3,"0.0;0.0;0.07546244791250403"
760,136,3,"0.0;0.0;0.0754296664330171"
760,137,3,"0.0;0.0;0.07543873591211987"
760,138,3,"0.0;0.0;0.07429387707098319"
760,139,3,"0.0;0.0;0.07488733875307428"
760,140,3,"0.0;0.0;0.07746407210020959"
760,141,3,"0.0;0.0;0.07551679439808476"
760,142,3,"0.0;0.0;0.07543413815256202"
760,143,3,"0.0;0.0;0.07549501025180269"
760,144,3,"0.0;0.0;0.07544967699572422"
760,145,3,"0.0;0.0;0.07548905879885359"
760,146,3,"0.0;0.0;0.07686087540077935"
760,147,3,"0.0;0.0;0.07604928134774498"
760,148,3,"0.0;0.0;0.07550403037770476"
760,149,3,"0.0;0.0;0.07545987854030546"
760,150,3,"0.0;0.0;0.0754275435936706"
800,1,3,"0.0;0.0;0.07545211664183954"
800,2,3,"0.0;0.0;0.07542104387177866"
800,3,3,"0.0;0.0;0.0754318631368313"
800,4,3,"0.0;0.0;0.07543873591211987"
800,5,3,"0.0;0.0;0.07545211664183954"
800,6,3,"0.0;0.0;0.07621833568637694"
800,7,3,"0.0;0.0;0.0760274320004477"
800,8,3,"0.0;0.0;0.07541299415164693"
800,9,3,"0.0;0.0;0.07553352735826602"
800,10,3,"0.0;0.0;0.07549808156401953"
800,11,3,"0.0;0.0;0.07550728396014339"
800,12,3,"0.0;0.0;0.07441631087176448"
800,13,3,"0.0;0.0;0.07543413815256202"
800,14,3,"0.0;0.0;0.07546774332413267"
800,15,3,"0.0;0.0;0.07507379466331107"
800,16,3,"0.0;0.0;0.07546508906274658"
800,17,3,"0.0;0.0;0.07541702003629784"
800,18,3,"0.0;0.0;0.07540818914254262"
800,19,3,"0.0;0.0;0.07541105112910454"
800,20,3,"0.0;0.0;0.07541299415164693"
800,21,3,"0.0;0.0;0.07748675962311175"
800,22,3,"0.0;0.0;0.07544967699572422"
800,23,3,"0.0;0.0;0.07749927403368606"
800,24,3,"0.0;0.0;0.07541299415164693"
800,25,3,"0.0;0.0;0.07541901094045021"
800,26,3,"0.0;0.0;0.07540636662889386"
800,27,3,"0.0;0.0;0.07602334410019114"
800,28,3,"0.0;0.0;0.07608417557773263"
800,29,3,"0.0;0.0;0.07544587883900973"
800,30,3,"0.0;0.0;0.07551355928292258"
800,31,3,"0.0;0.0;0.07721060591110591"
800,32,3,"0.0;0.0;0.07429652844750582"
800,33,3,"0.0;0.0;0.07604093372422446"
800,34,3,"0.0;0.0;0.07542527226773323"
800,35,3,"0.0;0.0;0.07553689842905387"
800,36,3,"0.0;0.0;0.07470093203765162"
800,37,3,"0.0;0.0;0.07526099625899324"
800,38,3,"0.0;0.0;0.07551355928292258"
800,39,3,"0.0;0.0;0.07606984504486775"
800,40,3,"0.0;0.0;0.07606088698538664"
800,41,3,"0.0;0.0;0.07601369333932806"
800,42,3,"0.0;0.0;0.07545074633272048"
800,43,3,"0.0;0.0;0.07543873591211987"
800,44,3,"0.0;0.0;0.07557206623829647"
800,45,3,"0.0;0.0;0.07544587883900973"
800,46,3,"0.0;0.0;0.07604359315566821"
800,47,3,"0.0;0.0;0.07549199034415452"
800,48,3,"0.0;0.0;0.07748675962311175"
800,49,3,"0.0;0.0;0.07441631087176448"
800,50,3,"0.0;0.0;0.0754296664330171"
800,51,3,"0.0;0.0;0.07610361984336309"
800,52,3,"0.0;0.0;0.0754845931500381"
800,53,3,"0.0;0.0;0.07546774332413267"
800,54,3,"0.0;0.0;0.07544838930977252"
800,55,3,"0.0;0.0;0.07548159226902681"
800,56,3,"0.0;0.0;0.07618518200757379"
800,57,3,"0.0;0.0;0.0761518467693966"
800,58,3,"0.0;0.0;0.07541299415164693"
800,59,3,"0.0;0.0;0.07606984504486775"
800,60,3,"0.0;0.0;0.07542104387177866"
800,61,3,"0.0;0.0;0.07548905879885359"
800,62,3,"0.0;0.0;0.07545074633272048"
800,63,3,"0.0;0.0;0.07547591968825722"
800,64,3,"0.0;0.0;0.07551040972712142"
800,65,3,"0.0;0.0;0.07609046236804431"
800,66,3,"0.0;0.0;0.07543873591211987"
800,67,3,"0.0;0.0;0.07553352735826602"
800,68,3,"0.0;0.0;0.07583467785456763"
800,69,3,"0.0;0.0;0.07544126161591981"
800,70,3,"0.0;0.0;0.07541901094045021"
800,71,3,"0.0;0.0;0.07526099625899324"
800,72,3,"0.0;0.0;0.07542104387177866"
800,73,3,"0.0;0.0;0.07526099625899324"
800,74,3,"0.0;0.0;0.07601369333932806"
800,75,3,"0.0;0.0;0.0760550317879298"
800,76,3,"0.0;0.0;0.07547045105435546"
800,77,3,"0.0;0.0;0.0754845931500381"
800,78,3,"0.0;0.0;0.07545211664183954"
800,79,3,"0.0;0.0;0.07651166933377394"
800,80,3,"0.0;0.0;0.07606679509526977"
800,81,3,"0.0;0.0;0.07592982571338246"
800,82,3,"0.0;0.0;0.07547882534540766"
800,83,3,"0.0;0.0;0.07615958747260243"
800,84,3,"0.0;0.0;0.07602100402102098"
800,85,3,"0.0;0.0;0.07736907560583453"
800,86,3,"0.0;0.0;0.07544805785361242"
800,87,3,"0.0;0.0;0.07548735770229409"
800,88,3,"0.0;0.0;0.07603269652520679"
800,89,3,"0.0;0.0;0.07603269652520679"
800,90,3,"0.0;0.0;0.07549501025180269"
800,91,3,"0.0;0.0;0.07548735770229409"
800,92,3,"0.0;0.0;0.07582343395443714"
800,93,3,"0.0;0.0;0.07736972046991768"
800,94,3,"0.0;0.0;0.07541901094045021"
800,95,3,"0.0;0.0;0.0754275435936706"
800,96,3,"0.0;0.0;0.07544838930977252"
800,97,3,"0.0;0.0;0.07583467785456763"
800,98,3,"0.0;0.0;0.07545211664183954"
800,99,3,"0.0;0.0;0.07545074633272048"
800,100,3,"0.0;0.0;0.0754026709430085"
800,101,3,"0.0;0.0;0.07550403037770476"
800,102,3,"0.0;0.0;0.07619745537008818"
800,103,3,"0.0;0.0;0.07737314614404175"
800,104,3,"0.0;0.0;0.07544805785361242"
800,105,3,"0.0;0.0;0.07441631087176448"
800,106,3,"0.0;0.0;0.07429520962574425"
800,107,3,"0.0;0.0;0.07542104387177866"
800,108,3,"0.0;0.0;0.07544126161591981"
800,109,3,"0.0;0.0;0.07549199034415452"
800,110,3,"0.0;0.0;0.07547325087031843"
800,111,3,"0.0;0.0;0.07548159226902681"
800,112,3,"0.0;0.0;0.07736307117782452"
800,113,3,"0.0;0.0;0.0747884578492617"
800,114,3,"0.0;0.0;0.07488733875307428"
800,115,3,"0.0;0.0;0.07540818914254262"
800,116,3,"0.0;0.0;0.07544838930977252"
800,117,3,"0.0;0.0;0.07541400103136897"
800,118,3,"0.0;0.0;0.07544485429197459"
800,119,3,"0.0;0.0;0.07547325087031843"
800,120,3,"0.0;0.0;0.07603269652520679"
800,121,3,"0.0;0.0;0.07550403037770476"
800,122,3,"0.0;0.0;0.07543632484568717"
800,123,3,"0.0;0.0;0.07544714119846373"
800,124,3,"0.0;0.0;0.07541594461647698"
800,125,3,"0.0;0.0;0.07543413815256202"
800,126,3,"0.0;0.0;0.07542104387177866"
800,127,3,"0.0;0.0;0.07543413815256202"
800,128,3,"0.0;0.0;0.07544587883900973"
800,129,3,"0.0;0.0;0.07547882534540766"
800,130,3,"0.0;0.0;0.07470093203765162"
800,131,3,"0.0;0.0;0.07551355928292258"
800,132,3,"0.0;0.0;0.07609046236804431"
800,133,3,"0.0;0.0;0.07608082861196469"
800,134,3,"0.0;0.0;0.07551355928292258"
800,135,3,"0.0;0.0;0.07543413815256202"
800,136,3,"0.0;0.0;0.07608417557773263"
800,137,3,"0.0;0.0;0.07540818914254262"
800,138,3,"0.0;0.0;0.07606384494021606"
800,139,3,"0.0;0.0;0.07543413815256202"
800,140,3,"0.0;0.0;0.07544838930977252"
800,141,3,"0.0;0.0;0.0754296664330171"
800,142,3,"0.0;0.0;0.07543873591211987"
800,143,3,"0.0;0.0;0.07541105112910454"
800,144,3,"0.0;0.0;0.07545211664183954"
800,145,3,"0.0;0.0;0.0754318631368313"
800,146,3,"0.0;0.0;0.07542331548580875"
800,147,3,"0.0;0.0;0.07526099625899324"
800,148,3,"0.0;0.0;0.07544714119846373"
800,149,3,"0.0;0.0;0.07549199034415452"
800,150,3,"0.0;0.0;0.07603531083119983"
840,1,3,"0.0;0.0;0.07544967699572422"
840,2,3,"0.0;0.0;0.07540818914254262"
840,3,3,"0.0;0.0;0.07549334111405981"
840,4,3,"0.0;0.0;0.0754275435936706"
840,5,3,"0.0;0.0;0.07543632484568717"
840,6,3,"0.0;0.0;0.07542104387177866"
840,7,3,"0.0;0.0;0.07608715137412916"
840,8,3,"0.0;0.0;0.0754318631368313"
840,9,3,"0.0;0.0;0.0761001870839849"
840,10,3,"0.0;0.0;0.07546774332413267"
840,11,3,"0.0;0.0;0.07609363384913348"
840,12,3,"0.0;0.0;0.07545074633272048"
840,13,3,"0.0;0.0;0.0754275435936706"
840,14,3,"0.0;0.0;0.07549047055374825"
840,15,3,"0.0;0.0;0.0755200978438475"
840,16,3,"0.0;0.0;0.0754275435936706"
840,17,3,"0.0;0.0;0.07441631087176448"
840,18,3,"0.0;0.0;0.07544838930977252"
840,19,3,"0.0;0.0;0.07750350695309245"
840,20,3,"0.0;0.0;0.07544714119846373"
840,21,3,"0.0;0.0;0.07547882534540766"
840,22,3,"0.0;0.0;0.07547882534540766"
840,23,3,"0.0;0.0;0.07544967699572422"
840,24,3,"0.0;0.0;0.0746021498757721"
840,25,3,"0.0;0.0;0.07540455270793417"
840,26,3,"0.0;0.0;0.07551355928292258"
840,27,3,"0.0;0.0;0.07441631087176448"
840,28,3,"0.0;0.0;0.07548905879885359"
840,29,3,"0.0;0.0;0.07541901094045021"
840,30,3,"0.0;0.0;0.07542527226773323"
840,31,3,"0.0;0.0;0.07600376320793294"
840,32,3,"0.0;0.0;0.07545987854030546"
840,33,3,"0.0;0.0;0.07549047055374825"
840,34,3,"0.0;0.0;0.0754275435936706"
840,35,3,"0.0;0.0;0.07470093203765162"
840,36,3,"0.0;0.0;0.07541105112910454"
840,37,3,"0.0;0.0;0.07549047055374825"
840,38,3,"0.0;0.0;0.07736907560583453"
840,39,3,"0.0;0.0;0.07551040972712142"
840,40,3,"0.0;0.0;0.0754296664330171"
840,41,3,"0.0;0.0;0.0746021498757721"
840,42,3,"0.0;0.0;0.07544485429197459"
840,43,3,"0.0;0.0;0.07549334111405981"
840,44,3,"0.0;0.0;0.07547882534540766"
840,45,3,"0.0;0.0;0.07549808156401953"
840,46,3,"0.0;0.0;0.07541009806897077"
840,47,3,"0.0;0.0;0.07549047055374825"
840,48,3,"0.0;0.0;0.07544805785361242"
840,49,3,"0.0;0.0;0.0754026709430085"
840,50,3,"0.0;0.0;0.07540636662889386"
840,51,3,"0.0;0.0;0.07582343395443714"
840,52,3,"0.0;0.0;0.07550116214007332"
840,53,3,"0.0;0.0;0.07543873591211987"
840,54,3,"0.0;0.0;0.07604359315566821"
840,55,3,"0.0;0.0;0.07540636662889386"
840,56,3,"0.0;0.0;0.07548905879885359"
840,57,3,"0.0;0.0;0.07602486921158692"
840,58,3,"0.0;0.0;0.07607767905146576"
840,59,3,"0.0;0.0;0.07541702003629784"
840,60,3,"0.0;0.0;0.07548159226902681"
840,61,3,"0.0;0.0;0.07604928134774498"
840,62,3,"0.0;0.0;0.07547045105435546"
840,63,3,"0.0;0.0;0.07541901094045021"
840,64,3,"0.0;0.0;0.07526099625899324"
840,65,3,"0.0;0.0;0.07541105112910454"
840,66,3,"0.0;0.0;0.07551679439808476"
840,67,3,"0.0;0.0;0.0760550317879298"
840,68,3,"0.0;0.0;0.07541214942298465"
840,69,3,"0.0;0.0;0.07582343395443714"
840,70,3,"0.0;0.0;0.07541105112910454"
840,71,3,"0.0;0.0;0.07542527226773323"
840,72,3,"0.0;0.0;0.0754026709430085"
840,73,3,"0.0;0.0;0.0746021498757721"
840,74,3,"0.0;0.0;0.07546508906274658"
840,75,3,"0.0;0.0;0.07737651056750346"
840,76,3,"0.0;0.0;0.07549199034415452"
840,77,3,"0.0;0.0;0.07620564004903874"
840,78,3,"0.0;0.0;0.07543873591211987"
840,79,3,"0.0;0.0;0.07606679509526977"
840,80,3,"0.0;0.0;0.07545074633272048"
840,81,3,"0.0;0.0;0.07546508906274658"
840,82,3,"0.0;0.0;0.07551355928292258"
840,83,3,"0.0;0.0;0.07549334111405981"
840,84,3,"0.0;0.0;0.0754318631368313"
840,85,3,"0.0;0.0;0.07544967699572422"
840,86,3,"0.0;0.0;0.07541299415164693"
840,87,3,"0.0;0.0;0.07603803433664628"
840,88,3,"0.0;0.0;0.07547591968825722"
840,89,3,"0.0;0.0;0.0768275391975474"
840,90,3,"0.0;0.0;0.07541299415164693"
840,91,3,"0.0;0.0;0.07541493614911345"
840,92,3,"0.0;0.0;0.07541214942298465"
840,93,3,"0.0;0.0;0.07603269652520679"
840,94,3,"0.0;0.0;0.07550728396014339"
840,95,3,"0.0;0.0;0.07541493614911345"
840,96,3,"0.0;0.0;0.0764679316702846"
840,97,3,"0.0;0.0;0.07604359315566821"
840,98,3,"0.0;0.0;0.07541214942298465"
840,99,3,"0.0;0.0;0.07544967699572422"
840,100,3,"0.0;0.0;0.07540818914254262"
840,101,3,"0.0;0.0;0.07549199034415452"
840,102,3,"0.0;0.0;0.07552990761077151"
840,103,3,"0.0;0.0;0.07549501025180269"
840,104,3,"0.0;0.0;0.07547882534540766"
840,105,3,"0.0;0.0;0.07609690440663167"
840,106,3,"0.0;0.0;0.07544805785361242"
840,107,3,"0.0;0.0;0.07544335824173358"
840,108,3,"0.0;0.0;0.07622268698762588"
840,109,3,"0.0;0.0;0.07610361984336309"
840,110,3,"0.0;0.0;0.07651166933377394"
840,111,3,"0.0;0.0;0.07547325087031843"
840,112,3,"0.0;0.0;0.07429520962574425"
840,113,3,"0.0;0.0;0.07544587883900973"
840,114,3,"0.0;0.0;0.07542527226773323"
840,115,3,"0.0;0.0;0.07526099625899324"
840,116,3,"0.0;0.0;0.07549334111405981"
840,117,3,"0.0;0.0;0.07541214942298465"
840,118,3,"0.0;0.0;0.07470093203765162"
840,119,3,"0.0;0.0;0.07541400103136897"
840,120,3,"0.0;0.0;0.07583467785456763"
840,121,3,"0.0;0.0;0.07721060591110591"
840,122,3,"0.0;0.0;0.07544587883900973"
840,123,3,"0.0;0.0;0.07545987854030546"
840,124,3,"0.0;0.0;0.07548735770229409"
840,125,3,"0.0;0.0;0.07551040972712142"
840,126,3,"0.0;0.0;0.07551040972712142"
840,127,3,"0.0;0.0;0.07551040972712142"
840,128,3,"0.0;0.0;0.07545451696021922"
840,129,3,"0.0;0.0;0.07542527226773323"
840,130,3,"0.0;0.0;0.07550728396014339"
840,131,3,"0.0;0.0;0.07544714119846373"
840,132,3,"0.0;0.0;0.07607596752501398"
840,133,3,"0.0;0.0;0.07551679439808476"
840,134,3,"0.0;0.0;0.07540636662889386"
840,135,3,"0.0;0.0;0.0760550317879298"
840,136,3,"0.0;0.0;0.07748675962311175"
840,137,3,"0.0;0.0;0.07547045105435546"
840,138,3,"0.0;0.0;0.07543632484568717"
840,139,3,"0.0;0.0;0.07552334564266648"
840,140,3,"0.0;0.0;0.07545987854030546"
840,141,3,"0.0;0.0;0.07550116214007332"
840,142,3,"0.0;0.0;0.07605211634121763"
840,143,3,"0.0;0.0;0.07541493614911345"
840,144,3,"0.0;0.0;0.07542331548580875"
840,145,3,"0.0;0.0;0.07552990761077151"
840,146,3,"0.0;0.0;0.07547591968825722"
840,147,3,"0.0;0.0;0.07526099625899324"
840,148,3,"0.0;0.0;0.07601334947775261"
840,149,3,"0.0;0.0;0.0746021498757721"
840,150,3,"0.0;0.0;0.0754275435936706"
880,1,3,"0.0;0.0;0.07545728247183431"
880,2,3,"0.0;0.0;0.0754296664330171"
880,3,3,"0.0;0.0;0.07551679439808476"
880,4,3,"0.0;0.0;0.07550403037770476"
880,5,3,"0.0;0.0;0.07550403037770476"
880,6,3,"0.0;0.0;0.07551355928292258"
880,7,3,"0.0;0.0;0.07541493614911345"
880,8,3,"0.0;0.0;0.07545987854030546"
880,9,3,"0.0;0.0;0.07545987854030546"
880,10,3,"0.0;0.0;0.07735969408359002"
880,11,3,"0.0;0.0;0.07545074633272048"
880,12,3,"0.0;0.0;0.07546508906274658"
880,13,3,"0.0;0.0;0.07607467425284047"
880,14,3,"0.0;0.0;0.07547045105435546"
880,15,3,"0.0;0.0;0.07542104387177866"
880,16,3,"0.0;0.0;0.07541901094045021"
880,17,3,"0.0;0.0;0.0760550317879298"
880,18,3,"0.0;0.0;0.07550728396014339"
880,19,3,"0.0;0.0;0.07541105112910454"
880,20,3,"0.0;0.0;0.07540818914254262"
880,21,3,"0.0;0.0;0.07526099625899324"
880,22,3,"0.0;0.0;0.07609690440663167"
880,23,3,"0.0;0.0;0.07550403037770476"
880,24,3,"0.0;0.0;0.07540636662889386"
880,25,3,"0.0;0.0;0.07608082861196469"
880,26,3,"0.0;0.0;0.07603531083119983"
880,27,3,"0.0;0.0;0.07544967699572422"
880,28,3,"0.0;0.0;0.07551040972712142"
880,29,3,"0.0;0.0;0.07610361984336309"
880,30,3,"0.0;0.0;0.07545451696021922"
880,31,3,"0.0;0.0;0.07610361984336309"
880,32,3,"0.0;0.0;0.07605211634121763"
880,33,3,"0.0;0.0;0.07544714119846373"
880,34,3,"0.0;0.0;0.07541299415164693"
880,35,3,"0.0;0.0;0.07429652844750582"
880,36,3,"0.0;0.0;0.07549501025180269"
880,37,3,"0.0;0.0;0.07507379466331107"
880,38,3,"0.0;0.0;0.07609046236804431"
880,39,3,"0.0;0.0;0.07545987854030546"
880,40,3,"0.0;0.0;0.07541299415164693"
880,41,3,"0.0;0.0;0.07604647343492892"
880,42,3,"0.0;0.0;0.07601833533703603"
880,43,3,"0.0;0.0;0.07609046236804431"
880,44,3,"0.0;0.0;0.07541214942298465"
880,45,3,"0.0;0.0;0.07545211664183954"
880,46,3,"0.0;0.0;0.07545074633272048"
880,47,3,"0.0;0.0;0.07608715137412916"
880,48,3,"0.0;0.0;0.0746021498757721"
880,49,3,"0.0;0.0;0.07551355928292258"
880,50,3,"0.0;0.0;0.07546244791250403"
880,51,3,"0.0;0.0;0.07541702003629784"
880,52,3,"0.0;0.0;0.07604928134774498"
880,53,3,"0.0;0.0;0.07547325087031843"
880,54,3,"0.0;0.0;0.07607596752501398"
880,55,3,"0.0;0.0;0.0760085267640871"
880,56,3,"0.0;0.0;0.07543632484568717"
880,57,3,"0.0;0.0;0.07543413815256202"
880,58,3,"0.0;0.0;0.07542104387177866"
880,59,3,"0.0;0.0;0.0754026709430085"
880,60,3,"0.0;0.0;0.07542527226773323"
880,61,3,"0.0;0.0;0.07545451696021922"
880,62,3,"0.0;0.0;0.07540636662889386"
880,63,3,"0.0;0.0;0.07541493614911345"
880,64,3,"0.0;0.0;0.07548905879885359"
880,65,3,"0.0;0.0;0.07592982571338246"
880,66,3,"0.0;0.0;0.07592982571338246"
880,67,3,"0.0;0.0;0.0747884578492617"
880,68,3,"0.0;0.0;0.07429520962574425"
880,69,3,"0.0;0.0;0.07548905879885359"
880,70,3,"0.0;0.0;0.0754296664330171"
880,71,3,"0.0;0.0;0.07546244791250403"
880,72,3,"0.0;0.0;0.07549808156401953"
880,73,3,"0.0;0.0;0.07541493614911345"
880,74,3,"0.0;0.0;0.07546774332413267"
880,75,3,"0.0;0.0;0.07602486921158692"
880,76,3,"0.0;0.0;0.07541299415164693"
880,77,3,"0.0;0.0;0.07550403037770476"
880,78,3,"0.0;0.0;0.07541901094045021"
880,79,3,"0.0;0.0;0.0755200978438475"
880,80,3,"0.0;0.0;0.07544335824173358"
880,81,3,"0.0;0.0;0.07540818914254262"
880,82,3,"0.0;0.0;0.07544587883900973"
880,83,3,"0.0;0.0;0.07548905879885359"
880,84,3,"0.0;0.0;0.07546508906274658"
880,85,3,"0.0;0.0;0.07541400103136897"
880,86,3,"0.0;0.0;0.07565603101965654"
880,87,3,"0.0;0.0;0.07441631087176448"
880,88,3,"0.0;0.0;0.07541299415164693"
880,89,3,"0.0;0.0;0.07547325087031843"
880,90,3,"0.0;0.0;0.0760274320004477"
880,91,3,"0.0;0.0;0.07607467425284047"
880,92,3,"0.0;0.0;0.07604093372422446"
880,93,3,"0.0;0.0;0.07544485429197459"
880,94,3,"0.0;0.0;0.07542104387177866"
880,95,3,"0.0;0.0;0.07552664594991604"
880,96,3,"0.0;0.0;0.07549047055374825"
880,97,3,"0.0;0.0;0.07547591968825722"
880,98,3,"0.0;0.0;0.0760550317879298"
880,99,3,"0.0;0.0;0.07541214942298465"
880,100,3,"0.0;0.0;0.07592982571338246"
880,101,3,"0.0;0.0;0.07604093372422446"
880,102,3,"0.0;0.0;0.07552334564266648"
880,103,3,"0.0;0.0;0.0760062144395162"
880,104,3,"0.0;0.0;0.07550403037770476"
880,105,3,"0.0;0.0;0.07547882534540766"
880,106,3,"0.0;0.0;0.07542331548580875"
880,107,3,"0.0;0.0;0.0760550317879298"
880,108,3,"0.0;0.0;0.07543413815256202"
880,109,3,"0.0;0.0;0.07545987854030546"
880,110,3,"0.0;0.0;0.07549047055374825"
880,111,3,"0.0;0.0;0.07542331548580875"
880,112,3,"0.0;0.0;0.07544967699572422"
880,113,3,"0.0;0.0;0.0754026709430085"
880,114,3,"0.0;0.0;0.07607299034800825"
880,115,3,"0.0;0.0;0.07548159226902681"
880,116,3,"0.0;0.0;0.07549047055374825"
880,117,3,"0.0;0.0;0.07545074633272048"
880,118,3,"0.0;0.0;0.07607767905146576"
880,119,3,"0.0;0.0;0.07541299415164693"
880,120,3,"0.0;0.0;0.07541299415164693"
880,121,3,"0.0;0.0;0.07544587883900973"
880,122,3,"0.0;0.0;0.07543632484568717"
880,123,3,"0.0;0.0;0.07542104387177866"
880,124,3,"0.0;0.0;0.07441631087176448"
880,125,3,"0.0;0.0;0.07545451696021922"
880,126,3,"0.0;0.0;0.07544335824173358"
880,127,3,"0.0;0.0;0.07575076705117034"
880,128,3,"0.0;0.0;0.07610361984336309"
880,129,3,"0.0;0.0;0.07540818914254262"
880,130,3,"0.0;0.0;0.07544126161591981"
880,131,3,"0.0;0.0;0.07542527226773323"
880,132,3,"0.0;0.0;0.07551355928292258"
880,133,3,"0.0;0.0;0.07551679439808476"
880,134,3,"0.0;0.0;0.0754026709430085"
880,135,3,"0.0;0.0;0.0754275435936706"
880,136,3,"0.0;0.0;0.07551679439808476"
880,137,3,"0.0;0.0;0.07547591968825722"
880,138,3,"0.0;0.0;0.07541214942298465"
880,139,3,"0.0;0.0;0.07543873591211987"
880,140,3,"0.0;0.0;0.07553689842905387"
880,141,3,"0.0;0.0;0.07545728247183431"
880,142,3,"0.0;0.0;0.07544714119846373"
880,143,3,"0.0;0.0;0.0754275435936706"
880,144,3,"0.0;0.0;0.07549334111405981"
880,145,3,"0.0;0.0;0.07552334564266648"
880,146,3,"0.0;0.0;0.07550116214007332"
880,147,3,"0.0;0.0;0.0754296664330171"
880,148,3,"0.0;0.0;0.0747884578492617"
880,149,3,"0.0;0.0;0.0755200978438475"
880,150,3,"0.0;0.0;0.07550728396014339"
920,1,3,"0.0;0.0;0.07541702003629784"
920,2,3,"0.0;0.0;0.07548159226902681"
920,3,3,"0.0;0.0;0.07544838930977252"
920,4,3,"0.0;0.0;0.07549199034415452"
920,5,3,"0.0;0.0;0.07541702003629784"
920,6,3,"0.0;0.0;0.07497477985069091"
920,7,3,"0.0;0.0;0.07547325087031843"
920,8,3,"0.0;0.0;0.0755200978438475"
920,9,3,"0.0;0.0;0.07606384494021606"
920,10,3,"0.0;0.0;0.07542527226773323"
920,11,3,"0.0;0.0;0.07541009806897077"
920,12,3,"0.0;0.0;0.07541493614911345"
920,13,3,"0.0;0.0;0.07604647343492892"
920,14,3,"0.0;0.0;0.07544967699572422"
920,15,3,"0.0;0.0;0.07543632484568717"
920,16,3,"0.0;0.0;0.0746021498757721"
920,17,3,"0.0;0.0;0.07545074633272048"
920,18,3,"0.0;0.0;0.07541493614911345"
920,19,3,"0.0;0.0;0.07605783026719652"
920,20,3,"0.0;0.0;0.07550116214007332"
920,21,3,"0.0;0.0;0.07550403037770476"
920,22,3,"0.0;0.0;0.07609363384913348"
920,23,3,"0.0;0.0;0.0754845931500381"
920,24,3,"0.0;0.0;0.07547045105435546"
920,25,3,"0.0;0.0;0.07541009806897077"
920,26,3,"0.0;0.0;0.07546244791250403"
920,27,3,"0.0;0.0;0.07604359315566821"
920,28,3,"0.0;0.0;0.07606984504486775"
920,29,3,"0.0;0.0;0.0754318631368313"
920,30,3,"0.0;0.0;0.07545451696021922"
920,31,3,"0.0;0.0;0.07507379466331107"
920,32,3,"0.0;0.0;0.0755200978438475"
920,33,3,"0.0;0.0;0.07609046236804431"
920,34,3,"0.0;0.0;0.07543413815256202"
920,35,3,"0.0;0.0;0.07429652844750582"
920,36,3,"0.0;0.0;0.07607767905146576"
920,37,3,"0.0;0.0;0.07546774332413267"
920,38,3,"0.0;0.0;0.07550116214007332"
920,39,3,"0.0;0.0;0.07550728396014339"
920,40,3,"0.0;0.0;0.07541105112910454"
920,41,3,"0.0;0.0;0.07544805785361242"
920,42,3,"0.0;0.0;0.07575076705117034"
920,43,3,"0.0;0.0;0.07550403037770476"
920,44,3,"0.0;0.0;0.0754318631368313"
920,45,3,"0.0;0.0;0.07549199034415452"
920,46,3,"0.0;0.0;0.0754275435936706"
920,47,3,"0.0;0.0;0.07544485429197459"
920,48,3,"0.0;0.0;0.07541493614911345"
920,49,3,"0.0;0.0;0.07604928134774498"
920,50,3,"0.0;0.0;0.07429520962574425"
920,51,3,"0.0;0.0;0.07547325087031843"
920,52,3,"0.0;0.0;0.0760550317879298"
920,53,3,"0.0;0.0;0.07550728396014339"
920,54,3,"0.0;0.0;0.07551040972712142"
920,55,3,"0.0;0.0;0.07542104387177866"
920,56,3,"0.0;0.0;0.07549199034415452"
920,57,3,"0.0;0.0;0.07546244791250403"
920,58,3,"0.0;0.0;0.07488733875307428"
920,59,3,"0.0;0.0;0.07546774332413267"
920,60,3,"0.0;0.0;0.07548905879885359"
920,61,3,"0.0;0.0;0.07544126161591981"
920,62,3,"0.0;0.0;0.07543413815256202"
920,63,3,"0.0;0.0;0.0754275435936706"
920,64,3,"0.0;0.0;0.07546508906274658"
920,65,3,"0.0;0.0;0.07542104387177866"
920,66,3,"0.0;0.0;0.07541901094045021"
920,67,3,"0.0;0.0;0.07526099625899324"
920,68,3,"0.0;0.0;0.07541009806897077"
920,69,3,"0.0;0.0;0.07541400103136897"
920,70,3,"0.0;0.0;0.07544126161591981"
920,71,3,"0.0;0.0;0.07542331548580875"
920,72,3,"0.0;0.0;0.07543413815256202"
920,73,3,"0.0;0.0;0.07545211664183954"
920,74,3,"0.0;0.0;0.0754296664330171"
920,75,3,"0.0;0.0;0.07545987854030546"
920,76,3,"0.0;0.0;0.0755200978438475"
920,77,3,"0.0;0.0;0.0755200978438475"
920,78,3,"0.0;0.0;0.0760085267640871"
920,79,3,"0.0;0.0;0.07547045105435546"
920,80,3,"0.0;0.0;0.0747884578492617"
920,81,3,"0.0;0.0;0.07544126161591981"
920,82,3,"0.0;0.0;0.07497477985069091"
920,83,3,"0.0;0.0;0.07545987854030546"
920,84,3,"0.0;0.0;0.07549808156401953"
920,85,3,"0.0;0.0;0.07543632484568717"
920,86,3,"0.0;0.0;0.07545211664183954"
920,87,3,"0.0;0.0;0.07551355928292258"
920,88,3,"0.0;0.0;0.07543873591211987"
920,89,3,"0.0;0.0;0.0747884578492617"
920,90,3,"0.0;0.0;0.07549199034415452"
920,91,3,"0.0;0.0;0.07549808156401953"
920,92,3,"0.0;0.0;0.07542527226773323"
920,93,3,"0.0;0.0;0.07507379466331107"
920,94,3,"0.0;0.0;0.07544805785361242"
920,95,3,"0.0;0.0;0.07542331548580875"
920,96,3,"0.0;0.0;0.07507379466331107"
920,97,3,"0.0;0.0;0.07541702003629784"
920,98,3,"0.0;0.0;0.07541702003629784"
920,99,3,"0.0;0.0;0.07541901094045021"
920,100,3,"0.0;0.0;0.07429652844750582"
920,101,3,"0.0;0.0;0.07544838930977252"
920,102,3,"0.0;0.0;0.07543873591211987"
920,103,3,"0.0;0.0;0.07543413815256202"
920,104,3,"0.0;0.0;0.07470093203765162"
920,105,3,"0.0;0.0;0.07545728247183431"
920,106,3,"0.0;0.0;0.07546508906274658"
920,107,3,"0.0;0.0;0.07603803433664628"
920,108,3,"0.0;0.0;0.07429652844750582"
920,109,3,"0.0;0.0;0.07541400103136897"
920,110,3,"0.0;0.0;0.07609690440663167"
920,111,3,"0.0;0.0;0.07557206623829647"
920,112,3,"0.0;0.0;0.07544335824173358"
920,113,3,"0.0;0.0;0.0754296664330171"
920,114,3,"0.0;0.0;0.07609690440663167"
920,115,3,"0.0;0.0;0.07540636662889386"
920,116,3,"0.0;0.0;0.07542331548580875"
920,117,3,"0.0;0.0;0.07544485429197459"
920,118,3,"0.0;0.0;0.07540636662889386"
920,119,3,"0.0;0.0;0.07546244791250403"
920,120,3,"0.0;0.0;0.07548905879885359"
920,121,3,"0.0;0.0;0.07544838930977252"
920,122,3,"0.0;0.0;0.07545987854030546"
920,123,3,"0.0;0.0;0.07541299415164693"
920,124,3,"0.0;0.0;0.07549334111405981"
920,125,3,"0.0;0.0;0.07470093203765162"
920,126,3,"0.0;0.0;0.07549199034415452"
920,127,3,"0.0;0.0;0.07541214942298465"
920,128,3,"0.0;0.0;0.07551355928292258"
920,129,3,"0.0;0.0;0.07604647343492892"
920,130,3,"0.0;0.0;0.07549199034415452"
920,131,3,"0.0;0.0;0.07606088698538664"
920,132,3,"0.0;0.0;0.07544967699572422"
920,133,3,"0.0;0.0;0.07545451696021922"
920,134,3,"0.0;0.0;0.07546774332413267"
920,135,3,"0.0;0.0;0.07543873591211987"
920,136,3,"0.0;0.0;0.0761001870839849"
920,137,3,"0.0;0.0;0.07543632484568717"
920,138,3,"0.0;0.0;0.07545728247183431"
920,139,3,"0.0;0.0;0.07470093203765162"
920,140,3,"0.0;0.0;0.07548159226902681"
920,141,3,"0.0;0.0;0.07541009806897077"
920,142,3,"0.0;0.0;0.07544838930977252"
920,143,3,"0.0;0.0;0.07583467785456763"
920,144,3,"0.0;0.0;0.07550403037770476"
920,145,3,"0.0;0.0;0.07429652844750582"
920,146,3,"0.0;0.0;0.07544126161591981"
920,147,3,"0.0;0.0;0.07550403037770476"
920,148,3,"0.0;0.0;0.0754845931500381"
920,149,3,"0.0;0.0;0.07602334410019114"
920,150,3,"0.0;0.0;0.07608417557773263"
960,1,3,"0.0;0.0;0.07429652844750582"
960,2,3,"0.0;0.0;0.07546508906274658"
960,3,3,"0.0;0.0;0.07544335824173358"
960,4,3,"0.0;0.0;0.07547591968825722"
960,5,3,"0.0;0.0;0.07551355928292258"
960,6,3,"0.0;0.0;0.07507379466331107"
960,7,3,"0.0;0.0;0.0746021498757721"
960,8,3,"0.0;0.0;0.07541493614911345"
960,9,3,"0.0;0.0;0.07526099625899324"
960,10,3,"0.0;0.0;0.07549501025180269"
960,11,3,"0.0;0.0;0.07540636662889386"
960,12,3,"0.0;0.0;0.07544967699572422"
960,13,3,"0.0;0.0;0.07551040972712142"
960,14,3,"0.0;0.0;0.07607299034800825"
960,15,3,"0.0;0.0;0.07429387707098319"
960,16,3,"0.0;0.0;0.07541009806897077"
960,17,3,"0.0;0.0;0.07545451696021922"
960,18,3,"0.0;0.0;0.07542104387177866"
960,19,3,"0.0;0.0;0.07547325087031843"
960,20,3,"0.0;0.0;0.07542527226773323"
960,21,3,"0.0;0.0;0.07544485429197459"
960,22,3,"0.0;0.0;0.07608082861196469"
960,23,3,"0.0;0.0;0.07541105112910454"
960,24,3,"0.0;0.0;0.07541400103136897"
960,25,3,"0.0;0.0;0.07526099625899324"
960,26,3,"0.0;0.0;0.07544838930977252"
960,27,3,"0.0;0.0;0.07545211664183954"
960,28,3,"0.0;0.0;0.07541299415164693"
960,29,3,"0.0;0.0;0.07542104387177866"
960,30,3,"0.0;0.0;0.07542104387177866"
960,31,3,"0.0;0.0;0.07607299034800825"
960,32,3,"0.0;0.0;0.07545211664183954"
960,33,3,"0.0;0.0;0.07507379466331107"
960,34,3,"0.0;0.0;0.07547882534540766"
960,35,3,"0.0;0.0;0.07526099625899324"
960,36,3,"0.0;0.0;0.07544126161591981"
960,37,3,"0.0;0.0;0.07544967699572422"
960,38,3,"0.0;0.0;0.07544967699572422"
960,39,3,"0.0;0.0;0.07547325087031843"
960,40,3,"0.0;0.0;0.07540636662889386"
960,41,3,"0.0;0.0;0.07606679509526977"
960,42,3,"0.0;0.0;0.07601369333932806"
960,43,3,"0.0;0.0;0.07541702003629784"
960,44,3,"0.0;0.0;0.07507379466331107"
960,45,3,"0.0;0.0;0.07540455270793417"
960,46,3,"0.0;0.0;0.07429652844750582"
960,47,3,"0.0;0.0;0.07548905879885359"
960,48,3,"0.0;0.0;0.07547591968825722"
960,49,3,"0.0;0.0;0.07550728396014339"
960,50,3,"0.0;0.0;0.07542331548580875"
960,51,3,"0.0;0.0;0.07550403037770476"
960,52,3,"0.0;0.0;0.07546244791250403"
960,53,3,"0.0;0.0;0.07541299415164693"
960,54,3,"0.0;0.0;0.07549501025180269"
960,55,3,"0.0;0.0;0.07541400103136897"
960,56,3,"0.0;0.0;0.07541214942298465"
960,57,3,"0.0;0.0;0.07547882534540766"
960,58,3,"0.0;0.0;0.07605783026719652"
960,59,3,"0.0;0.0;0.07550728396014339"
960,60,3,"0.0;0.0;0.07549199034415452"
960,61,3,"0.0;0.0;0.07546774332413267"
960,62,3,"0.0;0.0;0.07547045105435546"
960,63,3,"0.0;0.0;0.07607596752501398"
960,64,3,"0.0;0.0;0.07542331548580875"
960,65,3,"0.0;0.0;0.07541400103136897"
960,66,3,"0.0;0.0;0.07541009806897077"
960,67,3,"0.0;0.0;0.07608417557773263"
960,68,3,"0.0;0.0;0.07545074633272048"
960,69,3,"0.0;0.0;0.07551040972712142"
960,70,3,"0.0;0.0;0.07542104387177866"
960,71,3,"0.0;0.0;0.07429387707098319"
960,72,3,"0.0;0.0;0.0746021498757721"
960,73,3,"0.0;0.0;0.07543873591211987"
960,74,3,"0.0;0.0;0.07543413815256202"
960,75,3,"0.0;0.0;0.07541105112910454"
960,76,3,"0.0;0.0;0.0760550317879298"
960,77,3,"0.0;0.0;0.07550116214007332"
960,78,3,"0.0;0.0;0.07606384494021606"
960,79,3,"0.0;0.0;0.07545728247183431"
960,80,3,"0.0;0.0;0.07541594461647698"
960,81,3,"0.0;0.0;0.07544335824173358"
960,82,3,"0.0;0.0;0.07551040972712142"
960,83,3,"0.0;0.0;0.07551355928292258"
960,84,3,"0.0;0.0;0.07553689842905387"
960,85,3,"0.0;0.0;0.07606384494021606"
960,86,3,"0.0;0.0;0.07575076705117034"
960,87,3,"0.0;0.0;0.07550728396014339"
960,88,3,"0.0;0.0;0.07605783026719652"
960,89,3,"0.0;0.0;0.07429520962574425"
960,90,3,"0.0;0.0;0.07552664594991604"
960,91,3,"0.0;0.0;0.07526099625899324"
960,92,3,"0.0;0.0;0.07553352735826602"
960,93,3,"0.0;0.0;0.0754275435936706"
960,94,3,"0.0;0.0;0.07550116214007332"
960,95,3,"0.0;0.0;0.07429520962574425"
960,96,3,"0.0;0.0;0.07540818914254262"
960,97,3,"0.0;0.0;0.07547325087031843"
960,98,3,"0.0;0.0;0.07541009806897077"
960,99,3,"0.0;0.0;0.07544838930977252"
960,100,3,"0.0;0.0;0.07549199034415452"
960,101,3,"0.0;0.0;0.07557206623829647"
960,102,3,"0.0;0.0;0.07547045105435546"
960,103,3,"0.0;0.0;0.07541299415164693"
960,104,3,"0.0;0.0;0.07541105112910454"
960,105,3,"0.0;0.0;0.07541009806897077"
960,106,3,"0.0;0.0;0.07547882534540766"
960,107,3,"0.0;0.0;0.07550728396014339"
960,108,3,"0.0;0.0;0.07470093203765162"
960,109,3,"0.0;0.0;0.07542527226773323"
960,110,3,"0.0;0.0;0.07544335824173358"
960,111,3,"0.0;0.0;0.07545987854030546"
960,112,3,"0.0;0.0;0.07541493614911345"
960,113,3,"0.0;0.0;0.07541105112910454"
960,114,3,"0.0;0.0;0.07547325087031843"
960,115,3,"0.0;0.0;0.07542527226773323"
960,116,3,"0.0;0.0;0.07543632484568717"
960,117,3,"0.0;0.0;0.07543413815256202"
960,118,3,"0.0;0.0;0.07547591968825722"
960,119,3,"0.0;0.0;0.07606984504486775"
960,120,3,"0.0;0.0;0.07551355928292258"
960,121,3,"0.0;0.0;0.0754275435936706"
960,122,3,"0.0;0.0;0.07526099625899324"
960,123,3,"0.0;0.0;0.07549501025180269"
960,124,3,"0.0;0.0;0.07429387707098319"
960,125,3,"0.0;0.0;0.0754318631368313"
960,126,3,"0.0;0.0;0.07548735770229409"
960,127,3,"0.0;0.0;0.07540818914254262"
960,128,3,"0.0;0.0;0.07541901094045021"
960,129,3,"0.0;0.0;0.07541299415164693"
960,130,3,"0.0;0.0;0.07607467425284047"
960,131,3,"0.0;0.0;0.07543632484568717"
960,132,3,"0.0;0.0;0.0754296664330171"
960,133,3,"0.0;0.0;0.07546774332413267"
960,134,3,"0.0;0.0;0.07542527226773323"
960,135,3,"0.0;0.0;0.0755200978438475"
960,136,3,"0.0;0.0;0.07546244791250403"
960,137,3,"0.0;0.0;0.07540455270793417"
960,138,3,"0.0;0.0;0.07592982571338246"
960,139,3,"0.0;0.0;0.07592982571338246"
960,140,3,"0.0;0.0;0.07541299415164693"
960,141,3,"0.0;0.0;0.07542104387177866"
960,142,3,"0.0;0.0;0.07470093203765162"
960,143,3,"0.0;0.0;0.07542527226773323"
960,144,3,"0.0;0.0;0.07544587883900973"
960,145,3,"0.0;0.0;0.07545728247183431"
960,146,3,"0.0;0.0;0.07545211664183954"
960,147,3,"0.0;0.0;0.07488733875307428"
960,148,3,"0.0;0.0;0.07542331548580875"
960,149,3,"0.0;0.0;0.07549199034415452"
960,150,3,"0.0;0.0;0.07551355928292258"
1000,1,3,"0.0;0.0;0.07550116214007332"
1000,2,3,"0.0;0.0;0.07544335824173358"
1000,3,3,"0.0;0.0;0.07549334111405981"
1000,4,3,"0.0;0.0;0.07543413815256202"
1000,5,3,"0.0;0.0;0.07540818914254262"
1000,6,3,"0.0;0.0;0.0747884578492617"
1000,7,3,"0.0;0.0;0.07542527226773323"
1000,8,3,"0.0;0.0;0.0755200978438475"
1000,9,3,"0.0;0.0;0.07542527226773323"
1000,10,3,"0.0;0.0;0.07549808156401953"
1000,11,3,"0.0;0.0;0.0746021498757721"
1000,12,3,"0.0;0.0;0.07544714119846373"
1000,13,3,"0.0;0.0;0.07543413815256202"
1000,14,3,"0.0;0.0;0.07551040972712142"
1000,15,3,"0.0;0.0;0.07545728247183431"
1000,16,3,"0.0;0.0;0.07551355928292258"
1000,17,3,"0.0;0.0;0.07543413815256202"
1000,18,3,"0.0;0.0;0.07550403037770476"
1000,19,3,"0.0;0.0;0.07546774332413267"
1000,20,3,"0.0;0.0;0.07541299415164693"
1000,21,3,"0.0;0.0;0.07551040972712142"
1000,22,3,"0.0;0.0;0.0754275435936706"
1000,23,3,"0.0;0.0;0.07544587883900973"
1000,24,3,"0.0;0.0;0.07548735770229409"
1000,25,3,"0.0;0.0;0.07544126161591981"
1000,26,3,"0.0;0.0;0.0747884578492617"
1000,27,3,"0.0;0.0;0.07543873591211987"
1000,28,3,"0.0;0.0;0.0754275435936706"
1000,29,3,"0.0;0.0;0.07545451696021922"
1000,30,3,"0.0;0.0;0.07544805785361242"
1000,31,3,"0.0;0.0;0.07609046236804431"
1000,32,3,"0.0;0.0;0.07543632484568717"
1000,33,3,"0.0;0.0;0.07546244791250403"
1000,34,3,"0.0;0.0;0.07441631087176448"
1000,35,3,"0.0;0.0;0.07546244791250403"
1000,36,3,"0.0;0.0;0.07546774332413267"
1000,37,3,"0.0;0.0;0.0747884578492617"
1000,38,3,"0.0;0.0;0.07541901094045021"
1000,39,3,"0.0;0.0;0.07526099625899324"
1000,40,3,"0.0;0.0;0.07544335824173358"
1000,41,3,"0.0;0.0;0.0761001870839849"
1000,42,3,"0.0;0.0;0.07540455270793417"
1000,43,3,"0.0;0.0;0.07540818914254262"
1000,44,3,"0.0;0.0;0.07548905879885359"
1000,45,3,"0.0;0.0;0.07546244791250403"
1000,46,3,"0.0;0.0;0.07603803433664628"
1000,47,3,"0.0;0.0;0.07540636662889386"
1000,48,3,"0.0;0.0;0.07544805785361242"
1000,49,3,"0.0;0.0;0.07557206623829647"
1000,50,3,"0.0;0.0;0.07607767905146576"
1000,51,3,"0.0;0.0;0.07541901094045021"
1000,52,3,"0.0;0.0;0.07545074633272048"
1000,53,3,"0.0;0.0;0.07526099625899324"
1000,54,3,"0.0;0.0;0.07543413815256202"
1000,55,3,"0.0;0.0;0.07541400103136897"
1000,56,3,"0.0;0.0;0.07429520962574425"
1000,57,3,"0.0;0.0;0.0754275435936706"
1000,58,3,"0.0;0.0;0.07545728247183431"
1000,59,3,"0.0;0.0;0.07488733875307428"
1000,60,3,"0.0;0.0;0.07429520962574425"
1000,61,3,"0.0;0.0;0.07606984504486775"
1000,62,3,"0.0;0.0;0.07544335824173358"
1000,63,3,"0.0;0.0;0.07544126161591981"
1000,64,3,"0.0;0.0;0.07608417557773263"
1000,65,3,"0.0;0.0;0.07544714119846373"
1000,66,3,"0.0;0.0;0.07543413815256202"
1000,67,3,"0.0;0.0;0.0747884578492617"
1000,68,3,"0.0;0.0;0.07604359315566821"
1000,69,3,"0.0;0.0;0.07548159226902681"
1000,70,3,"0.0;0.0;0.07592982571338246"
1000,71,3,"0.0;0.0;0.07548159226902681"
1000,72,3,"0.0;0.0;0.07544714119846373"
1000,73,3,"0.0;0.0;0.07488733875307428"
1000,74,3,"0.0;0.0;0.07541901094045021"
1000,75,3,"0.0;0.0;0.07543632484568717"
1000,76,3,"0.0;0.0;0.07540636662889386"
1000,77,3,"0.0;0.0;0.07544967699572422"
1000,78,3,"0.0;0.0;0.07488733875307428"
1000,79,3,"0.0;0.0;0.07542527226773323"
1000,80,3,"0.0;0.0;0.07603269652520679"
1000,81,3,"0.0;0.0;0.07544714119846373"
1000,82,3,"0.0;0.0;0.07545987854030546"
1000,83,3,"0.0;0.0;0.07583467785456763"
1000,84,3,"0.0;0.0;0.07541901094045021"
1000,85,3,"0.0;0.0;0.07548159226902681"
1000,86,3,"0.0;0.0;0.07601369333932806"
1000,87,3,"0.0;0.0;0.07545211664183954"
1000,88,3,"0.0;0.0;0.07543413815256202"
1000,89,3,"0.0;0.0;0.07603269652520679"
1000,90,3,"0.0;0.0;0.07544714119846373"
1000,91,3,"0.0;0.0;0.07609046236804431"
1000,92,3,"0.0;0.0;0.0747884578492617"
1000,93,3,"0.0;0.0;0.07543632484568717"
1000,94,3,"0.0;0.0;0.07541901094045021"
1000,95,3,"0.0;0.0;0.07541594461647698"
1000,96,3,"0.0;0.0;0.07429387707098319"
1000,97,3,"0.0;0.0;0.07541901094045021"
1000,98,3,"0.0;0.0;0.07542104387177866"
1000,99,3,"0.0;0.0;0.07548735770229409"
1000,100,3,"0.0;0.0;0.07541400103136897"
1000,101,3,"0.0;0.0;0.07541400103136897"
1000,102,3,"0.0;0.0;0.07544335824173358"
1000,103,3,"0.0;0.0;0.07547325087031843"
1000,104,3,"0.0;0.0;0.07507379466331107"
1000,105,3,"0.0;0.0;0.0760550317879298"
1000,106,3,"0.0;0.0;0.07488733875307428"
1000,107,3,"0.0;0.0;0.07543413815256202"
1000,108,3,"0.0;0.0;0.07543873591211987"
1000,109,3,"0.0;0.0;0.07540818914254262"
1000,110,3,"0.0;0.0;0.07545728247183431"
1000,111,3,"0.0;0.0;0.0754026709430085"
1000,112,3,"0.0;0.0;0.0754275435936706"
1000,113,3,"0.0;0.0;0.07549199034415452"
1000,114,3,"0.0;0.0;0.07550403037770476"
1000,115,3,"0.0;0.0;0.07429520962574425"
1000,116,3,"0.0;0.0;0.07543632484568717"
1000,117,3,"0.0;0.0;0.07541009806897077"
1000,118,3,"0.0;0.0;0.07547325087031843"
1000,119,3,"0.0;0.0;0.07551040972712142"
1000,120,3,"0.0;0.0;0.07551679439808476"
1000,121,3,"0.0;0.0;0.07429387707098319"
1000,122,3,"0.0;0.0;0.07608715137412916"
1000,123,3,"0.0;0.0;0.07548905879885359"
1000,124,3,"0.0;0.0;0.07604928134774498"
1000,125,3,"0.0;0.0;0.07543632484568717"
1000,126,3,"0.0;0.0;0.07545987854030546"
1000,127,3,"0.0;0.0;0.07544126161591981"
1000,128,3,"0.0;0.0;0.07607299034800825"
1000,129,3,"0.0;0.0;0.07544967699572422"
1000,130,3,"0.0;0.0;0.07607299034800825"
1000,131,3,"0.0;0.0;0.07565603101965654"
1000,132,3,"0.0;0.0;0.07543413815256202"
1000,133,3,"0.0;0.0;0.07526099625899324"
1000,134,3,"0.0;0.0;0.07441631087176448"
1000,135,3,"0.0;0.0;0.07544838930977252"
1000,136,3,"0.0;0.0;0.07544485429197459"
1000,137,3,"0.0;0.0;0.07547045105435546"
1000,138,3,"0.0;0.0;0.07543873591211987"
1000,139,3,"0.0;0.0;0.07507379466331107"
1000,140,3,"0.0;0.0;0.07541400103136897"
1000,141,3,"0.0;0.0;0.07544335824173358"
1000,142,3,"0.0;0.0;0.07547045105435546"
1000,143,3,"0.0;0.0;0.07607155473975272"
1000,144,3,"0.0;0.0;0.07544335824173358"
1000,145,3,"0.0;0.0;0.07541400103136897"
1000,146,3,"0.0;0.0;0.07544587883900973"
1000,147,3,"0.0;0.0;0.07545211664183954"
1000,148,3,"0.0;0.0;0.07608417557773263"
1000,149,3,"0.0;0.0;0.07541299415164693"
1000,150,3,"0.0;0.0;0.07545451696021922"
1040,1,3,"0.0;0.0;0.0746021498757721"
1040,2,3,"0.0;0.0;0.0760550317879298"
1040,3,3,"0.0;0.0;0.07545728247183431"
1040,4,3,"0.0;0.0;0.0754026709430085"
1040,5,3,"0.0;0.0;0.0746021498757721"
1040,6,3,"0.0;0.0;0.0754026709430085"
1040,7,3,"0.0;0.0;0.07488733875307428"
1040,8,3,"0.0;0.0;0.07542527226773323"
1040,9,3,"0.0;0.0;0.07545211664183954"
1040,10,3,"0.0;0.0;0.07541009806897077"
1040,11,3,"0.0;0.0;0.0754026709430085"
1040,12,3,"0.0;0.0;0.07544126161591981"
1040,13,3,"0.0;0.0;0.07592982571338246"
1040,14,3,"0.0;0.0;0.07545074633272048"
1040,15,3,"0.0;0.0;0.07429387707098319"
1040,16,3,"0.0;0.0;0.07549501025180269"
1040,17,3,"0.0;0.0;0.07543632484568717"
1040,18,3,"0.0;0.0;0.07550403037770476"
1040,19,3,"0.0;0.0;0.07541400103136897"
1040,20,3,"0.0;0.0;0.07608715137412916"
1040,21,3,"0.0;0.0;0.07549501025180269"
1040,22,3,"0.0;0.0;0.07542104387177866"
1040,23,3,"0.0;0.0;0.07541009806897077"
1040,24,3,"0.0;0.0;0.0747884578492617"
1040,25,3,"0.0;0.0;0.07547045105435546"
1040,26,3,"0.0;0.0;0.0754026709430085"
1040,27,3,"0.0;0.0;0.07544126161591981"
1040,28,3,"0.0;0.0;0.0754026709430085"
1040,29,3,"0.0;0.0;0.07543632484568717"
1040,30,3,"0.0;0.0;0.07549199034415452"
1040,31,3,"0.0;0.0;0.07549501025180269"
1040,32,3,"0.0;0.0;0.07608082861196469"
1040,33,3,"0.0;0.0;0.07550728396014339"
1040,34,3,"0.0;0.0;0.07541901094045021"
1040,35,3,"0.0;0.0;0.0761001870839849"
1040,36,3,"0.0;0.0;0.07549047055374825"
1040,37,3,"0.0;0.0;0.07497477985069091"
1040,38,3,"0.0;0.0;0.07551679439808476"
1040,39,3,"0.0;0.0;0.07604928134774498"
1040,40,3,"0.0;0.0;0.07549047055374825"
1040,41,3,"0.0;0.0;0.07545211664183954"
1040,42,3,"0.0;0.0;0.07546508906274658"
1040,43,3,"0.0;0.0;0.07540818914254262"
1040,44,3,"0.0;0.0;0.07542104387177866"
1040,45,3,"0.0;0.0;0.0760550317879298"
1040,46,3,"0.0;0.0;0.07545728247183431"
1040,47,3,"0.0;0.0;0.07541400103136897"
1040,48,3,"0.0;0.0;0.07545987854030546"
1040,49,3,"0.0;0.0;0.07544967699572422"
1040,50,3,"0.0;0.0;0.07540818914254262"
1040,51,3,"0.0;0.0;0.07545728247183431"
1040,52,3,"0.0;0.0;0.07544714119846373"
1040,53,3,"0.0;0.0;0.07545451696021922"
1040,54,3,"0.0;0.0;0.07544335824173358"
1040,55,3,"0.0;0.0;0.07429652844750582"
1040,56,3,"0.0;0.0;0.0754275435936706"
1040,57,3,"0.0;0.0;0.07551679439808476"
1040,58,3,"0.0;0.0;0.07429652844750582"
1040,59,3,"0.0;0.0;0.07549501025180269"
1040,60,3,"0.0;0.0;0.0746021498757721"
1040,61,3,"0.0;0.0;0.07551040972712142"
1040,62,3,"0.0;0.0;0.07549501025180269"
1040,63,3,"0.0;0.0;0.07544335824173358"
1040,64,3,"0.0;0.0;0.07542104387177866"
1040,65,3,"0.0;0.0;0.07497477985069091"
1040,66,3,"0.0;0.0;0.07550728396014339"
1040,67,3,"0.0;0.0;0.07429652844750582"
1040,68,3,"0.0;0.0;0.07540818914254262"
1040,69,3,"0.0;0.0;0.07544967699572422"
1040,70,3,"0.0;0.0;0.07606679509526977"
1040,71,3,"0.0;0.0;0.0754275435936706"
1040,72,3,"0.0;0.0;0.07542527226773323"
1040,73,3,"0.0;0.0;0.07546774332413267"
1040,74,3,"0.0;0.0;0.07546774332413267"
1040,75,3,"0.0;0.0;0.07545451696021922"
1040,76,3,"0.0;0.0;0.07541214942298465"
1040,77,3,"0.0;0.0;0.07546508906274658"
1040,78,3,"0.0;0.0;0.07546774332413267"
1040,79,3,"0.0;0.0;0.07526099625899324"
1040,80,3,"0.0;0.0;0.07497477985069091"
1040,81,3,"0.0;0.0;0.07542527226773323"
1040,82,3,"0.0;0.0;0.07545987854030546"
1040,83,3,"0.0;0.0;0.0754026709430085"
1040,84,3,"0.0;0.0;0.07607299034800825"
1040,85,3,"0.0;0.0;0.07547882534540766"
1040,86,3,"0.0;0.0;0.07544587883900973"
1040,87,3,"0.0;0.0;0.07548159226902681"
1040,88,3,"0.0;0.0;0.07544126161591981"
1040,89,3,"0.0;0.0;0.07545074633272048"
1040,90,3,"0.0;0.0;0.0754296664330171"
1040,91,3,"0.0;0.0;0.07551679439808476"
1040,92,3,"0.0;0.0;0.07548159226902681"
1040,93,3,"0.0;0.0;0.0747884578492617"
1040,94,3,"0.0;0.0;0.07542527226773323"
1040,95,3,"0.0;0.0;0.07544335824173358"
1040,96,3,"0.0;0.0;0.0754296664330171"
1040,97,3,"0.0;0.0;0.07544714119846373"
1040,98,3,"0.0;0.0;0.07541594461647698"
1040,99,3,"0.0;0.0;0.07545211664183954"
1040,100,3,"0.0;0.0;0.07429652844750582"
1040,101,3,"0.0;0.0;0.07429652844750582"
1040,102,3,"0.0;0.0;0.07541299415164693"
1040,103,3,"0.0;0.0;0.07544335824173358"
1040,104,3,"0.0;0.0;0.07549501025180269"
1040,105,3,"0.0;0.0;0.07542104387177866"
1040,106,3,"0.0;0.0;0.07547325087031843"
1040,107,3,"0.0;0.0;0.07551355928292258"
1040,108,3,"0.0;0.0;0.07429387707098319"
1040,109,3,"0.0;0.0;0.07548905879885359"
1040,110,3,"0.0;0.0;0.07547882534540766"
1040,111,3,"0.0;0.0;0.07551679439808476"
1040,112,3,"0.0;0.0;0.07552990761077151"
1040,113,3,"0.0;0.0;0.07547882534540766"
1040,114,3,"0.0;0.0;0.07550728396014339"
1040,115,3,"0.0;0.0;0.07549199034415452"
1040,116,3,"0.0;0.0;0.0755200978438475"
1040,117,3,"0.0;0.0;0.0747884578492617"
1040,118,3,"0.0;0.0;0.07429387707098319"
1040,119,3,"0.0;0.0;0.0746021498757721"
1040,120,3,"0.0;0.0;0.07550116214007332"
1040,121,3,"0.0;0.0;0.07542527226773323"
1040,122,3,"0.0;0.0;0.07546508906274658"
1040,123,3,"0.0;0.0;0.07545987854030546"
1040,124,3,"0.0;0.0;0.07441631087176448"
1040,125,3,"0.0;0.0;0.07544714119846373"
1040,126,3,"0.0;0.0;0.07545728247183431"
1040,127,3,"0.0;0.0;0.07545987854030546"
1040,128,3,"0.0;0.0;0.07541901094045021"
1040,129,3,"0.0;0.0;0.0754845931500381"
1040,130,3,"0.0;0.0;0.0747884578492617"
1040,131,3,"0.0;0.0;0.07551355928292258"
1040,132,3,"0.0;0.0;0.07547045105435546"
1040,133,3,"0.0;0.0;0.0754318631368313"
1040,134,3,"0.0;0.0;0.07551355928292258"
1040,135,3,"0.0;0.0;0.07604928134774498"
1040,136,3,"0.0;0.0;0.07470093203765162"
1040,137,3,"0.0;0.0;0.07542527226773323"
1040,138,3,"0.0;0.0;0.07541299415164693"
1040,139,3,"0.0;0.0;0.07604928134774498"
1040,140,3,"0.0;0.0;0.07542104387177866"
1040,141,3,"0.0;0.0;0.07544838930977252"
1040,142,3,"0.0;0.0;0.07546244791250403"
1040,143,3,"0.0;0.0;0.07546508906274658"
1040,144,3,"0.0;0.0;0.07541214942298465"
1040,145,3,"0.0;0.0;0.07549808156401953"
1040,146,3,"0.0;0.0;0.07549334111405981"
1040,147,3,"0.0;0.0;0.07592982571338246"
1040,148,3,"0.0;0.0;0.07551679439808476"
1040,149,3,"0.0;0.0;0.0754275435936706"
1040,150,3,"0.0;0.0;0.07441631087176448"
1080,1,3,"0.0;0.0;0.07547325087031843"
1080,2,3,"0.0;0.0;0.07604928134774498"
1080,3,3,"0.0;0.0;0.07549047055374825"
1080,4,3,"0.0;0.0;0.07547591968825722"
1080,5,3,"0.0;0.0;0.07542527226773323"
1080,6,3,"0.0;0.0;0.07542527226773323"
1080,7,3,"0.0;0.0;0.07543413815256202"
1080,8,3,"0.0;0.0;0.07541702003629784"
1080,9,3,"0.0;0.0;0.07544967699572422"
1080,10,3,"0.0;0.0;0.07544714119846373"
1080,11,3,"0.0;0.0;0.07548735770229409"
1080,12,3,"0.0;0.0;0.07540818914254262"
1080,13,3,"0.0;0.0;0.07542331548580875"
1080,14,3,"0.0;0.0;0.07526099625899324"
1080,15,3,"0.0;0.0;0.07544967699572422"
1080,16,3,"0.0;0.0;0.07545211664183954"
1080,17,3,"0.0;0.0;0.07550403037770476"
1080,18,3,"0.0;0.0;0.07542331548580875"
1080,19,3,"0.0;0.0;0.07551040972712142"
1080,20,3,"0.0;0.0;0.07551355928292258"
1080,21,3,"0.0;0.0;0.07429387707098319"
1080,22,3,"0.0;0.0;0.07441631087176448"
1080,23,3,"0.0;0.0;0.0761001870839849"
1080,24,3,"0.0;0.0;0.07545074633272048"
1080,25,3,"0.0;0.0;0.07542104387177866"
1080,26,3,"0.0;0.0;0.07544485429197459"
1080,27,3,"0.0;0.0;0.07429520962574425"
1080,28,3,"0.0;0.0;0.07549808156401953"
1080,29,3,"0.0;0.0;0.0754275435936706"
1080,30,3,"0.0;0.0;0.0754296664330171"
1080,31,3,"0.0;0.0;0.07544335824173358"
1080,32,3,"0.0;0.0;0.07541702003629784"
1080,33,3,"0.0;0.0;0.07544126161591981"
1080,34,3,"0.0;0.0;0.07541702003629784"
1080,35,3,"0.0;0.0;0.07543413815256202"
1080,36,3,"0.0;0.0;0.07507379466331107"
1080,37,3,"0.0;0.0;0.07545987854030546"
1080,38,3,"0.0;0.0;0.07546774332413267"
1080,39,3,"0.0;0.0;0.07541493614911345"
1080,40,3,"0.0;0.0;0.07551679439808476"
1080,41,3,"0.0;0.0;0.07547325087031843"
1080,42,3,"0.0;0.0;0.07546508906274658"
1080,43,3,"0.0;0.0;0.0755200978438475"
1080,44,3,"0.0;0.0;0.07545074633272048"
1080,45,3,"0.0;0.0;0.07550403037770476"
1080,46,3,"0.0;0.0;0.07541901094045021"
1080,47,3,"0.0;0.0;0.07603269652520679"
1080,48,3,"0.0;0.0;0.07541009806897077"
1080,49,3,"0.0;0.0;0.07549501025180269"
1080,50,3,"0.0;0.0;0.07544126161591981"
1080,51,3,"0.0;0.0;0.07541009806897077"
1080,52,3,"0.0;0.0;0.07541493614911345"
1080,53,3,"0.0;0.0;0.07541400103136897"
1080,54,3,"0.0;0.0;0.07544714119846373"
1080,55,3,"0.0;0.0;0.0747884578492617"
1080,56,3,"0.0;0.0;0.07542331548580875"
1080,57,3,"0.0;0.0;0.07541901094045021"
1080,58,3,"0.0;0.0;0.07545987854030546"
1080,59,3,"0.0;0.0;0.07550728396014339"
1080,60,3,"0.0;0.0;0.07546774332413267"
1080,61,3,"0.0;0.0;0.07507379466331107"
1080,62,3,"0.0;0.0;0.07546774332413267"
1080,63,3,"0.0;0.0;0.07551679439808476"
1080,64,3,"0.0;0.0;0.07604647343492892"
1080,65,3,"0.0;0.0;0.07544587883900973"
1080,66,3,"0.0;0.0;0.07544587883900973"
1080,67,3,"0.0;0.0;0.07470093203765162"
1080,68,3,"0.0;0.0;0.0755200978438475"
1080,69,3,"0.0;0.0;0.07541901094045021"
1080,70,3,"0.0;0.0;0.0761001870839849"
1080,71,3,"0.0;0.0;0.07542104387177866"
1080,72,3,"0.0;0.0;0.07541901094045021"
1080,73,3,"0.0;0.0;0.07545451696021922"
1080,74,3,"0.0;0.0;0.07429520962574425"
1080,75,3,"0.0;0.0;0.07545451696021922"
1080,76,3,"0.0;0.0;0.07544805785361242"
1080,77,3,"0.0;0.0;0.07550116214007332"
1080,78,3,"0.0;0.0;0.07543632484568717"
1080,79,3,"0.0;0.0;0.07544967699572422"
1080,80,3,"0.0;0.0;0.07542331548580875"
1080,81,3,"0.0;0.0;0.0754845931500381"
1080,82,3,"0.0;0.0;0.0754845931500381"
1080,83,3,"0.0;0.0;0.07546508906274658"
1080,84,3,"0.0;0.0;0.07541214942298465"
1080,85,3,"0.0;0.0;0.07546774332413267"
1080,86,3,"0.0;0.0;0.07544126161591981"
1080,87,3,"0.0;0.0;0.07429387707098319"
1080,88,3,"0.0;0.0;0.07545211664183954"
1080,89,3,"0.0;0.0;0.07541009806897077"
1080,90,3,"0.0;0.0;0.07551679439808476"
1080,91,3,"0.0;0.0;0.07545728247183431"
1080,92,3,"0.0;0.0;0.07547591968825722"
1080,93,3,"0.0;0.0;0.07441631087176448"
1080,94,3,"0.0;0.0;0.07429520962574425"
1080,95,3,"0.0;0.0;0.07549501025180269"
1080,96,3,"0.0;0.0;0.07546508906274658"
1080,97,3,"0.0;0.0;0.07553352735826602"
1080,98,3,"0.0;0.0;0.07549808156401953"
1080,99,3,"0.0;0.0;0.07547325087031843"
1080,100,3,"0.0;0.0;0.07545074633272048"
1080,101,3,"0.0;0.0;0.07545211664183954"
1080,102,3,"0.0;0.0;0.07549334111405981"
1080,103,3,"0.0;0.0;0.07544587883900973"
1080,104,3,"0.0;0.0;0.07549334111405981"
1080,105,3,"0.0;0.0;0.07543873591211987"
1080,106,3,"0.0;0.0;0.07544967699572422"
1080,107,3,"0.0;0.0;0.07547325087031843"
1080,108,3,"0.0;0.0;0.07429652844750582"
1080,109,3,"0.0;0.0;0.07541400103136897"
1080,110,3,"0.0;0.0;0.07545987854030546"
1080,111,3,"0.0;0.0;0.07541009806897077"
1080,112,3,"0.0;0.0;0.0754275435936706"
1080,113,3,"0.0;0.0;0.07544335824173358"
1080,114,3,"0.0;0.0;0.07542527226773323"
1080,115,3,"0.0;0.0;0.07488733875307428"
1080,116,3,"0.0;0.0;0.07604647343492892"
1080,117,3,"0.0;0.0;0.07551679439808476"
1080,118,3,"0.0;0.0;0.07548159226902681"
1080,119,3,"0.0;0.0;0.07545987854030546"
1080,120,3,"0.0;0.0;0.07544335824173358"
1080,121,3,"0.0;0.0;0.07544714119846373"
1080,122,3,"0.0;0.0;0.07545074633272048"
1080,123,3,"0.0;0.0;0.07547325087031843"
1080,124,3,"0.0;0.0;0.07541009806897077"
1080,125,3,"0.0;0.0;0.07540818914254262"
1080,126,3,"0.0;0.0;0.07551355928292258"
1080,127,3,"0.0;0.0;0.07540455270793417"
1080,128,3,"0.0;0.0;0.07497477985069091"
1080,129,3,"0.0;0.0;0.07470093203765162"
1080,130,3,"0.0;0.0;0.07544587883900973"
1080,131,3,"0.0;0.0;0.07547882534540766"
1080,132,3,"0.0;0.0;0.07545211664183954"
1080,133,3,"0.0;0.0;0.07544805785361242"
1080,134,3,"0.0;0.0;0.07542104387177866"
1080,135,3,"0.0;0.0;0.0746021498757721"
1080,136,3,"0.0;0.0;0.0747884578492617"
1080,137,3,"0.0;0.0;0.07550403037770476"
1080,138,3,"0.0;0.0;0.07488733875307428"
1080,139,3,"0.0;0.0;0.07540636662889386"
1080,140,3,"0.0;0.0;0.07610361984336309"
1080,141,3,"0.0;0.0;0.07543632484568717"
1080,142,3,"0.0;0.0;0.07547045105435546"
1080,143,3,"0.0;0.0;0.07542527226773323"
1080,144,3,"0.0;0.0;0.07541702003629784"
1080,145,3,"0.0;0.0;0.07541901094045021"
1080,146,3,"0.0;0.0;0.07441631087176448"
1080,147,3,"0.0;0.0;0.0747884578492617"
1080,148,3,"0.0;0.0;0.07547591968825722"
1080,149,3,"0.0;0.0;0.07544714119846373"
1080,150,3,"0.0;0.0;0.0754318631368313"
1120,1,3,"0.0;0.0;0.0754026709430085"
1120,2,3,"0.0;0.0;0.07543632484568717"
1120,3,3,"0.0;0.0;0.07429652844750582"
1120,4,3,"0.0;0.0;0.07551040972712142"
1120,5,3,"0.0;0.0;0.07507379466331107"
1120,6,3,"0.0;0.0;0.07470093203765162"
1120,7,3,"0.0;0.0;0.07429652844750582"
1120,8,3,"0.0;0.0;0.07541009806897077"
1120,9,3,"0.0;0.0;0.07548905879885359"
1120,10,3,"0.0;0.0;0.07546244791250403"
1120,11,3,"0.0;0.0;0.07542104387177866"
1120,12,3,"0.0;0.0;0.07544485429197459"
1120,13,3,"0.0;0.0;0.07551679439808476"
1120,14,3,"0.0;0.0;0.07545987854030546"
1120,15,3,"0.0;0.0;0.07551355928292258"
1120,16,3,"0.0;0.0;0.07545074633272048"
1120,17,3,"0.0;0.0;0.07546508906274658"
1120,18,3,"0.0;0.0;0.07549047055374825"
1120,19,3,"0.0;0.0;0.07547325087031843"
1120,20,3,"0.0;0.0;0.0754318631368313"
1120,21,3,"0.0;0.0;0.07541299415164693"
1120,22,3,"0.0;0.0;0.07549501025180269"
1120,23,3,"0.0;0.0;0.0754275435936706"
1120,24,3,"0.0;0.0;0.07547325087031843"
1120,25,3,"0.0;0.0;0.07551355928292258"
1120,26,3,"0.0;0.0;0.07546508906274658"
1120,27,3,"0.0;0.0;0.07545211664183954"
1120,28,3,"0.0;0.0;0.07548905879885359"
1120,29,3,"0.0;0.0;0.07545074633272048"
1120,30,3,"0.0;0.0;0.07544587883900973"
1120,31,3,"0.0;0.0;0.07548159226902681"
1120,32,3,"0.0;0.0;0.07541702003629784"
1120,33,3,"0.0;0.0;0.07551355928292258"
1120,34,3,"0.0;0.0;0.07547325087031843"
1120,35,3,"0.0;0.0;0.07549334111405981"
1120,36,3,"0.0;0.0;0.07549334111405981"
1120,37,3,"0.0;0.0;0.07429652844750582"
1120,38,3,"0.0;0.0;0.07545987854030546"
1120,39,3,"0.0;0.0;0.07544335824173358"
1120,40,3,"0.0;0.0;0.07546508906274658"
1120,41,3,"0.0;0.0;0.07526099625899324"
1120,42,3,"0.0;0.0;0.07608417557773263"
1120,43,3,"0.0;0.0;0.07542527226773323"
1120,44,3,"0.0;0.0;0.07606384494021606"
1120,45,3,"0.0;0.0;0.07544126161591981"
1120,46,3,"0.0;0.0;0.07544838930977252"
1120,47,3,"0.0;0.0;0.07545728247183431"
1120,48,3,"0.0;0.0;0.07543413815256202"
1120,49,3,"0.0;0.0;0.07549501025180269"
1120,50,3,"0.0;0.0;0.07497477985069091"
1120,51,3,"0.0;0.0;0.07549199034415452"
1120,52,3,"0.0;0.0;0.07547591968825722"
1120,53,3,"0.0;0.0;0.07542527226773323"
1120,54,3,"0.0;0.0;0.07550728396014339"
1120,55,3,"0.0;0.0;0.07541493614911345"
1120,56,3,"0.0;0.0;0.07542104387177866"
1120,57,3,"0.0;0.0;0.07550403037770476"
1120,58,3,"0.0;0.0;0.07549501025180269"
1120,59,3,"0.0;0.0;0.07548159226902681"
1120,60,3,"0.0;0.0;0.07507379466331107"
1120,61,3,"0.0;0.0;0.07550403037770476"
1120,62,3,"0.0;0.0;0.07544838930977252"
1120,63,3,"0.0;0.0;0.07550116214007332"
1120,64,3,"0.0;0.0;0.0754296664330171"
1120,65,3,"0.0;0.0;0.0747884578492617"
1120,66,3,"0.0;0.0;0.07547045105435546"
1120,67,3,"0.0;0.0;0.07547325087031843"
1120,68,3,"0.0;0.0;0.07540636662889386"
1120,69,3,"0.0;0.0;0.07548905879885359"
1120,70,3,"0.0;0.0;0.07546244791250403"
1120,71,3,"0.0;0.0;0.07543632484568717"
1120,72,3,"0.0;0.0;0.07607596752501398"
1120,73,3,"0.0;0.0;0.0754296664330171"
1120,74,3,"0.0;0.0;0.07557206623829647"
1120,75,3,"0.0;0.0;0.07541493614911345"
1120,76,3,"0.0;0.0;0.07550116214007332"
1120,77,3,"0.0;0.0;0.07545074633272048"
1120,78,3,"0.0;0.0;0.07526099625899324"
1120,79,3,"0.0;0.0;0.07542331548580875"
1120,80,3,"0.0;0.0;0.07546774332413267"
1120,81,3,"0.0;0.0;0.07545211664183954"
1120,82,3,"0.0;0.0;0.07544126161591981"
1120,83,3,"0.0;0.0;0.07543413815256202"
1120,84,3,"0.0;0.0;0.07544838930977252"
1120,85,3,"0.0;0.0;0.07551679439808476"
1120,86,3,"0.0;0.0;0.07545728247183431"
1120,87,3,"0.0;0.0;0.07550403037770476"
1120,88,3,"0.0;0.0;0.07550728396014339"
1120,89,3,"0.0;0.0;0.07544126161591981"
1120,90,3,"0.0;0.0;0.07429387707098319"
1120,91,3,"0.0;0.0;0.07488733875307428"
1120,92,3,"0.0;0.0;0.07549334111405981"
1120,93,3,"0.0;0.0;0.07549501025180269"
1120,94,3,"0.0;0.0;0.07544126161591981"
1120,95,3,"0.0;0.0;0.07544714119846373"
1120,96,3,"0.0;0.0;0.07547591968825722"
1120,97,3,"0.0;0.0;0.07544587883900973"
1120,98,3,"0.0;0.0;0.07609046236804431"
1120,99,3,"0.0;0.0;0.07548159226902681"
1120,100,3,"0.0;0.0;0.07547325087031843"
1120,101,3,"0.0;0.0;0.07551679439808476"
1120,102,3,"0.0;0.0;0.07545074633272048"
1120,103,3,"0.0;0.0;0.07543873591211987"
1120,104,3,"0.0;0.0;0.07541299415164693"
1120,105,3,"0.0;0.0;0.07546774332413267"
1120,106,3,"0.0;0.0;0.07551679439808476"
1120,107,3,"0.0;0.0;0.07429652844750582"
1120,108,3,"0.0;0.0;0.07545074633272048"
1120,109,3,"0.0;0.0;0.07551040972712142"
1120,110,3,"0.0;0.0;0.07542104387177866"
1120,111,3,"0.0;0.0;0.07541702003629784"
1120,112,3,"0.0;0.0;0.07540818914254262"
1120,113,3,"0.0;0.0;0.07543413815256202"
1120,114,3,"0.0;0.0;0.07541105112910454"
1120,115,3,"0.0;0.0;0.0747884578492617"
1120,116,3,"0.0;0.0;0.07544967699572422"
1120,117,3,"0.0;0.0;0.07549047055374825"
1120,118,3,"0.0;0.0;0.07550403037770476"
1120,119,3,"0.0;0.0;0.07543873591211987"
1120,120,3,"0.0;0.0;0.07549199034415452"
1120,121,3,"0.0;0.0;0.0754318631368313"
1120,122,3,"0.0;0.0;0.07551040972712142"
1120,123,3,"0.0;0.0;0.0755200978438475"
1120,124,3,"0.0;0.0;0.07547325087031843"
1120,125,3,"0.0;0.0;0.07542104387177866"
1120,126,3,"0.0;0.0;0.0746021498757721"
1120,127,3,"0.0;0.0;0.07547325087031843"
1120,128,3,"0.0;0.0;0.07540818914254262"
1120,129,3,"0.0;0.0;0.07543873591211987"
1120,130,3,"0.0;0.0;0.0754026709430085"
1120,131,3,"0.0;0.0;0.0746021498757721"
1120,132,3,"0.0;0.0;0.07540455270793417"
1120,133,3,"0.0;0.0;0.07429387707098319"
1120,134,3,"0.0;0.0;0.07507379466331107"
1120,135,3,"0.0;0.0;0.0746021498757721"
1120,136,3,"0.0;0.0;0.07549501025180269"
1120,137,3,"0.0;0.0;0.07429520962574425"
1120,138,3,"0.0;0.0;0.07429520962574425"
1120,139,3,"0.0;0.0;0.07604093372422446"
1120,140,3,"0.0;0.0;0.07545451696021922"
1120,141,3,"0.0;0.0;0.07470093203765162"
1120,142,3,"0.0;0.0;0.07542331548580875"
1120,143,3,"0.0;0.0;0.07545987854030546"
1120,144,3,"0.0;0.0;0.07526099625899324"
1120,145,3,"0.0;0.0;0.07548159226902681"
1120,146,3,"0.0;0.0;0.07543413815256202"
1120,147,3,"0.0;0.0;0.07544335824173358"
1120,148,3,"0.0;0.0;0.07545074633272048"
1120,149,3,"0.0;0.0;0.07544967699572422"
1120,150,3,"0.0;0.0;0.07545211664183954"
1160,1,3,"0.0;0.0;0.07540636662889386"
1160,2,3,"0.0;0.0;0.07543632484568717"
1160,3,3,"0.0;0.0;0.07544485429197459"
1160,4,3,"0.0;0.0;0.07547882534540766"
1160,5,3,"0.0;0.0;0.07541493614911345"
1160,6,3,"0.0;0.0;0.07546244791250403"
1160,7,3,"0.0;0.0;0.07544838930977252"
1160,8,3,"0.0;0.0;0.07541009806897077"
1160,9,3,"0.0;0.0;0.07547882534540766"
1160,10,3,"0.0;0.0;0.07470093203765162"
1160,11,3,"0.0;0.0;0.07429387707098319"
1160,12,3,"0.0;0.0;0.07545728247183431"
1160,13,3,"0.0;0.0;0.07546774332413267"
1160,14,3,"0.0;0.0;0.07547325087031843"
1160,15,3,"0.0;0.0;0.07543413815256202"
1160,16,3,"0.0;0.0;0.07549199034415452"
1160,17,3,"0.0;0.0;0.07543413815256202"
1160,18,3,"0.0;0.0;0.07544838930977252"
1160,19,3,"0.0;0.0;0.0747884578492617"
1160,20,3,"0.0;0.0;0.07429387707098319"
1160,21,3,"0.0;0.0;0.07545987854030546"
1160,22,3,"0.0;0.0;0.07542527226773323"
1160,23,3,"0.0;0.0;0.07551355928292258"
1160,24,3,"0.0;0.0;0.07544126161591981"
1160,25,3,"0.0;0.0;0.07541009806897077"
1160,26,3,"0.0;0.0;0.07543413815256202"
1160,27,3,"0.0;0.0;0.0746021498757721"
1160,28,3,"0.0;0.0;0.0754318631368313"
1160,29,3,"0.0;0.0;0.07543632484568717"
1160,30,3,"0.0;0.0;0.07541214942298465"
1160,31,3,"0.0;0.0;0.07547045105435546"
1160,32,3,"0.0;0.0;0.0746021498757721"
1160,33,3,"0.0;0.0;0.07497477985069091"
1160,34,3,"0.0;0.0;0.07488733875307428"
1160,35,3,"0.0;0.0;0.07470093203765162"
1160,36,3,"0.0;0.0;0.07549199034415452"
1160,37,3,"0.0;0.0;0.07441631087176448"
1160,38,3,"0.0;0.0;0.07545211664183954"
1160,39,3,"0.0;0.0;0.0746021498757721"
1160,40,3,"0.0;0.0;0.0754275435936706"
1160,41,3,"0.0;0.0;0.07544335824173358"
1160,42,3,"0.0;0.0;0.0754318631368313"
1160,43,3,"0.0;0.0;0.07550116214007332"
1160,44,3,"0.0;0.0;0.0755200978438475"
1160,45,3,"0.0;0.0;0.07544485429197459"
1160,46,3,"0.0;0.0;0.07546508906274658"
1160,47,3,"0.0;0.0;0.07541493614911345"
1160,48,3,"0.0;0.0;0.07546244791250403"
1160,49,3,"0.0;0.0;0.0747884578492617"
1160,50,3,"0.0;0.0;0.07545728247183431"
1160,51,3,"0.0;0.0;0.07541214942298465"
1160,52,3,"0.0;0.0;0.07551040972712142"
1160,53,3,"0.0;0.0;0.07543413815256202"
1160,54,3,"0.0;0.0;0.07545211664183954"
1160,55,3,"0.0;0.0;0.07543413815256202"
1160,56,3,"0.0;0.0;0.07542527226773323"
1160,57,3,"0.0;0.0;0.07545451696021922"
1160,58,3,"0.0;0.0;0.07543632484568717"
1160,59,3,"0.0;0.0;0.0754296664330171"
1160,60,3,"0.0;0.0;0.07542104387177866"
1160,61,3,"0.0;0.0;0.0754318631368313"
1160,62,3,"0.0;0.0;0.07544714119846373"
1160,63,3,"0.0;0.0;0.07548735770229409"
1160,64,3,"0.0;0.0;0.07541299415164693"
1160,65,3,"0.0;0.0;0.07540636662889386"
1160,66,3,"0.0;0.0;0.07547045105435546"
1160,67,3,"0.0;0.0;0.07526099625899324"
1160,68,3,"0.0;0.0;0.0755200978438475"
1160,69,3,"0.0;0.0;0.07541009806897077"
1160,70,3,"0.0;0.0;0.07542527226773323"
1160,71,3,"0.0;0.0;0.0755200978438475"
1160,72,3,"0.0;0.0;0.07551355928292258"
1160,73,3,"0.0;0.0;0.07550403037770476"
1160,74,3,"0.0;0.0;0.07550403037770476"
1160,75,3,"0.0;0.0;0.0746021498757721"
1160,76,3,"0.0;0.0;0.07545074633272048"
1160,77,3,"0.0;0.0;0.07540455270793417"
1160,78,3,"0.0;0.0;0.07441631087176448"
1160,79,3,"0.0;0.0;0.07550728396014339"
1160,80,3,"0.0;0.0;0.0754275435936706"
1160,81,3,"0.0;0.0;0.07497477985069091"
1160,82,3,"0.0;0.0;0.07526099625899324"
1160,83,3,"0.0;0.0;0.07547325087031843"
1160,84,3,"0.0;0.0;0.07542104387177866"
1160,85,3,"0.0;0.0;0.07488733875307428"
1160,86,3,"0.0;0.0;0.07526099625899324"
1160,87,3,"0.0;0.0;0.0746021498757721"
1160,88,3,"0.0;0.0;0.07544838930977252"
1160,89,3,"0.0;0.0;0.07541299415164693"
1160,90,3,"0.0;0.0;0.07541493614911345"
1160,91,3,"0.0;0.0;0.07550116214007332"
1160,92,3,"0.0;0.0;0.07544587883900973"
1160,93,3,"0.0;0.0;0.07547591968825722"
1160,94,3,"0.0;0.0;0.07543413815256202"
1160,95,3,"0.0;0.0;0.07488733875307428"
1160,96,3,"0.0;0.0;0.07507379466331107"
1160,97,3,"0.0;0.0;0.07543413815256202"
1160,98,3,"0.0;0.0;0.07551679439808476"
1160,99,3,"0.0;0.0;0.07540455270793417"
1160,100,3,"0.0;0.0;0.07545074633272048"
1160,101,3,"0.0;0.0;0.07551040972712142"
1160,102,3,"0.0;0.0;0.07541299415164693"
1160,103,3,"0.0;0.0;0.07544838930977252"
1160,104,3,"0.0;0.0;0.07429652844750582"
1160,105,3,"0.0;0.0;0.07541299415164693"
1160,106,3,"0.0;0.0;0.07543632484568717"
1160,107,3,"0.0;0.0;0.0754296664330171"
1160,108,3,"0.0;0.0;0.07545074633272048"
1160,109,3,"0.0;0.0;0.07543632484568717"
1160,110,3,"0.0;0.0;0.07487028492186415"
1160,111,3,"0.0;0.0;0.07550728396014339"
1160,112,3,"0.0;0.0;0.07470093203765162"
1160,113,3,"0.0;0.0;0.07551040972712142"
1160,114,3,"0.0;0.0;0.07549334111405981"
1160,115,3,"0.0;0.0;0.07488733875307428"
1160,116,3,"0.0;0.0;0.0754275435936706"
1160,117,3,"0.0;0.0;0.07545987854030546"
1160,118,3,"0.0;0.0;0.07542331548580875"
1160,119,3,"0.0;0.0;0.07429520962574425"
1160,120,3,"0.0;0.0;0.07550403037770476"
1160,121,3,"0.0;0.0;0.0754318631368313"
1160,122,3,"0.0;0.0;0.07546774332413267"
1160,123,3,"0.0;0.0;0.07548159226902681"
1160,124,3,"0.0;0.0;0.07551355928292258"
1160,125,3,"0.0;0.0;0.07544967699572422"
1160,126,3,"0.0;0.0;0.07543632484568717"
1160,127,3,"0.0;0.0;0.07547591968825722"
1160,128,3,"0.0;0.0;0.07544587883900973"
1160,129,3,"0.0;0.0;0.07544967699572422"
1160,130,3,"0.0;0.0;0.07549047055374825"
1160,131,3,"0.0;0.0;0.07470093203765162"
1160,132,3,"0.0;0.0;0.07550116214007332"
1160,133,3,"0.0;0.0;0.07548735770229409"
1160,134,3,"0.0;0.0;0.07547045105435546"
1160,135,3,"0.0;0.0;0.07540636662889386"
1160,136,3,"0.0;0.0;0.07545074633272048"
1160,137,3,"0.0;0.0;0.07544587883900973"
1160,138,3,"0.0;0.0;0.07546774332413267"
1160,139,3,"0.0;0.0;0.07547591968825722"
1160,140,3,"0.0;0.0;0.0754275435936706"
1160,141,3,"0.0;0.0;0.0747884578492617"
1160,142,3,"0.0;0.0;0.07546774332413267"
1160,143,3,"0.0;0.0;0.07542527226773323"
1160,144,3,"0.0;0.0;0.07543873591211987"
1160,145,3,"0.0;0.0;0.07546774332413267"
1160,146,3,"0.0;0.0;0.07541901094045021"
1160,147,3,"0.0;0.0;0.07429520962574425"
1160,148,3,"0.0;0.0;0.07543873591211987"
1160,149,3,"0.0;0.0;0.07540636662889386"
1160,150,3,"0.0;0.0;0.07541105112910454"
1200,1,3,"0.0;0.0;0.07488007815909302"
1200,2,3,"0.0;0.0;0.07485854938783418"
1200,3,3,"0.0;0.0;0.07429652844750582"
1200,4,3,"0.0;0.0;0.07544838930977252"
1200,5,3,"0.0;0.0;0.07488733875307428"
1200,6,3,"0.0;0.0;0.07548905879885359"
1200,7,3,"0.0;0.0;0.07541105112910454"
1200,8,3,"0.0;0.0;0.07542331548580875"
1200,9,3,"0.0;0.0;0.07549808156401953"
1200,10,3,"0.0;0.0;0.07545211664183954"
1200,11,3,"0.0;0.0;0.07542104387177866"
1200,12,3,"0.0;0.0;0.07548159226902681"
1200,13,3,"0.0;0.0;0.07549808156401953"
1200,14,3,"0.0;0.0;0.07547882534540766"
1200,15,3,"0.0;0.0;0.07544587883900973"
1200,16,3,"0.0;0.0;0.07546508906274658"
1200,17,3,"0.0;0.0;0.07549334111405981"
1200,18,3,"0.0;0.0;0.07546244791250403"
1200,19,3,"0.0;0.0;0.07541493614911345"
1200,20,3,"0.0;0.0;0.07429520962574425"
1200,21,3,"0.0;0.0;0.07547882534540766"
1200,22,3,"0.0;0.0;0.0754318631368313"
1200,23,3,"0.0;0.0;0.07488733875307428"
1200,24,3,"0.0;0.0;0.07550728396014339"
1200,25,3,"0.0;0.0;0.07486838631842264"
1200,26,3,"0.0;0.0;0.07546508906274658"
1200,27,3,"0.0;0.0;0.0747884578492617"
1200,28,3,"0.0;0.0;0.07541493614911345"
1200,29,3,"0.0;0.0;0.07485695255346095"
1200,30,3,"0.0;0.0;0.07526099625899324"
1200,31,3,"0.0;0.0;0.07488427247733573"
1200,32,3,"0.0;0.0;0.07542331548580875"
1200,33,3,"0.0;0.0;0.07545211664183954"
1200,34,3,"0.0;0.0;0.07540818914254262"
1200,35,3,"0.0;0.0;0.07544838930977252"
1200,36,3,"0.0;0.0;0.07547325087031843"
1200,37,3,"0.0;0.0;0.07545074633272048"
1200,38,3,"0.0;0.0;0.07489431737912239"
1200,39,3,"0.0;0.0;0.07551679439808476"
1200,40,3,"0.0;0.0;0.07543413815256202"
1200,41,3,"0.0;0.0;0.07545074633272048"
1200,42,3,"0.0;0.0;0.07544587883900973"
1200,43,3,"0.0;0.0;0.07542104387177866"
1200,44,3,"0.0;0.0;0.07544587883900973"
1200,45,3,"0.0;0.0;0.07486363476190633"
1200,46,3,"0.0;0.0;0.07542527226773323"
1200,47,3,"0.0;0.0;0.07545728247183431"
1200,48,3,"0.0;0.0;0.07544838930977252"
1200,49,3,"0.0;0.0;0.07490628390734458"
1200,50,3,"0.0;0.0;0.07545728247183431"
1200,51,3,"0.0;0.0;0.07441631087176448"
1200,52,3,"0.0;0.0;0.07429652844750582"
1200,53,3,"0.0;0.0;0.07441631087176448"
1200,54,3,"0.0;0.0;0.07544967699572422"
1200,55,3,"0.0;0.0;0.07547045105435546"
1200,56,3,"0.0;0.0;0.0754275435936706"
1200,57,3,"0.0;0.0;0.07549047055374825"
1200,58,3,"0.0;0.0;0.0754275435936706"
1200,59,3,"0.0;0.0;0.0754275435936706"
1200,60,3,"0.0;0.0;0.07545451696021922"
1200,61,3,"0.0;0.0;0.07488733875307428"
1200,62,3,"0.0;0.0;0.07441631087176448"
1200,63,3,"0.0;0.0;0.0748920257454324"
1200,64,3,"0.0;0.0;0.07541105112910454"
1200,65,3,"0.0;0.0;0.07551355928292258"
1200,66,3,"0.0;0.0;0.07546774332413267"
1200,67,3,"0.0;0.0;0.07544838930977252"
1200,68,3,"0.0;0.0;0.0746021498757721"
1200,69,3,"0.0;0.0;0.07550403037770476"
1200,70,3,"0.0;0.0;0.0754296664330171"
1200,71,3,"0.0;0.0;0.07550403037770476"
1200,72,3,"0.0;0.0;0.07544587883900973"
1200,73,3,"0.0;0.0;0.07545451696021922"
1200,74,3,"0.0;0.0;0.07544838930977252"
1200,75,3,"0.0;0.0;0.07507379466331107"
1200,76,3,"0.0;0.0;0.07497477985069091"
1200,77,3,"0.0;0.0;0.07545987854030546"
1200,78,3,"0.0;0.0;0.07543873591211987"
1200,79,3,"0.0;0.0;0.07544126161591981"
1200,80,3,"0.0;0.0;0.07543413815256202"
1200,81,3,"0.0;0.0;0.07543632484568717"
1200,82,3,"0.0;0.0;0.07549047055374825"
1200,83,3,"0.0;0.0;0.07548905879885359"
1200,84,3,"0.0;0.0;0.07546774332413267"
1200,85,3,"0.0;0.0;0.07486838631842264"
1200,86,3,"0.0;0.0;0.07544967699572422"
1200,87,3,"0.0;0.0;0.07541214942298465"
1200,88,3,"0.0;0.0;0.0746021498757721"
1200,89,3,"0.0;0.0;0.07546508906274658"
1200,90,3,"0.0;0.0;0.07470093203765162"
1200,91,3,"0.0;0.0;0.07541009806897077"
1200,92,3,"0.0;0.0;0.07542331548580875"
1200,93,3,"0.0;0.0;0.07544967699572422"
1200,94,3,"0.0;0.0;0.0754275435936706"
1200,95,3,"0.0;0.0;0.07545987854030546"
1200,96,3,"0.0;0.0;0.07526099625899324"
1200,97,3,"0.0;0.0;0.07486465757018496"
1200,98,3,"0.0;0.0;0.07546244791250403"
1200,99,3,"0.0;0.0;0.07541105112910454"
1200,100,3,"0.0;0.0;0.07542527226773323"
1200,101,3,"0.0;0.0;0.07486838631842264"
1200,102,3,"0.0;0.0;0.07551679439808476"
1200,103,3,"0.0;0.0;0.07505000894047915"
1200,104,3,"0.0;0.0;0.07540818914254262"
1200,105,3,"0.0;0.0;0.07546244791250403"
1200,106,3,"0.0;0.0;0.07526099625899324"
1200,107,3,"0.0;0.0;0.0754318631368313"
1200,108,3,"0.0;0.0;0.07545211664183954"
1200,109,3,"0.0;0.0;0.07551679439808476"
1200,110,3,"0.0;0.0;0.07543413815256202"
1200,111,3,"0.0;0.0;0.07542104387177866"
1200,112,3,"0.0;0.0;0.0747884578492617"
1200,113,3,"0.0;0.0;0.07429387707098319"
1200,114,3,"0.0;0.0;0.07486465757018496"
1200,115,3,"0.0;0.0;0.07545074633272048"
1200,116,3,"0.0;0.0;0.07550116214007332"
1200,117,3,"0.0;0.0;0.0747884578492617"
1200,118,3,"0.0;0.0;0.0747884578492617"
1200,119,3,"0.0;0.0;0.07429520962574425"
1200,120,3,"0.0;0.0;0.07547325087031843"
1200,121,3,"0.0;0.0;0.07549199034415452"
1200,122,3,"0.0;0.0;0.07546508906274658"
1200,123,3,"0.0;0.0;0.07429387707098319"
1200,124,3,"0.0;0.0;0.07547045105435546"
1200,125,3,"0.0;0.0;0.07547882534540766"
1200,126,3,"0.0;0.0;0.0754275435936706"
1200,127,3,"0.0;0.0;0.07542527226773323"
1200,128,3,"0.0;0.0;0.07526099625899324"
1200,129,3,"0.0;0.0;0.07550728396014339"
1200,130,3,"0.0;0.0;0.07547882534540766"
1200,131,3,"0.0;0.0;0.07545211664183954"
1200,132,3,"0.0;0.0;0.07544335824173358"
1200,133,3,"0.0;0.0;0.07546508906274658"
1200,134,3,"0.0;0.0;0.07543632484568717"
1200,135,3,"0.0;0.0;0.07497477985069091"
1200,136,3,"0.0;0.0;0.07544805785361242"
1200,137,3,"0.0;0.0;0.07545211664183954"
1200,138,3,"0.0;0.0;0.07542331548580875"
1200,139,3,"0.0;0.0;0.0746021498757721"
1200,140,3,"0.0;0.0;0.07546508906274658"
1200,141,3,"0.0;0.0;0.07547045105435546"
1200,142,3,"0.0;0.0;0.0755200978438475"
1200,143,3,"0.0;0.0;0.07488733875307428"
1200,144,3,"0.0;0.0;0.07547045105435546"
1200,145,3,"0.0;0.0;0.07543413815256202"
1200,146,3,"0.0;0.0;0.07526099625899324"
1200,147,3,"0.0;0.0;0.07542104387177866"
1200,148,3,"0.0;0.0;0.07547325087031843"
1200,149,3,"0.0;0.0;0.07550403037770476"
1200,150,3,"0.0;0.0;0.07544335824173358"
1240,1,3,"0.0;0.0;0.07485365354441129"
1240,2,3,"0.0;0.0;0.0754026709430085"
1240,3,3,"0.0;0.0;0.07546774332413267"
1240,4,3,"0.0;0.0;0.07429652844750582"
1240,5,3,"0.0;0.0;0.07488733875307428"
1240,6,3,"0.0;0.0;0.07487209700411585"
1240,7,3,"0.0;0.0;0.07488733875307428"
1240,8,3,"0.0;0.0;0.07545987854030546"
1240,9,3,"0.0;0.0;0.07547882534540766"
1240,10,3,"0.0;0.0;0.07547325087031843"
1240,11,3,"0.0;0.0;0.07545074633272048"
1240,12,3,"0.0;0.0;0.07551040972712142"
1240,13,3,"0.0;0.0;0.0755200978438475"
1240,14,3,"0.0;0.0;0.07550728396014339"
1240,15,3,"0.0;0.0;0.07441631087176448"
1240,16,3,"0.0;0.0;0.07543873591211987"
1240,17,3,"0.0;0.0;0.07526099625899324"
1240,18,3,"0.0;0.0;0.07541009806897077"
1240,19,3,"0.0;0.0;0.0747884578492617"
1240,20,3,"0.0;0.0;0.07545728247183431"
1240,21,3,"0.0;0.0;0.0754296664330171"
1240,22,3,"0.0;0.0;0.07550728396014339"
1240,23,3,"0.0;0.0;0.07490140573285071"
1240,24,3,"0.0;0.0;0.07544967699572422"
1240,25,3,"0.0;0.0;0.0754026709430085"
1240,26,3,"0.0;0.0;0.07544587883900973"
1240,27,3,"0.0;0.0;0.07545987854030546"
1240,28,3,"0.0;0.0;0.07544335824173358"
1240,29,3,"0.0;0.0;0.0754318631368313"
1240,30,3,"0.0;0.0;0.07547325087031843"
1240,31,3,"0.0;0.0;0.07429520962574425"
1240,32,3,"0.0;0.0;0.07485365354441129"
1240,33,3,"0.0;0.0;0.07542104387177866"
1240,34,3,"0.0;0.0;0.07541702003629784"
1240,35,3,"0.0;0.0;0.07551040972712142"
1240,36,3,"0.0;0.0;0.07550728396014339"
1240,37,3,"0.0;0.0;0.0747884578492617"
1240,38,3,"0.0;0.0;0.07551355928292258"
1240,39,3,"0.0;0.0;0.07548735770229409"
1240,40,3,"0.0;0.0;0.07542331548580875"
1240,41,3,"0.0;0.0;0.07429652844750582"
1240,42,3,"0.0;0.0;0.07546774332413267"
1240,43,3,"0.0;0.0;0.07547591968825722"
1240,44,3,"0.0;0.0;0.0748989667797464"
1240,45,3,"0.0;0.0;0.07544838930977252"
1240,46,3,"0.0;0.0;0.0754275435936706"
1240,47,3,"0.0;0.0;0.07542527226773323"
1240,48,3,"0.0;0.0;0.07541009806897077"
1240,49,3,"0.0;0.0;0.07551355928292258"
1240,50,3,"0.0;0.0;0.0746021498757721"
1240,51,3,"0.0;0.0;0.07549199034415452"
1240,52,3,"0.0;0.0;0.07550728396014339"
1240,53,3,"0.0;0.0;0.0754275435936706"
1240,54,3,"0.0;0.0;0.07545451696021922"
1240,55,3,"0.0;0.0;0.07546508906274658"
1240,56,3,"0.0;0.0;0.07541901094045021"
1240,57,3,"0.0;0.0;0.07544335824173358"
1240,58,3,"0.0;0.0;0.07551679439808476"
1240,59,3,"0.0;0.0;0.07545728247183431"
1240,60,3,"0.0;0.0;0.07485215155500766"
1240,61,3,"0.0;0.0;0.07544335824173358"
1240,62,3,"0.0;0.0;0.07546508906274658"
1240,63,3,"0.0;0.0;0.07490383756808687"
1240,64,3,"0.0;0.0;0.07507379466331107"
1240,65,3,"0.0;0.0;0.07543873591211987"
1240,66,3,"0.0;0.0;0.07546244791250403"
1240,67,3,"0.0;0.0;0.07429387707098319"
1240,68,3,"0.0;0.0;0.07540636662889386"
1240,69,3,"0.0;0.0;0.07544587883900973"
1240,70,3,"0.0;0.0;0.07526099625899324"
1240,71,3,"0.0;0.0;0.07548159226902681"
1240,72,3,"0.0;0.0;0.07429652844750582"
1240,73,3,"0.0;0.0;0.07547591968825722"
1240,74,3,"0.0;0.0;0.07544587883900973"
1240,75,3,"0.0;0.0;0.07544838930977252"
1240,76,3,"0.0;0.0;0.07485533278290901"
1240,77,3,"0.0;0.0;0.07542104387177866"
1240,78,3,"0.0;0.0;0.07544967699572422"
1240,79,3,"0.0;0.0;0.07441631087176448"
1240,80,3,"0.0;0.0;0.07541009806897077"
1240,81,3,"0.0;0.0;0.07551040972712142"
1240,82,3,"0.0;0.0;0.0747884578492617"
1240,83,3,"0.0;0.0;0.07497477985069091"
1240,84,3,"0.0;0.0;0.0755200978438475"
1240,85,3,"0.0;0.0;0.07547045105435546"
1240,86,3,"0.0;0.0;0.07549047055374825"
1240,87,3,"0.0;0.0;0.07546508906274658"
1240,88,3,"0.0;0.0;0.07546774332413267"
1240,89,3,"0.0;0.0;0.07485695255346095"
1240,90,3,"0.0;0.0;0.07487406970584913"
1240,91,3,"0.0;0.0;0.07545074633272048"
1240,92,3,"0.0;0.0;0.07547045105435546"
1240,93,3,"0.0;0.0;0.07550403037770476"
1240,94,3,"0.0;0.0;0.07550403037770476"
1240,95,3,"0.0;0.0;0.07490140573285071"
1240,96,3,"0.0;0.0;0.07544587883900973"
1240,97,3,"0.0;0.0;0.07545211664183954"
1240,98,3,"0.0;0.0;0.07543413815256202"
1240,99,3,"0.0;0.0;0.07542331548580875"
1240,100,3,"0.0;0.0;0.07544714119846373"
1240,101,3,"0.0;0.0;0.07526099625899324"
1240,102,3,"0.0;0.0;0.0755200978438475"
1240,103,3,"0.0;0.0;0.07542331548580875"
1240,104,3,"0.0;0.0;0.07546244791250403"
1240,105,3,"0.0;0.0;0.07544967699572422"
1240,106,3,"0.0;0.0;0.0754296664330171"
1240,107,3,"0.0;0.0;0.07544838930977252"
1240,108,3,"0.0;0.0;0.07488733875307428"
1240,109,3,"0.0;0.0;0.07546244791250403"
1240,110,3,"0.0;0.0;0.07545074633272048"
1240,111,3,"0.0;0.0;0.0746021498757721"
1240,112,3,"0.0;0.0;0.07548159226902681"
1240,113,3,"0.0;0.0;0.07544714119846373"
1240,114,3,"0.0;0.0;0.07545211664183954"
1240,115,3,"0.0;0.0;0.07551679439808476"
1240,116,3,"0.0;0.0;0.07546508906274658"
1240,117,3,"0.0;0.0;0.07544967699572422"
1240,118,3,"0.0;0.0;0.07545451696021922"
1240,119,3,"0.0;0.0;0.07545211664183954"
1240,120,3,"0.0;0.0;0.07546774332413267"
1240,121,3,"0.0;0.0;0.07441631087176448"
1240,122,3,"0.0;0.0;0.07547591968825722"
1240,123,3,"0.0;0.0;0.07546508906274658"
1240,124,3,"0.0;0.0;0.07544967699572422"
1240,125,3,"0.0;0.0;0.07541493614911345"
1240,126,3,"0.0;0.0;0.07507379466331107"
1240,127,3,"0.0;0.0;0.07526099625899324"
1240,128,3,"0.0;0.0;0.07550403037770476"
1240,129,3,"0.0;0.0;0.07544485429197459"
1240,130,3,"0.0;0.0;0.07544126161591981"
1240,131,3,"0.0;0.0;0.07545987854030546"
1240,132,3,"0.0;0.0;0.07542104387177866"
1240,133,3,"0.0;0.0;0.07542331548580875"
1240,134,3,"0.0;0.0;0.07542104387177866"
1240,135,3,"0.0;0.0;0.07507379466331107"
1240,136,3,"0.0;0.0;0.07543632484568717"
1240,137,3,"0.0;0.0;0.07485365354441129"
1240,138,3,"0.0;0.0;0.07544587883900973"
1240,139,3,"0.0;0.0;0.07549199034415452"
1240,140,3,"0.0;0.0;0.07544335824173358"
1240,141,3,"0.0;0.0;0.07543413815256202"
1240,142,3,"0.0;0.0;0.07507379466331107"
1240,143,3,"0.0;0.0;0.07488733875307428"
1240,144,3,"0.0;0.0;0.07470093203765162"
1240,145,3,"0.0;0.0;0.07541400103136897"
1240,146,3,"0.0;0.0;0.07549199034415452"
1240,147,3,"0.0;0.0;0.07505000894047915"
1240,148,3,"0.0;0.0;0.07470093203765162"
1240,149,3,"0.0;0.0;0.07545728247183431"
1240,150,3,"0.0;0.0;0.07545728247183431"
1280,1,3,"0.0;0.0;0.07548905879885359"
1280,2,3,"0.0;0.0;0.07487406970584913"
1280,3,3,"0.0;0.0;0.07551040972712142"
1280,4,3,"0.0;0.0;0.07541493614911345"
1280,5,3,"0.0;0.0;0.07547591968825722"
1280,6,3,"0.0;0.0;0.07543873591211987"
1280,7,3,"0.0;0.0;0.07543873591211987"
1280,8,3,"0.0;0.0;0.07429520962574425"
1280,9,3,"0.0;0.0;0.07488654177260011"
1280,10,3,"0.0;0.0;0.07429520962574425"
1280,11,3,"0.0;0.0;0.07546244791250403"
1280,12,3,"0.0;0.0;0.07541493614911345"
1280,13,3,"0.0;0.0;0.07547045105435546"
1280,14,3,"0.0;0.0;0.07547882534540766"
1280,15,3,"0.0;0.0;0.07429520962574425"
1280,16,3,"0.0;0.0;0.07429652844750582"
1280,17,3,"0.0;0.0;0.07470093203765162"
1280,18,3,"0.0;0.0;0.07429387707098319"
1280,19,3,"0.0;0.0;0.07486363476190633"
1280,20,3,"0.0;0.0;0.0754296664330171"
1280,21,3,"0.0;0.0;0.07547325087031843"
1280,22,3,"0.0;0.0;0.07486636950914824"
1280,23,3,"0.0;0.0;0.07497477985069091"
1280,24,3,"0.0;0.0;0.07546508906274658"
1280,25,3,"0.0;0.0;0.0746021498757721"
1280,26,3,"0.0;0.0;0.07487028492186415"
1280,27,3,"0.0;0.0;0.07540636662889386"
1280,28,3,"0.0;0.0;0.07485854938783418"
1280,29,3,"0.0;0.0;0.07550728396014339"
1280,30,3,"0.0;0.0;0.07542331548580875"
1280,31,3,"0.0;0.0;0.07543873591211987"
1280,32,3,"0.0;0.0;0.07546774332413267"
1280,33,3,"0.0;0.0;0.0748932195937079"
1280,34,3,"0.0;0.0;0.07543413815256202"
1280,35,3,"0.0;0.0;0.07488654177260011"
1280,36,3,"0.0;0.0;0.07507379466331107"
1280,37,3,"0.0;0.0;0.07540636662889386"
1280,38,3,"0.0;0.0;0.07489670453195829"
1280,39,3,"0.0;0.0;0.07546508906274658"
1280,40,3,"0.0;0.0;0.07489670453195829"
1280,41,3,"0.0;0.0;0.07545074633272048"
1280,42,3,"0.0;0.0;0.0746021498757721"
1280,43,3,"0.0;0.0;0.07544967699572422"
1280,44,3,"0.0;0.0;0.07545451696021922"
1280,45,3,"0.0;0.0;0.07429652844750582"
1280,46,3,"0.0;0.0;0.07497477985069091"
1280,47,3,"0.0;0.0;0.07542104387177866"
1280,48,3,"0.0;0.0;0.07507379466331107"
1280,49,3,"0.0;0.0;0.0754275435936706"
1280,50,3,"0.0;0.0;0.07546774332413267"
1280,51,3,"0.0;0.0;0.07544485429197459"
1280,52,3,"0.0;0.0;0.07541901094045021"
1280,53,3,"0.0;0.0;0.07545451696021922"
1280,54,3,"0.0;0.0;0.07429652844750582"
1280,55,3,"0.0;0.0;0.07547591968825722"
1280,56,3,"0.0;0.0;0.07541493614911345"
1280,57,3,"0.0;0.0;0.07541009806897077"
1280,58,3,"0.0;0.0;0.07497477985069091"
1280,59,3,"0.0;0.0;0.07548905879885359"
1280,60,3,"0.0;0.0;0.07544714119846373"
1280,61,3,"0.0;0.0;0.07544967699572422"
1280,62,3,"0.0;0.0;0.07544126161591981"
1280,63,3,"0.0;0.0;0.07549334111405981"
1280,64,3,"0.0;0.0;0.0754296664330171"
1280,65,3,"0.0;0.0;0.07470093203765162"
1280,66,3,"0.0;0.0;0.07542527226773323"
1280,67,3,"0.0;0.0;0.07546508906274658"
1280,68,3,"0.0;0.0;0.07542527226773323"
1280,69,3,"0.0;0.0;0.07544587883900973"
1280,70,3,"0.0;0.0;0.07546244791250403"
1280,71,3,"0.0;0.0;0.07543873591211987"
1280,72,3,"0.0;0.0;0.07542104387177866"
1280,73,3,"0.0;0.0;0.07542104387177866"
1280,74,3,"0.0;0.0;0.0755200978438475"
1280,75,3,"0.0;0.0;0.07544714119846373"
1280,76,3,"0.0;0.0;0.07545074633272048"
1280,77,3,"0.0;0.0;0.07485533278290901"
1280,78,3,"0.0;0.0;0.07542527226773323"
1280,79,3,"0.0;0.0;0.07550728396014339"
1280,80,3,"0.0;0.0;0.07488733875307428"
1280,81,3,"0.0;0.0;0.07470093203765162"
1280,82,3,"0.0;0.0;0.0755200978438475"
1280,83,3,"0.0;0.0;0.07486636950914824"
1280,84,3,"0.0;0.0;0.07507379466331107"
1280,85,3,"0.0;0.0;0.07542331548580875"
1280,86,3,"0.0;0.0;0.07497477985069091"
1280,87,3,"0.0;0.0;0.07545211664183954"
1280,88,3,"0.0;0.0;0.07497477985069091"
1280,89,3,"0.0;0.0;0.07544335824173358"
1280,90,3,"0.0;0.0;0.07489080278031336"
1280,91,3,"0.0;0.0;0.07485695255346095"
1280,92,3,"0.0;0.0;0.07545211664183954"
1280,93,3,"0.0;0.0;0.07490383756808687"
1280,94,3,"0.0;0.0;0.0748932195937079"
1280,95,3,"0.0;0.0;0.07488207370572295"
1280,96,3,"0.0;0.0;0.07550403037770476"
1280,97,3,"0.0;0.0;0.07488207370572295"
1280,98,3,"0.0;0.0;0.07429520962574425"
1280,99,3,"0.0;0.0;0.07550116214007332"
1280,100,3,"0.0;0.0;0.07544587883900973"
1280,101,3,"0.0;0.0;0.07545987854030546"
1280,102,3,"0.0;0.0;0.07546244791250403"
1280,103,3,"0.0;0.0;0.07548159226902681"
1280,104,3,"0.0;0.0;0.0754318631368313"
1280,105,3,"0.0;0.0;0.07547325087031843"
1280,106,3,"0.0;0.0;0.07543413815256202"
1280,107,3,"0.0;0.0;0.07549047055374825"
1280,108,3,"0.0;0.0;0.0754318631368313"
1280,109,3,"0.0;0.0;0.07549199034415452"
1280,110,3,"0.0;0.0;0.07542104387177866"
1280,111,3,"0.0;0.0;0.07542331548580875"
1280,112,3,"0.0;0.0;0.07551679439808476"
1280,113,3,"0.0;0.0;0.0754296664330171"
1280,114,3,"0.0;0.0;0.07547325087031843"
1280,115,3,"0.0;0.0;0.07544587883900973"
1280,116,3,"0.0;0.0;0.07541901094045021"
1280,117,3,"0.0;0.0;0.07546508906274658"
1280,118,3,"0.0;0.0;0.07543632484568717"
1280,119,3,"0.0;0.0;0.07485695255346095"
1280,120,3,"0.0;0.0;0.07547591968825722"
1280,121,3,"0.0;0.0;0.0754296664330171"
1280,122,3,"0.0;0.0;0.07543413815256202"
1280,123,3,"0.0;0.0;0.07543873591211987"
1280,124,3,"0.0;0.0;0.07542104387177866"
1280,125,3,"0.0;0.0;0.07544587883900973"
1280,126,3,"0.0;0.0;0.07551355928292258"
1280,127,3,"0.0;0.0;0.07487406970584913"
1280,128,3,"0.0;0.0;0.0754318631368313"
1280,129,3,"0.0;0.0;0.07486206601095463"
1280,130,3,"0.0;0.0;0.07545074633272048"
1280,131,3,"0.0;0.0;0.0754318631368313"
1280,132,3,"0.0;0.0;0.07549501025180269"
1280,133,3,"0.0;0.0;0.07488733875307428"
1280,134,3,"0.0;0.0;0.07543632484568717"
1280,135,3,"0.0;0.0;0.07470093203765162"
1280,136,3,"0.0;0.0;0.07541299415164693"
1280,137,3,"0.0;0.0;0.07545987854030546"
1280,138,3,"0.0;0.0;0.07546244791250403"
1280,139,3,"0.0;0.0;0.07542104387177866"
1280,140,3,"0.0;0.0;0.07547045105435546"
1280,141,3,"0.0;0.0;0.07541009806897077"
1280,142,3,"0.0;0.0;0.07429652844750582"
1280,143,3,"0.0;0.0;0.07488863087180493"
1280,144,3,"0.0;0.0;0.07545451696021922"
1280,145,3,"0.0;0.0;0.07546244791250403"
1280,146,3,"0.0;0.0;0.07546774332413267"
1280,147,3,"0.0;0.0;0.07545987854030546"
1280,148,3,"0.0;0.0;0.07546774332413267"
1280,149,3,"0.0;0.0;0.0755200978438475"
1280,150,3,"0.0;0.0;0.07429520962574425"
1320,1,3,"0.0;0.0;0.0747884578492617"
1320,2,3,"0.0;0.0;0.07470093203765162"
1320,3,3,"0.0;0.0;0.0747884578492617"
1320,4,3,"0.0;0.0;0.07526099625899324"
1320,5,3,"0.0;0.0;0.07486363476190633"
1320,6,3,"0.0;0.0;0.0754026709430085"
1320,7,3,"0.0;0.0;0.07544714119846373"
1320,8,3,"0.0;0.0;0.07429387707098319"
1320,9,3,"0.0;0.0;0.07551679439808476"
1320,10,3,"0.0;0.0;0.07486838631842264"
1320,11,3,"0.0;0.0;0.0748932195937079"
1320,12,3,"0.0;0.0;0.07544126161591981"
1320,13,3,"0.0;0.0;0.07544805785361242"
1320,14,3,"0.0;0.0;0.07543413815256202"
1320,15,3,"0.0;0.0;0.07507379466331107"
1320,16,3,"0.0;0.0;0.07544714119846373"
1320,17,3,"0.0;0.0;0.07507379466331107"
1320,18,3,"0.0;0.0;0.07545451696021922"
1320,19,3,"0.0;0.0;0.07544838930977252"
1320,20,3,"0.0;0.0;0.07488733875307428"
1320,21,3,"0.0;0.0;0.07545211664183954"
1320,22,3,"0.0;0.0;0.07543873591211987"
1320,23,3,"0.0;0.0;0.07542527226773323"
1320,24,3,"0.0;0.0;0.07544967699572422"
1320,25,3,"0.0;0.0;0.07497477985069091"
1320,26,3,"0.0;0.0;0.07547325087031843"
1320,27,3,"0.0;0.0;0.07429652844750582"
1320,28,3,"0.0;0.0;0.07545451696021922"
1320,29,3,"0.0;0.0;0.07545728247183431"
1320,30,3,"0.0;0.0;0.07544838930977252"
1320,31,3,"0.0;0.0;0.07543873591211987"
1320,32,3,"0.0;0.0;0.0747884578492617"
1320,33,3,"0.0;0.0;0.07541009806897077"
1320,34,3,"0.0;0.0;0.07541214942298465"
1320,35,3,"0.0;0.0;0.07544967699572422"
1320,36,3,"0.0;0.0;0.07541299415164693"
1320,37,3,"0.0;0.0;0.0754275435936706"
1320,38,3,"0.0;0.0;0.07544126161591981"
1320,39,3,"0.0;0.0;0.07486104439776206"
1320,40,3,"0.0;0.0;0.07551679439808476"
1320,41,3,"0.0;0.0;0.07549199034415452"
1320,42,3,"0.0;0.0;0.07544335824173358"
1320,43,3,"0.0;0.0;0.07551355928292258"
1320,44,3,"0.0;0.0;0.07541009806897077"
1320,45,3,"0.0;0.0;0.07550403037770476"
1320,46,3,"0.0;0.0;0.07429387707098319"
1320,47,3,"0.0;0.0;0.07547325087031843"
1320,48,3,"0.0;0.0;0.07544126161591981"
1320,49,3,"0.0;0.0;0.07544805785361242"
1320,50,3,"0.0;0.0;0.07485695255346095"
1320,51,3,"0.0;0.0;0.07487797829401587"
1320,52,3,"0.0;0.0;0.07544838930977252"
1320,53,3,"0.0;0.0;0.07545451696021922"
1320,54,3,"0.0;0.0;0.07547045105435546"
1320,55,3,"0.0;0.0;0.07547325087031843"
1320,56,3,"0.0;0.0;0.07545728247183431"
1320,57,3,"0.0;0.0;0.07486279672841584"
1320,58,3,"0.0;0.0;0.07543632484568717"
1320,59,3,"0.0;0.0;0.07545451696021922"
1320,60,3,"0.0;0.0;0.07545211664183954"
1320,61,3,"0.0;0.0;0.07546774332413267"
1320,62,3,"0.0;0.0;0.07542527226773323"
1320,63,3,"0.0;0.0;0.07541009806897077"
1320,64,3,"0.0;0.0;0.07544714119846373"
1320,65,3,"0.0;0.0;0.07488207370572295"
1320,66,3,"0.0;0.0;0.0754845931500381"
1320,67,3,"0.0;0.0;0.07544805785361242"
1320,68,3,"0.0;0.0;0.07545987854030546"
1320,69,3,"0.0;0.0;0.07544587883900973"
1320,70,3,"0.0;0.0;0.0748989667797464"
1320,71,3,"0.0;0.0;0.07545728247183431"
1320,72,3,"0.0;0.0;0.07546508906274658"
1320,73,3,"0.0;0.0;0.07544838930977252"
1320,74,3,"0.0;0.0;0.07540455270793417"
1320,75,3,"0.0;0.0;0.07546508906274658"
1320,76,3,"0.0;0.0;0.0746021498757721"
1320,77,3,"0.0;0.0;0.07489670453195829"
1320,78,3,"0.0;0.0;0.07544587883900973"
1320,79,3,"0.0;0.0;0.07540636662889386"
1320,80,3,"0.0;0.0;0.07549047055374825"
1320,81,3,"0.0;0.0;0.07551679439808476"
1320,82,3,"0.0;0.0;0.0754296664330171"
1320,83,3,"0.0;0.0;0.07507379466331107"
1320,84,3,"0.0;0.0;0.07544587883900973"
1320,85,3,"0.0;0.0;0.07551679439808476"
1320,86,3,"0.0;0.0;0.07429652844750582"
1320,87,3,"0.0;0.0;0.0746021498757721"
1320,88,3,"0.0;0.0;0.07542331548580875"
1320,89,3,"0.0;0.0;0.0755200978438475"
1320,90,3,"0.0;0.0;0.07541901094045021"
1320,91,3,"0.0;0.0;0.07488733875307428"
1320,92,3,"0.0;0.0;0.07541901094045021"
1320,93,3,"0.0;0.0;0.07488007815909302"
1320,94,3,"0.0;0.0;0.07429387707098319"
1320,95,3,"0.0;0.0;0.07545987854030546"
1320,96,3,"0.0;0.0;0.07543873591211987"
1320,97,3,"0.0;0.0;0.07507379466331107"
1320,98,3,"0.0;0.0;0.0754296664330171"
1320,99,3,"0.0;0.0;0.0754275435936706"
1320,100,3,"0.0;0.0;0.07542331548580875"
1320,101,3,"0.0;0.0;0.0754296664330171"
1320,102,3,"0.0;0.0;0.0754275435936706"
1320,103,3,"0.0;0.0;0.07550728396014339"
1320,104,3,"0.0;0.0;0.07542104387177866"
1320,105,3,"0.0;0.0;0.07487406970584913"
1320,106,3,"0.0;0.0;0.07549808156401953"
1320,107,3,"0.0;0.0;0.07543632484568717"
1320,108,3,"0.0;0.0;0.07544838930977252"
1320,109,3,"0.0;0.0;0.07429520962574425"
1320,110,3,"0.0;0.0;0.0747884578492617"
1320,111,3,"0.0;0.0;0.0754275435936706"
1320,112,3,"0.0;0.0;0.07548735770229409"
1320,113,3,"0.0;0.0;0.07486104439776206"
1320,114,3,"0.0;0.0;0.07544967699572422"
1320,115,3,"0.0;0.0;0.0754845931500381"
1320,116,3,"0.0;0.0;0.07543632484568717"
1320,117,3,"0.0;0.0;0.07551679439808476"
1320,118,3,"0.0;0.0;0.07548159226902681"
1320,119,3,"0.0;0.0;0.07497477985069091"
1320,120,3,"0.0;0.0;0.07547325087031843"
1320,121,3,"0.0;0.0;0.0748759729111501"
1320,122,3,"0.0;0.0;0.07545211664183954"
1320,123,3,"0.0;0.0;0.07507379466331107"
1320,124,3,"0.0;0.0;0.07547325087031843"
1320,125,3,"0.0;0.0;0.0748759729111501"
1320,126,3,"0.0;0.0;0.07542104387177866"
1320,127,3,"0.0;0.0;0.07542104387177866"
1320,128,3,"0.0;0.0;0.07544587883900973"
1320,129,3,"0.0;0.0;0.07429652844750582"
1320,130,3,"0.0;0.0;0.07507379466331107"
1320,131,3,"0.0;0.0;0.07545211664183954"
1320,132,3,"0.0;0.0;0.07441631087176448"
1320,133,3,"0.0;0.0;0.07542331548580875"
1320,134,3,"0.0;0.0;0.07546244791250403"
1320,135,3,"0.0;0.0;0.07488863087180493"
1320,136,3,"0.0;0.0;0.07441631087176448"
1320,137,3,"0.0;0.0;0.07545211664183954"
1320,138,3,"0.0;0.0;0.07541901094045021"
1320,139,3,"0.0;0.0;0.07542331548580875"
1320,140,3,"0.0;0.0;0.07543413815256202"
1320,141,3,"0.0;0.0;0.07542104387177866"
1320,142,3,"0.0;0.0;0.07429387707098319"
1320,143,3,"0.0;0.0;0.07540818914254262"
1320,144,3,"0.0;0.0;0.0755200978438475"
1320,145,3,"0.0;0.0;0.07547882534540766"
1320,146,3,"0.0;0.0;0.07551040972712142"
1320,147,3,"0.0;0.0;0.07487209700411585"
1320,148,3,"0.0;0.0;0.07542527226773323"
1320,149,3,"0.0;0.0;0.07546508906274658"
1320,150,3,"0.0;0.0;0.07542527226773323"
1360,1,3,"0.0;0.0;0.07545451696021922"
1360,2,3,"0.0;0.0;0.07544714119846373"
1360,3,3,"0.0;0.0;0.07546244791250403"
1360,4,3,"0.0;0.0;0.07544714119846373"
1360,5,3,"0.0;0.0;0.07546774332413267"
1360,6,3,"0.0;0.0;0.07550403037770476"
1360,7,3,"0.0;0.0;0.07429387707098319"
1360,8,3,"0.0;0.0;0.07486279672841584"
1360,9,3,"0.0;0.0;0.07549047055374825"
1360,10,3,"0.0;0.0;0.0754296664330171"
1360,11,3,"0.0;0.0;0.07551355928292258"
1360,12,3,"0.0;0.0;0.07545211664183954"
1360,13,3,"0.0;0.0;0.07547325087031843"
1360,14,3,"0.0;0.0;0.07546508906274658"
1360,15,3,"0.0;0.0;0.07550728396014339"
1360,16,3,"0.0;0.0;0.07488733875307428"
1360,17,3,"0.0;0.0;0.07488654177260011"
1360,18,3,"0.0;0.0;0.07550116214007332"
1360,19,3,"0.0;0.0;0.0754318631368313"
1360,20,3,"0.0;0.0;0.07486206601095463"
1360,21,3,"0.0;0.0;0.07547591968825722"
1360,22,3,"0.0;0.0;0.07544587883900973"
1360,23,3,"0.0;0.0;0.07441631087176448"
1360,24,3,"0.0;0.0;0.07429520962574425"
1360,25,3,"0.0;0.0;0.07429652844750582"
1360,26,3,"0.0;0.0;0.07544714119846373"
1360,27,3,"0.0;0.0;0.07484116794266717"
1360,28,3,"0.0;0.0;0.07544335824173358"
1360,29,3,"0.0;0.0;0.0754296664330171"
1360,30,3,"0.0;0.0;0.07545987854030546"
1360,31,3,"0.0;0.0;0.07545451696021922"
1360,32,3,"0.0;0.0;0.07429652844750582"
1360,33,3,"0.0;0.0;0.0747884578492617"
1360,34,3,"0.0;0.0;0.07541901094045021"
1360,35,3,"0.0;0.0;0.07545987854030546"
1360,36,3,"0.0;0.0;0.07541009806897077"
1360,37,3,"0.0;0.0;0.07541299415164693"
1360,38,3,"0.0;0.0;0.07541214942298465"
1360,39,3,"0.0;0.0;0.07545451696021922"
1360,40,3,"0.0;0.0;0.07485854938783418"
1360,41,3,"0.0;0.0;0.07549047055374825"
1360,42,3,"0.0;0.0;0.07544126161591981"
1360,43,3,"0.0;0.0;0.07551040972712142"
1360,44,3,"0.0;0.0;0.07488733875307428"
1360,45,3,"0.0;0.0;0.0746021498757721"
1360,46,3,"0.0;0.0;0.07549808156401953"
1360,47,3,"0.0;0.0;0.07490383756808687"
1360,48,3,"0.0;0.0;0.07441631087176448"
1360,49,3,"0.0;0.0;0.07441631087176448"
1360,50,3,"0.0;0.0;0.07485365354441129"
1360,51,3,"0.0;0.0;0.07487209700411585"
1360,52,3,"0.0;0.0;0.07544714119846373"
1360,53,3,"0.0;0.0;0.07544714119846373"
1360,54,3,"0.0;0.0;0.0747884578492617"
1360,55,3,"0.0;0.0;0.07546774332413267"
1360,56,3,"0.0;0.0;0.07429387707098319"
1360,57,3,"0.0;0.0;0.07487028492186415"
1360,58,3,"0.0;0.0;0.07486636950914824"
1360,59,3,"0.0;0.0;0.07545451696021922"
1360,60,3,"0.0;0.0;0.07441631087176448"
1360,61,3,"0.0;0.0;0.07429387707098319"
1360,62,3,"0.0;0.0;0.07547325087031843"
1360,63,3,"0.0;0.0;0.07550728396014339"
1360,64,3,"0.0;0.0;0.07542104387177866"
1360,65,3,"0.0;0.0;0.0747884578492617"
1360,66,3,"0.0;0.0;0.07470093203765162"
1360,67,3,"0.0;0.0;0.0754845931500381"
1360,68,3,"0.0;0.0;0.07546774332413267"
1360,69,3,"0.0;0.0;0.07429652844750582"
1360,70,3,"0.0;0.0;0.07497477985069091"
1360,71,3,"0.0;0.0;0.07429652844750582"
1360,72,3,"0.0;0.0;0.07429652844750582"
1360,73,3,"0.0;0.0;0.0747884578492617"
1360,74,3,"0.0;0.0;0.07470093203765162"
1360,75,3,"0.0;0.0;0.07543873591211987"
1360,76,3,"0.0;0.0;0.07542331548580875"
1360,77,3,"0.0;0.0;0.07526099625899324"
1360,78,3,"0.0;0.0;0.07550728396014339"
1360,79,3,"0.0;0.0;0.07488207370572295"
1360,80,3,"0.0;0.0;0.07544967699572422"
1360,81,3,"0.0;0.0;0.07441631087176448"
1360,82,3,"0.0;0.0;0.07542104387177866"
1360,83,3,"0.0;0.0;0.07544838930977252"
1360,84,3,"0.0;0.0;0.07545987854030546"
1360,85,3,"0.0;0.0;0.07429387707098319"
1360,86,3,"0.0;0.0;0.0754275435936706"
1360,87,3,"0.0;0.0;0.07546774332413267"
1360,88,3,"0.0;0.0;0.07541493614911345"
1360,89,3,"0.0;0.0;0.075232664197115"
1360,90,3,"0.0;0.0;0.07550403037770476"
1360,91,3,"0.0;0.0;0.07550403037770476"
1360,92,3,"0.0;0.0;0.07551355928292258"
1360,93,3,"0.0;0.0;0.07545987854030546"
1360,94,3,"0.0;0.0;0.07547882534540766"
1360,95,3,"0.0;0.0;0.07545987854030546"
1360,96,3,"0.0;0.0;0.0746021498757721"
1360,97,3,"0.0;0.0;0.07546508906274658"
1360,98,3,"0.0;0.0;0.07486636950914824"
1360,99,3,"0.0;0.0;0.07544714119846373"
1360,100,3,"0.0;0.0;0.07543873591211987"
1360,101,3,"0.0;0.0;0.07429387707098319"
1360,102,3,"0.0;0.0;0.07490383756808687"
1360,103,3,"0.0;0.0;0.07548735770229409"
1360,104,3,"0.0;0.0;0.07488863087180493"
1360,105,3,"0.0;0.0;0.0748932195937079"
1360,106,3,"0.0;0.0;0.07544805785361242"
1360,107,3,"0.0;0.0;0.0754318631368313"
1360,108,3,"0.0;0.0;0.07544838930977252"
1360,109,3,"0.0;0.0;0.0746021498757721"
1360,110,3,"0.0;0.0;0.07546244791250403"
1360,111,3,"0.0;0.0;0.07547045105435546"
1360,112,3,"0.0;0.0;0.07543873591211987"
1360,113,3,"0.0;0.0;0.07544967699572422"
1360,114,3,"0.0;0.0;0.07550403037770476"
1360,115,3,"0.0;0.0;0.07541105112910454"
1360,116,3,"0.0;0.0;0.07441631087176448"
1360,117,3,"0.0;0.0;0.07488733875307428"
1360,118,3,"0.0;0.0;0.07429652844750582"
1360,119,3,"0.0;0.0;0.07544335824173358"
1360,120,3,"0.0;0.0;0.07526099625899324"
1360,121,3,"0.0;0.0;0.07545211664183954"
1360,122,3,"0.0;0.0;0.07544967699572422"
1360,123,3,"0.0;0.0;0.07542331548580875"
1360,124,3,"0.0;0.0;0.07488007815909302"
1360,125,3,"0.0;0.0;0.07489431737912239"
1360,126,3,"0.0;0.0;0.07546508906274658"
1360,127,3,"0.0;0.0;0.07470093203765162"
1360,128,3,"0.0;0.0;0.07486104439776206"
1360,129,3,"0.0;0.0;0.07544126161591981"
1360,130,3,"0.0;0.0;0.07497477985069091"
1360,131,3,"0.0;0.0;0.07542331548580875"
1360,132,3,"0.0;0.0;0.07542527226773323"
1360,133,3,"0.0;0.0;0.07429520962574425"
1360,134,3,"0.0;0.0;0.0748759729111501"
1360,135,3,"0.0;0.0;0.07549501025180269"
1360,136,3,"0.0;0.0;0.07545987854030546"
1360,137,3,"0.0;0.0;0.07548159226902681"
1360,138,3,"0.0;0.0;0.07486636950914824"
1360,139,3,"0.0;0.0;0.07541901094045021"
1360,140,3,"0.0;0.0;0.07486465757018496"
1360,141,3,"0.0;0.0;0.0754318631368313"
1360,142,3,"0.0;0.0;0.07548735770229409"
1360,143,3,"0.0;0.0;0.075232664197115"
1360,144,3,"0.0;0.0;0.07429520962574425"
1360,145,3,"0.0;0.0;0.07526099625899324"
1360,146,3,"0.0;0.0;0.07547325087031843"
1360,147,3,"0.0;0.0;0.0754296664330171"
1360,148,3,"0.0;0.0;0.07542527226773323"
1360,149,3,"0.0;0.0;0.0747884578492617"
1360,150,3,"0.0;0.0;0.07541901094045021"
1400,1,3,"0.0;0.0;0.07546508906274658"
1400,2,3,"0.0;0.0;0.07541299415164693"
1400,3,3,"0.0;0.0;0.07546774332413267"
1400,4,3,"0.0;0.0;0.07486636950914824"
1400,5,3,"0.0;0.0;0.07545074633272048"
1400,6,3,"0.0;0.0;0.07544335824173358"
1400,7,3,"0.0;0.0;0.07547325087031843"
1400,8,3,"0.0;0.0;0.07541545144209484"
1400,9,3,"0.0;0.0;0.07441631087176448"
1400,10,3,"0.0;0.0;0.07541214942298465"
1400,11,3,"0.0;0.0;0.07441631087176448"
1400,12,3,"0.0;0.0;0.07543873591211987"
1400,13,3,"0.0;0.0;0.07546508906274658"
1400,14,3,"0.0;0.0;0.0748989667797464"
1400,15,3,"0.0;0.0;0.07545451696021922"
1400,16,3,"0.0;0.0;0.07486181661009088"
1400,17,3,"0.0;0.0;0.07540455270793417"
1400,18,3,"0.0;0.0;0.07545074633272048"
1400,19,3,"0.0;0.0;0.07507379466331107"
1400,20,3,"0.0;0.0;0.07550728396014339"
1400,21,3,"0.0;0.0;0.07487406970584913"
1400,22,3,"0.0;0.0;0.07541214942298465"
1400,23,3,"0.0;0.0;0.07429520962574425"
1400,24,3,"0.0;0.0;0.07507379466331107"
1400,25,3,"0.0;0.0;0.07429520962574425"
1400,26,3,"0.0;0.0;0.07470093203765162"
1400,27,3,"0.0;0.0;0.07547325087031843"
1400,28,3,"0.0;0.0;0.07544838930977252"
1400,29,3,"0.0;0.0;0.07546774332413267"
1400,30,3,"0.0;0.0;0.0754296664330171"
1400,31,3,"0.0;0.0;0.07429520962574425"
1400,32,3,"0.0;0.0;0.074860350239032"
1400,33,3,"0.0;0.0;0.0746021498757721"
1400,34,3,"0.0;0.0;0.0748932195937079"
1400,35,3,"0.0;0.0;0.0754296664330171"
1400,36,3,"0.0;0.0;0.07543873591211987"
1400,37,3,"0.0;0.0;0.0754318631368313"
1400,38,3,"0.0;0.0;0.0754318631368313"
1400,39,3,"0.0;0.0;0.075232664197115"
1400,40,3,"0.0;0.0;0.0755200978438475"
1400,41,3,"0.0;0.0;0.07543632484568717"
1400,42,3,"0.0;0.0;0.07547882534540766"
1400,43,3,"0.0;0.0;0.07551679439808476"
1400,44,3,"0.0;0.0;0.07544485429197459"
1400,45,3,"0.0;0.0;0.07544335824173358"
1400,46,3,"0.0;0.0;0.07541299415164693"
1400,47,3,"0.0;0.0;0.07486181661009088"
1400,48,3,"0.0;0.0;0.07546508906274658"
1400,49,3,"0.0;0.0;0.07486639757665141"
1400,50,3,"0.0;0.0;0.07488733875307428"
1400,51,3,"0.0;0.0;0.07549334111405981"
1400,52,3,"0.0;0.0;0.07485854938783418"
1400,53,3,"0.0;0.0;0.07541901094045021"
1400,54,3,"0.0;0.0;0.07549199034415452"
1400,55,3,"0.0;0.0;0.0754275435936706"
1400,56,3,"0.0;0.0;0.07488863087180493"
1400,57,3,"0.0;0.0;0.07550728396014339"
1400,58,3,"0.0;0.0;0.07511088810471385"
1400,59,3,"0.0;0.0;0.07489670453195829"
1400,60,3,"0.0;0.0;0.07526099625899324"
1400,61,3,"0.0;0.0;0.0754318631368313"
1400,62,3,"0.0;0.0;0.07507379466331107"
1400,63,3,"0.0;0.0;0.07497477985069091"
1400,64,3,"0.0;0.0;0.07429387707098319"
1400,65,3,"0.0;0.0;0.07548159226902681"
1400,66,3,"0.0;0.0;0.07545074633272048"
1400,67,3,"0.0;0.0;0.07545074633272048"
1400,68,3,"0.0;0.0;0.07488733875307428"
1400,69,3,"0.0;0.0;0.07541545144209484"
1400,70,3,"0.0;0.0;0.07547325087031843"
1400,71,3,"0.0;0.0;0.07549501025180269"
1400,72,3,"0.0;0.0;0.07526099625899324"
1400,73,3,"0.0;0.0;0.07544587883900973"
1400,74,3,"0.0;0.0;0.0747884578492617"
1400,75,3,"0.0;0.0;0.07483180109328999"
1400,76,3,"0.0;0.0;0.075232664197115"
1400,77,3,"0.0;0.0;0.07542527226773323"
1400,78,3,"0.0;0.0;0.07470093203765162"
1400,79,3,"0.0;0.0;0.07429652844750582"
1400,80,3,"0.0;0.0;0.07545987854030546"
1400,81,3,"0.0;0.0;0.07548905879885359"
1400,82,3,"0.0;0.0;0.07545074633272048"
1400,83,3,"0.0;0.0;0.07543632484568717"
1400,84,3,"0.0;0.0;0.0754296664330171"
1400,85,3,"0.0;0.0;0.07429520962574425"
1400,86,3,"0.0;0.0;0.07441631087176448"
1400,87,3,"0.0;0.0;0.07470093203765162"
1400,88,3,"0.0;0.0;0.07489541084861517"
1400,89,3,"0.0;0.0;0.07544838930977252"
1400,90,3,"0.0;0.0;0.07488733875307428"
1400,91,3,"0.0;0.0;0.07545987854030546"
1400,92,3,"0.0;0.0;0.07544714119846373"
1400,93,3,"0.0;0.0;0.07547325087031843"
1400,94,3,"0.0;0.0;0.07541901094045021"
1400,95,3,"0.0;0.0;0.0754318631368313"
1400,96,3,"0.0;0.0;0.07542527226773323"
1400,97,3,"0.0;0.0;0.07544485429197459"
1400,98,3,"0.0;0.0;0.07544587883900973"
1400,99,3,"0.0;0.0;0.07549334111405981"
1400,100,3,"0.0;0.0;0.07545074633272048"
1400,101,3,"0.0;0.0;0.07541299415164693"
1400,102,3,"0.0;0.0;0.07485714544463132"
1400,103,3,"0.0;0.0;0.07541901094045021"
1400,104,3,"0.0;0.0;0.0754026709430085"
1400,105,3,"0.0;0.0;0.07543873591211987"
1400,106,3,"0.0;0.0;0.0754318631368313"
1400,107,3,"0.0;0.0;0.07544126161591981"
1400,108,3,"0.0;0.0;0.07441631087176448"
1400,109,3,"0.0;0.0;0.07544967699572422"
1400,110,3,"0.0;0.0;0.07429387707098319"
1400,111,3,"0.0;0.0;0.07470093203765162"
1400,112,3,"0.0;0.0;0.07547325087031843"
1400,113,3,"0.0;0.0;0.07487028492186415"
1400,114,3,"0.0;0.0;0.07540455270793417"
1400,115,3,"0.0;0.0;0.07544126161591981"
1400,116,3,"0.0;0.0;0.07551355928292258"
1400,117,3,"0.0;0.0;0.07544714119846373"
1400,118,3,"0.0;0.0;0.07484323245949169"
1400,119,3,"0.0;0.0;0.07507379466331107"
1400,120,3,"0.0;0.0;0.07485944165490555"
1400,121,3,"0.0;0.0;0.07429520962574425"
1400,122,3,"0.0;0.0;0.07541214942298465"
1400,123,3,"0.0;0.0;0.0748759729111501"
1400,124,3,"0.0;0.0;0.0754318631368313"
1400,125,3,"0.0;0.0;0.07470093203765162"
1400,126,3,"0.0;0.0;0.07547045105435546"
1400,127,3,"0.0;0.0;0.07543632484568717"
1400,128,3,"0.0;0.0;0.07544838930977252"
1400,129,3,"0.0;0.0;0.07489431737912239"
1400,130,3,"0.0;0.0;0.07490383756808687"
1400,131,3,"0.0;0.0;0.07545074633272048"
1400,132,3,"0.0;0.0;0.07526099625899324"
1400,133,3,"0.0;0.0;0.07540455270793417"
1400,134,3,"0.0;0.0;0.07486636950914824"
1400,135,3,"0.0;0.0;0.07542104387177866"
1400,136,3,"0.0;0.0;0.07486206601095463"
1400,137,3,"0.0;0.0;0.07547325087031843"
1400,138,3,"0.0;0.0;0.07488654177260011"
1400,139,3,"0.0;0.0;0.07544335824173358"
1400,140,3,"0.0;0.0;0.07485944165490555"
1400,141,3,"0.0;0.0;0.07545074633272048"
1400,142,3,"0.0;0.0;0.07488007815909302"
1400,143,3,"0.0;0.0;0.07429652844750582"
1400,144,3,"0.0;0.0;0.07546774332413267"
1400,145,3,"0.0;0.0;0.07526099625899324"
1400,146,3,"0.0;0.0;0.07485365354441129"
1400,147,3,"0.0;0.0;0.07507379466331107"
1400,148,3,"0.0;0.0;0.0754275435936706"
1400,149,3,"0.0;0.0;0.07544126161591981"
1400,150,3,"0.0;0.0;0.07441631087176448"
1440,1,3,"0.0;0.0;0.0746021498757721"
1440,2,3,"0.0;0.0;0.07489080278031336"
1440,3,3,"0.0;0.0;0.07470093203765162"
1440,4,3,"0.0;0.0;0.07490383756808687"
1440,5,3,"0.0;0.0;0.07544967699572422"
1440,6,3,"0.0;0.0;0.07544967699572422"
1440,7,3,"0.0;0.0;0.07544335824173358"
1440,8,3,"0.0;0.0;0.07541009806897077"
1440,9,3,"0.0;0.0;0.07542331548580875"
1440,10,3,"0.0;0.0;0.07540455270793417"
1440,11,3,"0.0;0.0;0.0747884578492617"
1440,12,3,"0.0;0.0;0.07483730070856716"
1440,13,3,"0.0;0.0;0.07487797829401587"
1440,14,3,"0.0;0.0;0.07545211664183954"
1440,15,3,"0.0;0.0;0.07488733875307428"
1440,16,3,"0.0;0.0;0.07488863087180493"
1440,17,3,"0.0;0.0;0.07488654177260011"
1440,18,3,"0.0;0.0;0.07543632484568717"
1440,19,3,"0.0;0.0;0.07429520962574425"
1440,20,3,"0.0;0.0;0.07544714119846373"
1440,21,3,"0.0;0.0;0.07486636950914824"
1440,22,3,"0.0;0.0;0.07540818914254262"
1440,23,3,"0.0;0.0;0.07488427247733573"
1440,24,3,"0.0;0.0;0.07482994337917329"
1440,25,3,"0.0;0.0;0.07429520962574425"
1440,26,3,"0.0;0.0;0.07486279672841584"
1440,27,3,"0.0;0.0;0.07542527226773323"
1440,28,3,"0.0;0.0;0.07542104387177866"
1440,29,3,"0.0;0.0;0.07488654177260011"
1440,30,3,"0.0;0.0;0.07488654177260011"
1440,31,3,"0.0;0.0;0.07487028492186415"
1440,32,3,"0.0;0.0;0.07543632484568717"
1440,33,3,"0.0;0.0;0.07488207370572295"
1440,34,3,"0.0;0.0;0.0754296664330171"
1440,35,3,"0.0;0.0;0.0754318631368313"
1440,36,3,"0.0;0.0;0.07544967699572422"
1440,37,3,"0.0;0.0;0.07485533278290901"
1440,38,3,"0.0;0.0;0.07543632484568717"
1440,39,3,"0.0;0.0;0.07544335824173358"
1440,40,3,"0.0;0.0;0.07548159226902681"
1440,41,3,"0.0;0.0;0.07550116214007332"
1440,42,3,"0.0;0.0;0.07507379466331107"
1440,43,3,"0.0;0.0;0.0746021498757721"
1440,44,3,"0.0;0.0;0.07505000894047915"
1440,45,3,"0.0;0.0;0.07497477985069091"
1440,46,3,"0.0;0.0;0.07429387707098319"
1440,47,3,"0.0;0.0;0.07487406970584913"
1440,48,3,"0.0;0.0;0.07489431737912239"
1440,49,3,"0.0;0.0;0.07541545144209484"
1440,50,3,"0.0;0.0;0.07485946063936608"
1440,51,3,"0.0;0.0;0.07542331548580875"
1440,52,3,"0.0;0.0;0.07543632484568717"
1440,53,3,"0.0;0.0;0.07540455270793417"
1440,54,3,"0.0;0.0;0.07429387707098319"
1440,55,3,"0.0;0.0;0.07551679439808476"
1440,56,3,"0.0;0.0;0.07542331548580875"
1440,57,3,"0.0;0.0;0.07545728247183431"
1440,58,3,"0.0;0.0;0.07543632484568717"
1440,59,3,"0.0;0.0;0.0747884578492617"
1440,60,3,"0.0;0.0;0.07511088810471385"
1440,61,3,"0.0;0.0;0.07545987854030546"
1440,62,3,"0.0;0.0;0.07551355928292258"
1440,63,3,"0.0;0.0;0.07550728396014339"
1440,64,3,"0.0;0.0;0.07485946063936608"
1440,65,3,"0.0;0.0;0.07487209700411585"
1440,66,3,"0.0;0.0;0.07497477985069091"
1440,67,3,"0.0;0.0;0.07543873591211987"
1440,68,3,"0.0;0.0;0.07526099625899324"
1440,69,3,"0.0;0.0;0.07541901094045021"
1440,70,3,"0.0;0.0;0.07542331548580875"
1440,71,3,"0.0;0.0;0.0747884578492617"
1440,72,3,"0.0;0.0;0.07470093203765162"
1440,73,3,"0.0;0.0;0.07542527226773323"
1440,74,3,"0.0;0.0;0.07490383756808687"
1440,75,3,"0.0;0.0;0.07490383756808687"
1440,76,3,"0.0;0.0;0.075232664197115"
1440,77,3,"0.0;0.0;0.07545987854030546"
1440,78,3,"0.0;0.0;0.0754296664330171"
1440,79,3,"0.0;0.0;0.07488427247733573"
1440,80,3,"0.0;0.0;0.0755200978438475"
1440,81,3,"0.0;0.0;0.07549334111405981"
1440,82,3,"0.0;0.0;0.07507379466331107"
1440,83,3,"0.0;0.0;0.074860350239032"
1440,84,3,"0.0;0.0;0.07497477985069091"
1440,85,3,"0.0;0.0;0.07542527226773323"
1440,86,3,"0.0;0.0;0.07487209700411585"
1440,87,3,"0.0;0.0;0.07526099625899324"
1440,88,3,"0.0;0.0;0.07486838631842264"
1440,89,3,"0.0;0.0;0.0754318631368313"
1440,90,3,"0.0;0.0;0.07497477985069091"
1440,91,3,"0.0;0.0;0.07544838930977252"
1440,92,3,"0.0;0.0;0.07507379466331107"
1440,93,3,"0.0;0.0;0.07548159226902681"
1440,94,3,"0.0;0.0;0.0748932195937079"
1440,95,3,"0.0;0.0;0.07488733875307428"
1440,96,3,"0.0;0.0;0.07547325087031843"
1440,97,3,"0.0;0.0;0.0746021498757721"
1440,98,3,"0.0;0.0;0.07544335824173358"
1440,99,3,"0.0;0.0;0.0747884578492617"
1440,100,3,"0.0;0.0;0.07429387707098319"
1440,101,3,"0.0;0.0;0.07470093203765162"
1440,102,3,"0.0;0.0;0.07544714119846373"
1440,103,3,"0.0;0.0;0.07485365354441129"
1440,104,3,"0.0;0.0;0.07489541084861517"
1440,105,3,"0.0;0.0;0.07542527226773323"
1440,106,3,"0.0;0.0;0.07484116794266717"
1440,107,3,"0.0;0.0;0.0755200978438475"
1440,108,3,"0.0;0.0;0.07544714119846373"
1440,109,3,"0.0;0.0;0.07544126161591981"
1440,110,3,"0.0;0.0;0.07541901094045021"
1440,111,3,"0.0;0.0;0.07488007815909302"
1440,112,3,"0.0;0.0;0.07483555832708504"
1440,113,3,"0.0;0.0;0.07485944165490555"
1440,114,3,"0.0;0.0;0.0748759729111501"
1440,115,3,"0.0;0.0;0.07543873591211987"
1440,116,3,"0.0;0.0;0.0746021498757721"
1440,117,3,"0.0;0.0;0.07484116794266717"
1440,118,3,"0.0;0.0;0.07541493614911345"
1440,119,3,"0.0;0.0;0.07486465757018496"
1440,120,3,"0.0;0.0;0.07485944165490555"
1440,121,3,"0.0;0.0;0.07546244791250403"
1440,122,3,"0.0;0.0;0.0747884578492617"
1440,123,3,"0.0;0.0;0.07487406970584913"
1440,124,3,"0.0;0.0;0.07429652844750582"
1440,125,3,"0.0;0.0;0.07544838930977252"
1440,126,3,"0.0;0.0;0.07543632484568717"
1440,127,3,"0.0;0.0;0.07486403877011784"
1440,128,3,"0.0;0.0;0.07547325087031843"
1440,129,3,"0.0;0.0;0.07550728396014339"
1440,130,3,"0.0;0.0;0.07489670453195829"
1440,131,3,"0.0;0.0;0.07550116214007332"
1440,132,3,"0.0;0.0;0.0755200978438475"
1440,133,3,"0.0;0.0;0.0754296664330171"
1440,134,3,"0.0;0.0;0.07544126161591981"
1440,135,3,"0.0;0.0;0.07541901094045021"
1440,136,3,"0.0;0.0;0.07542331548580875"
1440,137,3,"0.0;0.0;0.07487209700411585"
1440,138,3,"0.0;0.0;0.07550116214007332"
1440,139,3,"0.0;0.0;0.07549501025180269"
1440,140,3,"0.0;0.0;0.0748920257454324"
1440,141,3,"0.0;0.0;0.07470093203765162"
1440,142,3,"0.0;0.0;0.07488207370572295"
1440,143,3,"0.0;0.0;0.07485944165490555"
1440,144,3,"0.0;0.0;0.07488427247733573"
1440,145,3,"0.0;0.0;0.07549501025180269"
1440,146,3,"0.0;0.0;0.0747884578492617"
1440,147,3,"0.0;0.0;0.07429652844750582"
1440,148,3,"0.0;0.0;0.07548905879885359"
1440,149,3,"0.0;0.0;0.07546508906274658"
1440,150,3,"0.0;0.0;0.07547325087031843"
1480,1,3,"0.0;0.0;0.07542104387177866"
1480,2,3,"0.0;0.0;0.07507379466331107"
1480,3,3,"0.0;0.0;0.07497477985069091"
1480,4,3,"0.0;0.0;0.07490383756808687"
1480,5,3,"0.0;0.0;0.07542104387177866"
1480,6,3,"0.0;0.0;0.07511088810471385"
1480,7,3,"0.0;0.0;0.0748989667797464"
1480,8,3,"0.0;0.0;0.0746021498757721"
1480,9,3,"0.0;0.0;0.07429652844750582"
1480,10,3,"0.0;0.0;0.07541545144209484"
1480,11,3,"0.0;0.0;0.07511088810471385"
1480,12,3,"0.0;0.0;0.07497477985069091"
1480,13,3,"0.0;0.0;0.07541545144209484"
1480,14,3,"0.0;0.0;0.07526099625899324"
1480,15,3,"0.0;0.0;0.07488427247733573"
1480,16,3,"0.0;0.0;0.07542527226773323"
1480,17,3,"0.0;0.0;0.07487028492186415"
1480,18,3,"0.0;0.0;0.07526099625899324"
1480,19,3,"0.0;0.0;0.07470093203765162"
1480,20,3,"0.0;0.0;0.07497477985069091"
1480,21,3,"0.0;0.0;0.07541901094045021"
1480,22,3,"0.0;0.0;0.07545451696021922"
1480,23,3,"0.0;0.0;0.07546508906274658"
1480,24,3,"0.0;0.0;0.07486636950914824"
1480,25,3,"0.0;0.0;0.07489541084861517"
1480,26,3,"0.0;0.0;0.07507379466331107"
1480,27,3,"0.0;0.0;0.07490140573285071"
1480,28,3,"0.0;0.0;0.0754296664330171"
1480,29,3,"0.0;0.0;0.07429652844750582"
1480,30,3,"0.0;0.0;0.07544967699572422"
1480,31,3,"0.0;0.0;0.07541545144209484"
1480,32,3,"0.0;0.0;0.0754275435936706"
1480,33,3,"0.0;0.0;0.0748989667797464"
1480,34,3,"0.0;0.0;0.07544335824173358"
1480,35,3,"0.0;0.0;0.07542527226773323"
1480,36,3,"0.0;0.0;0.07547325087031843"
1480,37,3,"0.0;0.0;0.07551679439808476"
1480,38,3,"0.0;0.0;0.07486465757018496"
1480,39,3,"0.0;0.0;0.07488733875307428"
1480,40,3,"0.0;0.0;0.0746021498757721"
1480,41,3,"0.0;0.0;0.07542104387177866"
1480,42,3,"0.0;0.0;0.07549334111405981"
1480,43,3,"0.0;0.0;0.07485714544463132"
1480,44,3,"0.0;0.0;0.07487406970584913"
1480,45,3,"0.0;0.0;0.07551040972712142"
1480,46,3,"0.0;0.0;0.07546244791250403"
1480,47,3,"0.0;0.0;0.07485854938783418"
1480,48,3,"0.0;0.0;0.0746021498757721"
1480,49,3,"0.0;0.0;0.07544838930977252"
1480,50,3,"0.0;0.0;0.07429520962574425"
1480,51,3,"0.0;0.0;0.07542527226773323"
1480,52,3,"0.0;0.0;0.07488733875307428"
1480,53,3,"0.0;0.0;0.07429387707098319"
1480,54,3,"0.0;0.0;0.07485946063936608"
1480,55,3,"0.0;0.0;0.07542104387177866"
1480,56,3,"0.0;0.0;0.07429520962574425"
1480,57,3,"0.0;0.0;0.07485827928210163"
1480,58,3,"0.0;0.0;0.0754296664330171"
1480,59,3,"0.0;0.0;0.07490140573285071"
1480,60,3,"0.0;0.0;0.07486465757018496"
1480,61,3,"0.0;0.0;0.07548905879885359"
1480,62,3,"0.0;0.0;0.07429520962574425"
1480,63,3,"0.0;0.0;0.07488733875307428"
1480,64,3,"0.0;0.0;0.07544838930977252"
1480,65,3,"0.0;0.0;0.07542331548580875"
1480,66,3,"0.0;0.0;0.0754296664330171"
1480,67,3,"0.0;0.0;0.07485365354441129"
1480,68,3,"0.0;0.0;0.07545451696021922"
1480,69,3,"0.0;0.0;0.07483357581783141"
1480,70,3,"0.0;0.0;0.07550116214007332"
1480,71,3,"0.0;0.0;0.07545451696021922"
1480,72,3,"0.0;0.0;0.07551040972712142"
1480,73,3,"0.0;0.0;0.07544126161591981"
1480,74,3,"0.0;0.0;0.07488654177260011"
1480,75,3,"0.0;0.0;0.07547045105435546"
1480,76,3,"0.0;0.0;0.07429652844750582"
1480,77,3,"0.0;0.0;0.07486636950914824"
1480,78,3,"0.0;0.0;0.07429387707098319"
1480,79,3,"0.0;0.0;0.07485533278290901"
1480,80,3,"0.0;0.0;0.07543873591211987"
1480,81,3,"0.0;0.0;0.07542527226773323"
1480,82,3,"0.0;0.0;0.07485827928210163"
1480,83,3,"0.0;0.0;0.07488427247733573"
1480,84,3,"0.0;0.0;0.07541105112910454"
1480,85,3,"0.0;0.0;0.07544587883900973"
1480,86,3,"0.0;0.0;0.07545728247183431"
1480,87,3,"0.0;0.0;0.07550116214007332"
1480,88,3,"0.0;0.0;0.0747884578492617"
1480,89,3,"0.0;0.0;0.07542527226773323"
1480,90,3,"0.0;0.0;0.07429520962574425"
1480,91,3,"0.0;0.0;0.07541493614911345"
1480,92,3,"0.0;0.0;0.07526099625899324"
1480,93,3,"0.0;0.0;0.07482732440440933"
1480,94,3,"0.0;0.0;0.0754318631368313"
1480,95,3,"0.0;0.0;0.07545074633272048"
1480,96,3,"0.0;0.0;0.07546508906274658"
1480,97,3,"0.0;0.0;0.07429387707098319"
1480,98,3,"0.0;0.0;0.07429652844750582"
1480,99,3,"0.0;0.0;0.07542527226773323"
1480,100,3,"0.0;0.0;0.07544335824173358"
1480,101,3,"0.0;0.0;0.07429387707098319"
1480,102,3,"0.0;0.0;0.07546244791250403"
1480,103,3,"0.0;0.0;0.07486465757018496"
1480,104,3,"0.0;0.0;0.07489431737912239"
1480,105,3,"0.0;0.0;0.0754296664330171"
1480,106,3,"0.0;0.0;0.07429387707098319"
1480,107,3,"0.0;0.0;0.07429652844750582"
1480,108,3,"0.0;0.0;0.07429652844750582"
1480,109,3,"0.0;0.0;0.07547045105435546"
1480,110,3,"0.0;0.0;0.07489080278031336"
1480,111,3,"0.0;0.0;0.07544126161591981"
1480,112,3,"0.0;0.0;0.07488863087180493"
1480,113,3,"0.0;0.0;0.07483929516345646"
1480,114,3,"0.0;0.0;0.0747884578492617"
1480,115,3,"0.0;0.0;0.07529402739284353"
1480,116,3,"0.0;0.0;0.07549808156401953"
1480,117,3,"0.0;0.0;0.07544335824173358"
1480,118,3,"0.0;0.0;0.07545728247183431"
1480,119,3,"0.0;0.0;0.07429520962574425"
1480,120,3,"0.0;0.0;0.07543632484568717"
1480,121,3,"0.0;0.0;0.07482994337917329"
1480,122,3,"0.0;0.0;0.07545074633272048"
1480,123,3,"0.0;0.0;0.07551040972712142"
1480,124,3,"0.0;0.0;0.07488427247733573"
1480,125,3,"0.0;0.0;0.07544714119846373"
1480,126,3,"0.0;0.0;0.074860350239032"
1480,127,3,"0.0;0.0;0.07545211664183954"
1480,128,3,"0.0;0.0;0.07546244791250403"
1480,129,3,"0.0;0.0;0.07544587883900973"
1480,130,3,"0.0;0.0;0.07488007815909302"
1480,131,3,"0.0;0.0;0.0748759729111501"
1480,132,3,"0.0;0.0;0.07482802278474598"
1480,133,3,"0.0;0.0;0.07547591968825722"
1480,134,3,"0.0;0.0;0.0754318631368313"
1480,135,3,"0.0;0.0;0.07507379466331107"
1480,136,3,"0.0;0.0;0.07551040972712142"
1480,137,3,"0.0;0.0;0.07549047055374825"
1480,138,3,"0.0;0.0;0.0754296664330171"
1480,139,3,"0.0;0.0;0.07470093203765162"
1480,140,3,"0.0;0.0;0.07429520962574425"
1480,141,3,"0.0;0.0;0.07485944165490555"
1480,142,3,"0.0;0.0;0.0746021498757721"
1480,143,3,"0.0;0.0;0.0746021498757721"
1480,144,3,"0.0;0.0;0.07429652844750582"
1480,145,3,"0.0;0.0;0.07488733875307428"
1480,146,3,"0.0;0.0;0.07542104387177866"
1480,147,3,"0.0;0.0;0.07488654177260011"
1480,148,3,"0.0;0.0;0.07546508906274658"
1480,149,3,"0.0;0.0;0.07541400103136897"
1480,150,3,"0.0;0.0;0.0748989667797464"
1520,1,3,"0.0;0.0;0.07488427247733573"
1520,2,3,"0.0;0.0;0.07488733875307428"
1520,3,3,"0.0;0.0;0.0754296664330171"
1520,4,3,"0.0;0.0;0.07429520962574425"
1520,5,3,"0.0;0.0;0.07490140573285071"
1520,6,3,"0.0;0.0;0.07541901094045021"
1520,7,3,"0.0;0.0;0.07482802278474598"
1520,8,3,"0.0;0.0;0.07497477985069091"
1520,9,3,"0.0;0.0;0.07545728247183431"
1520,10,3,"0.0;0.0;0.07488427247733573"
1520,11,3,"0.0;0.0;0.07545987854030546"
1520,12,3,"0.0;0.0;0.07526099625899324"
1520,13,3,"0.0;0.0;0.07470093203765162"
1520,14,3,"0.0;0.0;0.07545987854030546"
1520,15,3,"0.0;0.0;0.07487209700411585"
1520,16,3,"0.0;0.0;0.07488207370572295"
1520,17,3,"0.0;0.0;0.07485854938783418"
1520,18,3,"0.0;0.0;0.07485215155500766"
1520,19,3,"0.0;0.0;0.07511088810471385"
1520,20,3,"0.0;0.0;0.07487028492186415"
1520,21,3,"0.0;0.0;0.0754318631368313"
1520,22,3,"0.0;0.0;0.07544967699572422"
1520,23,3,"0.0;0.0;0.07545987854030546"
1520,24,3,"0.0;0.0;0.07490628390734458"
1520,25,3,"0.0;0.0;0.07429387707098319"
1520,26,3,"0.0;0.0;0.0754275435936706"
1520,27,3,"0.0;0.0;0.07470093203765162"
1520,28,3,"0.0;0.0;0.07544838930977252"
1520,29,3,"0.0;0.0;0.07544838930977252"
1520,30,3,"0.0;0.0;0.07543413815256202"
1520,31,3,"0.0;0.0;0.07488007815909302"
1520,32,3,"0.0;0.0;0.07483555832708504"
1520,33,3,"0.0;0.0;0.07489080278031336"
1520,34,3,"0.0;0.0;0.075232664197115"
1520,35,3,"0.0;0.0;0.07545074633272048"
1520,36,3,"0.0;0.0;0.07507379466331107"
1520,37,3,"0.0;0.0;0.0754275435936706"
1520,38,3,"0.0;0.0;0.07488733875307428"
1520,39,3,"0.0;0.0;0.07485215155500766"
1520,40,3,"0.0;0.0;0.07505000894047915"
1520,41,3,"0.0;0.0;0.0746021498757721"
1520,42,3,"0.0;0.0;0.07489541084861517"
1520,43,3,"0.0;0.0;0.07544967699572422"
1520,44,3,"0.0;0.0;0.07544335824173358"
1520,45,3,"0.0;0.0;0.07488733875307428"
1520,46,3,"0.0;0.0;0.07529402739284353"
1520,47,3,"0.0;0.0;0.0747884578492617"
1520,48,3,"0.0;0.0;0.07489080278031336"
1520,49,3,"0.0;0.0;0.0746021498757721"
1520,50,3,"0.0;0.0;0.07547045105435546"
1520,51,3,"0.0;0.0;0.07486206601095463"
1520,52,3,"0.0;0.0;0.07429520962574425"
1520,53,3,"0.0;0.0;0.07545211664183954"
1520,54,3,"0.0;0.0;0.07486838631842264"
1520,55,3,"0.0;0.0;0.07545987854030546"
1520,56,3,"0.0;0.0;0.07429652844750582"
1520,57,3,"0.0;0.0;0.07429387707098319"
1520,58,3,"0.0;0.0;0.07486181661009088"
1520,59,3,"0.0;0.0;0.0754275435936706"
1520,60,3,"0.0;0.0;0.07486104439776206"
1520,61,3,"0.0;0.0;0.07488654177260011"
1520,62,3,"0.0;0.0;0.0754275435936706"
1520,63,3,"0.0;0.0;0.07483929516345646"
1520,64,3,"0.0;0.0;0.07490383756808687"
1520,65,3,"0.0;0.0;0.0754318631368313"
1520,66,3,"0.0;0.0;0.07544838930977252"
1520,67,3,"0.0;0.0;0.07542331548580875"
1520,68,3,"0.0;0.0;0.07486838631842264"
1520,69,3,"0.0;0.0;0.07488207370572295"
1520,70,3,"0.0;0.0;0.07441631087176448"
1520,71,3,"0.0;0.0;0.07542104387177866"
1520,72,3,"0.0;0.0;0.07542104387177866"
1520,73,3,"0.0;0.0;0.07429387707098319"
1520,74,3,"0.0;0.0;0.07547325087031843"
1520,75,3,"0.0;0.0;0.07470093203765162"
1520,76,3,"0.0;0.0;0.07540818914254262"
1520,77,3,"0.0;0.0;0.07543873591211987"
1520,78,3,"0.0;0.0;0.07485365354441129"
1520,79,3,"0.0;0.0;0.07490383756808687"
1520,80,3,"0.0;0.0;0.07541009806897077"
1520,81,3,"0.0;0.0;0.07541400103136897"
1520,82,3,"0.0;0.0;0.07485215155500766"
1520,83,3,"0.0;0.0;0.07542527226773323"
1520,84,3,"0.0;0.0;0.07545211664183954"
1520,85,3,"0.0;0.0;0.07542331548580875"
1520,86,3,"0.0;0.0;0.07486104439776206"
1520,87,3,"0.0;0.0;0.07486206601095463"
1520,88,3,"0.0;0.0;0.07486104439776206"
1520,89,3,"0.0;0.0;0.07483357581783141"
1520,90,3,"0.0;0.0;0.07429652844750582"
1520,91,3,"0.0;0.0;0.07546774332413267"
1520,92,3,"0.0;0.0;0.0748932195937079"
1520,93,3,"0.0;0.0;0.07485946063936608"
1520,94,3,"0.0;0.0;0.07488654177260011"
1520,95,3,"0.0;0.0;0.07483730070856716"
1520,96,3,"0.0;0.0;0.074860350239032"
1520,97,3,"0.0;0.0;0.07488207370572295"
1520,98,3,"0.0;0.0;0.07429520962574425"
1520,99,3,"0.0;0.0;0.07484116794266717"
1520,100,3,"0.0;0.0;0.0754318631368313"
1520,101,3,"0.0;0.0;0.07429520962574425"
1520,102,3,"0.0;0.0;0.07429387707098319"
1520,103,3,"0.0;0.0;0.07545074633272048"
1520,104,3,"0.0;0.0;0.07542104387177866"
1520,105,3,"0.0;0.0;0.07544335824173358"
1520,106,3,"0.0;0.0;0.07497477985069091"
1520,107,3,"0.0;0.0;0.07497477985069091"
1520,108,3,"0.0;0.0;0.07441631087176448"
1520,109,3,"0.0;0.0;0.074860350239032"
1520,110,3,"0.0;0.0;0.07545987854030546"
1520,111,3,"0.0;0.0;0.07485533278290901"
1520,112,3,"0.0;0.0;0.074860350239032"
1520,113,3,"0.0;0.0;0.07544126161591981"
1520,114,3,"0.0;0.0;0.07488733875307428"
1520,115,3,"0.0;0.0;0.07490383756808687"
1520,116,3,"0.0;0.0;0.07543413815256202"
1520,117,3,"0.0;0.0;0.07542331548580875"
1520,118,3,"0.0;0.0;0.07487406970584913"
1520,119,3,"0.0;0.0;0.07484116794266717"
1520,120,3,"0.0;0.0;0.07482994337917329"
1520,121,3,"0.0;0.0;0.07545451696021922"
1520,122,3,"0.0;0.0;0.07485215155500766"
1520,123,3,"0.0;0.0;0.0748932195937079"
1520,124,3,"0.0;0.0;0.07547325087031843"
1520,125,3,"0.0;0.0;0.07429387707098319"
1520,126,3,"0.0;0.0;0.0748920257454324"
1520,127,3,"0.0;0.0;0.07482802278474598"
1520,128,3,"0.0;0.0;0.07486838631842264"
1520,129,3,"0.0;0.0;0.07526099625899324"
1520,130,3,"0.0;0.0;0.0747884578492617"
1520,131,3,"0.0;0.0;0.07545451696021922"
1520,132,3,"0.0;0.0;0.0747884578492617"
1520,133,3,"0.0;0.0;0.0754296664330171"
1520,134,3,"0.0;0.0;0.07490140573285071"
1520,135,3,"0.0;0.0;0.07543413815256202"
1520,136,3,"0.0;0.0;0.07511088810471385"
1520,137,3,"0.0;0.0;0.07489670453195829"
1520,138,3,"0.0;0.0;0.07545728247183431"
1520,139,3,"0.0;0.0;0.07544967699572422"
1520,140,3,"0.0;0.0;0.07441631087176448"
1520,141,3,"0.0;0.0;0.07486403877011784"
1520,142,3,"0.0;0.0;0.07507379466331107"
1520,143,3,"0.0;0.0;0.07543632484568717"
1520,144,3,"0.0;0.0;0.07544587883900973"
1520,145,3,"0.0;0.0;0.07490628390734458"
1520,146,3,"0.0;0.0;0.07543413815256202"
1520,147,3,"0.0;0.0;0.07485533278290901"
1520,148,3,"0.0;0.0;0.07544126161591981"
1520,149,3,"0.0;0.0;0.07488207370572295"
1520,150,3,"0.0;0.0;0.07429652844750582"
1560,1,3,"0.0;0.0;0.0754318631368313"
1560,2,3,"0.0;0.0;0.07545728247183431"
1560,3,3,"0.0;0.0;0.07429387707098319"
1560,4,3,"0.0;0.0;0.07541901094045021"
1560,5,3,"0.0;0.0;0.07551355928292258"
1560,6,3,"0.0;0.0;0.07489541084861517"
1560,7,3,"0.0;0.0;0.0754318631368313"
1560,8,3,"0.0;0.0;0.07542104387177866"
1560,9,3,"0.0;0.0;0.07489541084861517"
1560,10,3,"0.0;0.0;0.07485215155500766"
1560,11,3,"0.0;0.0;0.07551679439808476"
1560,12,3,"0.0;0.0;0.07429520962574425"
1560,13,3,"0.0;0.0;0.07505000894047915"
1560,14,3,"0.0;0.0;0.07483730070856716"
1560,15,3,"0.0;0.0;0.07489431737912239"
1560,16,3,"0.0;0.0;0.07526099625899324"
1560,17,3,"0.0;0.0;0.07485533278290901"
1560,18,3,"0.0;0.0;0.07429520962574425"
1560,19,3,"0.0;0.0;0.0746021498757721"
1560,20,3,"0.0;0.0;0.07545451696021922"
1560,21,3,"0.0;0.0;0.07526099625899324"
1560,22,3,"0.0;0.0;0.07488007815909302"
1560,23,3,"0.0;0.0;0.07487406970584913"
1560,24,3,"0.0;0.0;0.07485695255346095"
1560,25,3,"0.0;0.0;0.07485365354441129"
1560,26,3,"0.0;0.0;0.07485695255346095"
1560,27,3,"0.0;0.0;0.07547325087031843"
1560,28,3,"0.0;0.0;0.07429652844750582"
1560,29,3,"0.0;0.0;0.07541901094045021"
1560,30,3,"0.0;0.0;0.07487028492186415"
1560,31,3,"0.0;0.0;0.07485695255346095"
1560,32,3,"0.0;0.0;0.07486279672841584"
1560,33,3,"0.0;0.0;0.07485533278290901"
1560,34,3,"0.0;0.0;0.07545211664183954"
1560,35,3,"0.0;0.0;0.07429652844750582"
1560,36,3,"0.0;0.0;0.0746021498757721"
1560,37,3,"0.0;0.0;0.07488007815909302"
1560,38,3,"0.0;0.0;0.0746021498757721"
1560,39,3,"0.0;0.0;0.07545987854030546"
1560,40,3,"0.0;0.0;0.0754275435936706"
1560,41,3,"0.0;0.0;0.075232664197115"
1560,42,3,"0.0;0.0;0.07486636950914824"
1560,43,3,"0.0;0.0;0.07485695255346095"
1560,44,3,"0.0;0.0;0.07545987854030546"
1560,45,3,"0.0;0.0;0.0754296664330171"
1560,46,3,"0.0;0.0;0.07490383756808687"
1560,47,3,"0.0;0.0;0.07547325087031843"
1560,48,3,"0.0;0.0;0.07505000894047915"
1560,49,3,"0.0;0.0;0.07486636950914824"
1560,50,3,"0.0;0.0;0.075232664197115"
1560,51,3,"0.0;0.0;0.07490383756808687"
1560,52,3,"0.0;0.0;0.07482802278474598"
1560,53,3,"0.0;0.0;0.07470093203765162"
1560,54,3,"0.0;0.0;0.07551040972712142"
1560,55,3,"0.0;0.0;0.07542104387177866"
1560,56,3,"0.0;0.0;0.07484116794266717"
1560,57,3,"0.0;0.0;0.074860350239032"
1560,58,3,"0.0;0.0;0.0754275435936706"
1560,59,3,"0.0;0.0;0.07490383756808687"
1560,60,3,"0.0;0.0;0.075232664197115"
1560,61,3,"0.0;0.0;0.07483929516345646"
1560,62,3,"0.0;0.0;0.07529402739284353"
1560,63,3,"0.0;0.0;0.07482732440440933"
1560,64,3,"0.0;0.0;0.0754275435936706"
1560,65,3,"0.0;0.0;0.07470093203765162"
1560,66,3,"0.0;0.0;0.07545987854030546"
1560,67,3,"0.0;0.0;0.07441631087176448"
1560,68,3,"0.0;0.0;0.07486465757018496"
1560,69,3,"0.0;0.0;0.07490628390734458"
1560,70,3,"0.0;0.0;0.07490383756808687"
1560,71,3,"0.0;0.0;0.07542331548580875"
1560,72,3,"0.0;0.0;0.07486279672841584"
1560,73,3,"0.0;0.0;0.07507379466331107"
1560,74,3,"0.0;0.0;0.07488007815909302"
1560,75,3,"0.0;0.0;0.07429520962574425"
1560,76,3,"0.0;0.0;0.07545728247183431"
1560,77,3,"0.0;0.0;0.07489670453195829"
1560,78,3,"0.0;0.0;0.07485944165490555"
1560,79,3,"0.0;0.0;0.07497477985069091"
1560,80,3,"0.0;0.0;0.07482994337917329"
1560,81,3,"0.0;0.0;0.07470093203765162"
1560,82,3,"0.0;0.0;0.07542527226773323"
1560,83,3,"0.0;0.0;0.07545074633272048"
1560,84,3,"0.0;0.0;0.0754318631368313"
1560,85,3,"0.0;0.0;0.07544335824173358"
1560,86,3,"0.0;0.0;0.0748759729111501"
1560,87,3,"0.0;0.0;0.07489431737912239"
1560,88,3,"0.0;0.0;0.07429652844750582"
1560,89,3,"0.0;0.0;0.07482994337917329"
1560,90,3,"0.0;0.0;0.07541901094045021"
1560,91,3,"0.0;0.0;0.07488427247733573"
1560,92,3,"0.0;0.0;0.07541901094045021"
1560,93,3,"0.0;0.0;0.07490628390734458"
1560,94,3,"0.0;0.0;0.07544587883900973"
1560,95,3,"0.0;0.0;0.07429652844750582"
1560,96,3,"0.0;0.0;0.07486181661009088"
1560,97,3,"0.0;0.0;0.07542104387177866"
1560,98,3,"0.0;0.0;0.07546508906274658"
1560,99,3,"0.0;0.0;0.07544126161591981"
1560,100,3,"0.0;0.0;0.07490140573285071"
1560,101,3,"0.0;0.0;0.07545211664183954"
1560,102,3,"0.0;0.0;0.07489080278031336"
1560,103,3,"0.0;0.0;0.0754318631368313"
1560,104,3,"0.0;0.0;0.07490140573285071"
1560,105,3,"0.0;0.0;0.07429652844750582"
1560,106,3,"0.0;0.0;0.07441631087176448"
1560,107,3,"0.0;0.0;0.07529402739284353"
1560,108,3,"0.0;0.0;0.07486838631842264"
1560,109,3,"0.0;0.0;0.07485365354441129"
1560,110,3,"0.0;0.0;0.07543413815256202"
1560,111,3,"0.0;0.0;0.07441631087176448"
1560,112,3,"0.0;0.0;0.07429387707098319"
1560,113,3,"0.0;0.0;0.07547325087031843"
1560,114,3,"0.0;0.0;0.07526099625899324"
1560,115,3,"0.0;0.0;0.07482802278474598"
1560,116,3,"0.0;0.0;0.07546244791250403"
1560,117,3,"0.0;0.0;0.07544126161591981"
1560,118,3,"0.0;0.0;0.07544335824173358"
1560,119,3,"0.0;0.0;0.07486104439776206"
1560,120,3,"0.0;0.0;0.07485944165490555"
1560,121,3,"0.0;0.0;0.07485533278290901"
1560,122,3,"0.0;0.0;0.07486279672841584"
1560,123,3,"0.0;0.0;0.07470093203765162"
1560,124,3,"0.0;0.0;0.07545451696021922"
1560,125,3,"0.0;0.0;0.07489431737912239"
1560,126,3,"0.0;0.0;0.07488207370572295"
1560,127,3,"0.0;0.0;0.07429387707098319"
1560,128,3,"0.0;0.0;0.07485827928210163"
1560,129,3,"0.0;0.0;0.0746021498757721"
1560,130,3,"0.0;0.0;0.07487209700411585"
1560,131,3,"0.0;0.0;0.07485215155500766"
1560,132,3,"0.0;0.0;0.07485533278290901"
1560,133,3,"0.0;0.0;0.0754296664330171"
1560,134,3,"0.0;0.0;0.07543873591211987"
1560,135,3,"0.0;0.0;0.07429520962574425"
1560,136,3,"0.0;0.0;0.07488007815909302"
1560,137,3,"0.0;0.0;0.0746021498757721"
1560,138,3,"0.0;0.0;0.07441631087176448"
1560,139,3,"0.0;0.0;0.07545451696021922"
1560,140,3,"0.0;0.0;0.07545074633272048"
1560,141,3,"0.0;0.0;0.07483929516345646"
1560,142,3,"0.0;0.0;0.07486465757018496"
1560,143,3,"0.0;0.0;0.07542331548580875"
1560,144,3,"0.0;0.0;0.07429387707098319"
1560,145,3,"0.0;0.0;0.07429520962574425"
1560,146,3,"0.0;0.0;0.07429652844750582"
1560,147,3,"0.0;0.0;0.07489670453195829"
1560,148,3,"0.0;0.0;0.07542104387177866"
1560,149,3,"0.0;0.0;0.07546508906274658"
1560,150,3,"0.0;0.0;0.07485215155500766"
1600,1,3,"0.0;0.0;0.07486838631842264"
1600,2,3,"0.0;0.0;0.0754296664330171"
1600,3,3,"0.0;0.0;0.07488733875307428"
1600,4,3,"0.0;0.0;0.07486403877011784"
1600,5,3,"0.0;0.0;0.0754318631368313"
1600,6,3,"0.0;0.0;0.07488427247733573"
1600,7,3,"0.0;0.0;0.07547325087031843"
1600,8,3,"0.0;0.0;0.0754296664330171"
1600,9,3,"0.0;0.0;0.07429652844750582"
1600,10,3,"0.0;0.0;0.07547325087031843"
1600,11,3,"0.0;0.0;0.07485714544463132"
1600,12,3,"0.0;0.0;0.07490140573285071"
1600,13,3,"0.0;0.0;0.07542331548580875"
1600,14,3,"0.0;0.0;0.07485946063936608"
1600,15,3,"0.0;0.0;0.07546508906274658"
1600,16,3,"0.0;0.0;0.07490140573285071"
1600,17,3,"0.0;0.0;0.07545728247183431"
1600,18,3,"0.0;0.0;0.07544335824173358"
1600,19,3,"0.0;0.0;0.07485365354441129"
1600,20,3,"0.0;0.0;0.07483929516345646"
1600,21,3,"0.0;0.0;0.07485533278290901"
1600,22,3,"0.0;0.0;0.0747884578492617"
1600,23,3,"0.0;0.0;0.07487797829401587"
1600,24,3,"0.0;0.0;0.07470093203765162"
1600,25,3,"0.0;0.0;0.07486465757018496"
1600,26,3,"0.0;0.0;0.07429520962574425"
1600,27,3,"0.0;0.0;0.07541545144209484"
1600,28,3,"0.0;0.0;0.07485946063936608"
1600,29,3,"0.0;0.0;0.07485533278290901"
1600,30,3,"0.0;0.0;0.07441631087176448"
1600,31,3,"0.0;0.0;0.07485695255346095"
1600,32,3,"0.0;0.0;0.07429652844750582"
1600,33,3,"0.0;0.0;0.07486104439776206"
1600,34,3,"0.0;0.0;0.07542331548580875"
1600,35,3,"0.0;0.0;0.07545074633272048"
1600,36,3,"0.0;0.0;0.07486465757018496"
1600,37,3,"0.0;0.0;0.07526099625899324"
1600,38,3,"0.0;0.0;0.07526099625899324"
1600,39,3,"0.0;0.0;0.07546244791250403"
1600,40,3,"0.0;0.0;0.07441631087176448"
1600,41,3,"0.0;0.0;0.07544335824173358"
1600,42,3,"0.0;0.0;0.07482994337917329"
1600,43,3,"0.0;0.0;0.0754296664330171"
1600,44,3,"0.0;0.0;0.07489080278031336"
1600,45,3,"0.0;0.0;0.07541545144209484"
1600,46,3,"0.0;0.0;0.07484116794266717"
1600,47,3,"0.0;0.0;0.07497477985069091"
1600,48,3,"0.0;0.0;0.07543873591211987"
1600,49,3,"0.0;0.0;0.07529402739284353"
1600,50,3,"0.0;0.0;0.07483730070856716"
1600,51,3,"0.0;0.0;0.07544838930977252"
1600,52,3,"0.0;0.0;0.07546774332413267"
1600,53,3,"0.0;0.0;0.07544714119846373"
1600,54,3,"0.0;0.0;0.07470093203765162"
1600,55,3,"0.0;0.0;0.07497477985069091"
1600,56,3,"0.0;0.0;0.07482732440440933"
1600,57,3,"0.0;0.0;0.07482994337917329"
1600,58,3,"0.0;0.0;0.07489080278031336"
1600,59,3,"0.0;0.0;0.07487797829401587"
1600,60,3,"0.0;0.0;0.07429520962574425"
1600,61,3,"0.0;0.0;0.07544714119846373"
1600,62,3,"0.0;0.0;0.07489670453195829"
1600,63,3,"0.0;0.0;0.07485854938783418"
1600,64,3,"0.0;0.0;0.07487028492186415"
1600,65,3,"0.0;0.0;0.07429387707098319"
1600,66,3,"0.0;0.0;0.075232664197115"
1600,67,3,"0.0;0.0;0.0754275435936706"
1600,68,3,"0.0;0.0;0.07545451696021922"
1600,69,3,"0.0;0.0;0.07486639757665141"
1600,70,3,"0.0;0.0;0.07482644434210309"
1600,71,3,"0.0;0.0;0.07546244791250403"
1600,72,3,"0.0;0.0;0.07470093203765162"
1600,73,3,"0.0;0.0;0.07544838930977252"
1600,74,3,"0.0;0.0;0.07544714119846373"
1600,75,3,"0.0;0.0;0.07488863087180493"
1600,76,3,"0.0;0.0;0.07488733875307428"
1600,77,3,"0.0;0.0;0.0748989667797464"
1600,78,3,"0.0;0.0;0.07542527226773323"
1600,79,3,"0.0;0.0;0.07542527226773323"
1600,80,3,"0.0;0.0;0.0754296664330171"
1600,81,3,"0.0;0.0;0.07489431737912239"
1600,82,3,"0.0;0.0;0.07485533278290901"
1600,83,3,"0.0;0.0;0.07526099625899324"
1600,84,3,"0.0;0.0;0.07545451696021922"
1600,85,3,"0.0;0.0;0.075232664197115"
1600,86,3,"0.0;0.0;0.07547045105435546"
1600,87,3,"0.0;0.0;0.07441631087176448"
1600,88,3,"0.0;0.0;0.0748759729111501"
1600,89,3,"0.0;0.0;0.0746021498757721"
1600,90,3,"0.0;0.0;0.07497477985069091"
1600,91,3,"0.0;0.0;0.07484323245949169"
1600,92,3,"0.0;0.0;0.07544587883900973"
1600,93,3,"0.0;0.0;0.07429387707098319"
1600,94,3,"0.0;0.0;0.07490140573285071"
1600,95,3,"0.0;0.0;0.07483357581783141"
1600,96,3,"0.0;0.0;0.0747884578492617"
1600,97,3,"0.0;0.0;0.07542331548580875"
1600,98,3,"0.0;0.0;0.07488863087180493"
1600,99,3,"0.0;0.0;0.07486181661009088"
1600,100,3,"0.0;0.0;0.07544126161591981"
1600,101,3,"0.0;0.0;0.07544126161591981"
1600,102,3,"0.0;0.0;0.07546774332413267"
1600,103,3,"0.0;0.0;0.07485533278290901"
1600,104,3,"0.0;0.0;0.07485215155500766"
1600,105,3,"0.0;0.0;0.07470093203765162"
1600,106,3,"0.0;0.0;0.07429652844750582"
1600,107,3,"0.0;0.0;0.07429652844750582"
1600,108,3,"0.0;0.0;0.07487209700411585"
1600,109,3,"0.0;0.0;0.07470093203765162"
1600,110,3,"0.0;0.0;0.07486279672841584"
1600,111,3,"0.0;0.0;0.07547325087031843"
1600,112,3,"0.0;0.0;0.07486636950914824"
1600,113,3,"0.0;0.0;0.07544126161591981"
1600,114,3,"0.0;0.0;0.07488427247733573"
1600,115,3,"0.0;0.0;0.0748932195937079"
1600,116,3,"0.0;0.0;0.07487209700411585"
1600,117,3,"0.0;0.0;0.07526099625899324"
1600,118,3,"0.0;0.0;0.07470093203765162"
1600,119,3,"0.0;0.0;0.07547325087031843"
1600,120,3,"0.0;0.0;0.0747884578492617"
1600,121,3,"0.0;0.0;0.07544587883900973"
1600,122,3,"0.0;0.0;0.07489080278031336"
1600,123,3,"0.0;0.0;0.07482644434210309"
1600,124,3,"0.0;0.0;0.07547325087031843"
1600,125,3,"0.0;0.0;0.07542104387177866"
1600,126,3,"0.0;0.0;0.0754296664330171"
1600,127,3,"0.0;0.0;0.07545074633272048"
1600,128,3,"0.0;0.0;0.07485714544463132"
1600,129,3,"0.0;0.0;0.07429520962574425"
1600,130,3,"0.0;0.0;0.07545728247183431"
1600,131,3,"0.0;0.0;0.07489541084861517"
1600,132,3,"0.0;0.0;0.07542527226773323"
1600,133,3,"0.0;0.0;0.07544714119846373"
1600,134,3,"0.0;0.0;0.07546508906274658"
1600,135,3,"0.0;0.0;0.07545987854030546"
1600,136,3,"0.0;0.0;0.0754318631368313"
1600,137,3,"0.0;0.0;0.07489080278031336"
1600,138,3,"0.0;0.0;0.07483929516345646"
1600,139,3,"0.0;0.0;0.074860350239032"
1600,140,3,"0.0;0.0;0.07486636950914824"
1600,141,3,"0.0;0.0;0.07507379466331107"
1600,142,3,"0.0;0.0;0.0748759729111501"
1600,143,3,"0.0;0.0;0.07543873591211987"
1600,144,3,"0.0;0.0;0.07441631087176448"
1600,145,3,"0.0;0.0;0.07490140573285071"
1600,146,3,"0.0;0.0;0.07470093203765162"
1600,147,3,"0.0;0.0;0.07544126161591981"
1600,148,3,"0.0;0.0;0.0754318631368313"
1600,149,3,"0.0;0.0;0.07429520962574425"
1600,150,3,"0.0;0.0;0.07486465757018496"
