t,step,event,theta_ns,theta_s,dtheta_ns,dtheta_s,hip_x,hip_y,swing_x,swing_y,support_x,support_y
0.0,0,post_impact,-0.392348120036,0.217815194837,-0.108006761939,-1.161444888863,-0.21609695814571397,0.9763719089978826,-0.598456120652232,0.052358126174642416,0.0,0.0
0.01,0,flow,-0.39281675689714635,0.20639022166703097,0.014280440963047654,-1.1237284194714123,-0.20492807454161055,0.9787770350108691,-0.5877202219641606,0.05494254124500375,0.0,0.0
0.02,0,flow,-0.39206286340398133,0.19533712045509544,0.13646181876505883,-1.0870638726870772,-0.19409725518218346,0.9809822911402337,-0.5761928210761094,0.05685947542567704,0.0,0.0
0.03,0,flow,-0.3900886317787103,0.18464556407557703,0.25830959562454675,-1.051413518353278,-0.18359813406256922,0.9830013861479254,-0.5638685240274411,0.05812602669889988,0.0,0.0
0.04,0,flow,-0.38689856421274454,0.17430558069170876,0.3795892764236495,-1.0167441603299219,-0.17342428254749886,0.984847205521184,-0.5507423277147144,0.058763465899765555,0.0,0.0
0.05,0,flow,-0.3824995484028897,0.16430750447547995,0.5000579759780002,-0.9830279237395654,-0.16356920136508987,0.9865318628228825,-0.5368097518605266,0.05879726097499238,0.0,0.0
0.06,0,flow,-0.3769009498107882,0.15464191849421935,0.6194627502212369,-0.9502430325950728,-0.15402630074454515,0.9880667480888884,-0.5220670152702116,0.05825707269750113,0.0,0.0
0.07,0,flow,-0.37011472045983934,0.14529958991877862,0.7375389641150403,-0.9183745655472489,-0.1447888692156678,0.989462572991646,-0.5065112558226326,0.057176718209239974,0.0,0.0
0.08,0,flow,-0.36215552368710185,0.1362713978469119,0.8540087411194244,-0.8874151742138844,-0.13585003170752805,0.9907294125466669,-0.49014079281008294,0.05559409795450998,0.0,0.0
0.09,0,flow,-0.3530408737640595,0.12754825420880686,0.9685795502738554,-0.8573657449031074,-0.12720269773666673,0.9918767431936865,-0.47295542925505074,0.053551080831425235,0.0,0.0
0.1,0,flow,-0.3427912886801799,0.11912101843292064,1.0809429989122215,-0.8282359806524424,-0.11883950066540026,0.99291347713766,-0.4549567906682647,0.05109334178211855,0.0,0.0
0.11,0,flow,-0.3314304536421271,0.11098040680078944,1.1907739111651146,-0.8000448765737211,-0.11075272923987653,0.9938479928872014,-0.4361486953611614,0.048270145625541216,0.0,0.0
0.12,0,flow,-0.31898539198183895,0.10311689770832641,1.2977297838181026,-0.7728210578169452,-0.10293425288477967,0.9946881619799505,-0.41653754988780567,0.04513407078301823,0.0,0.0
0.13,0,flow,-0.3054866392012363,0.09552063437386471,1.4014507206158,-0.7466029464377039,-0.09537544253278152,0.9954413719359247,-0.3961327614854506,0.04174066673727472,0.0,0.0
0.14,0,flow,-0.29096841483622415,0.08818132688096496,1.5015599522396148,-0.7214387215680707,-0.08806708909331867,0.9961145455310998,-0.3749471575519841,0.03814803968595726,0.0,0.0
0.15,0,flow,-0.27546878574031647,0.0810881558024988,1.5976650501821015,-0.6973860371321479,-0.0809993220029563,0.9967141565338888,-0.35299740031372717,0.03441636198417264,0.0,0.0
0.16,0,flow,-0.25902981332966424,0.07422968000133583,1.6893599366628476,-0.674511463549029,-0.07416153062829872,0.9972462420961374,-0.33030438300231596,0.030607302689234395,0.0,0.0
0.17,0,flow,-0.24169767637693182,0.06759375151532308,1.776227777658018,-0.6528896250548102,-0.06754229158558415,0.9977164120366909,-0.30689359221264356,0.026783378873159625,0.0,0.0
0.18,0,flow,-0.22352276018990555,0.06116744067749825,1.8578448203988802,-0.6326020129831125,-0.06112930526635597,0.9981298552982235,-0.2827954198247465,0.023007230365037712,0.0,0.0
0.19,0,flow,-0.20455970257421055,0.05493697475959021,1.9337851993002113,-0.6137354678941283,-0.054909344979168224,0.9984913438953583,-0.2580454071347496,0.019340824183540106,0.0,0.0
0.2,0,flow,-0.18486738697596625,0.04888769341912921,2.0036266851829616,-0.5963803398230335,-0.048868222094711464,0.9988052347025931,-0.2326844038570447,0.015844599009425142,0.0,0.0
0.21,0,flow,-0.16450887374109363,0.04300402404155077,2.066957293228684,-0.5806283556562422,-0.042990770379899255,0.999075469452705,-0.2067586256240364,0.012576564441282634,0.0,0.0
0.22,0,flow,-0.1435512616027732,0.0372694796696203,2.123382598411602,-0.5665702447095261,-0.03726085229660024,0.9993055733288647,-0.18031959567503575,0.009591374207227887,0.0,0.0
0.23,0,flow,-0.12206547336703294,0.03166668158764666,2.1725335380633553,-0.5542931963603568,-0.031661389407245104,0.9994986525357614,-0.15342395967719374,0.006939396631482464,0.0,0.0
0.24,0,flow,-0.10012596230138336,0.026177407780472194,2.2140744162158246,-0.5438782449409856,-0.02617441817565686,0.999657391226197,-0.12613316704469452,0.004665809088671202,0.0,0.0
0.25,0,flow,-0.07781033886481592,0.020782667443577398,2.247710770990691,-0.5353976945509518,-0.020781171403474654,0.9997840481399468,-0.09851301758098455,0.002809745517338591,0.0,0.0
0.26,0,flow,-0.055198920994097525,0.01546280053256371,2.2731967322785045,-0.5289127074763266,-0.01546218435196696,0.999880453281824,-0.07063307849204051,0.001403526938613564,0.0,0.0
0.27,0,flow,-0.03237421495270007,0.010197600083374387,2.2903414889836737,-0.5244711823263078,-0.010197423341107662,0.9999480049268573,-0.042565983409444806,0.0004720040548491511,0.0,0.0
0.28,0,flow,-0.009420337469371558,0.004966453803028358,2.2990145076455346,-0.5221060403820916,-0.00496643338624059,0.999987667193661,-0.014386631525108932,3.203824454378612e-05,0.0,0.0
0.29,0,flow,0.01357760676815501,-0.0002514996735844084,2.299149198358746,-0.5218340206658961,0.00025149967093309524,0.9999999683739572,0.01382868926778481,9.214266068124921e-05,0.0,0.0
0.3,0,flow,0.03653417555008013,-0.005477205339181801,2.2907448067602294,-0.5236550568276174,0.005477177953398541,0.9999850001483356,0.04200322673851227,0.0006522989120818501,0.0,0.0
0.31,0,flow,0.05936424910766523,-0.010731523222042526,2.273866415430333,-0.5275522744159681,0.010731317239526868,0.999942417757295,0.07006070475962617,0.0017039573799711993,0.0,0.0
0.32,0,flow,0.08198368057449296,-0.0160350628888135,2.2486430546267666,-0.533492608637472,0.016034375733088878,0.999871441133734,0.09792624735522235,0.0032302211542351023,0.0,0.0
0.33,0,flow,0.1043099185478328,-0.021408027080691085,2.215264038674703,-0.5414280042951766,0.02140639188876512,0.9997708569398813,0.12552725494500963,0.005206205508702211,0.0,0.0
0.34,0,flow,0.126262585023694,-0.02687006996911254,2.173973749008571,-0.5512971250225474,0.026866836717792587,0.9996390213896111,0.15279420431208476,0.007599557411099855,0.0,0.0
0.35000000000000003,0,flow,0.14776399463342127,-0.032440174641736735,2.125065167749916,-0.563027471480746,0.03243448512409384,0.9994738636776527,0.17966134842916698,0.010371113342102722,0.0,0.0
0.36,0,flow,0.16873960444648245,-0.03813655332673215,2.0688725198253883,-0.5765377901699829,0.038127309719402334,0.9992728897821459,0.20606729807620627,0.013475669096919662,0.0,0.0
0.37,0,flow,0.1891183873218463,-0.04397657263364844,2.005763404221294,-0.591740646839551,0.04396239933651735,0.9990331863579791,0.23195547364706162,0.016862832492993918,0.0,0.0
0.38,0,flow,0.20883312558103795,-0.04997670483280981,1.936130787050107,-0.6085450408579273,0.04995590320282232,0.998751424397077,0.25727442213350327,0.02047792904499046,0.0,0.0
0.39,0,flow,0.22782062535199873,-0.056152505007353255,1.8603851951254904,-0.6268589478879482,0.056123000546275066,0.9984238622998164,0.2819780004951387,0.02426293155064141,0.0,0.0
0.4,0,flow,0.2460218550661442,-0.0625186128682164,1.7789473954091493,-0.6465916956243681,0.06247789435835033,0.9980463479801661,0.30602543207761346,0.028157386876430213,0.0,0.0
0.41000000000000003,0,flow,0.26338201412623685,-0.06908877717436863,1.6922417807205663,-0.667656098672687,0.06903382718444728,0.9976143196166882,0.32938124715875794,0.032099316671254985,0.0,0.0
0.42,0,flow,0.2798505396217829,-0.0758759000749044,1.6006906130392167,-0.6899703014023125,0.07580311617846781,0.9971228046623113,0.3520151219471466,0.036026072866159886,0.0,0.0
0.43,0,flow,0.29538106014431376,-0.0828920982895476,1.504709209057612,-0.7134592996572827,0.0827972042478798,0.9965664167373567,0.3739016324164251,0.03987513325001135,0.0,0.0
0.44,0,flow,0.30993130629681603,-0.09014877785405122,1.4047020932279286,-0.7380561319382724,0.09002672391309428,0.9959393500517366,0.39501994031724824,0.04358482680556186,0.0,0.0
0.45,0,flow,0.3234629874891239,-0.09765671914808835,1.3010600944511839,-0.7637027470505379,0.09750157048174425,0.9952353710321963,0.4153534287211448,0.04709498258027511,0.0,0.0
0.46,0,flow,0.3359416441756564,-0.1054261690592123,1.1941583251589378,-0.7903505677688917,0.10523098125837119,0.9944478068674094,0.43488930370957335,0.050347499464292844,0.0,0.0
0.47000000000000003,0,flow,0.3473364839413289,-0.1134669373786706,1.0843549558102699,-0.8179607787887868,0.11322361773470838,0.9935695307259903,0.4536181775304937,0.053286837244166496,0.0,0.0
0.48,0,flow,0.3576202088880117,-0.12178849483628906,0.9719906827394116,-0.846504372434314,0.12148764799845117,0.9925929434485238,0.4715336468976207,0.05586043165303656,0.0,0.0
0.49,0,flow,0.3667688407160767,-0.13040007052966368,0.8573887811942231,-0.8759619878097328,0.1300308269267366,0.9915099515631445,0.4886318782737431,0.058019037856523736,0.0,0.0
0.5,0,flow,0.37476154881377866,-0.13931074686074033,0.7408556363823123,-0.9063235789368231,0.13886057206797697,0.9903119415239595,0.5049112100969553,0.05971700794728352,0.0,0.0
0.51,0,flow,0.3815804856224722,-0.14852955044011787,0.62268165146098,-0.9375879455494422,0.14798403344200717,0.9889897501219287,0.520371780081085,0.06091250864195896,0.0,0.0
0.52,0,flow,0.3872106325803835,-0.15806553774177465,0.5031424409101102,-0.969762157200709,0.1574081557896003,0.9875336310682877,0.5350151840201726,0.06156768556549774,0.0,0.0
0.53,0,flow,0.3916396590879987,-0.16792787457950678,0.3825002291248861,-1.0028608976721645,0.16713973206959062,0.9859332178011376,0.5488441709940632,0.06164878035487531,0.0,0.0
0.54,0,flow,0.39485779619688005,-0.17812590872672376,0.2610053861789407,-1.0369057527522987,0.17718544723085192,0.984177482616628,0.5618623785270397,0.061126206398157024,0.0,0.0
0.55,0,flow,0.39685772610342707,-0.1886692352123746,0.13889804466470584,-1.0719244605680291,0.18755191147644065,0.9822546922776869,0.5740741100949284,0.059974588418165053,0.0,0.0
0.56,0,flow,0.39763448802497986,-0.19956775399913607,0.016409752716765258,-1.1079501400105487,0.19824568239004917,0.9801523603061433,0.5854841563963467,0.05817277037517632,0.0,0.0
0.5700000000000001,0,flow,0.3971854006381267,-0.2108317198886833,-0.10623487160482462,-1.145020509524028,0.2092732754139432,0.9778571962191207,0.5960976609803575,0.0557037953517997,0.0,0.0
0.58,0,flow,0.395510000955723,-0.2224717846071008,-0.2288165106358554,-1.1831771056863027,0.22064116225740166,0.9753550520285948,0.6059200301307033,0.0525548602371827,0.0,0.0
0.59,0,flow,0.39260999929662044,-0.2344990311051575,-0.35111956082481466,-1.222464508636733,0.23235575687971755,0.9726308663850092,0.61495688631848,0.048717247180170675,0.0,0.0
0.6,0,flow,0.3884892498464589,-0.24692500016925495,-0.4729306024675291,-1.2629295794651223,0.2444233887386294,0.9696686068124124,0.6232140640246486,0.04418623295737156,0.0,0.0
0.61,0,flow,0.38315373620674986,-0.2597617094815547,-0.5940369332674456,-1.3046207131670902,0.2568502630266028,0.966451210554969,0.630697646274174,0.0389609766231267,0.0,0.0
0.62,0,flow,0.3766115712710363,-0.2730216652981237,-0.7142251697805845,-1.3475871096227616,0.2696424076405258,0.9629605246331858,0.637414039793982,0.03304438508984886,0.0,0.0
0.63,0,flow,0.3688730107410537,-0.2867178669340597,-0.833279917982128,-1.3918780642319308,0.2828056066483304,0.9591772457936384,0.643370086286672,0.02644295564283028,0.0,0.0
0.64,0,flow,0.3599504795943974,-0.3008638042579049,-0.9509825121203608,-1.437542279281545,0.29634532003340747,0.9550808611286781,0.6485732068862697,0.019166593835371337,0.0,0.0
0.65,0,flow,0.3498586108314063,-0.31547344840654,-1.0671098195315447,-1.4846271967767684,0.3102665895181204,0.950649590242795,0.6530315764197279,0.011228404749120457,0.0,0.0
0.66,0,flow,0.33861429585790637,-0.33056123593803227,-1.181433108011898,-1.5331783532830785,0.32457393029461157,0.9458603299499925,0.6567543236316058,0.002644455251904154,0.0,0.0
0.67,0,flow,0.3262367458987467,-0.34614204664494647,-1.2937169715228733,-1.5832387572539868,0.3392712085274968,0.9406886026014623,0.6597517530372488,-0.006566495347729462,0.0,0.0
0.68,0,flow,0.3127475638828786,-0.3622311752552964,-1.4037183092965655,-1.634848289309968,0.3543615045416791,0.9351085092645439,0.6620355835545686,-0.016383298952200698,0.0,0.0
0.6900000000000001,0,flow,0.2981708262936558,-0.3788442972530264,-1.5111853526745975,-1.6880431259452882,0.36984696167182646,0.929092689101641,0.6636191985341077,-0.026782759295759684,0.0,0.0
0.7000000000000001,0,flow,0.2825331745389234,-0.3959974290546644,-1.6158567331359193,-1.7428551871304458,0.3857286208302174,0.9226122864304477,0.6645179012745179,-0.037740012004532475,0.0,0.0
0.71,0,flow,0.26586391546629096,-0.4137068827832052,-1.7174605838438253,-1.7993116082132259,0.4020062409486113,0.915636927083201,0.6647491695943597,-0.04922894621041651,0.0,0.0
0.7174650748488578,0,pre_impact,0.25276673216431034,-0.4272996573637435,-1.7911403408234743,-1.8425419439232409,0.41441476656463283,0.9100881282893327,0.6644984966464773,-0.05813608538658599,0.0,0.0
0.7174650748488578,1,post_impact,-0.4272996573637435,0.25276673216431034,0.00041342489798488206,-1.18460137661335,0.4144147665646329,0.9100881282893327,5.551115123125783e-17,0.0,0.6644984966464773,-0.05813608538658599
0.7274650748488578,1,flow,-0.4266512437730453,0.24112814920434605,0.12934692462189895,-1.1432765841522978,0.42570020755280835,0.912933107372579,0.011875641576247598,0.00257645825405306,0.6644984966464773,-0.05813608538658599
0.7374650748488578,1,flow,-0.42471155040986847,0.22989805867036003,0.25863081599794513,-1.102894455691335,0.43662023114262477,0.9155535448914384,0.02456225529786754,0.004395916079210638,0.6644984966464773,-0.05813608538658599
0.7474650748488578,1,flow,-0.4214782386440066,0.2190672804780212,0.38803113290612856,-1.0634063638695797,0.4471792069622058,0.9179644864456017,0.038069436554079183,0.005479310808972571,0.6644984966464773,-0.05813608538658599
0.7574650748488578,1,flow,-0.4169513403394466,0.2086270986835332,0.5173073828907917,-1.0247682706771695,0.4573815327675621,0.9201801023940211,0.052406667742489865,0.005852284432692478,0.6644984966464773,-0.05813608538658599
0.7674650748488578,1,flow,-0.4111333340517368,0.19856921067394068,0.6462103468075046,-0.9869417138584907,0.4672316375251043,0.9222137431401437,0.06758316150120186,0.005545266747630118,0.6644984966464773,-0.05813608538658599
0.7774650748488579,1,flow,-0.4040292435982451,0.1888856664122682,0.7744798086757954,-0.9498948080379618,0.47673399900274244,0.9240779918005595,0.0836076486830643,0.004593531527124717,0.6644984966464773,-0.05813608538658599
0.7874650748488579,1,flow,-0.3956467595577295,0.17956879764170774,0.9018422460393378,-0.9136032496225555,0.4858931755720016,0.9257847139076882,0.10048811043785166,0.003037220944991703,0.6644984966464773,-0.05813608538658599
0.7974650748488578,1,flow,-0.3859963838886618,0.1706111370836198,1.0280085243345898,-0.8780513101797819,0.4947138518106987,0.9273451038697024,0.11823145461358642,0.0009213322615274633,0.6644984966464773,-0.05813608538658599
0.8074650748488578,1,flow,-0.3750915973445775,0.16200532784232854,1.1526716543988986,-0.8432327978150835,0.5032008973372339,0.9287697279801581,0.136843137760556,-0.0017043404376334559,0.6644984966464773,-0.05813608538658599
0.8174650748488578,1,flow,-0.36294904868569244,0.15374402346354007,1.2755046901430975,-0.8091519601387006,0.5113594380950012,0.9300685638364217,0.15632673536636693,-0.004785317790649057,0.6644984966464773,-0.05813608538658599
0.8274650748488578,1,flow,-0.34958876381850706,0.14581977938957416,1.3961588631104767,-0.7758242958790633,0.5191949390315287,0.9312510360903611,0.17668346460723378,-0.008262609306924018,0.6644984966464773,-0.05813608538658599
0.8374650748488578,1,flow,-0.3350343719249932,0.13822493691813345,1.5142620712855654,-0.7432772353613699,0.5267132967767327,0.9323260485170047,0.19791166589671927,-0.012072960128516552,0.6644984966464773,-0.05813608538658599
0.8474650748488578,1,flow,-0.31931334436713354,0.13095150120292987,1.629417859743274,-0.7115506433877754,0.5339209405169215,0.933302012446674,0.22000625185475442,-0.016149180739228886,0.6644984966464773,-0.05813608538658599
0.8574650748488578,1,flow,-0.3024572406843989,0.12399101532947558,1.7412050485944268,-0.6806970921867445,0.5408249387903052,0.9341868716627791,0.24295813498271723,-0.02042056974413331,0.6644984966464773,-0.05813608538658599
0.8674650748488578,1,flow,-0.28450195437720743,0.11733443304543349,1.8491781766099245,-0.6507818479089008,0.5474331094077746,0.9349881239199098,0.2667536482486628,-0.024813438947868915,0.6644984966464773,-0.05813608538658599
0.8774650748488578,1,flow,-0.26548794945328513,0.11097199330018072,1.9528689337239473,-0.6218825126932974,0.5537541291512137,0.9357128392835945,0.29137397584180136,-0.029251748226915786,0.6644984966464773,-0.05813608538658599
0.8874650748488578,1,flow,-0.24546047700496215,0.10489310031940303,2.051788748731213,-0.5940882668055865,0.5597976393535503,0.9363676755324596,0.31679461436666867,-0.03365785498064244,0.6644984966464773,-0.05813608538658599
0.8974650748488577,1,flow,-0.22446975951938722,0.09908621346216227,2.1454326762120917,-0.5674986629767035,0.5655743429651784,0.9369588908937884,0.3429848874687736,-0.03795337916019659,0.6644984966464773,-0.05813608538658599
0.9074650748488577,1,flow,-0.20257112937134863,0.09353875152291258,2.2332846857763795,-0.5422219389160051,0.5710960883169665,0.9374923544032019,0.3699075390060328,-0.0420601799849043,0.6644984966464773,-0.05813608538658599
0.9174650748488578,1,flow,-0.17982510720839903,0.08823701638334798,2.314824394980506,-0.5183728347207764,0.5763759345663924,0.937973554187513,0.3975184310476542,-0.04590143453567053,0.6644984966464773,-0.05813608538658599
0.9274650748488578,1,flow,-0.15629740592103944,0.0831661409189155,2.389535204581427,-0.4960699295815186,0.581428193829842,0.9384076039667472,0.42576637281930096,-0.04940280166769562,0.6644984966464773,-0.05813608538658599
0.9374650748488578,1,flow,-0.13205884679584398,0.07831006575666474,2.4569136937804537,-0.47543254588878925,0.5862684453260698,0.9387992480580695,0.4545931048706234,-0.05249364746572183,0.6644984966464773,-0.05813608538658599
0.9474650748488578,1,flow,-0.10718517643247326,0.07365154881368728,2.516480019846672,-0.45657730655320256,0.5909135175340972,0.9391528651433146,0.483933458951092,-0.055108301284086725,0.6644984966464773,-0.05813608538658599
0.9574650748488578,1,flow,-0.08175677614361648,0.0691722104938413,2.567788950666656,-0.4396144698439649,0.5953814354281638,0.9394724710364952,0.5137157082210242,-0.05718730491502222,0.6644984966464773,-0.05813608538658599
0.9674650748488578,1,flow,-0.05585825981407249,0.06485261599729253,2.610441053128384,-0.4246442011094459,0.5996913312802387,0.9397617206623065,0.5438621145816341,-0.05867861233852956,0.6644984966464773,-0.05813608538658599
0.9774650748488578,1,flow,-0.029577961397251055,0.060672394460751775,2.644093479380806,-0.41175296756818364,0.6038633192591284,0.940023909435489,0.5742896704150787,-0.05953869455390037,0.6644984966464773,-0.05813608538658599
0.9874650748488578,1,flow,-0.0030073190535287505,0.05661039270243888,2.668469751162084,-0.40101025626996545,0.6079183359985564,0.9402619742174256,0.6049110214780418,-0.05973350380203757,0.6644984966464773,-0.05813608538658599
0.9974650748488578,1,flow,0.02375983105944149,0.052644859342270006,2.683367950830752,-0.3924658126266666,0.6118779513077962,0.940478494022437,0.635635546909128,-0.05923925447022804,0.6644984966464773,-0.05813608538658599
1.0074650748488578,1,flow,0.050628032711386425,0.048753653188513955,2.6886667923650225,-0.38614757566466706,0.6157641550743665,0.9406756906510881,0.6663705622813262,-0.058042984226679084,0.6644984966464773,-0.05813608538658599
1.0174650748488578,1,flow,0.07750103586430762,0.04491446819377239,2.684329164332562,-0.3820604470381482,0.6195991279931471,0.9408554294395072,0.6970226033141044,-0.05614286818653447,0.6644984966464773,-0.05813608538658599
1.0274650748488579,1,flow,0.1042826446325803,0.041105066182179066,2.6704029004732366,-0.3801859768582756,0.6234050048543854,0.9410192203253606,0.7274987421998911,-0.053548270519501506,0.6644984966464773,-0.05813608538658599
1.0374650748488579,1,flow,0.13087755878452637,0.03730350802336309,2.647018724361456,-0.38048298634688327,0.6272036396479099,0.9411682194382538,0.7577078860899162,-0.050279530904952185,0.6644984966464773,-0.05813608538658599
1.0474650748488579,1,flow,0.15719218107718297,0.033488374057702795,2.614385511541876,-0.3828890821027734,0.6310163816122887,0.9413032314170093,0.7875620084016505,-0.04636749647418714,0.6644984966464773,-0.05813608538658599
1.0574650748488579,1,flow,0.18313536508154207,0.02963896533649942,2.5727831927922855,-0.38732295685303886,0.6348638706011256,0.9414247126338007,0.8169772681573089,-0.04185282216018793,0.6644984966464773,-0.05813608538658599
1.0674650748488579,1,flow,0.20861908214662744,0.025735478544747406,2.5225537659863164,-0.39368732346580737,0.6387658588392826,0.9415327754625873,0.8458749800037179,-0.036785072647368855,0.6644984966464773,-0.05813608538658599
1.077465074848858,1,flow,0.2335589913391243,0.021759149179720477,2.464090977739969,-0.4018722972677385,0.6427410644426502,0.9416271936669587,0.8741824071015021,-0.031221666592572084,0.6644984966464773,-0.05813608538658599
1.0874650748488577,1,flow,0.25787490204267954,0.017692359490395795,2.3978292737043048,-0.41175902836740463,0.6468070601508046,0.9417074089037553,0.9018333597272163,-0.025226708047530244,0.6644984966464773,-0.05813608538658599
1.097465074848858,1,flow,0.28149112485043365,0.013518709657389476,2.3242326000936737,-0.423223390146328,0.6509801987551067,0.9417725382496541,0.9287685932029903,-0.018869751007937863,0.6644984966464773,-0.05813608538658599
1.1074650748488577,1,flow,0.30433671193540407,0.009223052544919575,2.243783577524332,-0.4361395495729964,0.6552755748603651,0.9418213825657901,0.9549360087597809,-0.012224541043348358,0.6644984966464773,-0.05813608538658599
1.117465074848858,1,flow,0.3263455928461458,0.004791493955201145,2.1569734744865583,-0.4503832753188869,0.659707021025439,0.9418524354282146,0.9802906694623355,-0.005367773580698176,0.6644984966464773,-0.05813608538658599
1.1274650748488577,1,flow,0.3474566154001587,0.00021136157703390305,2.064293296409651,-0.46583487604003665,0.6642871350710171,0.941863892276556,1.0047946499419977,0.0016220976745563442,0.6644984966464773,-0.05813608538658599
1.1374650748488577,1,flow,0.36761350392937386,-0.004528853293230606,1.9662261911434382,-0.4823816990837905,0.6690273344582071,0.9418536593748665,1.0284167432231923,0.008665975750851707,0.6644984966464773,-0.05813608538658599
1.1474650748488577,1,flow,0.3867647485922162,-0.009439576664170387,1.86324126409278,-0.4999201555330022,0.6739379331247366,0.941819362140439,1.051132050443798,0.015685139762335654,0.6644984966464773,-0.05813608538658599
1.1574650748488577,1,flow,0.4048634399231835,-0.014530250618829052,1.7557888040978864,-0.5183572682563594,0.6790282359798017,0.9417583523791742,1.072921479983053,0.02260215655139486,0.6644984966464773,-0.05813608538658599
1.1674650748488578,1,flow,0.4218670624225617,-0.019809445259097697,1.6442968487826024,-0.5376117640015975,0.6843066463466521,0.9416677139687952,1.093771181754294,0.029341678911478764,0.6644984966464773,-0.05813608538658599
1.1774650748488578,1,flow,0.4377372600018099,-0.0252849794463677,1.529168966687756,-0.5576147480881221,0.6897807819372022,0.9415442665512114,1.1136719405704356,0.03583113004905436,0.6644984966464773,-0.05813608538658599
1.1874650748488578,1,flow,0.4524395846996483,-0.030964046405606117,1.4107831018721666,-0.5783100112618058,0.6954575953782809,0.9413845668291221,1.1326185499202341,0.04200127822299715,0.6644984966464773,-0.05813608538658599
1.1974650748488578,1,flow,0.46594323845489705,-0.03685334078665031,1.2894913120627498,-0.5996540236244797,0.701343495823789,0.9411849071056282,1.150609184536309,0.047786708682514556,0.6644984966464773,-0.05813608538658599
1.2074650748488578,1,flow,0.47822081601784233,-0.042959184333014,1.1656202303646466,-0.6216156713692975,0.7074444687303165,0.9409413107553616,1.1676447870657365,0.053126202186027704,0.6644984966464773,-0.05813608538658599
1.2174650748488578,1,flow,0.48924805541929145,-0.04928764785549677,1.0394720893500216,-0.6441757895306693,0.7137661914066578,0.9406495243680889,1.1837284811781337,0.05796303064976349,0.6644984966464773,-0.05813608538658599
1.2274650748488578,1,flow,0.4990036008770695,-0.05584466771765258,0.9113261616505661,-0.6673265392061309,0.7203141424426496,0.9403050063581179,1.19886502070707,0.06224518099748111,0.6644984966464773,-0.05813608538658599
1.2374650748488578,1,flow,0.5074687816536669,-0.06263615549531973,0.7814404901199776,-0.6910706716783471,0.7270937035626642,0.9399029118831198,1.2130602820039764,0.06592551821778936,0.6644984966464773,-0.05813608538658599
1.2474650748488578,1,flow,0.5146274092106571,-0.06966809986410784,0.6500538009571636,-0.7154207153125833,0.7341102528251737,0.9394380739628418,1.2263208046286214,0.06896189812955378,0.6644984966464773,-0.05813608538658599
1.2574650748488578,1,flow,0.5204655940404808,-0.07694666009467829,0.5173875132445636,-0.7403981145842139,0.7413692483998056,0.9389049807309928,1.2386533838109237,0.07131723953796698,0.6644984966464773,-0.05813608538658599
1.2674650748488578,1,flow,0.5249715827857029,-0.08447825079818674,0.38364777705469966,-0.7660323444796078,0.7488763023995952,0.9382977487922265,1.2500647167751366,0.0729595644413158,0.6644984966464773,-0.05813608538658599
1.2774650748488579,1,flow,0.5281356156626127,-0.09226961776873367,0.24902748895101365,-0.7923600180415987,0.7566372444339979,0.9376100926910141,1.2605611039835534,0.07386201380650526,0.6644984966464773,-0.05813608538658599
1.2874650748488579,1,flow,0.5299498037679414,-0.10032790492313963,0.11370824803487628,-0.8194240001129971,0.7646581746846716,0.9368352905309754,1.270148205588717,0.07400284523430756,0.6644984966464773,-0.05813608538658599
1.2974650748488576,1,flow,0.5304080255403915,-0.10866071244863486,-0.022137772406418815,-0.8472725363998671,0.7729455063988451,0.9359661458128867,1.2788308528333054,0.0733654176292815,0.6644984966464773,-0.05813608538658599
1.3074650748488579,1,flow,0.5295058414496755,-0.11727614634351417,-0.1583460530535087,-0.8759584038166147,0.7815059977516007,0.9349949455882469,1.2866129137588571,0.0719381668062028,0.6644984966464773,-0.05813608538658599
1.3174650748488577,1,flow,0.5272404258681539,-0.12618285958345724,-0.29475806447008235,-0.9055380855977517,0.790346773057649,0.9339134150539602,1.2934972123318755,0.06971457482206489,0.6644984966464773,-0.05813608538658599
1.327465074848858,1,flow,0.5236105150330348,-0.1353900851700767,-0.43121971334390424,-0.9360709728654563,0.7994753333182707,0.9327126687439705,1.2994854999325243,0.06669313473657501,0.6644984966464773,-0.05813608538658599
1.3374650748488577,1,flow,0.5186163699982896,-0.14490766132958727,-0.5675798977769463,-0.9676185930499163,0.8088995560814175,0.9313831585061576,1.3045784780336778,0.06287731147215792,0.6644984966464773,-0.05813608538658599
1.347465074848858,1,flow,0.5122597535027387,-0.15474604912857273,-0.7036891680370215,-1.0002438647770062,0.8186276845730304,0.9299146184890306,1.3087758708010135,0.058275498475811816,0.6644984966464773,-0.05813608538658599
1.3574650748488577,1,flow,0.5045439197227668,-0.164916342767807,-0.8393984880632209,-1.034010378452488,0.8286683060328992,0.9282960074033971,1.3120765462355704,0.05290096897551311,0.6644984966464773,-0.05813608538658599
1.367465074848858,1,flow,0.4954736159264661,-0.1754302728069377,-0.974558092910978,-1.0689817017265262,0.8390303191622327,0.9265154483700668,1.314478684335713,0.04677181977485789,0.6644984966464773,-0.05813608538658599
1.3774650748488577,1,flow,0.48505509509113703,-0.18630020256565918,-1.1090164380533551,-1.1052207092649338,0.8497228905661383,0.924560166716318,1.3159799905541536,0.03991090474253112,0.6644984966464773,-0.05813608538658599
1.387465074848858,1,flow,0.47329613858040387,-0.19753911794348675,-1.2426192378562193,-1.142788936733342,0.8607554000557354,0.9224164261415877,1.3165779525492813,0.03234575443160015,0.6644984966464773,-0.05813608538658599
1.3974650748488577,1,flow,0.460206087994783,-0.20916061090253,-1.3752085924688662,-1.1817459595744462,0.8721373746644576,0.9200694637366207,1.3162701378633654,0.024108477614288026,0.6644984966464773,-0.05813608538658599
1.407465074848858,1,flow,0.4457958853058532,-0.2211788568674926,-1.5066222046781224,-1.2221487979863972,0.8838784112337765,0.9175034244097677,1.3150545296911438,0.015235639951052593,0.6644984966464773,-0.05813608538658599
1.4174650748488578,1,flow,0.4300781203560917,-0.2336085863158391,-1.6366926908242645,-1.2640513504524187,0.8959880874372472,0.9147012953485099,1.312929897322388,0.005768114542735181,0.6644984966464773,-0.05813608538658599
1.4274650748488578,1,flow,0.4130670847522247,-0.24646505085959847,-1.7652469925275671,-1.3075038591859864,0.9084758611402382,0.911644841222449,1.3098961971468555,-0.004249101240505815,0.6644984966464773,-0.05813608538658599
1.4374650748488578,1,flow,0.3947788310993572,-0.25976398415911855,-1.8921058985704469,-1.3525524118958174,0.9213509580373008,0.9083145409143522,1.3059549993001953,-0.014767108477644952,0.6644984966464773,-0.05813608538658599
1.4474650748488578,1,flow,0.3752312364175799,-0.273521558058234,-2.0170836886518813,-1.3992384852871909,0.9346222475706469,0.9046895266463808,1.3011099341114514,-0.025733374841952705,0.6644984966464773,-0.05813608538658599
1.4574650748488578,1,flow,0.35444406845535764,-0.287754334389196,-2.139987912689435,-1.4475985366390276,0.9482981072117437,0.9007475264469895,1.2953671515004033,-0.03709205391660142,0.6644984966464773,-0.05813608538658599
1.4674650748488578,1,flow,0.3324390534699595,-0.30247921296308217,-2.260619320681459,-1.4976636505586807,0.9623862752828971,0.8964648109774701,1.288735785388084,-0.048784361068771154,0.6644984966464773,-0.05813608538658599
1.4774650748488578,1,flow,0.3092399438918055,-0.31771337633527186,-2.378771958632634,-1.549459248538531,0.9768936926051943,0.8918161458029169,1.2812284140575594,-0.060749010665926084,0.6644984966464773,-0.05813608538658599
1.4874650748488578,1,flow,0.28487258413653854,-0.33347423201309606,-2.4942334454530632,-1.603004869132822,0.9918263333805513,0.8867747502476507,1.2728615062758042,-0.07292271853912025,0.6644984966464773,-0.05813608538658599
1.4974650748488578,1,flow,0.2593649726878982,-0.34977935285021683,-2.6067854438266513,-1.658314026348021,1.0071890258449185,0.8813122640173034,1.2636558419129527,-0.08524077242504569,0.6644984966464773,-0.05813608538658599
1.5074650748488578,1,flow,0.23274731846044652,-0.36664641644501067,-2.716204334583952,-1.7153941531046075,1.022985263361809,0.8753987227967979,1.2536368948341767,-0.09763767164029358,0.6644984966464773,-0.05813608538658599
1.516482579165527,1,pre_impact,0.20781990999784852,-0.38235283519728314,-2.811997337536158,-1.7683859745108663,1.0376029322080556,0.8696532657940989,1.2439301429410303,-0.10882978572552282,0.6644984966464773,-0.05813608538658599
1.516482579165527,2,post_impact,-0.38235283519728314,0.20781990999784852,-0.15974884897998223,-1.1603463035919526,1.0376029322080553,0.8696532657940989,0.6644984966464771,-0.05813608538658599,1.2439301429410303,-0.10882978572552282
1.526482579165527,2,flow,-0.38335062791236957,0.19640034408134271,-0.03982565288691927,-1.1237516238886271,1.0487899941145609,0.8719455821931374,0.674760002980413,-0.055471026312548855,1.2439301429410303,-0.10882978572552282
1.536482579165527,2,flow,-0.38315003489028815,0.1853412454706377,0.07989138846602731,-1.0882466799961878,1.059648197586192,0.8740436367538097,0.6858042472760524,-0.05344798089915315,1.2439301429410303,-0.10882978572552282
1.546482579165527,2,flow,-0.38175423393044355,0.1746318952663918,0.1991780795717501,-1.0537964459876201,1.0701844996354501,0.8759607764918098,0.6976355067677188,-0.052051749238979594,1.2439301429410303,-0.10882978572552282
1.556482579165527,2,flow,-0.37916867564089923,0.16426190363577975,0.3178038038010691,-1.0203702561142787,1.0804059284273264,0.8777095349645733,0.710257608630006,-0.0512631348977971,1.2439301429410303,-0.10882978572552282
1.566482579165527,2,flow,-0.3754011551694032,0.15422116257369023,0.4355300195397799,-0.9879425307426529,1.0903195907524197,0.8793016823779427,0.7236738132049736,-0.051058932548672,1.2439301429410303,-0.10882978572552282
1.576482579165527,2,flow,-0.3704618989216711,0.14449979146530023,0.5521087716581907,-0.9564934883687799,1.099932690585739,0.8807482726989683,0.7378866562159465,-0.05141194367861723,1.2439301429410303,-0.10882978572552282
1.586482579165527,2,flow,-0.3643636659512812,0.13508807564643222,0.6672812519710062,-0.9260098318661113,1.1092525581805286,0.8820596875070259,0.7528977506865824,-0.0522910235088927,1.2439301429410303,-0.10882978572552282
1.596482579165527,2,flow,-0.3571218633269735,0.12597639829018714,0.7807764511800727,-0.8964853942738996,1.1182866890334735,0.8832456763690598,0.7687075500707785,-0.053661162970957355,1.2439301429410303,-0.10882978572552282
1.606482579165527,2,flow,-0.34875467430977575,0.11715516611092813,0.8923099545081612,-0.8679217262957116,1.1270427919150032,0.8843153935761331,0.7853150750182991,-0.05548361020316761,1.2439301429410303,-0.10882978572552282
1.616482579165527,2,flow,-0.33928319759967446,0.10861472957131241,1.0015829434073813,-0.8403286043984368,1.1355288449842413,0.8852774311285162,0.8027176072665043,-0.057716036531142656,1.2439301429410303,-0.10882978572552282
1.626482579165527,2,flow,-0.32873159523691775,0.10034529850547941,1.1082814758102242,-0.8137244351664585,1.1437531588014351,0.8861398479059239,0.8209103553677974,-0.060312752212597354,1.2439301429410303,-0.10882978572552282
1.636482579165527,2,flow,-0.3171272459712309,0.09233685432997456,1.2120761265902933,-0.7881365286399901,1.1517244448129458,0.8869101950087613,0.8398860983309328,-0.0632249773027177,1.2439301429410303,-0.10882978572552282
1.6464825791655269,2,flow,-0.3045009000570849,0.08457906029875585,1.3126220771724981,-0.7636012110977879,1.1594518876196558,0.88759553730569,0.8596348147518331,-0.06640117276042479,1.2439301429410303,-0.10882978572552282
1.656482579165527,2,flow,-0.2908868305201778,0.07706117156106006,1.4095597472959793,-0.740163746557444,1.1669452190574259,0.8882024712725322,0.8801433065955855,-0.06978743629864403,1.2439301429410303,-0.10882978572552282
1.666482579165527,2,flow,-0.27632297500882513,0.06977194708778357,1.5025160613062085,-0.7178780366488681,1.1742147918310162,0.8887371392572612,0.9013948284012286,-0.07332796641603445,1.2439301429410303,-0.10882978572552282
1.676482579165527,2,flow,-0.26085106144881215,0.0626995658250823,1.5911064344512136,-0.6968060709864371,1.1812716501687965,0.8892052403549809,0.9233687342234526,-0.07696559647817913,1.2439301429410303,-0.10882978572552282
1.686482579165527,2,flow,-0.2445167099319524,0.05583154968971389,1.6749375499500418,-0.6770171052187489,1.1881275947277967,0.8896120381244749,0.9460401559816282,-0.08064239860916878,1.2439301429410303,-0.10882978572552282
1.696482579165527,2,flow,-0.22736950267180286,0.049154696211279825,1.7536109738349372,-0.6585865519724932,1.194795238804927,0.8899623654228209,0.969379727913243,-0.0843003545092521,1.2439301429410303,-0.10882978572552282
1.706482579165527,2,flow,-0.20946301354937533,0.04265502372087043,1.8267276210440289,-0.6415945811419816,1.2012880528314398,0.8902606266752197,0.9933533723647681,-0.08788208717548585,1.2439301429410303,-0.10882978572552282
1.716482579165527,2,flow,-0.19085478884485169,0.03631773195178831,1.8938930431276968,-0.6261244403334485,1.207620394175557,0.8905107979318148,1.0179221620316925,-0.09133164397090343,1.2439301429410303,-0.10882978572552282
1.726482579165527,2,flow,-0.17160627129855632,0.030127180726737826,1.9547234565613296,-0.6122605232953772,1.2138075194817621,0.8907164250901308,1.043042272826429,-0.09459531772771623,1.2439301429410303,-0.10882978572552282
1.736482579165527,2,flow,-0.1517826607359937,0.024066889034624207,2.0088523737390784,-0.6000862329445974,1.2198655771569036,0.8908806206790626,1.0686650396874704,-0.09762248880970104,1.2439301429410303,-0.10882978572552282
1.746482579165527,2,flow,-0.13145270616354526,0.018119556237831583,2.0559376403984824,-0.5896817047596682,1.2258115781839611,0.8910060596066717,1.0947371247833924,-0.10036646758264989,1.2439301429410303,-0.10882978572552282
1.756482579165527,2,flow,-0.1106884264814327,0.012267106402306882,2.095668628889513,-0.581121474081854,1.2316633441993208,0.8910949742682631,1.1212008037306502,-0.10278531387171574,1.2439301429410303,-0.10882978572552282
1.766482579165527,2,flow,-0.08956475969834544,0.006490755831913025,2.1277732925457835,-0.574472185212113,1.2374394326848492,0.8911491493927977,1.1479943707541338,-0.10484260805111334,1.2439301429410303,-0.10882978572552282
1.776482579165527,2,flow,-0.06815914363429469,0.0007711028598416988,2.152024758698751,-0.5697904490808574,1.243159040157605,0.8911699169746817,1.1750526584013035,-0.10650814771555939,1.2439301429410303,-0.10882978572552282
1.786482579165527,2,flow,-0.046551034372292695,-0.0049117621328947005,2.168247131990942,-0.5671209579486163,1.2488418853242385,0.8911581515951036,1.2023076618030004,-0.10775854465202361,1.2439301429410303,-0.10882978572552282
1.796482579165527,2,flow,-0.024821371927412374,-0.01057812956035438,2.1763201991341607,-0.5664949589340227,1.2545080752259696,0.8911142663836815,1.2296892519633382,-0.10857769917964055,1.2439301429410303,-0.10882978572552282
1.806482579165527,2,flow,-0.003052005483050858,-0.016248530372896825,2.1761827719728397,-0.5679291729069017,1.2601779583481136,0.8910382098091364,1.2571259576031655,-0.10895713282574448,1.2439301429410303,-0.10882978572552282
1.816482579165527,2,flow,0.018674907155043743,-0.021943587490543162,2.1678344753185748,-0.5714252222130196,1.2658719694241567,0.8909294634192823,1.2845457911124358,-0.10889616556987025,1.2439301429410303,-0.10882978572552282
1.826482579165527,2,flow,0.040277509722835135,-0.027683864214052552,2.1513358740366146,-0.5769696016190268,1.271610471155226,0.8907870405784137,1.3118770915431353,-0.10840193017863786,1.2439301429410303,-0.10882978572552282
1.836482579165527,2,flow,0.0616748505629293,-0.033489715082593956,2.126806932147308,-0.5845341944580164,1.27741359824819,0.8906094861768241,1.3390493565790138,-0.10748922301730379,1.2439301429410303,-0.10882978572552282
1.846482579165527,2,flow,0.08278746228341913,-0.0393811445054806,2.094423895779625,-0.5940773033081862,1.2833011090334034,0.8903948772151761,1.3659940360985237,-0.10618019763538566,1.2439301429410303,-0.10882978572552282
1.856482579165527,2,flow,0.10353790308489814,-0.04537767803245398,2.054414782001946,-0.6055451348243246,1.28929224945936,0.8901408240985199,1.3926452622736567,-0.10450391385680036,1.2439301429410303,-0.10882978572552282
1.866482579165527,2,flow,0.12385124704636594,-0.051498250399442246,2.0070537282717957,-0.6188736543663956,1.295405633532989,0.889844472412894,1.4189404949056235,-0.10249576058466214,1.2439301429410303,-0.10882978572552282
1.8764825791655269,2,flow,0.14365551346209035,-0.05776111355450046,1.9526545068436632,-0.6339907096807421,1.3016591433407005,0.8895025049036318,1.4448210654869866,-0.10019677469971355,1.2439301429410303,-0.10882978572552282
1.886482579165527,2,flow,0.16288202851008804,-0.06418376681457004,1.8915635318864326,-0.6508183151003712,1.3080698507289759,0.8891111433303391,1.4702326089259874,-0.09765288107161363,1.2439301429410303,-0.10882978572552282
1.8964825791655269,2,flow,0.18146571581865834,-0.07078291021502182,1.8241526847698124,-0.6692749883925881,1.3146539616312047,0.888666149840071,1.4951253774976814,-0.0949140797574689,1.2439301429410303,-0.10882978572552282
1.906482579165527,2,flow,0.19934531564462163,-0.07757442107011757,1.7508122581459056,-0.6892780404714723,1.3214267829787076,0.8881628274782414,1.5194544369878735,-0.09203360602252697,1.2439301429410303,-0.10882978572552282
1.916482579165527,2,flow,0.21646353518417,-0.08457335282988035,1.6719442772592754,-0.710745732022401,1.328402711194511,0.8875960194464735,1.5431797498237352,-0.08906708709419064,1.2439301429410303,-0.10882978572552282
1.9264825791655271,2,flow,0.23276713486144635,-0.09179395454483723,1.5879564035674276,-0.733599228630231,1.3355952404857154,0.8869601067177191,1.5662661539921743,-0.08607171684310144,1.2439301429410303,-0.10882978572552282
1.936482579165527,2,flow,0.24820695720117916,-0.0992497086614649,1.4992565675114855,-0.7577643052073243,1.3430169885509216,0.8862490036309189,1.5886832495938483,-0.08310546620206671,1.2439301429410303,-0.10882978572552282
1.946482579165527,2,flow,0.2627379060696699,-0.1069533844751113,1.406248419708949,-0.7831727695512715,1.3506797369103178,0.8854561511092451,1.610405206929656,-0.08022634341120227,1.2439301429410303,-0.10882978572552282
1.956482579165527,2,flow,0.276318884692838,-0.11491710435439276,1.3093276373065434,-0.8097635922832686,1.3585944828385481,0.8845745071763482,1.631410511115771,-0.07749171440875735,1.2439301429410303,-0.10882978572552282
1.966482579165527,2,flow,0.2889127009971036,-0.12315241980017248,1.2088790776663318,-0.8374837452486785,1.3667714998130847,0.8835965344825986,1.651681658483758,-0.07495769011100872,1.2439301429410303,-0.10882978572552282
1.976482579165527,2,flow,0.300485948557088,-0.13167039448434043,1.1052747364961326,-0.8662887621822322,1.3752204034549296,0.882514184596682,1.671204819593465,-0.07267858411711559,1.2439301429410303,-0.10882978572552282
1.986482579165527,2,flow,0.31100887087100004,-0.14048169159674276,0.9988724423032687,-0.896143043929614,1.3839502201022869,0.8813188788656868,1.689969482733436,-0.0707064416477372,1.2439301429410303,-0.10882978572552282
1.996482579165527,2,flow,0.32045521591613635,-0.14959666308113015,0.890015203058666,-0.9270199359571238,1.3929694553900527,0.8800014856978291,1.7079680904692367,-0.06909063833347429,1.2439301429410303,-0.10882978572552282
2.006482579165527,2,flow,0.32880208704995917,-0.15902543863421176,0.7790311130121534,-0.9589016086562665,1.402286160480135,0.8785522941752392,1.7251956802713393,-0.0678775458172528,1.2439301429410303,-0.10882978572552282
2.016482579165527,2,flow,0.33602979538978833,-0.16877801265157694,0.66623372618898,-0.9917787715530025,1.4119079938757868,0.8769609839590694,1.7416495386344135,-0.06711025999458187,1.2439301429410303,-0.10882978572552282
2.0264825791655268,2,flow,0.34212171788363344,-0.17886432761127405,0.5519228066285321,-1.0256502514854464,1.4218422770384687,0.8752165915051924,1.7573288764853219,-0.06682838703436056,1.2439301429410303,-0.10882978572552282
2.036482579165527,2,flow,0.3470641644178451,-0.18929435267625563,0.4363853723900737,-1.0605224626174343,1.4320960422946003,0.8733074726658194,1.7722345321370447,-0.06706788203447323,1.2439301429410303,-0.10882978572552282
2.0464825791655272,2,flow,0.3508462565216214,-0.20007815656146305,0.3198969594267028,-1.0964087932469713,1.4426760717629619,0.8712212618106286,1.7863687066248672,-0.06786093519966552,1.2439301429410303,-0.10882978572552282
2.056482579165527,2,flow,0.3534598195394836,-0.2112259739447782,0.20272304153703452,-1.133328931108639,1.4535889262465496,0.868944827660839,1.7997347349831607,-0.06923590071407137,1.2439301429410303,-0.10882978572552282
2.066482579165527,2,flow,0.35489928955659517,-0.22274826490136146,0.08512055291427467,-1.1713081455360943,1.4648409632137354,0.8664642260916525,1.8123368958932995,-0.07121726395236017,1.2439301429410303,-0.10882978572552282
2.076482579165527,2,flow,0.35516163587711247,-0.23465576700832344,-0.03266053027228284,-1.2103765416465244,1.4764383431433712,0.8637646502233305,1.824180261150537,-0.0738256432741532,1.2439301429410303,-0.10882978572552282
2.0864825791655273,2,flow,0.35424629946644665,-0.24695953990360045,-0.15037558368657072,-1.2505682987604498,1.488387023629938,0.8608303781895723,1.8352705855468558,-0.07707782332688307,1.2439301429410303,-0.10882978572552282
2.096482579165527,2,flow,0.3521551474657755,-0.25967100219080175,-0.2677837303562188,-1.291920902681605,1.5006927407401411,0.8576447190450128,1.8456142370282693,-0.08098681750080283,1.2439301429410303,-0.10882978572552282
2.106482579165527,2,flow,0.3488924436597786,-0.27280196066826756,-0.38464625718615,-1.3344743792052625,1.5133609771897913,0.8541899573514385,1.8552181663409066,-0.0855619579036987,1.2439301429410303,-0.10882978572552282
2.116482579165527,2,flow,0.3444648346161569,-0.2863646319227523,-0.5007250658579645,-1.3782705343995767,1.5263969169676121,0.8504472970670434,1.8640899148035248,-0.09080901192248703,1.2439301429410303,-0.10882978572552282
2.126482579165527,2,flow,0.33888135110714956,-0.30037165637725016,-0.6157811666141768,-1.4233522056928263,1.5398053860829237,0.8463968054536202,1.872237658322127,-0.09673032509341284,1.2439301429410303,-0.10882978572552282
2.136482579165527,2,flow,0.33215342435827916,-0.31483610491608294,-0.7295732195019793,-1.4697625266392722,1.5535907791559378,0.8420173578148986,1.8796702852710203,-0.10332499059214484,1.2439301429410303,-0.10882978572552282
2.146482579165527,2,flow,0.3242949166402442,-0.3297714782346266,-0.8418561245158686,-1.5175442073522678,1.5677569716101998,0.8372865839849205,1.8863975053935202,-0.11058904616403564,1.2439301429410303,-0.10882978572552282
2.156482579165527,2,flow,0.31532216571831007,-0.34519169907752667,-0.9523796596067865,-1.566738831950552,1.5823072172697479,0.8321808175987636,1.8924299864123895,-0.11851569972908471,1.2439301429410303,-0.10882978572552282
2.166482579165527,2,flow,0.3052540426940121,-0.36111109754032533,-1.0608871635725288,-1.61738617391522,1.5972440312130507,0.8266750492989181,1.8977795145790974,-0.12709558520286646,1.2439301429410303,-0.10882978572552282
2.176482579165527,2,flow,0.2941120228119517,-0.3775443896168032,-1.1671142592740145,-1.6695235299571023,1.612569057795433,0.8207428851587757,1.9024591749301882,-0.13631705026198881,1.2439301429410303,-0.10882978572552282
2.186482579165527,2,flow,0.2819202688567472,-0.39450664917932016,-1.2707876113104106,-1.7231850728069404,1.6282829238250345,0.814356511739259,1.9064835465615197,-0.14616647783935166,1.2439301429410303,-0.10882978572552282
2.196482579165527,2,flow,0.2687057268297591,-0.4120132735829562,-1.3716237111256444,-1.7784012232284345,1.6443850769676263,0.8074866693344933,1.9098689077846658,-0.15662864305023871,1.2439301429410303,-0.10882978572552282
2.2061649665030885,2,pre_impact,0.254964426166782,-0.42949735136621486,-1.4662757068828807,-1.833369571150605,1.6603440023348683,0.8003453886521814,1.9125549873169536,-0.16732687976020122,1.2439301429410303,-0.10882978572552282
2.2061649665030885,3,post_impact,-0.42949735136621486,0.254964426166782,-0.028851140062903013,-1.2018057361111827,1.6603440023348683,0.8003453886521814,1.2439301429410303,-0.10882978572552282,1.9125549873169536,-0.16732687976020122
2.2161649665030883,3,flow,-0.429142645203698,0.24315448425300681,0.09988033527281939,-1.1603469799885584,1.6717894782866505,0.8032564343666073,1.2556981351190681,-0.1060663873754829,1.9125549873169536,-0.16732687976020122
2.2261649665030885,3,flow,-0.4274983695281458,0.23175428648949248,0.22902422002394693,-1.1198483608229335,1.682869725658576,0.805938079321817,1.2682741216952635,-0.1040676817447248,1.9125549873169536,-0.16732687976020122
2.2361649665030883,3,flow,-0.42456156407995144,0.22075448170007458,0.3583469212694464,-1.0802604884068987,1.6935891296520702,0.8084056415677916,1.2816678196303293,-0.10281378005905939,1.9125549873169536,-0.16732687976020122
2.2461649665030885,3,flow,-0.420331632863714,0.210146191538469,0.4876088204651155,-1.0415383495744857,1.7039521098548684,0.8106735494393663,1.2958888689235672,-0.10228011389774017,1.9125549873169536,-0.16732687976020122
2.2561649665030883,3,flow,-0.4148104153136259,0.19992096180257657,0.616562077133691,-1.0036422947579786,1.7139631198380265,0.8127553974855575,1.3109466887377748,-0.10243734519940073,1.9125549873169536,-0.16732687976020122
2.2661649665030885,3,flow,-0.408002279823141,0.1900707037907585,0.7449483559843768,-0.96653904166744,1.7236266613906024,0.8146639998627546,1.326850278361797,-0.1032513022597118,1.9125549873169536,-0.16732687976020122
2.2761649665030883,3,flow,-0.399914240276144,0.1805876255760245,0.8724965050861088,-0.9302026860254042,1.7329473131175053,0.8164114408152783,1.3436079621772916,-0.10468294620998919,1.9125549873169536,-0.16732687976020122
2.2861649665030885,3,flow,-0.39055609587882417,0.17146415319508093,0.9989202254776228,-0.8946157050878801,1.7419297730218906,0.8180091219401141,1.361227078593995,-0.10668837370661921,1.9125549873169536,-0.16732687976020122
2.2961649665030883,3,flow,-0.37994059411352044,0.16269284191635655,1.1239157878312356,-0.8597699346475064,1.7505789145454516,0.8194678060025065,1.3797136139328552,-0.10921886279463344,1.9125549873169536,-0.16732687976020122
2.3061649665030886,3,flow,-0.36808361599348216,0.15426627797269085,1.2471598693893138,-0.8256674943853577,1.758899855339239,0.8207976571362929,1.399071783515755,-0.11222097007743725,1.9125549873169536,-0.16732687976020122
2.3161649665030883,3,flow,-0.3550043819687746,0.14617697142768749,1.3683076039790945,-0.7923216299483343,1.7668980377764771,0.8220082773279127,1.4193035638063944,-0.11563668835230756,1.9125549873169536,-0.16732687976020122
2.3261649665030886,3,flow,-0.3407256758020291,0.1384172411952274,1.4869909587216619,-0.7597574332403917,1.7745793198914466,0.8231087391461899,1.440408181370696,-0.11940367466051716,1.9125549873169536,-0.16732687976020122
2.3361649665030884,3,flow,-0.3252740824919616,0.130979093651319,1.6028175718383002,-0.7280123955517479,1.781950075032563,0.8241076147411686,1.4623815666996405,-0.12345555913267448,1.9125549873169536,-0.16732687976020122
2.3461649665030886,3,flow,-0.3086802348813887,0.12385409676318214,1.7153702048951183,-0.6971367419276979,1.7890172980561714,0.8250130011939537,1.4852157835471569,-0.12772234494474655,1.9125549873169536,-0.16732687976020122
2.3561649665030884,3,flow,-0.29097906197516027,0.11703325220183512,1.824206977449035,-0.6671934904258691,1.7957887153703804,0.8258325423547476,1.5088984473254918,-0.1321309089841498,1.9125549873169536,-0.16732687976020122
2.3661649665030886,3,flow,-0.27221003027010254,0.11050686848178382,1.9288625592759339,-0.6382581776595747,1.8022728955849021,0.8265734473567604,1.5334121491646142,-0.13660561129968984,1.9125549873169536,-0.16732687976020122
2.3761649665030884,3,flow,-0.25241736765536354,0.10426443875383337,2.0288504915951218,-0.610418193464725,1.8084793569638422,0.8272425060377945,1.5587339053141327,-0.14106901892732882,1.9125549873169536,-0.16732687976020122
2.3861649665030886,3,flow,-0.23165025780621018,0.09829452742139977,2.123666790175053,-0.5837716739061339,1.8144186673564993,0.8278461015373315,1.5848346544129404,-0.1454427461336627,1.9125549873169536,-0.16732687976020122
2.3961649665030884,3,flow,-0.20996299163291748,0.09258467020171546,2.2127949464231205,-0.5584259142994121,1.8201025318513426,0.8283902203633123,1.6116788274751004,-0.14964840845156469,1.9125549873169536,-0.16732687976020122
2.4061649665030886,3,flow,-0.18741506145519032,0.08712129254573082,2.2957123850062646,-0.534495283280518,1.8255438631252647,0.8288804602383045,1.6392240168888321,-0.15360868214365186,1.9125549873169536,-0.16732687976020122
2.4161649665030884,3,flow,-0.16407118336476761,0.08188965139367757,2.371898357499129,-0.5120986454173089,1.8307568294141865,0.8293220360389953,1.667420770919981,-0.15724845409112076,1.9125549873169536,-0.16732687976020122
2.4261649665030887,3,flow,-0.14000123392225144,0.07687380500864027,2.440843152959334,-0.49135633275253077,1.8357568752802262,0.8297197841365265,1.6962125387865445,-0.16049603989000272,1.9125549873169536,-0.16732687976020122
2.4361649665030884,3,flow,-0.11528008908064376,0.07205661504169028,2.5020583935114353,-0.47238674320859486,1.8405607109510644,0.8300781654298419,1.7255357880301163,-0.163284440624478,1.9125549873169536,-0.16732687976020122
2.4461649665030887,3,flow,-0.08998735613771774,0.06741978400670172,2.5550880650032988,-0.455302682973748,1.84518626699108,0.8304012673428331,1.7553203104894486,-0.1655526020015492,1.9125549873169536,-0.16732687976020122
2.4561649665030885,3,flow,-0.06420699358474213,0.0629439299840754,2.599519821964621,-0.4402076067342976,1.849652612428143,0.830692805032312,1.785489725712896,-0.1672466339961124,1.9125549873169536,-0.16732687976020122
2.4661649665030883,3,flow,-0.03802681879654685,0.05860869867834946,2.63499601703711,-0.42719193911437736,1.8539798361566744,0.8309561220316506,1.8159621814076974,-0.1683209456164505,1.9125549873169536,-0.16732687976020122
2.4761649665030885,3,flow,-0.011537909304619329,0.05439291102223566,2.6612238525673595,-0.416329678070577,1.8581888933699906,0.8311941905377419,1.8466512400578592,-0.16873924852510347,1.9125549873169536,-0.16732687976020122
2.4861649665030887,3,flow,0.01516609051901046,0.05027474249085557,2.6779840485664828,-0.40767548219665173,1.8623014208017434,0.8314096115389309,1.8774669299345976,-0.16847538551460095,1.9125549873169536,-0.16732687976020122
2.4961649665030885,3,flow,0.04198973969438824,0.04623192834170313,2.685137474125295,-0.4012624265062542,1.8663395265013936,0.8316046149788552,1.9083169283308792,-0.16751394542108344,1.9125549873169536,-0.16732687976020122
2.5061649665030883,3,flow,0.0688366251036974,0.042241987318647485,2.6826292986094504,-0.3971005752877878,1.8703255615424137,0.8317810601535763,1.9391078360184957,-0.16585063477090678,1.9125549873169536,-0.16732687976020122
2.5161649665030885,3,flow,0.09561021378329286,0.038282455108966586,2.670490376235773,-0.3951764687777742,1.8742818823083252,0.8319404365435987,1.969746495508537,-0.16349238772257646,1.9125549873169536,-0.16732687976020122
2.5261649665030883,3,flow,0.12221470475534268,0.03433111819841775,2.6488357674312746,-0.3954535577443707,1.8782306126440225,0.8320838652807515,2.000141302553333,-0.16045720877403835,1.9125549873169536,-0.16732687976020122
2.5361649665030885,3,flow,0.14855585210492378,0.030366238747207924,2.6178605006995124,-0.3978735538190282,1.8821934151821702,0.8322121014393837,2.0302034606498927,-0.15677375611402067,1.9125549873169536,-0.16732687976020122
2.5461649665030883,3,flow,0.1745417330231713,0.026366761754263734,2.5778328672119954,-0.4023586008759929,1.88619128051221,0.8323255373146106,2.0598481321855093,-0.1524806861968565,1.9125549873169536,-0.16732687976020122
2.5561649665030886,3,flow,0.20008343827169123,0.022312496995111078,2.529085695425083,-0.40881412104014786,1.8902443416459818,0.8324242068057222,2.088995446810783,-0.14762579099835427,1.9125549873169536,-0.16732687976020122
2.5661649665030883,3,flow,0.22509566757084512,0.018184269875875545,2.4720061594607787,-0.4171321530490281,1.8943717195828704,0.8325077909601688,2.1175713368778046,-0.14226496760430551,1.9125549873169536,-0.16732687976020122
2.5761649665030886,3,flow,0.2494972182505417,0.013964037271437586,2.4070247249870436,-0.42719498333774875,1.898591403859123,0.8325756246556124,2.1455081803811513,-0.1364610647798138,1.9125549873169536,-0.16732687976020122
2.5861649665030884,3,flow,0.27321136155426584,0.009634966421431173,2.33460383041116,-0.4388788712775223,1.902920169967959,0.8326267043099053,2.1727452427622285,-0.13028265284245266,1.9125549873169536,-0.16732687976020122
2.5961649665030886,3,flow,0.29616610672986615,0.00518147687001205,2.2552268470274073,-0.4520576870534945,1.9073735336320354,0.8326596964185549,2.199228919245411,-0.12380276175137661,1.9125549873169536,-0.16732687976020122
2.6061649665030884,3,flow,0.31829435805153894,0.0005892471135058373,2.1693877719251087,-0.4666063096569465,1.9119657402375467,0.8326729466337234,2.2249127883199664,-0.11709762834557125,1.9125549873169536,-0.16732687976020122
2.6161649665030886,3,flow,0.33953397391310575,-0.004154811031365543,2.077581996750809,-0.4824036685778358,1.9167097863946232,0.8326644890248619,2.249757494070248,-0.1102454878085638,1.9125549873169536,-0.16732687976020122
2.6261649665030884,3,flow,0.3598277399776713,-0.009062606354168284,1.980298378257215,-0.49933535128346507,1.9216174696183952,0.8326320551038942,2.273730480059931,-0.10332543745535605,1.9125549873169536,-0.16732687976020122
2.6361649665030886,3,flow,0.3791232700617666,-0.014144945895821498,1.8780127251012688,-0.5172957354418242,1.92669946153189,0.8325730821605817,2.29680560040559,-0.09641639354299236,1.9125549873169536,-0.16732687976020122
2.6461649665030884,3,flow,0.397372849076884,-0.019411631491374808,1.7711827183311342,-0.5361896371632199,1.9319653997438366,0.8324847204372652,2.318962634728618,-0.08959615460251891,1.9125549873169536,-0.16732687976020122
2.6561649665030886,3,flow,0.4145332321208126,-0.024871570438325965,1.660244205518365,-0.5559334925511913,1.937423993596337,0.8323638386755938,2.340186733171399,-0.08294057823169443,1.9125549873169536,-0.16732687976020122
2.6661649665030884,3,flow,0.4305654129121286,-0.03053289579237367,1.545608752318557,-0.5764561089228768,1.9430831392424608,0.8322070275886256,2.360467815980758,-0.07652287267000857,1.9125549873169536,-0.16732687976020122
2.6761649665030887,3,flow,0.4454343734043919,-0.036403092223114476,1.4276622995560333,-0.5976990343911858,1.9489500399334083,0.8320106008463481,2.379799949680106,-0.0704129999483466,1.9125549873169536,-0.16732687976020122
2.6861649665030884,3,flow,0.4591088247951636,-0.04248912388558851,1.3067647561647786,-0.6196166008923754,1.9550313279056415,0.8317705932073736,2.3981807189185513,-0.06467718399154776,1.9125549873169536,-0.16732687976020122
2.6961649665030887,3,flow,0.4715609484212141,-0.048797561325756626,1.1832503549997546,-0.6421756973074509,1.961333184806614,0.8314827554804985,2.415610609990203,-0.059377514690176936,1.9125549873169536,-0.16732687976020122
2.7061649665030885,3,flow,0.4827661433310016,-0.05533470499674641,1.0574286059267486,-0.6653553272778862,1.967861458141621,0.8311425460535892,2.4320924189826156,-0.05457163752746119,1.9125549873169536,-0.16732687976020122
2.7161649665030883,3,flow,0.4927027857378761,-0.06210670348778841,0.929585695186746,-0.6891460018113708,1.9746217717338028,0.8307451187810625,2.44763069469586,-0.050312517698114845,1.9125549873169536,-0.16732687976020122
2.7261649665030885,3,flow,0.5013520041388362,-0.06911966503976798,0.7999861987883783,-0.7135490108139614,1.9816196286452896,0.8302853070730333,2.462231223969324,-0.04664826762922791,1.9125549873169536,-0.16732687976020122
2.7361649665030887,3,flow,0.5086974726631698,-0.07637976132989792,0.6688749982020106,-0.7385756110758323,1.988860505399601,0.8297576040776222,2.4759005649094696,-0.04362202725838704,1.9125549873169536,-0.16732687976020122
2.7461649665030885,3,flow,0.514725224201156,-0.0838933228498382,0.536479307131308,-0.7642461615792115,1.9963499366704753,0.8291561388923199,2.4886456317379766,-0.0412718872063379,1.9125549873169536,-0.16732687976020122
2.7561649665030883,3,flow,0.5194234840485168,-0.09166692547837071,0.4030107374091577,-0.7905892307026853,2.0040935898619736,0.8284746487805542,2.500473333559155,-0.03963084598786426,1.9125549873169536,-0.16732687976020122
2.7661649665030885,3,flow,0.5227825241711163,-0.0997074680665225,0.26866734936206793,-0.8176406942226854,2.0120973292040274,0.8277064474060988,2.51139026824412,-0.03872679354481634,1.9125549873169536,-0.16732687976020122
2.7761649665030887,3,flow,0.524794537724609,-0.10802224101679009,0.13363564693283575,-0.8454428380949776,2.020367269133508,0.8268443891313856,2.521402471803271,-0.03858251459051154,1.9125549873169536,-0.16732687976020122
2.7861649665030885,3,flow,0.5254535331310951,-0.11661898595668771,-0.0019075096681259729,-0.8740434758810239,2.028909816831152,0.8258808294571215,2.5305152230203243,-0.039215706475022594,1.9125549873169536,-0.16732687976020122
2.7961649665030883,3,flow,0.52475524679486,-0.12550594668818632,-0.13779309093210215,-0.9034950873500482,2.037731703847278,0.8248075817109679,2.538732902702629,-0.04063900748186089,1.9125549873169536,-0.16732687976020122
2.8061649665030886,3,flow,0.5226970734089508,-0.1346919116463228,-0.27385819394045896,-0.9338539821842148,2.0468400067817933,0.8236158701236291,2.546058906618294,-0.042860032626143574,1.9125549873169536,-0.16732687976020122
2.8161649665030883,3,flow,0.519278012741791,-0.14418624812927475,-0.4099444506064532,-0.9651794907655008,2.0562421569934797,0.822296279462717,2.552495610998237,-0.045881415130013314,1.9125549873169536,-0.16732687976020122
2.8261649665030886,3,flow,0.5144986317813132,-0.1539989285746772,-0.5458965476012485,-0.9975331826522169,2.0659459393064092,0.820838701429393,2.55804438934462,-0.049700852795451333,1.9125549873169536,-0.16732687976020122
2.8361649665030884,3,flow,0.5083610411343236,-0.16414054915826864,-0.6815608546598133,-1.0309781124720288,2.075959479663042,0.8192322780611213,2.56270567917072,-0.05431115947637832,1.9125549873169536,-0.16732687976020122
2.8461649665030886,3,flow,0.5008688846200904,-0.17462234098559204,-0.816784156600548,-1.0655780924991047,2.0862912216490432,0.8174653424268473,2.5664790971745304,-0.05970032276891213,1.9125549873169536,-0.16732687976020122
2.8561649665030884,3,flow,0.4920273410460919,-0.18545617413934085,-0.9514124840611681,-1.1013969910726038,2.0969498917884395,0.8155253569493418,2.569363601192662,-0.06585156989123686,1.9125549873169536,-0.16732687976020122
2.8661649665030886,3,flow,0.48184313720189337,-0.1966545548371977,-1.0852900384718032,-1.1384980561948026,2.107944453483059,0.8133988497438862,2.571357697071529,-0.07274344451071801,1.9125549873169536,-0.16732687976020122
2.8761649665030884,3,flow,0.47032457114644505,-0.20823061595031525,-1.2182582079785822,-1.1769432640669057,2.119284049450705,0.8110713494232431,2.5724596883111497,-0.08034989799204462,1.9125549873169536,-0.16732687976020122
2.8861649665030886,3,flow,0.4574815448887879,-0.22019810113308744,-1.3501546727398508,-1.2167926929325068,2.13097793250494,0.808527318885993,2.5726679659682095,-0.08864039917970723,1.9125549873169536,-0.16732687976020122
2.8961649665030884,3,flow,0.4433256055677877,-0.2325713428222579,-1.4808126000945672,-1.2581039233597129,2.14303538451837,0.8057500886785125,2.571981335837867,-0.09758006738106006,1.9125549873169536,-0.16732687976020122
2.9061649665030886,3,flow,0.4278699942201454,-0.24536523437899072,-1.6100599324034648,-1.3009314669611596,2.15546562342303,0.8027217905994573,2.5703993793603885,-0.10712983366887185,1.9125549873169536,-0.16732687976020122
2.9161649665030884,3,flow,0.41112970118604075,-0.25859519667214764,-1.7377187727405827,-1.3453262264831565,2.168277698127705,0.7994232922985374,2.567922844015508,-0.11724663595716622,1.9125549873169536,-0.16732687976020122
2.926164966503088,3,flow,0.39312152713836945,-0.27227713943507975,-1.863604875909696,-1.3913349911439654,2.181480371274117,0.7958341337071693,2.5645540581760184,-0.12788365350025688,1.9125549873169536,-0.16732687976020122
2.9361649665030884,3,flow,0.37386414863626843,-0.2864274177716554,-1.9875272543083105,-1.4389999720138518,2.1950819898127216,0.7919324662254172,2.5602973644999727,-0.13899058649808838,1.9125549873169536,-0.16732687976020122
2.9461649665030887,3,flow,0.35337818699987567,-0.30106278423936866,-2.109287909777373,-1.4883583830461429,2.209090343454546,0.7876949956753049,2.555159564962438,-0.15051398633505808,1.9125549873169536,-0.16732687976020122
2.9561649665030885,3,flow,0.33168627918636334,-0.3162003369968885,-2.228681703557888,-1.5394420740211734,2.223512511147476,0.7830969301126314,2.549150369585468,-0.1623976416073326,1.9125549873169536,-0.16732687976020122
2.9661649665030883,3,flow,0.3088131492245829,-0.331857464568332,-2.345496376613723,-1.592277222078418,2.238354695832248,0.7781119336652628,2.542282839850147,-0.17458302447917673,1.9125549873169536,-0.16732687976020122
2.9761649665030885,3,flow,0.28478567864672477,-0.3480517878440625,-2.459512731652954,-1.6468840886051233,2.2536220478526223,0.7727120876329374,2.534573816708114,-0.18700980102906983,1.9125549873169536,-0.16732687976020122
2.9861649665030887,3,flow,0.2596329742519606,-0.36480110000431304,-2.5705049859709375,-1.7032768479384666,2.2693184775223507,0.7668678601396034,2.526044322102456,-0.19961640808447467,1.9125549873169536,-0.16732687976020122
2.9961649665030885,3,flow,0.23338643146295387,-0.3821233051129555,-2.6782413005463046,-1.7614634935409257,2.285446457484059,0.7605480856724345,2.516719922019081,-0.21234069759211105,1.9125549873169536,-0.16732687976020122
3.001913939418843,3,pre_impact,0.2178151940661914,-0.39234811926562463,-2.7386126804867037,-1.795727888374708,2.294914149111634,0.7566869033575991,2.511011106504752,-0.2196850058068529,1.9125549873169536,-0.16732687976020122
3.001913939418843,4,post_impact,-0.39234811926562463,0.2178151940661914,-0.108006765687405,-1.1614448887511488,2.294914149111634,0.7566869033575991,1.9125549873169536,-0.16732687976020122,2.511011106504752,-0.2196850058068529
3.011913939418843,4,flow,-0.39281675616513245,0.20639022089691642,0.014280437037764535,-1.123728419444929,2.306083032716912,0.7590920293618343,1.9232908859706215,-0.16474246468424025,2.511011106504752,-0.2196850058068529
3.0219139394188432,4,flow,-0.3920628627121391,0.19533711968480683,0.1364618146546872,-1.0870638727488837,2.316913852078208,0.7612972854828918,1.9348182868236292,-0.16282553049601478,2.511011106504752,-0.2196850058068529
3.031913939418843,4,flow,-0.39008863112893055,0.18464556330421586,0.25830959132112075,-1.051413518506513,2.327412973200432,0.763316380482693,1.9471425838365253,-0.16155897921342455,2.511011106504752,-0.2196850058068529
3.0419139394188432,4,flow,-0.38689856360699654,0.1743055799183443,0.37958927191946623,-1.0167441605779286,2.337586824718899,0.7651621998484512,1.9602687801126568,-0.1609215400015268,2.511011106504752,-0.2196850058068529
3.051913939418843,4,flow,-0.38249954784321827,0.1643075036991469,0.5000579712656528,-0.983027924085875,2.3474419059055394,0.7668468571430138,1.9742013559293292,-0.16088774491376845,2.511011106504752,-0.2196850058068529
3.0619139394188433,4,flow,-0.37690094929931073,0.15464191771391636,0.6194627452936594,-0.950243033043384,2.3569848065311985,0.7683817424022227,1.9889440924811088,-0.1614279331774091,2.511011106504752,-0.2196850058068529
3.071913939418843,4,flow,-0.3701147199987418,0.14529958913346658,0.73753895896557,-0.9183745661014,2.366222238066121,0.7697775672984974,2.004499851889031,-0.1625082876506979,2.511011106504752,-0.2196850058068529
3.0819139394188433,4,flow,-0.36215552327863443,0.13627139705551272,0.854008735741878,-0.8874151748778212,2.3751610755812864,0.7710444068473256,2.020870314860704,-0.1640909078895476,2.511011106504752,-0.2196850058068529
3.091913939418843,4,flow,-0.3530408734105316,0.1275482534102027,0.968579544662624,-0.8573657456808443,2.3838084095602023,0.7721917374884182,2.0380556783735426,-0.16613392499607627,2.511011106504752,-0.2196850058068529
3.1019139394188433,4,flow,-0.34279128838395356,0.11912101762595327,1.0809429930623808,-0.8282359815480176,2.3921716066406007,0.7732284714267066,2.056054316916728,-0.16859166402840164,2.511011106504752,-0.2196850058068529
3.111913939418843,4,flow,-0.3314304534056097,0.1109804059842604,1.190773905072554,-0.8000448775911461,2.4002583780763813,0.7741629871707812,2.0748624121787422,-0.1714148601678408,2.511011106504752,-0.2196850058068529
3.1219139394188433,4,flow,-0.3189853918074743,0.10311689688099744,1.2977297774796683,-0.7728210589601483,2.4080768544429065,0.7750031562582581,2.094473557605449,-0.1745509349933555,2.511011106504752,-0.2196850058068529
3.131913939418843,4,flow,-0.3054866390914944,0.09552063353445897,1.4014507140294525,-0.7466029477104694,2.41563566480755,0.7757563662091306,2.1148783459595415,-0.17794433902252516,2.511011106504752,-0.2196850058068529
3.1419139394188433,4,flow,-0.29096841479358904,0.08818132602816875,1.5015599454045963,-0.7214387229739742,2.422944018260916,0.7764295397993501,2.1360639498430936,-0.1815369660580235,2.511011106504752,-0.2196850058068529
3.151913939418843,4,flow,-0.2754687857672727,0.08108815493496398,1.5976650430991117,-0.6973860386744891,2.4300117853664798,0.7770291507973056,2.158013707029769,-0.18526864374507857,2.511011106504752,-0.2196850058068529
3.1619139394188434,4,flow,-0.2590298134286812,0.07422967911768293,1.6893599293342172,-0.6745114652307656,2.4368495767576728,0.7775612363548176,2.180706724287942,-0.189077703026723,2.511011106504752,-0.2196850058068529
3.171913939418843,4,flow,-0.24169767655044683,0.06759375061414502,1.7762277700878772,-0.652889626878492,2.443468815818288,0.7780314062907056,2.204117515022757,-0.19290162683129475,2.511011106504752,-0.2196850058068529
3.1819139394188434,4,flow,-0.223522760440305,0.06116743975736477,1.857844812593312,-0.632602014950823,2.449881802156809,0.7784448495476177,2.2282156873542482,-0.19667777533006292,2.511011106504752,-0.2196850058068529
3.191913939418843,4,flow,-0.2045597029038097,0.05493697381905273,1.9337851912673796,-0.6137354700074338,2.4561017624647024,0.7788063381401497,2.252965699986394,-0.2003441815047151,2.511011106504752,-0.2196850058068529
3.2019139394188434,4,flow,-0.18486738738698788,0.04888769245672626,2.003626676933205,-0.5963803420829439,2.4621428853712937,0.779120228942771,2.278326703204942,-0.2038404066748445,2.511011106504752,-0.2196850058068529
3.211913939418843,4,flow,-0.16450887423564603,0.04300402305581367,2.066957284774566,-0.5806283580631874,2.4680203371096785,0.7793904636882296,2.304252481377666,-0.20710844124220096,2.511011106504752,-0.2196850058068529
3.2219139394188434,4,flow,-0.14355126218282785,0.03726947865907896,2.12338258976791,-0.5665702472633514,2.4737502552179915,0.7796205675596654,2.3306915112654676,-0.21009363147898952,2.511011106504752,-0.2196850058068529
3.231913939418843,4,flow,-0.12206547403440267,0.03166668055083547,2.172533529247035,-0.5542931990603378,2.4793497181337982,0.7798136467617354,2.357587147201446,-0.21274560906128293,2.511011106504752,-0.2196850058068529
3.2419139394188434,4,flow,-0.10012596305770116,0.026177406715935426,2.214074407245852,-0.5438782477858675,2.4848366893932674,0.7799723854472077,2.3848779397717,-0.21501919661471747,2.511011106504752,-0.2196850058068529
3.251913939418843,4,flow,-0.0778103397115157,0.020782666349874315,2.2477107618878813,-0.5353976975390097,2.490229936194744,0.7800990423558223,2.4124980891730963,-0.21687526020097037,2.511011106504752,-0.2196850058068529
3.261913939418843,4,flow,-0.055198921932396824,0.015462799408272835,2.2731967230652548,-0.5289127106054491,2.4955489232769414,0.780195447492355,2.440378028199998,-0.21828147879908855,2.511011106504752,-0.2196850058068529
3.2719139394188432,4,flow,-0.03237421598358593,0.010197598927096848,2.2903414796836516,-0.5244711855940999,2.5008136843198616,0.7802629991317954,2.4684451232211786,-0.21921300170684443,2.511011106504752,-0.2196850058068529
3.2819139394188435,4,flow,-0.009420338593589312,0.004966452613390187,2.2990144982833236,-0.5221060437859932,2.506044674308135,0.7803026613927163,2.4966244750450985,-0.21965296754581054,2.511011106504752,-0.2196850058068529
3.2919139394188432,4,flow,0.013577605550108722,-0.0002515008979313069,2.2991491889594613,-0.5218340242033117,2.511262607400032,0.7803149625667964,2.5248397957789495,-0.21959286316301718,2.511011106504752,-0.2196850058068529
3.301913939418843,4,flow,0.03653417423796088,-0.005477206599559952,2.2907447973491224,-0.5236550604960515,2.5164882857185096,0.7802999943345794,2.5530143331923796,-0.21903270694960086,2.511011106504752,-0.2196850058068529
3.3119139394188433,4,flow,0.05936424770148018,-0.010731524519750553,2.2738664060324036,-0.5275522782131585,2.521742425041912,0.780257411936516,2.5810718111583033,-0.21798104852423594,2.511011106504752,-0.2196850058068529
3.321913939418843,4,flow,0.08198367907449641,-0.016035064225129105,2.248643045266395,-0.5334926125615169,2.5270454835739846,0.7801864353054542,2.6089373537011595,-0.2164547847968823,2.511011106504752,-0.2196850058068529
3.3319139394188433,4,flow,0.10430991695451847,-0.02140802845687524,2.21526402937533,-0.5414280083446489,2.532417499769386,0.7800858511035692,2.6365383612409765,-0.2144788004935072,2.511011106504752,-0.2196850058068529
3.341913939418843,4,flow,0.12626258333778412,-0.026870071386414732,2.1739737397924257,-0.5512971291965912,2.537877944639335,0.7799540155446798,2.663805310561138,-0.21208544864613366,2.511011106504752,-0.2196850058068529
3.3519139394188433,4,flow,0.14776399285585343,-0.03244017610140107,2.1250651586378098,-0.5630274757791544,2.543445593087742,0.7797888578234563,2.690672454634618,-0.20931389277379941,2.511011106504752,-0.2196850058068529
3.361913939418843,4,flow,0.16873960257839463,-0.03813655483000416,2.068872510836576,-0.5765377945932514,2.549138417726333,0.7795878839179773,2.7170784042415814,-0.20620933708097555,2.511011106504752,-0.2196850058068529
3.3719139394188433,4,flow,0.18911838536456096,-0.043976574181782246,2.005763395373404,-0.5917406513889099,2.5549735073879063,0.7793481804830665,2.7429665797760627,-0.20282217374987477,2.511011106504752,-0.2196850058068529
3.381913939418843,4,flow,0.20883312353604563,-0.04997670642707557,1.9361307783591364,-0.6085450455353505,2.5609670112998497,0.7790664185105811,2.7682855282299688,-0.19920707726547016,2.511011106504752,-0.2196850058068529
3.3919139394188433,4,flow,0.22782062322094201,-0.05615250664904455,1.8603851866058596,-0.6268589526961433,2.567134108690131,0.7787388564008269,2.7929891065630024,-0.1954220748296579,2.511011106504752,-0.2196850058068529
3.401913939418843,4,flow,0.24602185285080244,-0.06251861455865745,1.7789473870738095,-0.6465917005667485,2.573489002550241,0.778361342067698,2.8170365381208686,-0.19152761957557884,2.511011106504752,-0.2196850058068529
3.4119139394188434,4,flow,0.26338201182851206,-0.06908877891492111,1.6922417725811458,-0.6676561037533293,2.580044935425599,0.7779293136896783,2.840392353181422,-0.18758568985396162,2.511011106504752,-0.2196850058068529
3.421913939418843,4,flow,0.27985053724368764,-0.0758759018669739,1.6006906051061993,-0.689970306625903,2.586814224470133,0.7774377987196139,2.8630262279532324,-0.18365893373339592,2.511011106504752,-0.2196850058068529
3.4319139394188434,4,flow,0.29538105768796036,-0.08289210013458935,1.5047092013405365,-0.713459305029056,2.5938083125913383,0.7768814107777395,2.884912738409912,-0.17980987342466115,2.511011106504752,-0.2196850058068529
3.441913939418843,4,flow,0.30993130376440853,-0.09014877975357526,1.4047020857356016,-0.7380561374639449,2.601037832309657,0.7762543440738757,2.9060310463020613,-0.1761001799446662,2.511011106504752,-0.2196850058068529
3.4519139394188434,4,flow,0.32346298488295155,-0.097656721103664,1.301060087191898,-0.7637027527362387,2.608512678932754,0.7755503650346717,2.9263645347011376,-0.1725900242456262,2.511011106504752,-0.2196850058068529
3.461913939418843,4,flow,0.3359416414980898,-0.10542617107247192,1.1941583181406863,-0.7903505736210928,2.616242089765205,0.7747628008486992,2.9459004096885155,-0.16933750743709952,2.511011106504752,-0.2196850058068529
3.4719139394188434,4,flow,0.3473364811948178,-0.11346693945131275,1.084354949040957,-0.8179607848142355,2.6242347262987744,0.7738845246844653,2.964629283512063,-0.16639816973225596,2.511011106504752,-0.2196850058068529
3.481913939418843,4,flow,0.3576202060750855,-0.12178849697008085,0.9719906762270538,-0.8465043786399663,2.6324987566211897,0.7729079373824416,2.9825447528853997,-0.16382457539769923,2.511011106504752,-0.2196850058068529
3.4919139394188434,4,flow,0.3667688378393462,-0.13040007272644255,0.8573887749471386,-0.8759619942026908,2.641041935609617,0.7718249454706426,2.9996429842712216,-0.1616659692675767,2.511011106504752,-0.2196850058068529
3.501913939418843,4,flow,0.3747615458759401,-0.13931074912241523,0.7408556304092978,-0.906323585524276,2.6498716808124927,0.7706269354030492,3.0159223161075333,-0.1599679992490245,2.511011106504752,-0.2196850058068529
3.511913939418843,4,flow,0.3815804826263129,-0.14852955276866986,0.6226816457714759,-0.9375879523386105,2.6589951422496734,0.7693047439704872,3.031382886108084,-0.15877249862521547,2.511011106504752,-0.2196850058068529
3.5219139394188432,4,flow,0.38721062952878893,-0.15806554013925694,0.5031424355143539,-0.9697621641987922,2.6684192646619467,0.7678486248840515,3.0460262900668464,-0.15811732177104199,2.511011106504752,-0.2196850058068529
3.5319139394188435,4,flow,0.3916396559839614,-0.1679278770480442,0.38250022403405426,-1.0028609048862933,2.6781508410081556,0.766248211581694,3.059855277063615,-0.15803622704939313,2.511011106504752,-0.2196850058068529
3.5419139394188432,4,flow,0.39485779304350965,-0.178125911268512,0.26100538140528257,-1.0369057601894884,2.6881965562371746,0.7644924763594071,3.0728734846226398,-0.15855880107209275,2.511011106504752,-0.2196850058068529
3.551913939418843,4,flow,0.39685772290396143,-0.18866923782967865,0.1388980402216681,-1.0719244682351372,2.6985630205520517,0.7625696859799536,3.0850852162197357,-0.15971041911623274,2.511011106504752,-0.2196850058068529
3.5619139394188433,4,flow,0.39763448478279795,-0.19956775669428864,0.016409748619112,-1.1079501479142333,2.709256791536461,0.760467353964988,3.096495262553533,-0.16151223722147656,2.511011106504752,-0.2196850058068529
3.5719139394188435,4,flow,0.39718539735676206,-0.21083172266408248,-0.1062348753408969,-1.1450205176707091,2.7202843846326394,0.7581721898314508,3.1071087671731323,-0.16398121230518203,2.511011106504752,-0.2196850058068529
3.5819139394188433,4,flow,0.3955099976388788,-0.22247178746520754,-0.22881651399260544,-1.1831771140821232,2.7316522715498226,0.7556700455911259,3.1169311363623398,-0.1671301474781961,2.511011106504752,-0.2196850058068529
3.591913939418843,4,flow,0.39260999594818546,-0.2344990340484925,-0.3511195637828451,-1.2224645172875217,2.743366866247248,0.7529458598942554,3.125967992592346,-0.17096776059169805,2.511011106504752,-0.2196850058068529
3.6019139394188433,4,flow,0.38848924647052463,-0.24692500320039573,-0.4729306050056746,-1.2629295883763583,2.7554344981825833,0.7499836002646778,3.134225170344235,-0.17549877486913545,2.511011106504752,-0.2196850058068529
3.611913939418843,4,flow,0.3831537328076288,-0.2597617126031314,-0.5940369353626584,-1.3046207223438642,2.7678613725482064,0.7467662039463383,3.141708752643126,-0.18072403125625647,2.511011106504752,-0.2196850058068529
3.6219139394188433,4,flow,0.3766115678532813,-0.27302166851281545,-0.7142251714078175,-1.3475871190697404,2.780653517240899,0.7432755179595157,3.14842514621613,-0.18664062284077443,2.511011106504752,-0.2196850058068529
3.631913939418843,4,flow,0.3688730073094786,-0.28671787024458995,-0.8332799191142124,-1.3918780739533183,2.7938167163284677,0.739492239050549,3.1543811927660617,-0.1932420523375633,2.511011106504752,-0.2196850058068529
3.6419139394188433,4,flow,0.3599504761540988,-0.3008638076670367,-0.9509825127278771,-1.4375422892810454,2.8073564297941562,0.735395854311545,3.159584313427194,-0.2005184141935309,2.511011106504752,-0.2196850058068529
3.651913939418843,4,flow,0.3498586073877869,-0.3154734519170708,-1.0671098195826867,-1.4846272070575464,2.821277699360157,0.7309645833467417,3.1640426830267554,-0.208456603327285,2.511011106504752,-0.2196850058068529
3.6619139394188434,4,flow,0.3386142924166995,-0.3305612395527883,-1.1814331074723265,-1.5331783638477186,2.835585040218418,0.726175322969884,3.167765430309611,-0.21704055287130575,2.511011106504752,-0.2196850058068529
3.671913939418843,4,flow,0.32623674246604223,-0.34614205036677664,-1.29371697035556,-1.5832387681044513,2.850282318533332,0.7210035955318995,3.1707628597914375,-0.2262515035174072,2.511011106504752,-0.2196850058068529
3.6819139394188434,4,flow,0.31274756046515095,-0.36223117908706604,-1.403718307461622,-1.6348483004475531,2.8653726146295515,0.7154235020998593,3.173046690390501,-0.23606830716843152,2.511011106504752,-0.2196850058068529
3.691913939418843,4,flow,0.2981708228977933,-0.37884430119761014,-1.5111853501290913,-1.6880431373705784,2.8808580718414625,0.7094076818358958,3.174630305457722,-0.24646776755911504,2.511011106504752,-0.2196850058068529
3.7019139394188434,4,flow,0.2825331711722597,-0.39599743311493923,-1.6158567298336701,-1.7428551988432652,2.896739731081029,0.7029272790574305,3.175529008292146,-0.25742502031613945,2.511011106504752,-0.2196850058068529
3.711913939418843,4,flow,0.2658639121366388,-0.4137068869620421,-1.7174605797351816,-1.7993116202125852,2.9130173512796604,0.6959519195964295,3.175760276712741,-0.2689139545720305,2.511011106504752,-0.2196850058068529
3.719379012185562,4,pre_impact,0.25276673259708987,-0.4272996577965227,-1.7911403157993586,-1.8425419439474482,2.925425873463252,0.6904031223031297,3.175509603964124,-0.2778210912645579,2.511011106504752,-0.2196850058068529
3.719379012185562,5,post_impact,-0.4272996577965227,0.25276673259708987,0.0004134245698605099,-1.184601377669188,2.9254258734632517,0.6904031223031297,2.5110111065047516,-0.2196850058068529,3.175509603964124,-0.2778210912645579
3.7293790121855617,5,flow,-0.4266512442088875,0.2411281496267595,0.1293469243386605,-1.1432765851696411,2.936711314460262,0.6932481013937356,2.5228867480869295,-0.2171085475444282,3.175509603964124,-0.2778210912645579
3.739379012185562,5,flow,-0.4247115508482876,0.22989805908279348,0.25863081576703506,-1.1028944566699368,2.9476313380586894,0.6958685389194817,2.535573361814463,-0.21528908971209193,3.175509603964124,-0.2778210912645579
3.7493790121855617,5,flow,-0.42147823908444226,0.2190672808808639,0.38803113273495854,-1.063406364809054,2.9581903138866377,0.6982794804800843,2.54908054307662,-0.21420569497635833,3.175509603964124,-0.2778210912645579
3.759379012185562,5,flow,-0.4169513407812644,0.20862709907717897,0.5173073827867712,-1.024768271576979,2.968392639700099,0.7004950964345185,2.5634177742710604,-0.2138327213478851,3.175509603964124,-0.2778210912645579
3.7693790121855617,5,flow,-0.41113333449422806,0.1985692110587895,0.646210346778065,-0.9869417147179401,2.9782427444654647,0.7025287371862539,2.5785942680359444,-0.21413973902941874,3.175509603964124,-0.2778210912645579
3.779379012185562,5,flow,-0.4040292440406268,0.18888566678872784,0.7744798087284085,-0.9498948088561902,2.987745105950625,0.7043929858519019,2.5946187552241837,-0.21509147424762098,3.175509603964124,-0.2778210912645579
3.7893790121855617,5,flow,-0.3956467599991435,0.17956879801019549,0.9018422461815264,-0.9136032503985324,2.9969042825270855,0.7060997079639024,2.6114992169856217,-0.21664778482867086,3.175509603964124,-0.2778210912645579
3.799379012185562,5,flow,-0.3859963843281745,0.17061113744456394,1.0280085245739308,-0.878051310912307,3.0057249587726416,0.7076600979304477,2.629242561168354,-0.21876367351225834,3.175509603964124,-0.2778210912645579
3.8093790121855617,5,flow,-0.37509159778117923,0.16200532819617033,1.1526716547430154,-0.8432327985027892,3.014212004305672,0.7090847220451124,2.6478542443227475,-0.22138934621272666,3.175509603964124,-0.2778210912645579
3.819379012185562,5,flow,-0.3629490491182974,0.1537440238107352,1.2755046905996406,-0.8091519607800595,3.022370545069548,0.7103835579052806,2.6673378419364915,-0.22447032356820118,3.175509603964124,-0.2778210912645579
3.8293790121855618,5,flow,-0.34958876424595253,0.14581977973059437,1.3961588636870907,-0.7758242964724005,3.030206046011774,0.7115660301628378,2.6876945711858884,-0.2279476150880423,3.175509603964124,-0.2778210912645579
3.839379012185562,5,flow,-0.33503437234604055,0.13822493725346782,1.5142620719898405,-0.7432772359048806,3.0377244037622435,0.7126410425928288,2.7089227724845935,-0.23175796591425146,3.175509603964124,-0.2778210912645579
3.8493790121855618,5,flow,-0.31931334478046863,0.1309515015330862,1.6294178605826788,-0.7115506438795488,3.044932047507239,0.713617006525591,2.7310173584526303,-0.23583418653055988,3.175509603964124,-0.2778210912645579
3.859379012185562,5,flow,-0.30245724108863387,0.12399101565498115,1.7412050495762261,-0.6806970926247942,3.0518360457849454,0.7145018657445508,2.753969241591472,-0.24010557554195355,3.175509603964124,-0.2778210912645579
3.869379012185562,5,flow,-0.28450195477088325,0.11733443336683559,1.849178177741074,-0.6507818482912014,3.058444216406229,0.7153031180043129,2.7777647548692666,-0.2444984447529691,3.175509603964124,-0.2778210912645579
3.879379012185562,5,flow,-0.26548794983487534,0.110971993618047,1.9528689350109736,-0.6218825130178283,3.064765236152949,0.7160278333704206,2.8023850824753156,-0.24893675403996796,3.175509603964124,-0.2778210912645579
3.889379012185562,5,flow,-0.24546047737287757,0.10489310063432108,2.0517887501800725,-0.594088267070381,3.0708087463580096,0.7166826696215155,2.8278057210142404,-0.25334286080218194,3.175509603964124,-0.2778210912645579
3.899379012185562,5,flow,-0.22446975987198273,0.09908621377473885,2.1454326778280155,-0.5674986631799044,3.0765854499717817,0.7172738849848951,2.853995994131627,-0.25763838499060576,3.175509603964124,-0.2778210912645579
3.909379012185562,5,flow,-0.20257112970693109,0.09353875183377226,2.23328468756371,-0.5422219390559223,3.0821071953251122,0.717807348496195,2.880918645685458,-0.2617451858243959,3.175509603964124,-0.2778210912645579
3.919379012185562,5,flow,-0.179825107525237,0.08823701669313108,2.3148243969425266,-0.518372834795948,3.087387041575461,0.7182885482822423,2.908529537744994,-0.26558644038427237,3.175509603964124,-0.2778210912645579
3.929379012185562,5,flow,-0.1562974062173746,0.08316614122827565,2.3895352067201943,-0.49606992959076895,3.0924393008391977,0.7187225980630766,2.936777479535934,-0.2690878075252381,3.175509603964124,-0.2778210912645579
3.939379012185562,5,flow,-0.1320588470699043,0.07831006606626562,2.456913696096643,-0.47543254583128575,3.0972795523350642,0.7191142421558775,2.965604211607944,-0.2721786533318269,3.175509603964124,-0.2778210912645579
3.949379012185562,5,flow,-0.10718517668248742,0.07365154912419898,2.5164800223394423,-0.45657730642850297,3.101924624542074,0.7194678592424937,2.9949445657104894,-0.2747933071581612,3.175509603964124,-0.2778210912645579
3.959379012185562,5,flow,-0.08175677636782959,0.0691722108059362,2.567788953333547,-0.4396144696520554,3.106392542434462,0.7197874651369521,3.024726815003858,-0.27687231079625485,3.175509603964124,-0.2778210912645579
3.969379012185562,5,flow,-0.05585826001076261,0.06485261631164094,2.6104410559652558,-0.4246442008507651,3.1107024382841977,0.7200767147639625,3.05487322138921,-0.2783636182258924,3.175509603964124,-0.2778210912645579
3.9793790121855617,5,flow,-0.029577961564746173,0.060672394778017294,2.6440934823818245,-0.41175296724362975,3.1148744262600934,0.7203389035382797,3.085300777248622,-0.2792237004461563,3.175509603964124,-0.2778210912645579
3.989379012185562,5,flow,-0.003007319190223379,0.056610393023273885,2.6684697543197635,-0.40101025588088557,3.118929442995882,0.7205769683213008,3.1159221283386733,-0.2794185096977513,3.175509603964124,-0.2778210912645579
3.999379012185562,5,flow,0.02375983095506955,0.05264485966731117,2.683367954136048,-0.3924658121748283,3.122889058300852,0.7207934881273612,3.1466466537978413,-0.2789242603677835,3.175509603964124,-0.2778210912645579
4.009379012185562,5,flow,0.05062803264076278,0.04875365351837861,2.6886667958074866,-0.3861475751522083,3.1267752620625404,0.7209906847570404,3.177381669198967,-0.2777279901243008,3.175509603964124,-0.2778210912645579
4.019379012185562,5,flow,0.07750103582874637,0.04491446852905468,2.684329167900535,-0.38206044646751597,3.13061023497585,0.7211704235464813,3.2080337102613528,-0.2758278740823136,3.175509603964124,-0.2778210912645579
4.0293790121855615,5,flow,0.10428264463327405,0.04110506652344747,2.6704029041540873,-0.3801859762321468,3.134416111831052,0.7213342144333647,3.2385098491772473,-0.27323327641142525,3.175509603964124,-0.2778210912645579
4.039379012185562,5,flow,0.13087755882253763,0.03730350837115855,2.6470187281418442,-0.380482985668079,3.138214746618003,0.7214832135473109,3.2687189930976954,-0.26996453679093446,3.175509603964124,-0.2778210912645579
4.049379012185562,5,flow,0.15719218115343847,0.033488374412537686,2.614385515408027,-0.382889081374168,3.1420274885752995,0.7216182255271568,3.2985731154399764,-0.2660525023521022,3.175509603964124,-0.2778210912645579
4.059379012185562,5,flow,0.18313536519682985,0.02963896569885751,2.5727831967302617,-0.3873229560774692,3.1458749775565735,0.7217397067450904,3.327988375226117,-0.2615378280279028,3.175509603964124,-0.2778210912645579
4.0693790121855615,5,flow,0.20861908230159631,0.025735478915084636,2.5225537699822778,-0.3936873226459867,3.1497769657867147,0.7218477695750856,3.356886087102759,-0.25647007850277515,3.175509603964124,-0.2778210912645579
4.079379012185562,5,flow,0.2335589915342862,0.021759149558466594,2.4640909817804038,-0.401872296406179,3.1537521713816403,0.7219421877807463,3.3851935142303553,-0.250906672433616,3.175509603964124,-0.2778210912645579
4.089379012185562,5,flow,0.2578749022784138,0.017692359877956722,2.3978292777762302,-0.41175902746635096,3.157818167080951,0.7220224030189268,3.412844466885302,-0.2449117138722402,3.175509603964124,-0.2778210912645579
4.099379012185562,5,flow,0.281491125126993,0.013518710054150241,2.3242326041847923,-0.4232233892077042,3.161991305676029,0.7220875323663187,3.439779700389587,-0.23855475681444827,3.175509603964124,-0.2778210912645579
4.109379012185562,5,flow,0.30433671225292236,0.009223052951247753,2.243783581623148,-0.4361395485983674,3.166286681771701,0.7221363766840707,3.4659471159740436,-0.23190954682992004,3.175509603964124,-0.2778210912645579
4.119379012185562,5,flow,0.3263455932046462,0.004791494371450551,2.1569734785824526,-0.450383274309433,3.170718127926841,0.7221674295482483,3.4913017767033163,-0.2250527793457351,3.175509603964124,-0.2778210912645579
4.129379012185562,5,flow,0.34745661579956255,0.00021136200354853287,2.0642933004929183,-0.46583487499654236,3.175298241962149,0.7221788863984939,3.515805757208666,-0.21806290806750572,3.175509603964124,-0.2778210912645579
4.139379012185562,5,flow,0.36761350436951024,-0.004528852856112609,1.9662261952052869,-0.4823816980066443,3.1800384413387404,0.7221686534988743,3.539427850514455,-0.2110190299669602,3.175509603964124,-0.2778210912645579
4.149379012185562,5,flow,0.38676474907283065,-0.009439576216112841,1.8632412681253072,-0.4999201544222064,3.1849490399943456,0.7221343562666965,3.5621431577585203,-0.20399986593012187,3.175509603964124,-0.2778210912645579
4.159379012185562,5,flow,0.4048634404439469,-0.014530250159493927,1.7557888080940285,-0.5183572671115487,3.1900393428381615,0.7220733465078762,3.583932587320076,-0.1970828491147779,3.175509603964124,-0.2778210912645579
4.169379012185562,5,flow,0.4218670629830781,-0.019809444788141582,1.6442968527360684,-0.5376117628220629,3.195317753193435,0.7219827081001521,3.6047822891124506,-0.19034332672765275,3.175509603964124,-0.2778210912645579
4.179379012185562,5,flow,0.437737260601624,-0.025284978963438468,1.5291689705929494,-0.5576147468728393,3.200791888772074,0.721859260685449,3.624683047948567,-0.18385387556245203,3.175509603964124,-0.2778210912645579
4.189379012185562,5,flow,0.4524395853382519,-0.030964045910339976,1.4107831057241018,-0.5783100100094667,3.206468702200899,0.7216995609664831,3.643629657317202,-0.17768372736046922,3.175509603964124,-0.2778210912645579
4.199379012185561,5,flow,0.46594323913173497,-0.0368533402786691,1.2894913158569634,-0.5996540223335249,3.2123546026337992,0.7214999012463728,3.661620291951005,-0.1718982968726609,3.175509603964124,-0.2778210912645579
4.209379012185562,5,flow,0.4782208167323168,-0.042959183811922846,1.1656202340971114,-0.6216156700379495,3.2184555755273525,0.7212563048997684,3.6786558944970937,-0.16655880334076412,3.175509603964124,-0.2778210912645579
4.219379012185562,5,flow,0.48924805617076644,-0.04928764732088206,1.0394720930170611,-0.644175788156965,3.224777298190339,0.7209645185164562,3.694739588625132,-0.16172197484870443,3.175509603964124,-0.2778210912645579
4.229379012185562,5,flow,0.49900360166487345,-0.05584466716908027,0.9113261652487753,-0.667326537787952,3.231325249212579,0.7206200005107649,3.7098761281687382,-0.15743982447286753,3.175509603964124,-0.2778210912645579
4.239379012185562,5,flow,0.5074687824770953,-0.06263615493233396,0.7814404936461481,-0.6910706702134511,3.238104810318429,0.720217906040388,3.7240713894793993,-0.15375948722478372,3.175509603964124,-0.2778210912645579
4.249379012185562,5,flow,0.5146274100689741,-0.06966809928622981,0.650053804408214,-0.7154207137986307,3.2451213595663444,0.7197530681250971,3.737331912116937,-0.15072310728571836,3.175509603964124,-0.2778210912645579
4.259379012185562,5,flow,0.52046559493292,-0.07694665950140546,0.5173875166174776,-0.7403981130187948,3.252380355125935,0.7192199748986262,3.7496644913113224,-0.14836776585060374,3.175509603964124,-0.2778210912645579
4.269379012185562,5,flow,0.5249715837114681,-0.08447825018899216,0.3836477803464692,-0.7660323428602657,3.25988740911022,0.718612742965657,3.7610758242868614,-0.14672544092127082,3.175509603964124,-0.2778210912645579
4.2793790121855615,5,flow,0.5281356166208772,-0.09226961714306571,0.24902749215858822,-0.7923600163658534,3.267648351128638,0.7179250868706905,3.7715722115058927,-0.14582299153092615,3.175509603964124,-0.2778210912645579
4.289379012185562,5,flow,0.5299498047578478,-0.10032790428042185,0.11370825115511683,-0.8194239983783651,3.2756692813628323,0.7171502847173779,3.781159313121001,-0.14568216007890222,3.175509603964124,-0.2778210912645579
4.299379012185562,5,flow,0.5304080265610499,-0.10866071178826604,-0.022137769376780247,-0.8472725346038805,3.2839566130600177,0.7162811400065299,3.7898419603748987,-0.14631958766073927,3.175509603964124,-0.2778210912645579
4.309379012185562,5,flow,0.5295058425001633,-0.11727614566486853,-0.15834605011790576,-0.8759584019568393,3.2925171043952632,0.7153099397896816,3.7976240213091503,-0.14774683846175396,3.175509603964124,-0.2778210912645579
4.3193790121855615,5,flow,0.5272404269475124,-0.12618285888588496,-0.29475806163214613,-0.9055380836718027,3.301357879683269,0.7142284092637766,3.8045083198902763,-0.149970430425039,3.175509603964124,-0.2778210912645579
4.329379012185562,5,flow,0.5236105161402682,-0.13539008445290437,-0.43121971060749315,-0.936070970871014,3.310486439925308,0.7130276629628003,3.8104966074984477,-0.15299187049096719,3.175509603964124,-0.2778210912645579
4.339379012185562,5,flow,0.5186163711323626,-0.14490766059211868,-0.5675798951461721,-0.9676185909847392,3.319910662669325,0.7116981527346768,3.815589585606534,-0.15680769373718673,3.175509603964124,-0.2778210912645579
4.349379012185562,5,flow,0.512259754662573,-0.1547460483700897,-0.7036891655162728,-1.000243862638945,3.3296387911412575,0.710229612727963,3.819786978380198,-0.1614095067167649,3.175509603964124,-0.2778210912645579
4.359379012185562,5,flow,0.504543920907239,-0.1649163419875704,-0.8393984856571838,-1.0340103762394959,3.3396794125808955,0.7086110016535165,3.8230876538204477,-0.16678403620178395,3.175509603964124,-0.2778210912645579
4.369379012185562,5,flow,0.49547361713440446,-0.17543027200418843,-0.9745580906246543,-1.0689816994366703,3.350041425689451,0.7068304426322003,3.825489791925607,-0.17291318538869627,3.175509603964124,-0.2778210912645579
4.379379012185562,5,flow,0.485055096321318,-0.18630020173961942,-1.1090164358920787,-1.1052207068964055,3.360733997072039,0.7048751609913488,3.826991098148333,-0.17977410040885744,3.175509603964124,-0.2778210912645579
4.389379012185562,5,flow,0.47329613983154883,-0.19753911709336133,-1.2426192358256696,-1.1427889342844642,3.3717665065397893,0.7027314204304588,3.8275890601469427,-0.18733925070922863,3.175509603964124,-0.2778210912645579
4.399379012185562,5,flow,0.46020608926555484,-0.2091606100275076,-1.3752085905750784,-1.1817459570436823,3.3831484811261525,0.7003844580403374,3.8272812454636225,-0.1955765275176038,3.175509603964124,-0.2778210912645579
4.409379012185562,5,flow,0.4457958865948526,-0.2211788559667473,-1.5066222029274972,-1.2221487953723564,3.3948895176726204,0.6978184187294012,3.82606563729301,-0.20444936517352819,3.175509603964124,-0.2778210912645579
4.419379012185562,5,flow,0.4300781216618535,-0.2336085853885318,-1.636692689223572,-1.2640513477538609,3.4069991938527746,0.6950162896851999,3.8239410049247655,-0.21391689057614804,3.175509603964124,-0.2778210912645579
4.429379012185562,5,flow,0.4130670860732142,-0.2464650499048784,-1.7652469910839486,-1.3075038564018246,3.4194869675320154,0.6919598355774073,3.820907304748519,-0.22393410635527555,3.175509603964124,-0.2778210912645579
4.439379012185562,5,flow,0.39477883243396633,-0.259763983176125,-1.8921058972914138,-1.3525524090251204,3.432362064404933,0.6886295352888645,3.8169661068997804,-0.23445211358983653,3.175509603964124,-0.2778210912645579
4.449379012185561,5,flow,0.37523123776412376,-0.2735215570460975,-2.01708368754531,-1.3992384823291821,3.4456333539137827,0.6850045210418111,3.8121210417074423,-0.24541837995303062,3.175509603964124,-0.2778210912645579
4.459379012185562,5,flow,0.3544440698120708,-0.28775433334704015,-2.139987911763558,-1.4475985335930834,3.459309213530084,0.681062520864781,3.806378259091123,-0.2567770590279368,3.175509603964124,-0.2778210912645579
4.469379012185562,5,flow,0.33243905483499225,-0.3024792118900252,-2.2606193199448543,-1.497663647424325,3.4733973815762025,0.6767798054191487,3.7997468929716853,-0.26846936618161477,3.175509603964124,-0.2778210912645579
4.479379012185562,5,flow,0.309239945263221,-0.31771337523042786,-2.3787719580942057,-1.5494592453154303,3.487904798873292,0.672131140270093,3.7922395216320197,-0.2804340157813806,3.175509603964124,-0.2778210912645579
4.489379012185562,5,flow,0.2848725855123092,-0.3334742308755763,-2.4942334451220263,-1.6030048658207758,3.502837439623343,0.6670897447420207,3.7838726138389194,-0.2926077236581104,3.175509603964124,-0.2778210912645579
4.499379012185562,5,flow,0.2593649740659028,-0.34977935167913154,-2.606785443712512,-1.6583140229469522,3.518200132062391,0.6616272585406514,3.7746669494623397,-0.3049257775482853,3.175509603964124,-0.2778210912645579
4.509379012185562,5,flow,0.23274731983846744,-0.3666464152394698,-2.716204334696486,-1.7153941496145508,3.5339963695540413,0.6557137173509964,3.7646480023672737,-0.3173226767682523,3.175509603964124,-0.2778210912645579
4.518396517072801,5,pre_impact,0.20781990976946127,-0.3823528349688959,-2.8119973438328145,-1.7683859743392074,3.548614039313807,0.6499682600013392,3.754941249823309,-0.328514791565405,3.175509603964124,-0.2778210912645579
4.518396517072801,6,post_impact,-0.3823528349688959,0.20781990976946127,-0.15974884953589807,-1.1603463034681891,3.548614039313807,0.6499682600013392,3.175509603964124,-0.2778210912645579,3.754941249823309,-0.328514791565405
4.5283965170728,6,flow,-0.38335062768980316,0.1964003438540654,-0.039825653495646485,-1.123751623790505,3.5598011012197475,0.6522605763976063,3.1857711102920114,-0.27515603219132645,3.754941249823309,-0.328514791565405
4.5383965170728,6,flow,-0.38315003467408487,0.1853412452442108,0.07989138780168123,-1.088246679924337,3.5706593046910196,0.6543586309556539,3.196815354581407,-0.27313298677813524,3.754941249823309,-0.328514791565405
4.548396517072801,6,flow,-0.38175423372117334,0.17463189504054918,0.19917807884901723,-1.0537964459427456,3.5811956067401365,0.6562757706911668,3.2086466140666103,-0.271736755117586,3.754941249823309,-0.328514791565405
4.558396517072801,6,flow,-0.37916867543915966,0.16426190341024777,0.31780380301722244,-1.020370256097158,3.591417035532101,0.6580245291615711,3.221268715922191,-0.2709481407754729,3.754941249823309,-0.328514791565405
4.5683965170728005,6,flow,-0.3754011549758189,0.15422116234818717,0.43553001869213737,-0.9879425307541341,3.601330697857525,0.6596166765727002,3.2346849204901824,-0.2707439384248914,3.754941249823309,-0.328514791565405
4.5783965170728,6,flow,-0.37046189873689317,0.14449979123953557,0.552108770744123,-0.9564934884097782,3.610943797691429,0.6610632668915957,3.248897763493879,-0.271096949552888,3.754941249823309,-0.328514791565405
4.588396517072801,6,flow,-0.36436366577598683,0.13508807542010592,0.6672812509879492,-0.9260098319376046,3.620263665287071,0.6623746816976248,3.2639088579569115,-0.2719760293807607,3.754941249823309,-0.328514791565405
4.598396517072801,6,flow,-0.35712186316186495,0.1259763980629892,0.780776450125544,-0.896485394376921,3.6292977961411497,0.6635606705577236,3.279718657333146,-0.27334616884001206,3.754941249823309,-0.328514791565405
4.6083965170728005,6,flow,-0.34875467415557987,0.11715516588253783,0.8923099533797821,-0.8679217264313411,3.6380538990241065,0.6646303877629469,3.2963261822723156,-0.27516861606904675,3.754941249823309,-0.328514791565405
4.6183965170728,6,flow,-0.33928319745714103,0.10861472934139813,1.0015829422029032,-0.8403286045677911,3.646539952095079,0.6655924253135571,3.31372871451175,-0.27740104239353847,3.754941249823309,-0.328514791565405
4.628396517072801,6,flow,-0.3287315951068184,0.10034529827369823,1.108281474527562,-0.8137244353706787,3.654764265914329,0.6664548420892609,3.331921462603824,-0.27999775807126204,3.754941249823309,-0.328514791565405
4.638396517072801,6,flow,-0.317127245854357,0.09233685409597205,1.212076125227562,-0.7881365288802276,3.66273555192823,0.6672251891904555,3.350897205557263,-0.2829099831574693,3.754941249823309,-0.328514791565405
4.6483965170728005,6,flow,-0.30450089995424556,0.08457906006216612,1.3126220757280556,-0.7636012113751877,3.670462994737678,0.6679105314857945,3.370645921967964,-0.28608617861115326,3.754941249823309,-0.328514791565405
4.6583965170728,6,flow,-0.2908868304321971,0.07706117132150582,1.4095597457684748,-0.7401637468731279,3.6779563261785477,0.6685174654510921,3.391154413800992,-0.2894724421453171,3.754941249823309,-0.328514791565405
4.668396517072801,6,flow,-0.2763229749365392,0.06977194684487656,1.5025160596946336,-0.7178780370039156,3.685225898955611,0.6690521334343134,3.412405935595367,-0.29301297225870326,3.754941249823309,-0.328514791565405
4.678396517072801,6,flow,-0.260851061393065,0.06269956557842374,1.5911064327549558,-0.6968060713818656,3.692282757297249,0.6695202345305541,3.4343798414057662,-0.29665060231698337,3.754941249823309,-0.328514791565405
4.688396517072801,6,flow,-0.24451670989359214,0.0558315494388952,1.6749375481689404,-0.677017105655493,3.699138701860503,0.669927032298589,3.4570512631515538,-0.30032740444434125,3.754941249823309,-0.328514791565405
4.6983965170728,6,flow,-0.2273695026516766,0.04915469595588359,1.753610971969336,-0.6585865524513855,3.7058063459422934,0.6702773595954876,3.4803908350702177,-0.3039853603411222,3.754941249823309,-0.328514791565405
4.708396517072801,6,flow,-0.20946301354832408,0.0426550234604715,1.8267276190948278,-0.6415945816637345,3.7122991599738806,0.6705756208464414,3.504364479508237,-0.3075670930044827,3.754941249823309,-0.328514791565405
4.718396517072801,6,flow,-0.19085478886370444,0.03631773168595509,1.8938930410963966,-0.6261244408986367,3.7186315013234936,0.670825792101585,3.5289332691611186,-0.31101664979755683,3.754941249823309,-0.328514791565405
4.728396517072801,6,flow,-0.17160627133812395,0.030127180455033716,1.954723454450067,-0.6122605239044253,3.724818626635621,0.6710314192584331,3.5540533799413017,-0.3142803235526572,3.754941249823309,-0.328514791565405
4.7383965170728,6,flow,-0.15178266079706235,0.02406688875660914,2.0088523715506494,-0.6000862335977702,3.7308766843171166,0.6711956148458708,3.579676146787317,-0.31730749463365926,3.754941249823309,-0.328514791565405
4.748396517072801,6,flow,-0.13145270624686992,0.018119555953063676,2.055937638136354,-0.5896817054570664,3.736822685350961,0.6713210537719491,3.6057482318677865,-0.3200514734064508,3.754941249823309,-0.328514791565405
4.758396517072801,6,flow,-0.11068842658773016,0.012267106110344057,2.0956686265578166,-0.5811214748234154,3.74267445137354,0.6714099684319624,3.6322119107992226,-0.3224703196962745,3.754941249823309,-0.328514791565405
4.768396517072801,6,flow,-0.08956475982828811,0.006490755532314617,2.1277732901492867,-0.57447218599762,3.74845053986672,0.6714641435548602,3.659005477806583,-0.3245276138774281,3.754941249823309,-0.328514791565405
4.7783965170728,6,flow,-0.0681591437885042,0.0007711025521699379,2.152024756242821,-0.5697904499099506,3.754170147347555,0.6714849111350367,3.6860637654374018,-0.3261931535447017,3.754941249823309,-0.328514791565405
4.788396517072801,6,flow,-0.04655103455133429,-0.004911762449073367,2.1682471294814816,-0.5671209588208147,3.759852992522692,0.6714731457536685,3.713318768822606,-0.3274435504851272,3.754941249823309,-0.328514791565405
4.798396517072801,6,flow,-0.024821372131789886,-0.010578129885468182,2.176320196577532,-0.5664949598487484,3.765519182433344,0.6714292605403603,3.740700358966398,-0.32826270501788934,3.754941249823309,-0.328514791565405
4.808396517072801,6,flow,-0.0030520057132025595,-0.016248530707367856,2.176182769375779,-0.5679291738635103,3.771189065564819,0.6713532039638198,3.7681370645897205,-0.32864213867035863,3.754941249823309,-0.328514791565405
4.8183965170728005,6,flow,0.01867490689874839,-0.021943587834786872,2.167834472688092,-0.5714252232108334,3.776883076650596,0.6712444575718467,3.795556898082624,-0.32858117142209176,3.754941249823309,-0.328514791565405
4.8283965170728,6,flow,0.040277509440097725,-0.0276838645684776,2.1513358713798896,-0.57696960265737,3.782621578391794,0.671102034728721,3.822888198497195,-0.3280869360397154,3.754941249823309,-0.328514791565405
4.838396517072801,6,flow,0.06167485025352362,-0.0334897154476024,2.126806929471589,-0.5845341955362505,3.788424705495272,0.6709244803247203,3.8500604635172784,-0.327174228888478,3.754941249823309,-0.328514791565405
4.848396517072801,6,flow,0.08278746194719142,-0.03938114488146845,2.094423893092128,-0.5940773044257441,3.7943122162913783,0.6707098713604909,3.8770051430214223,-0.3258652035178745,3.754941249823309,-0.328514791565405
4.8583965170728005,6,flow,0.1035379027217662,-0.04537767841981204,2.0544147793097656,-0.6055451359807424,3.8003033567285978,0.6704558182410664,3.903656369181707,-0.32418891975178477,3.754941249823309,-0.328514791565405
4.8683965170728,6,flow,0.12385124665631761,-0.05149825079855733,2.0070537255818257,-0.6188736555613403,3.8064167408138534,0.6701594665524672,3.929951601799427,-0.32218076649327354,3.754941249823309,-0.328514791565405
4.878396517072801,6,flow,0.14365551304518112,-0.057761113965756804,1.952654504162533,-0.6339907109140339,3.8126702506335497,0.6698174990400082,3.955832172367221,-0.31988178062302264,3.754941249823309,-0.328514791565405
4.888396517072801,6,flow,0.1628820280664382,-0.06418376723835094,1.8915635292204602,-0.6508183163720015,3.8190809580341627,0.6694261374632758,3.9812437157933966,-0.3173378870106204,3.754941249823309,-0.328514791565405
4.8983965170728005,6,flow,0.1814657153484496,-0.07078291065171136,1.8241526821249736,-0.6692749897027311,3.825665068949079,0.6689811439693045,4.006136484353068,-0.3145990857130946,3.754941249823309,-0.328514791565405
4.9083965170728,6,flow,0.19934531514809378,-0.07757442152010252,1.7508122555278198,-0.6892780418204913,3.8324378903096177,0.6684778216034869,4.030465543832088,-0.3117186119956077,3.754941249823309,-0.328514791565405
4.918396517072801,6,flow,0.21646353466161714,-0.08457335329355209,1.671944274673207,-0.7107457334108491,3.839413818538804,0.6679110135674238,4.05419085665767,-0.3087520930854728,3.754941249823309,-0.328514791565405
4.928396517072801,6,flow,0.23276713431321353,-0.0917939550225936,1.587956401018301,-0.7335992300588475,3.846606347843739,0.6672751008340434,4.07727726081675,-0.3057567228532385,3.754941249823309,-0.328514791565405
4.938396517072801,6,flow,0.24820695662765915,-0.09924970915371205,1.4992565650039127,-0.7577643066770267,3.8540280959230246,0.6665639977422615,4.099694356410007,-0.3027904722316186,3.754941249823309,-0.328514791565405
4.9483965170728,6,flow,0.2627379054713001,-0.10695338498226534,1.4062484172472651,-0.7831727710631444,3.8616908442968523,0.6657711452152245,4.121416313738355,-0.2999113494606347,3.754941249823309,-0.328514791565405
4.958396517072801,6,flow,0.27631888407009797,-0.11491710487688149,1.3093276348948515,-0.8097635938385495,3.869605590239869,0.6648895012765553,4.142421617917975,-0.2971767204784437,3.754941249823309,-0.328514791565405
4.968396517072801,6,flow,0.28891270035051303,-0.12315242033843675,1.20887907530855,-0.8374837468487422,3.877782607229551,0.6639115285765953,4.162692765280432,-0.2946426962012322,3.754941249823309,-0.328514791565405
4.978396517072801,6,flow,0.30048594788720506,-0.1316703950388354,1.1052747341960478,-0.8662887638285733,3.886231510886903,0.662829178684,4.182215926385571,-0.29236359022807235,3.754941249823309,-0.328514791565405
4.9883965170728,6,flow,0.3110088701784202,-0.14048169216793915,0.9988724400645885,-0.8961430456238297,3.894961327550135,0.6616338729458257,4.20098058952193,-0.2903914477795412,3.754941249823309,-0.328514791565405
4.9983965170728,6,flow,0.320455215201492,-0.14959666366951505,0.8900152008850739,-0.9270199377008955,3.9039805628541444,0.6603164797702544,4.218979197255065,-0.288775644486161,3.754941249823309,-0.328514791565405
5.008396517072801,6,flow,0.32880208631391983,-0.15902543924028942,0.7790311109073618,-0.958901610451341,3.9132972679608438,0.658867288239381,4.236206787055439,-0.28756255199078506,3.754941249823309,-0.328514791565405
5.018396517072801,6,flow,0.3360297946330608,-0.16877801327586933,0.6662337241567822,-0.9917787734011745,3.922919101373487,0.6572759780143199,4.252660645417709,-0.28679526618885587,3.754941249823309,-0.328514791565405
5.0283965170728,6,flow,0.3421217171069632,-0.17886432825432125,0.5519228046728533,-1.025650253388541,3.9328533845535354,0.6555315855509044,4.2683399832687305,-0.286513393249211,3.754941249823309,-0.328514791565405
5.038396517072801,6,flow,0.3470641636220177,-0.18929435333861602,0.43638537051501886,-1.06052246457729,3.9431071498274077,0.6536224667013036,4.283245638921476,-0.2867528882696806,3.754941249823309,-0.328514791565405
5.048396517072801,6,flow,0.3508462557074645,-0.20007815724371347,0.31989695763660364,-1.0964087952654236,3.9536871793138806,0.651536255835152,4.297379813411226,-0.28754594145496193,3.754941249823309,-0.328514791565405
5.058396517072801,6,flow,0.3534598187078695,-0.21122597464751372,0.20272303983649403,-1.1333289331875043,3.964600033815945,0.6492598216736222,4.310745841772352,-0.28892090698914796,3.754941249823309,-0.328514791565405
5.0683965170728005,6,flow,0.3548992887084439,-0.22274826562519512,0.08512055130821046,-1.171308147677155,3.9758520708019645,0.6467792200918677,4.323348002686233,-0.2909022702468741,3.754941249823309,-0.328514791565405
5.0783965170728,6,flow,0.3551616350133948,-0.23465576775388597,-0.03266053177859678,-1.210376543851514,3.9874494507507796,0.644079644210099,4.335191367948132,-0.29351064958773543,3.754941249823309,-0.328514791565405
5.088396517072801,6,flow,0.35424629858818796,-0.2469595406715395,-0.1503755850874629,-1.2505683010310373,3.9993981312568563,0.6411453721619622,4.346281692350048,-0.2967628296591467,3.754941249823309,-0.328514791565405
5.098396517072801,6,flow,0.3521551465740603,-0.2596710029817813,-0.26778373164558,-1.2919209050193825,4.011703848386881,0.6379597130020367,4.356625343838018,-0.3006718238513507,3.754941249823309,-0.328514791565405
5.1083965170728005,6,flow,0.3488924427557546,-0.2728019614829672,-0.38464625835739297,-1.3344743816117293,4.024372084856641,0.6345049512920512,4.366229273158198,-0.30524696427213316,3.754941249823309,-0.328514791565405
5.1183965170728,6,flow,0.3444648337010404,-0.28636463276186597,-0.5007250669039833,-1.378270536876127,4.037408024654833,0.6307622909901396,4.375101021629386,-0.31049401830841916,3.754941249823309,-0.328514791565405
5.128396517072801,6,flow,0.3388813501822307,-0.3003716572414851,-0.6157811675273063,-1.4233522082407342,4.050816493790743,0.6267117993580322,4.38324876515763,-0.3164153314964737,3.754941249823309,-0.328514791565405
5.138396517072801,6,flow,0.3321534234249276,-0.3148361058061585,-0.7295732202739518,-1.4697625292596783,4.064601886884542,0.622332351699395,4.390681392117288,-0.3230099970119952,3.754941249823309,-0.328514791565405
5.1483965170728005,6,flow,0.3242949156999155,-0.3297714791512729,-0.8418561251377705,-1.5175442100461647,4.078768079359732,0.6176015778482037,4.397408612251738,-0.33027405260037923,3.754941249823309,-0.328514791565405
5.1583965170728,6,flow,0.3153221647725524,-0.345191700021483,-0.952379660069013,-1.56673883471877,4.0933183250403,0.6124958114394683,4.403441093283813,-0.33820070618168097,3.754941249823309,-0.328514791565405
5.168396517072801,6,flow,0.30525404174447335,-0.3611110985123383,-1.0608871638647344,-1.6173861767584128,4.108255139004652,0.6069900431156102,4.408790621465057,-0.3467805916715444,3.754941249823309,-0.328514791565405
5.178396517072801,6,flow,0.29411202186038704,-0.3775443906176249,-1.1671142593850623,-1.6695235328757314,4.123580165608048,0.6010578789499518,4.413470281832098,-0.35600205674666185,3.754941249823309,-0.328514791565405
5.188396517072801,6,flow,0.28192026790502744,-0.3945066502097065,-1.2707876112283176,-1.7231850758012606,4.139294031658552,0.594671505503345,4.4174946534808885,-0.36585148434003467,3.754941249823309,-0.328514791565405
5.1983965170728,6,flow,0.2687057258798793,-0.41201327464366433,-1.371623710837523,-1.778401226298477,4.155396184821849,0.5878016630698454,4.420880014723095,-0.37631364956706437,3.754941249823309,-0.328514791565405
5.208078903793066,6,pre_impact,0.25496442612583736,-0.4294973513252701,-1.4662757004470486,-1.8333695707416142,4.171355109179921,0.5806603828293492,4.4235660941223856,-0.3870118855933602,3.754941249823309,-0.328514791565405
5.208078903793066,7,post_impact,-0.4294973513252701,0.25496442612583736,-0.028851141269135284,-1.201805736545378,4.171355109179921,0.5806603828293492,3.7549412498233092,-0.328514791565405,4.4235660941223856,-0.3870118855933602
5.2180789037930655,7,flow,-0.42914264517493217,0.24315448420768937,0.099880334043321,-1.1603469804290698,4.182800585136067,0.5835714285443592,3.7667092419946417,-0.32575139320970026,4.4235660941223856,-0.3870118855933602
5.228078903793065,7,flow,-0.4274983695117897,0.23175428643973472,0.2290242187715625,-1.1198483612706243,4.193880832512436,0.5862530735000867,3.7792852285640075,-0.3237526875732364,4.4235660941223856,-0.3870118855933602
5.238078903793066,7,flow,-0.424561564076232,0.2207544816458004,0.35834691999458174,-1.0802604888626426,4.204600236510459,0.5887206357465168,3.7926789264921075,-0.3224987858818663,4.4235660941223856,-0.3870118855933602
5.248078903793066,7,flow,-0.4203316328728538,0.21014619147959343,0.4876088191682151,-1.0415383500391608,4.214963216717881,0.590988543618489,3.8068999757782356,-0.32196511971488795,4.4235660941223856,-0.3870118855933602
5.2580789037930655,7,flow,-0.4148104153358428,0.19992096173900592,0.6165620758152534,-1.0036422952324628,4.224974226705763,0.5930703916650232,3.8219577955851785,-0.3221223510109812,4.4235660941223856,-0.3870118855933602
5.268078903793065,7,flow,-0.40800227985864773,0.19007070372239032,0.7449483546449696,-0.9665390421526013,4.2346377682631715,0.5949789940425123,3.837861385201774,-0.3229363080658658,4.4235660941223856,-0.3870118855933602
5.278078903793066,7,flow,-0.39991424032514694,0.18058762550274782,0.872496503726387,-0.9302026865220949,4.243958419995022,0.5967264349952803,3.854619069009672,-0.3243679520109083,4.4235660941223856,-0.3870118855933602
5.288078903793066,7,flow,-0.3905560959415228,0.17146415311677624,0.9989202240983492,-0.8946157055969275,4.252940879904479,0.5983241161203159,3.872238185418606,-0.32637337950254797,4.4235660941223856,-0.3870118855933602
5.298078903793066,7,flow,-0.3799405941901059,0.16269284183289628,1.1239157864333007,-0.8597699351697046,4.261590021433242,0.5997828001828661,3.8907247207495215,-0.32890386858587084,4.4235660941223856,-0.3870118855933602
5.308078903793065,7,flow,-0.3680836160841361,0.15426627788393968,1.247159867973758,-0.8256674949214582,4.269910962232368,0.601112651316771,3.910082890324302,-0.33190597586433934,4.4235660941223856,-0.3870118855933602
5.318078903793066,7,flow,-0.3550043820736671,0.14617697133350285,1.3683076025471315,-0.7923216304990368,4.277909144675089,0.6023232715084724,3.9303146706066543,-0.3353216941352878,4.4235660941223856,-0.3870118855933602
5.328078903793066,7,flow,-0.34072567592131753,0.13841724109546005,1.4869909572747002,-0.7597574338063343,4.285590426795691,0.6034237333267963,3.95141928816251,-0.3390886804400479,4.4235660941223856,-0.3870118855933602
5.338078903793066,7,flow,-0.32527408262578805,0.1309790935458136,1.6028175703779668,-0.7280123961334987,4.292961181942597,0.6044226089217891,3.9733926734828655,-0.3431405649092871,4.4235660941223856,-0.3870118855933602
5.348078903793065,7,flow,-0.3086802350298776,0.1238540966517781,1.7153702034232772,-0.6971367425257459,4.300028404972154,0.6053279953745574,3.9962268903216684,-0.3474073507190317,4.4235660941223856,-0.3870118855933602
5.358078903793066,7,flow,-0.2909790621384165,0.1170332520843674,1.8242069759678037,-0.6671934910406172,4.306799822292477,0.6061475365353048,4.019909554091194,-0.3518159147567559,4.4235660941223856,-0.3870118855933602
5.368078903793066,7,flow,-0.27221003044820824,0.11050686835808377,1.9288625577876974,-0.638258178291334,4.31328400251328,0.6068884415372434,4.044423255921444,-0.35629061707132126,4.4235660941223856,-0.3870118855933602
5.378078903793066,7,flow,-0.2524173678483757,0.10426443862372975,2.0288504901025384,-0.6104181941137109,4.3194904638986715,0.6075575002181761,4.069745012062066,-0.3607540246987433,4.4235660941223856,-0.3870118855933602
5.388078903793065,7,flow,-0.2316502580141578,0.09829452728471964,2.123666788681053,-0.5837716745724646,4.325429774297952,0.6081610957175858,4.095845761152,-0.36512775190566693,4.4235660941223856,-0.3870118855933602
5.398078903793066,7,flow,-0.209962991855799,0.09258467005828515,2.2127949449308963,-0.5584259149831112,4.33111363879959,0.6087052145434139,4.122689934205361,-0.3693334142250093,4.4235660941223856,-0.3870118855933602
5.408078903793066,7,flow,-0.18741506169297098,0.08712129239537691,2.2957123835192483,-0.5344952839815208,4.33655497008048,0.6091954544182281,4.150235123610431,-0.3732936879194251,4.4235660941223856,-0.3870118855933602
5.418078903793066,7,flow,-0.16407118361737727,0.08188965123622768,2.3718983560209614,-0.5120986461354711,4.341767936376541,0.6096370302187155,4.178431877633118,-0.3769334598701404,4.4235660941223856,-0.3870118855933602
5.4280789037930655,7,flow,-0.14000123418958277,0.07687380484392378,2.4408431514938216,-0.49135633348764307,4.346767982249888,0.6100347783160174,4.207223645491491,-0.3801810456732072,4.4235660941223856,-0.3870118855933602
5.438078903793066,7,flow,-0.11528008936255064,0.072056614869539,2.502058392062492,-0.4723867439604009,4.351571817928201,0.6103931596090768,4.2365468947272165,-0.3829694464128168,4.4235660941223856,-0.3870118855933602
5.448078903793066,7,flow,-0.08998735643401469,0.06741978382695006,2.5550880635748827,-0.45530268374196636,4.3561973739758555,0.6107162615217838,4.266331417179126,-0.3852376077959715,4.4235660941223856,-0.3870118855933602
5.458078903793066,7,flow,-0.06420699389520423,0.06294392979656066,2.599519820560662,-0.4402076075186462,4.360663719420718,0.6110077992109482,4.296500832395649,-0.38693163979755607,4.4235660941223856,-0.3870118855933602
5.4680789037930655,7,flow,-0.03802681912091028,0.05860869848291167,2.6349960156614274,-0.4271919399146004,4.364990943157209,0.6112711162099395,4.326973288084103,-0.38800595142583005,4.4235660941223856,-0.3870118855933602
5.478078903793065,7,flow,-0.011537909642582916,0.05439291081871713,2.6612238512235873,-0.416329678886473,4.36920000037864,0.6115091847156475,4.357662346728568,-0.3884242543432985,4.4235660941223856,-0.3870118855933602
5.488078903793066,7,flow,0.01516609016778282,0.050274742279100254,2.67798404725799,-0.40767548302809997,4.373312527818663,0.6117246057164134,4.38847803660033,-0.38816039134244495,4.4235660941223856,-0.3870118855933602
5.498078903793066,7,flow,0.04198973933026487,0.04623192812155567,2.6851374728551174,-0.4012624273532405,4.377350633526738,0.6119196091558704,4.419328034992421,-0.3871989512593532,4.4235660941223856,-0.3870118855933602
5.5080789037930655,7,flow,0.06883662472707502,0.042241987089952054,2.682629297380233,-0.3971005761504259,4.3813366685763375,0.6120960543300751,4.450118942676689,-0.385535640620313,4.4235660941223856,-0.3870118855933602
5.518078903793065,7,flow,0.0956102133945925,0.0382824548715655,2.6704903750497238,-0.3951764696563233,4.385292989350984,0.6122554307195258,4.480757602164271,-0.38317739358375646,4.4235660941223856,-0.3870118855933602
5.528078903793066,7,flow,0.12221470435500513,0.034331117952149943,2.648835766290142,-0.3954535586392475,4.389241719695577,0.6123988594560456,4.511152409207536,-0.3801422146475498,4.4235660941223856,-0.3870118855933602
5.538078903793066,7,flow,0.14855585169340502,0.03036623849190737,2.617860499604573,-0.39787355473081315,4.393204522242785,0.6125270956139761,4.541214567303521,-0.37645876200033723,4.4235660941223856,-0.3870118855933602
5.548078903793066,7,flow,0.1745417326009377,0.02636676148975775,2.5778328661640653,-0.4023586018054307,4.397202387582056,0.612640531488425,4.570859238839537,-0.37216569209636585,4.4235660941223856,-0.3870118855933602
5.558078903793065,7,flow,0.20008343783921512,0.022312496721218752,2.5290856944245426,-0.40881412198814276,4.401255448725238,0.6127392009786738,4.600006553466192,-0.3673107969113576,4.4235660941223856,-0.3870118855933602
5.568078903793066,7,flow,0.22509566712860063,0.018184269592406148,2.4720061585076105,-0.41713215401663456,4.405382826671725,0.6128227851321641,4.628582443535572,-0.361949973531019,4.4235660941223856,-0.3870118855933602
5.578078903793066,7,flow,0.24949721779900103,0.013964036978189162,2.407024724080886,-0.4271949843261578,4.409602510957774,0.6128906188265483,4.656519287042244,-0.35614607072037086,4.4235660941223856,-0.3870118855933602
5.588078903793066,7,flow,0.27321136109389604,0.009634966118189222,2.334603829551363,-0.4388788722880459,4.413931277076619,0.612941698479668,4.683756349427594,-0.3499676587969093,4.4235660941223856,-0.3870118855933602
5.598078903793065,7,flow,0.29616610626112666,0.005181476556548431,2.255226846213095,-0.45205768808754787,4.418384640750927,0.61297469058702,4.7102400259159705,-0.34348776771971556,4.4235660941223856,-0.3870118855933602
5.608078903793066,7,flow,0.31829435757487945,0.0005892467895778158,2.1693877711552445,-0.4666063107160298,4.422976847366907,0.6129879408007554,4.735923894996609,-0.3367826343277084,4.4235660941223856,-0.3870118855933602
5.618078903793066,7,flow,0.3395339734289652,-0.004154811366016057,2.0775819960242563,-0.4824036696635164,4.427720893534703,0.6129794831903126,4.760768600753827,-0.32993049380435513,4.4235660941223856,-0.3870118855933602
5.628078903793066,7,flow,0.35982773948647684,-0.009062606699815312,1.9802983775727976,-0.4993353523973606,4.43262857676946,0.6129470492676027,4.784741586751259,-0.3230104434646035,4.4235660941223856,-0.3870118855933602
5.638078903793065,7,flow,0.3791232695639337,-0.014144946252755431,1.878012724457822,-0.5172957365855871,4.43771056869422,0.612888076322374,4.807816707105438,-0.316101399565451,4.4235660941223856,-0.3870118855933602
5.648078903793066,7,flow,0.39737284857281685,-0.019411631859902675,1.7711827177275528,-0.5361896383385235,4.442976506917727,0.6127997145969529,4.829973741437717,-0.3092811606379038,4.4235660941223856,-0.3870118855933602
5.658078903793066,7,flow,0.41453323161090466,-0.024871570818771584,1.6602442049536446,-0.5559334937597186,4.448435100782097,0.6126788328329735,4.851197839890438,-0.30262558427968667,4.4235660941223856,-0.3870118855933602
5.668078903793066,7,flow,0.43056541239676405,-0.030532896185077693,1.5456087517918273,-0.5764561101663104,4.454094246440413,0.6125220217434781,4.871478922710383,-0.29620787873026133,4.4235660941223856,-0.3870118855933602
5.6780789037930655,7,flow,0.44543437288394705,-0.036403092628434344,1.4276622990665861,-0.5976990356712002,4.459961147143892,0.6123255949984375,4.890811056420928,-0.29009800602049085,4.4235660941223856,-0.3870118855933602
5.688078903793066,7,flow,0.4591088242700084,-0.042489124303898354,1.306764755712091,-0.619616602210631,4.466042435129006,0.6120855873564462,4.909191825671141,-0.28436219007519736,4.4235660941223856,-0.3870118855933602
5.698078903793066,7,flow,0.4715609478917144,-0.04879756175744707,1.1832503545835058,-0.6421756986655895,4.472344292043222,0.6117977496262825,4.9266217167551005,-0.27906252078493277,4.4235660941223856,-0.3870118855933602
5.708078903793066,7,flow,0.4827661427975211,-0.055334705442224415,1.0574286055468347,-0.6653553286775276,4.478872565391849,0.6114575401957923,4.943103525760333,-0.27425664363291624,4.4235660941223856,-0.3870118855933602
5.7180789037930655,7,flow,0.49270278520077854,-0.062106703947477006,0.9295856948432887,-0.6891460032541109,4.485632878998037,0.6110601129193721,4.9586418014868805,-0.2699975238138572,4.4235660941223856,-0.3870118855933602
5.728078903793065,7,flow,0.5013520035984876,-0.069119665514106,0.7999861984817337,-0.7135490123013705,4.492630735923927,0.6106003012071143,4.973242330774112,-0.2663332737548447,4.4235660941223856,-0.3870118855933602
5.738078903793066,7,flow,0.5086974721199413,-0.07637976181933981,0.6688749979327753,-0.7385756126094538,4.499871612693048,0.6100725982071161,4.986911671728472,-0.26330703339346717,4.4235660941223856,-0.3870118855933602
5.748078903793066,7,flow,0.5147252236554256,-0.08389332335485372,0.5364793069003233,-0.7642461631605629,4.507361043979147,0.6094711330168432,4.9996567385716295,-0.26095689335047534,4.4235660941223856,-0.3870118855933602
5.7580789037930655,7,flow,0.5194234835006725,-0.09166692599944459,0.4030107372175143,-0.7905892323332568,4.515104697186292,0.6087896428996968,5.011484440407886,-0.25931585214066044,4.4235660941223856,-0.3870118855933602
5.768078903793066,7,flow,0.5227825236215577,-0.09970746860415432,0.2686673492111095,-0.817640695903941,4.523108436544421,0.6080214415194226,5.022401375108357,-0.25841179970588324,4.4235660941223856,-0.3870118855933602
5.778078903793066,7,flow,0.5247945371737509,-0.10802224157149387,0.13363564682416265,-0.8454428398283546,4.5313783764904105,0.6071593832384228,5.032413578683446,-0.2582675207594737,4.4235660941223856,-0.3870118855933602
5.788078903793066,7,flow,0.5254535325793693,-0.11661898652899175,-0.0019075097326523155,-0.8740434776679332,4.539920924205001,0.6061958235573721,5.041526329916877,-0.2589007126515206,4.4235660941223856,-0.3870118855933602
5.798078903793066,7,flow,0.5247552462427184,-0.1255059472786329,-0.13779309095035458,-0.9034950891918746,4.548742811238513,0.6051225758038987,5.049744009616014,-0.2603240136655537,4.4235660941223856,-0.3870118855933602
5.808078903793065,7,flow,0.5226970728568678,-0.13469191225546787,-0.27385819391003946,-0.9338539840823167,4.5578511141908535,0.6039308642086711,5.057070013548988,-0.2625450388167119,4.4235660941223856,-0.3870118855933602
5.818078903793066,7,flow,0.5192780121902665,-0.14418624875768782,-0.4099444505246867,-0.9651794927212098,4.5672532644208035,0.602611273539263,5.06350671794674,-0.26556642132716324,4.4235660941223856,-0.3870118855933602
5.828078903793066,7,flow,0.5144986312308754,-0.15399892922294084,-0.5458965474651764,-0.9975331846668384,4.576957046752433,0.6011536954967962,5.069055496311466,-0.26938585899891765,4.4235660941223856,-0.3870118855933602
5.838078903793066,7,flow,0.5083610405855314,-0.1641405498269784,-0.6815608544661859,-1.0309781145468406,4.586970587128195,0.5995472721186922,5.07371678615648,-0.2739961656859299,4.4235660941223856,-0.3870118855933602
5.848078903793065,7,flow,0.5008688840735368,-0.17462234167535606,-0.8167841563458168,-1.065578094635357,4.59730232913375,0.5977803364738513,5.077490204179819,-0.27938532898435653,4.4235660941223856,-0.3870118855933602
5.858078903793066,7,flow,0.49202734050240715,-0.1854561748507797,-0.9514124837414764,-1.101396993271519,4.607960999293111,0.5958403509849972,5.080374708218142,-0.28553657611242556,4.4235660941223856,-0.3870118855933602
5.868078903793066,7,flow,0.4818431366617475,-0.19665455557094405,-1.0852900380829782,-1.1384980584575748,4.618955561008095,0.5937138437673609,5.082368804117919,-0.2924284507375541,4.4235660941223856,-0.3870118855933602
5.878078903793066,7,flow,0.4703245706105518,-0.20823061670701348,-1.2182582075161243,-1.1769432663946993,4.630295156996489,0.5913863434336526,5.0834707953792275,-0.300034904224489,4.4235660941223856,-0.3870118855933602
5.888078903793065,7,flow,0.4574815443579074,-0.22019810191339345,-1.3501546721989248,-1.216792695326457,4.641989040071837,0.5888423128823973,5.083679073058818,-0.30832540541778763,4.4235660941223856,-0.3870118855933602
5.898078903793066,7,flow,0.4433256050427302,-0.23257134362683884,-1.4808125994699903,-1.258103925820926,4.654046492106721,0.5860650826599134,5.082992442951918,-0.31726507362488043,4.4235660941223856,-0.3870118855933602
5.908078903793066,7,flow,0.4278699937017748,-0.2453652352085246,-1.6100599316896973,-1.3009314694907113,4.666476731033151,0.5830367845647957,5.081410486498869,-0.3268148399186229,4.4235660941223856,-0.3870118855933602
5.918078903793066,7,flow,0.4111297006752783,-0.25859519752732313,-1.7377187719317169,-1.3453262290820935,4.679288805759878,0.5797382862466905,5.07893395117948,-0.33693164221313676,4.4235660941223856,-0.3870118855933602
5.9280789037930655,7,flow,0.3931215266361972,-0.2722771403165957,-1.8636048749994425,-1.3913349938133053,4.6924914789285905,0.5761491276369484,5.075565165366626,-0.3475686597628468,4.4235660941223856,-0.3870118855933602
5.938078903793066,7,flow,0.37386414814373325,-0.2864274186802209,-1.9875272532899873,-1.4389999747545827,4.7060930974897035,0.5722474601355639,5.071308471718442,-0.3586755927678231,4.4235660941223856,-0.3870118855933602
5.948078903793066,7,flow,0.3533781865180935,-0.30106278517570234,-2.109287908643889,-1.4883583858592246,4.720101451154197,0.5680099895644899,5.0661706722100766,-0.37019899261260303,4.4235660941223856,-0.3870118855933602
5.958078903793066,7,flow,0.3316862787165229,-0.31620033796171865,-2.2286817023017287,-1.5394420769075363,4.734523618869905,0.5634119239794512,5.060161476863666,-0.38208264789351065,4.4235660941223856,-0.3870118855933602
5.9680789037930655,7,flow,0.30881314876795046,-0.331857465562396,-2.345496375226929,-1.5922772250389647,4.749365803577506,0.5584269275082381,5.053293947160373,-0.39426803077498485,4.4235660941223856,-0.3870118855933602
5.978078903793065,7,flow,0.2847856782046483,-0.3480517888681066,-2.4595127301270967,-1.646884091640727,4.764633155620696,0.5530270814505107,5.0455849240519175,-0.40669480733569874,4.4235660941223856,-0.3870118855933602
5.988078903793066,7,flow,0.25963297382587497,-0.364801101059092,-2.570504984297093,-1.7032768510499694,4.780329585313152,0.5471828539301378,5.037055429481452,-0.41930141440332747,4.4235660941223856,-0.3870118855933602
5.998078903793066,7,flow,0.23338643105438578,-0.38212330619923235,-2.6782412987150144,-1.7614634967291356,4.79645756529742,0.5408630794342121,5.027731029434951,-0.4320257039248244,4.4235660941223856,-0.3870118855933602
6.00382787637746,7,pre_impact,0.21781519457589132,-0.3923481197753245,-2.738612675114841,-1.7957278896153301,4.8059252563880355,0.5370018973295517,5.0220222142788105,-0.43937001172475565,4.4235660941223856,-0.3870118855933602
6.00382787637746,8,post_impact,-0.3923481197753245,0.21781519457589132,-0.10800676318566182,-1.1614448888095459,4.8059252563880355,0.5370018973295517,4.4235660941223856,-0.3870118855933602,5.0220222142788105,-0.43937001172475565
6.0138278763774595,8,flow,-0.392816756649232,0.20639022140631338,0.014280439657006927,-1.123728419446805,4.817094139992384,0.5394070233395418,4.434301992798866,-0.38442747052122317,5.0220222142788105,-0.43937001172475565
6.023827876377459,8,flow,-0.392062863169436,0.1953371201944757,0.13646181739683722,-1.0870638726922859,4.82792495935229,0.5416122794660637,4.445829393675114,-0.3825105363381117,5.0220222142788105,-0.43937001172475565
6.03382787637746,8,flow,-0.39008863155816953,0.18464556381475178,0.25830959419142524,-1.051413518389346,4.838424080472633,0.5436313744710568,4.458153690711733,-0.3812439850618339,5.0220222142788105,-0.43937001172475565
6.04382787637746,8,flow,-0.38689856400687045,0.17430558043036395,0.37958927492299854,-1.0167441603979614,4.848597931988697,0.5454771938417519,4.4712798870121375,-0.38060654585734655,5.0220222142788105,-0.43937001172475565
6.05382787637746,8,flow,-0.3824995482123703,0.16430750421329,0.5000579744072898,-0.9830279238407521,4.8584530131723795,0.547161851141013,4.485212462853694,-0.3805727507779867,5.0220222142788105,-0.43937001172475565
6.063827876377459,8,flow,-0.37690094963633636,0.1546419182308467,0.6194627485780525,-0.9502430327306395,4.867995913794495,0.5486967364046991,4.499955199431035,-0.3811129390508936,5.0220222142788105,-0.43937001172475565
6.07382787637746,8,flow,-0.37011472030219134,0.1452995896538731,0.7375389623971027,-0.9183745657184759,4.877233345325257,0.5500925613052456,4.515510958865265,-0.3821932935341852,5.0220222142788105,-0.43937001172475565
6.08382787637746,8,flow,-0.36215552354701586,0.13627139758011034,0.854008739324616,-0.8874151744220884,4.886172182835611,0.5513594008581563,4.531881421864055,-0.38377591378363185,5.0220222142788105,-0.43937001172475565
6.09382787637746,8,flow,-0.35304087364231407,0.12754825393973282,0.9685795484002514,-0.8573657451496292,4.894819516809032,0.5525067315031578,4.549066785404885,-0.38581893090119723,5.0220222142788105,-0.43937001172475565
6.103827876377459,8,flow,-0.3427912885775717,0.11912101816118417,1.0809429969581275,-0.8282359809386313,4.903182713883221,0.5535434654451973,4.567065423976995,-0.38827666994483256,5.0220222142788105,-0.43937001172475565
6.11382787637746,8,flow,-0.33143045355946826,0.11098040652598717,1.1907739091291094,-0.800044876900918,4.9112694853120455,0.5544779811928808,4.585873519268921,-0.39109986609567626,5.0220222142788105,-0.43937001172475565
6.12382787637746,8,flow,-0.31898539191995445,0.10311689743004163,1.2977297816990874,-0.7728210581864636,4.919087961670837,0.5553181502838399,4.605484664726574,-0.3942359409324995,5.0220222142788105,-0.43937001172475565
6.13382787637746,8,flow,-0.3054866391609602,0.09552063409166785,1.401450718413051,-0.7466029468508097,4.926646772026939,0.5560713602380838,4.6258894531126815,-0.39762934497267965,5.0220222142788105,-0.43937001172475565
6.143827876377459,8,flow,-0.29096841481839564,0.08818132659441409,1.5015599499528387,-0.7214387220259599,4.933955125470929,0.5567445338315798,4.647075057029342,-0.40122197201867726,5.0220222142788105,-0.43937001172475565
6.15382787637746,8,flow,-0.2754687857457752,0.08108815551114046,1.5976650478114969,-0.6973860376359242,4.941022892566255,0.557344144832733,4.669024814250231,-0.4049536497154984,5.0220222142788105,-0.43937001172475565
6.16382787637746,8,flow,-0.2590298133592452,0.07422967970470613,1.6893599342091625,-0.674511464099681,4.947860683946325,0.5578762303933803,4.691717831543714,-0.4087627090059458,5.0220222142788105,-0.43937001172475565
6.17382787637746,8,flow,-0.24169767643145967,0.06759375121294887,1.7762277751226068,-0.6528896256531896,4.95447992299491,0.5583464003323583,4.715128622314907,-0.4125866328181217,5.0220222142788105,-0.43937001172475565
6.1838278763774595,8,flow,-0.22352276027018803,0.061167440368898644,1.8578448177837565,-0.6326020136299142,4.960892909320477,0.5587598435923323,4.739226794683801,-0.4163627813230576,5.0220222142788105,-0.43937001172475565
6.19382787637746,8,flow,-0.2045597026810318,0.05493697444427823,1.9337851966080908,-0.6137354685898727,4.967112869614478,0.5591213321879163,4.763976807354303,-0.42002918750220275,5.0220222142788105,-0.43937001172475565
6.20382787637746,8,flow,-0.18486738711007963,0.04888769309661361,2.0036266824172952,-0.5963803405680536,4.973153992506229,0.5594352229935982,4.789337810612068,-0.4235254126749176,5.0220222142788105,-0.43937001172475565
6.21382787637746,8,flow,-0.16450887390321425,0.04300402371133795,2.066957290393674,-0.5806283564506748,4.979031444228819,0.5597054577421454,4.81526358882475,-0.42679344724272683,5.0220222142788105,-0.43937001172475565
6.2238278763774595,8,flow,-0.1435512617935703,0.03726947933121625,2.1233825955122034,-0.5665702455533107,4.98476136232038,0.5599355616167182,4.84170261875311,-0.42977863747762346,5.0220222142788105,-0.43937001172475565
6.23382787637746,8,flow,-0.12206547358712257,0.03166668124055899,2.1725335351052544,-0.5542931972532398,4.990360825218479,0.5601286408219951,4.868598254730078,-0.4324306150554851,5.0220222142788105,-0.43937001172475565
6.24382787637746,8,flow,-0.10012596255132121,0.026177407424211926,2.2140744132053958,-0.5438782458825336,4.995847796459292,0.5602873795107662,4.895889047341568,-0.434704202601776,5.0220222142788105,-0.43937001172475565
6.25382787637746,8,flow,-0.07781033914509078,0.020782667077660737,2.2477107679349335,-0.5353976955405719,5.001241043241174,0.5604140364227953,4.923509196784237,-0.43656026617802657,5.0220222142788105,-0.43937001172475565
6.2638278763774595,8,flow,-0.055198921305125395,0.015462800156513459,2.273196729184955,-0.5289127085132941,5.006560030302849,0.5605104415628829,4.951389135852221,-0.4379664847631678,5.0220222142788105,-0.43937001172475565
6.27382787637746,8,flow,-0.03237421529481937,0.010197599696721111,2.2903414858603024,-0.5244711834098007,5.011824791324336,0.5605779932060445,4.979456230914058,-0.43889800765488973,5.0220222142788105,-0.43937001172475565
6.28382787637746,8,flow,-0.009420337842839221,0.004966453405311181,2.2990145045006254,-0.522106041511231,5.017055781290282,0.5606176554708805,5.007635582777963,-0.4393379734747185,5.0220222142788105,-0.43937001172475565
6.29382787637746,8,flow,0.013577606363165804,-0.000251500082817483,2.2991491952007688,-0.5218340218397889,5.022273714358977,0.5606299566490986,5.035850903550877,-0.4392778690696759,5.0220222142788105,-0.43937001172475565
6.30382787637746,8,flow,0.03653417511348133,-0.00547720576037396,2.290744803597703,-0.5236550580454029,5.027499392653395,0.560614988421273,5.064025441002201,-0.438717712830928,5.0220222142788105,-0.43937001172475565
6.313827876377459,8,flow,0.05936424863945365,-0.010731523655628697,2.273866412271697,-0.5275522756768629,5.032753531951898,0.5605724060278864,5.092082919004611,-0.4376660543772162,5.0220222142788105,-0.43937001172475565
6.32382787637746,8,flow,0.08198368007474889,-0.01603506333522134,2.2486430514802547,-0.533492609940812,5.0380565904582495,0.5605014294018205,5.119948461582317,-0.4361397906186034,5.0220222142788105,-0.43937001172475565
6.33382787637746,8,flow,0.10430991801671739,-0.021408027540342364,2.215264035548236,-0.5414280056404568,5.0434286066271214,0.5604008452052862,5.147549469155138,-0.4341638062811931,5.0220222142788105,-0.43937001172475565
6.34382787637746,8,flow,0.12626258446144567,-0.026870070442424933,2.173973745909664,-0.551297126409454,5.048889051469745,0.5602690096521391,5.174816418506264,-0.43177045439717465,5.0220222142788105,-0.43937001172475565
6.353827876377459,8,flow,0.14776399404035118,-0.03244017512912583,2.1250651646856076,-0.5630274729091833,5.054456699890037,0.5601038519370888,5.201683562608503,-0.428998898485777,5.0220222142788105,-0.43937001172475565
6.36382787637746,8,flow,0.1687396038229696,-0.03813655382861376,2.068872516802193,-0.5765377916400911,5.06014952449973,0.5599028780382549,5.228089512241876,-0.42589434275168403,5.0220222142788105,-0.43937001172475565
6.37382787637746,8,flow,0.18911838666833214,-0.043976573150440984,2.0057634012451775,-0.5917406483517174,5.0659846141316205,0.559663174610504,5.253977687800303,-0.4225071793773373,5.0220222142788105,-0.43937001172475565
6.38382787637746,8,flow,0.2088331248980208,-0.04997670536493686,1.9361307841264834,-0.6085450424127895,5.071978118013096,0.5593814126457385,5.279296636275599,-0.4188920828479502,5.0220222142788105,-0.43937001172475565
6.393827876377459,8,flow,0.2278206246400284,-0.05615250555524599,1.8603851922592416,-0.6268589494863911,5.078145215372115,0.5590538505443114,5.304000214627405,-0.41510708036566557,5.0220222142788105,-0.43937001172475565
6.40382787637746,8,flow,0.2460218543258167,-0.06251861343231606,1.7789473926046584,-0.6465916972675145,5.0845001092001585,0.5586763362201667,5.328047646201386,-0.4112126250638741,5.0220222142788105,-0.43937001172475565
6.41382787637746,8,flow,0.2633820133581897,-0.06908877775512878,1.6922417779817676,-0.6676561003618837,5.0910560420426325,0.5582443078518405,5.351403461275382,-0.40727069529355175,5.0220222142788105,-0.43937001172475565
6.42382787637746,8,flow,0.27985053882669114,-0.07587590067279316,1.6006906103696543,-0.6899703031391119,5.097825331053447,0.5577527928922338,5.374037336057966,-0.4033439391235315,5.0220222142788105,-0.43937001172475565
6.4338278763774595,8,flow,0.2953810593228861,-0.08289209890504953,1.504709206460508,-0.7134593014434223,5.104819419140079,0.5571964049616392,5.395923846522772,-0.39949487876482737,5.0220222142788105,-0.43937001172475565
6.44382787637746,8,flow,0.3099313054497921,-0.09014877848766908,1.4047020907062533,-0.7380561337756527,5.11204893882295,0.5565693382699384,5.417042154420437,-0.39578518523457296,5.0220222142788105,-0.43937001172475565
6.45382787637746,8,flow,0.323462986617272,-0.09765671980034467,1.3010600920077289,-0.7637027489411989,5.1195237854097035,0.5558653592438446,5.437375642822466,-0.3922750294851963,5.0220222142788105,-0.43937001172475565
6.46382787637746,8,flow,0.33594164327977233,-0.10542616973065057,1.1941583227963897,-0.7903505697149897,5.127253196204892,0.5550777950719976,5.45691151781029,-0.3890225126264546,5.0220222142788105,-0.43937001172475565
6.4738278763774595,8,flow,0.3473364830222348,-0.11346693806985637,1.084354953531279,-0.8179607807925712,5.13524583270026,0.5541995189229761,5.4756403916318375,-0.3860831748717023,5.0220222142788105,-0.43937001172475565
6.483827876377459,8,flow,0.3576202079465567,-0.12178849554781075,0.9719906805466613,-0.8465043744981048,5.143509862983513,0.553222931637327,5.493555861000791,-0.3835095804877128,5.0220222142788105,-0.43937001172475565
6.49382787637746,8,flow,0.3667688397531369,-0.13040007126213315,0.8573887790904925,-0.8759619899359002,5.152053041931798,0.5521399397431452,5.510654092379909,-0.3813509743087867,5.0220222142788105,-0.43937001172475565
6.50382787637746,8,flow,0.37476154783025883,-0.13931074761479337,0.7408556343705365,-0.906323581127767,5.160882787093535,0.5509419296944956,5.526933424207255,-0.3796530042421984,5.0220222142788105,-0.43937001172475565
6.5138278763774595,8,flow,0.38158048461930744,-0.14852955121641429,0.6226816495443048,-0.9375879478075733,5.1700062484885665,0.5496197382822935,5.54239399419663,-0.3784575035712424,5.0220222142788105,-0.43937001172475565
6.52382787637746,8,flow,0.38721063155854146,-0.15806553854099833,0.5031424390919448,-0.9697621595284315,5.179430370857671,0.5481636192177277,5.557037398142052,-0.37780232667091695,5.0220222142788105,-0.43937001172475565
6.53382787637746,8,flow,0.3916396580484829,-0.16792787540236556,0.3825002274089496,-1.00286090007186,5.189161947159685,0.5465632059388496,5.57086638512335,-0.3777212319042006,5.0220222142788105,-0.43937001172475565
6.54382787637746,8,flow,0.3948577951407328,-0.17812590957394914,0.26100538456930816,-1.0369057552263106,5.199207662343483,0.5448074707417563,5.583884592664792,-0.3782438058829902,5.0220222142788105,-0.43937001172475565
6.55382787637746,8,flow,0.39685772503173344,-0.18866923608472122,0.13889804316584914,-1.0719244631186475,5.209574126612118,0.5428846803893209,5.596096324242204,-0.37939542388443426,5.0220222142788105,-0.43937001172475565
6.563827876377459,8,flow,0.3976344869388719,-0.19956775489738118,0.016409751333593826,-1.1079501426399974,5.2202678975492764,0.5407823484033144,5.607506370554205,-0.38119724194823534,5.0220222142788105,-0.43937001172475565
6.57382787637746,8,flow,0.3971853995387877,-0.21083172081362606,-0.10623487286692533,-1.145020512234451,5.2312954905972155,0.5384871843007992,5.618119875149871,-0.38366621699177295,5.0220222142788105,-0.43937001172475565
6.58382787637746,8,flow,0.3955099998443928,-0.22247178555956126,-0.22881651177098633,-1.1831771084797515,5.242663377465199,0.5359850400936872,5.6279422443129645,-0.386815152125897,5.0220222142788105,-0.43937001172475565
6.59382787637746,8,flow,0.3926099981746004,-0.23449903208597572,-0.3511195618265262,-1.2224645115151533,5.254377972112502,0.5332608544323548,5.6369791005146155,-0.39065276520176984,5.0220222142788105,-0.43937001172475565
6.603827876377459,8,flow,0.38848924871511786,-0.24692500117928995,-0.47293060332878334,-1.2629295824303437,5.266445603996839,0.5302985948407806,5.6452362782358225,-0.3951837794428017,5.0220222142788105,-0.43937001172475565
6.61382787637746,8,flow,0.3831537350675303,-0.259761710521683,-0.5940369339805786,-1.3046207162208117,5.278872478310647,0.5270811985630561,5.652719860501604,-0.40040903579468046,5.0220222142788105,-0.43937001172475565
6.62382787637746,8,flow,0.3766115701254604,-0.2730216663692383,-0.714225170337267,-1.3475871127665406,5.291664622950777,0.5235905126196123,5.659436254038944,-0.40632562734503486,5.0220222142788105,-0.43937001172475565
6.63382787637746,8,flow,0.36887300959073066,-0.28671786803706834,-0.8332799183733248,-1.3918780674671694,5.304827821985121,0.5198072337569457,5.665392300550517,-0.41292705680862807,5.0220222142788105,-0.43937001172475565
6.643827876377459,8,flow,0.35995047844103034,-0.3008638053937284,-0.9509825123362882,-1.4375422826094788,5.318367535397021,0.5157108490673264,5.670595421170431,-0.4202034186322283,5.0220222142788105,-0.43937001172475565
6.65382787637746,8,flow,0.34985860967680005,-0.3154734495761108,-1.0671098195616249,-1.4846272001984515,5.332288804908783,0.5112795781551607,5.6750537907257295,-0.42814160773427246,5.0220222142788105,-0.43937001172475565
6.66382787637746,8,flow,0.3386142947039758,-0.33056123714229235,-1.1814331078447102,-1.5331783567993722,5.346596145712484,0.5064903178343654,5.678776537961072,-0.436725557247036,5.0220222142788105,-0.43937001172475565
6.67382787637746,8,flow,0.32623674474752534,-0.34614204788484537,-1.2937169711461032,-1.583238760865544,5.361293423972666,0.5013185904560447,5.681773967391917,-0.44593650786209116,5.0220222142788105,-0.43937001172475565
6.6838278763774595,8,flow,0.31274756273652776,-0.36223117653178905,-1.403718308696947,-1.6348482930172188,5.376383720014148,0.49573849708744844,5.684057797936294,-0.4557533114819986,5.0220222142788105,-0.43937001172475565
6.69382787637746,8,flow,0.2981708251544744,-0.37884429856707086,-1.5111853518378522,-1.6880431297484255,5.391869177171506,0.48972267689089,5.685641412944872,-0.46615277184117054,5.0220222142788105,-0.43937001172475565
6.70382787637746,8,flow,0.2825331734093586,-0.3959974304072196,-1.615856732046689,-1.7428551910294086,5.407750836356912,0.4832422741839727,5.686540115716432,-0.477110024565918,5.0220222142788105,-0.43937001172475565
6.71382787637746,8,flow,0.2658639143489492,-0.4137068841752279,-1.7174605824855977,-1.7993116122076815,5.424028456502009,0.47626691479884353,5.686771384069673,-0.4885989587883476,5.0220222142788105,-0.43937001172475565
6.721292950530461,8,pre_impact,0.2527667323042714,-0.42729965750370447,-1.791140332475667,-1.842541943915364,5.43643698097082,0.47071811650657513,5.6865207111881775,-0.4975060971343417,5.0220222142788105,-0.43937001172475565
6.721292950530461,9,post_impact,-0.42729965750370447,0.2527667323042714,0.0004134247566348393,-1.1846013769673664,5.43643698097082,0.47071811650657513,5.0220222142788105,-0.43937001172475565,5.6865207111881775,-0.4975060971343417
6.73129295053046,9,flow,-0.4266512439143515,0.2411281493408288,0.1293469244946196,-1.1432765844939305,5.447722421961974,0.47356309559223153,5.033897855856774,-0.43679355346781856,5.6865207111881775,-0.4975060971343417
6.74129295053046,9,flow,-0.424711550552367,0.2298980588034886,0.2586308158871732,-1.102894456020526,5.458642445554699,0.4761835331133455,5.046584469580103,-0.43497409564016465,5.6865207111881775,-0.4975060971343417
6.751292950530461,9,flow,-0.4214782387875202,0.21906728060792052,0.38803113281429163,-1.0634063641862255,5.469201421377111,0.47859447466961635,5.0600916508380305,-0.43389070090829995,5.6865207111881775,-0.4975060971343417
6.761292950530461,9,flow,-0.4169513404837738,0.20862709881032943,0.5173073828203186,-1.024768270981117,5.4794037471852155,0.4808100906200038,5.074428882028181,-0.43351772728287596,5.6865207111881775,-0.4975060971343417
6.77129295053046,9,flow,-0.4111333341966517,0.19856921079776174,0.6462103467608331,-0.9869417141495349,5.489253851945416,0.4828437313679622,5.089605375788675,-0.43382474496663637,5.6865207111881775,-0.4975060971343417
6.78129295053046,9,flow,-0.40402924374349747,0.18888566653324437,0.7744798086553791,-0.9498948083158435,5.498756213425618,0.48470798003008886,5.105629862972382,-0.4347764801862434,5.6865207111881775,-0.4975060971343417
6.791292950530461,9,flow,-0.3956467597030445,0.17956879775997225,0.90184224604765,-0.9136032498869594,5.507915389997339,0.4864147021388099,5.1225103247291,-0.43633279076788145,5.6865207111881775,-0.4975060971343417
6.801292950530461,9,flow,-0.3859963840337396,0.17061113719930915,1.0280085243741246,-0.8780513104303366,5.516736066238389,0.4879750921023044,5.140253668906873,-0.4384486794512513,5.6865207111881775,-0.4975060971343417
6.8112929505304605,9,flow,-0.3750915974890933,0.16200532795558337,1.1526716544721702,-0.8432327980513616,5.525223111767162,0.4893997162141347,5.158865352056016,-0.44107435215071233,5.6865207111881775,-0.4975060971343417
6.82129295053046,9,flow,-0.36294904882929646,0.1537440235745055,1.2755046902526335,-0.8091519603602214,5.533381652527045,0.4906985520716728,5.178348949664162,-0.44415532950441383,5.6865207111881775,-0.4975060971343417
6.831292950530461,9,flow,-0.34958876396082383,0.1458197794984004,1.3961588632588084,-0.7758242960852961,5.541217153465557,0.4918810243267926,5.198705678907554,-0.4476326210217474,5.6865207111881775,-0.4975060971343417
6.841292950530461,9,flow,-0.3350343720656222,0.13822493702497612,1.5142620714752126,-0.7432772355517396,5.548735511212609,0.4929560367545277,5.219933880199785,-0.45144297184475457,5.6865207111881775,-0.4975060971343417
6.8512929505304605,9,flow,-0.3193133445056492,0.1309515013079507,1.6294178599767228,-0.7115506435616705,5.5559431549545,0.49393200068520493,5.242028466160819,-0.45551919245721584,5.6865207111881775,-0.4975060971343417
6.86129295053046,9,flow,-0.3024572408203509,0.1239910154328425,1.7412050488741049,-0.6806970923435259,5.562847153229432,0.49481685990223967,5.264980349292063,-0.4597905814641773,5.6865207111881775,-0.4975060971343417
6.871292950530461,9,flow,-0.2845019545101217,0.11733443314732087,1.8491781769381663,-0.6507818480479146,5.569455323848288,0.49561811216022666,5.2887758625616055,-0.4641834506702458,5.6865207111881775,-0.4975060971343417
6.881292950530461,9,flow,-0.265487949582665,0.11097199340076952,1.9528689341029553,-0.6218825128138878,5.575776343592944,0.49634282752469916,5.313396190158684,-0.4686217599518644,5.6865207111881775,-0.4975060971343417
6.8912929505304605,9,flow,-0.2454604771302895,0.10489310041888074,2.051788749163012,-0.5940882669071129,5.581819853796319,0.49699766377428845,5.338816828687867,-0.4730278667083586,5.6865207111881775,-0.4975060971343417
6.90129295053046,9,flow,-0.22446975964012503,0.09908621356072256,2.1454326766984764,-0.567498663058558,5.587596557408801,0.4975888791362827,5.365007101794688,-0.4773233908908273,5.6865207111881775,-0.4975060971343417
6.911292950530461,9,flow,-0.20257112948694325,0.09353875162075503,2.233284686318864,-0.5422219389776315,5.593118302761252,0.4981223426463075,5.391929753337087,-0.4814301917185424,5.6865207111881775,-0.4975060971343417
6.921292950530461,9,flow,-0.17982510731828324,0.08823701648067735,2.3148243955802643,-0.5183728347616905,5.598398149011142,0.49860354243118044,5.419540645384291,-0.4852714462723495,5.6865207111881775,-0.4975060971343417
6.931292950530461,9,flow,-0.15629740602463627,0.08316614101594097,2.38953520523924,-0.4960699296013271,5.603450408274852,0.49903759221093147,5.447788587161977,-0.4887728134073852,5.6865207111881775,-0.4975060971343417
6.94129295053046,9,flow,-0.13205884689257083,0.0783100658535989,2.4569136944966554,-0.4754325458872093,5.608290659771133,0.4994292363027306,5.476615319219802,-0.4918636592083242,5.6865207111881775,-0.4975060971343417
6.951292950530461,9,flow,-0.1071851765217466,0.0736515489107449,2.516480020621104,-0.4565773065300772,5.612935731979003,0.499782853388417,5.505955673307237,-0.4944783130294339,5.6865207111881775,-0.4975060971343417
6.961292950530461,9,flow,-0.08175677622485696,0.06917221059123801,2.5677889514986325,-0.43961446979927665,5.6174036498727,0.5001024592820077,5.535737922584591,-0.4965573166628753,5.6865207111881775,-0.4975060971343417
6.971292950530461,9,flow,-0.055858259886710386,0.06485261609524345,2.6104410540166696,-0.4246442010433249,5.621713545724194,0.5003917089082028,5.565884328953064,-0.49804862408857786,5.6865207111881775,-0.4975060971343417
6.98129295053046,9,flow,-0.029577961460731796,0.060672394559469954,2.6440934803236082,-0.41175296748091106,5.625885533702292,0.5006538976817475,5.5963118847947895,-0.49890870630576456,5.6865207111881775,-0.4975060971343417
6.991292950530461,9,flow,-0.0030073191073183487,0.05661039280213383,2.6684697521570646,-0.40101025616197067,5.629940550440721,0.5008919624640291,5.626933235866417,-0.4991035155552723,5.6865207111881775,-0.4975060971343417
7.001292950530461,9,flow,0.023759831015850674,0.05264485944314614,2.683367951875056,-0.392465812498519,5.63390016574876,0.5011084822693731,5.657657761306513,-0.49860926622432755,5.6865207111881775,-0.4975060971343417
7.011292950530461,9,flow,0.05062803267847178,0.04875365329076955,2.688666793455327,-0.38614757551705986,5.6377863695139325,0.5013056788983491,5.68839277668802,-0.4974129959810839,5.6865207111881775,-0.4975060971343417
7.02129295053046,9,flow,0.07750103584251064,0.044914468297598084,2.6843291654651362,-0.3820604468718797,5.641621342431126,0.5014854176870898,5.719044817730351,-0.49551287994063953,5.6865207111881775,-0.4975060971343417
7.03129295053046,9,flow,0.1042826446223036,0.041105066287757126,2.6704029016440174,-0.38018597667422327,5.645427219290597,0.5016492085732662,5.749520956625882,-0.49291828227266565,5.6865207111881775,-0.4975060971343417
7.041292950530461,9,flow,0.13087755878613064,0.03730350813086673,2.6470187255661366,-0.3804829861459764,5.649225854082181,0.5017982076864889,5.779730100525779,-0.48964954265650773,5.6865207111881775,-0.4975060971343417
7.051292950530461,9,flow,0.157192181090985,0.03348837416729582,2.6143855127759927,-0.38288908188596343,5.653038596044457,0.5019332196655842,5.809584222847451,-0.48573750822345163,5.6865207111881775,-0.4975060971343417
7.0612929505304605,9,flow,0.18313536510781359,0.029638965448336115,2.5727831940513086,-0.3873229566212699,5.656886085031038,0.5020547008827307,5.838999482613054,-0.48122283390647347,5.6865207111881775,-0.4975060971343417
7.07129295053046,9,flow,0.20861908218559488,0.025735478658972778,2.522553767265733,-0.3936873232199876,5.6607880732667955,0.5021627637118923,5.867897194469354,-0.4761550843899933,5.6865207111881775,-0.4975060971343417
7.081292950530461,9,flow,0.23355899139096942,0.021759149296470732,2.4640909790353627,-0.40187229700871485,5.664763278867627,0.5022571819166628,5.896204621576917,-0.4705916783308688,5.6865207111881775,-0.4975060971343417
7.091292950530461,9,flow,0.2578749021075407,0.01769235960979908,2.39782927501142,-0.41175902809594056,5.66882927457312,0.5023373971538871,5.923855574212249,-0.46459671978085704,5.6865207111881775,-0.4975060971343417
7.1012929505304605,9,flow,0.2814911249284076,0.013518709779566797,2.3242326014084718,-0.42322338986308566,5.673002413174641,0.5024025265002469,5.950790807697429,-0.4582397627356849,5.6865207111881775,-0.4975060971343417
7.11129295053046,9,flow,0.30433671202654855,0.009223052669985875,2.2437835788430274,-0.4361395492785235,5.677297789277004,0.502451370816881,5.976958223263376,-0.451594552764945,5.6865207111881775,-0.4975060971343417
7.121292950530461,9,flow,0.3263455929504821,0.004791494083266497,2.156973475805647,-0.4503832750136079,5.681729235439075,0.5024824236798453,6.002312883974801,-0.4447377852956189,5.6865207111881775,-0.4975060971343417
7.131292950530461,9,flow,0.3474566155176743,0.00021136170820478493,2.0642932977259245,-0.46583487572424864,5.686309349481546,0.5024938805287725,6.0268168644630205,-0.4377479140332122,5.6865207111881775,-0.4975060971343417
7.1412929505304605,9,flow,0.3676135040600259,-0.004528853158850055,1.9662261924539848,-0.4823816987576623,5.691049548865528,0.5024836476277195,6.050438957752435,-0.43070403594934037,5.6865207111881775,-0.4975060971343417
7.15129295053046,9,flow,0.38676474873593397,-0.00943957652647709,1.863241265394977,-0.4999201551965774,5.69596014752875,0.5024493503939831,6.0731542649809125,-0.4236848719299108,5.6865207111881775,-0.4975060971343417
7.161292950530461,9,flow,0.40486344007987174,-0.014530250477719754,1.755788805389387,-0.5183572679095622,5.701050450380407,0.5023883406334688,6.09494369452768,-0.41676785513259207,5.6865207111881775,-0.4975060971343417
7.171292950530461,9,flow,0.4218670625921026,-0.01980944511446783,1.644296850061315,-0.5376117636442396,5.706328860743751,0.5022977022239045,6.11579339630607,-0.410028332763991,5.6865207111881775,-0.4975060971343417
7.181292950530461,9,flow,0.4377372601840661,-0.025284979298110275,1.5291689679518181,-0.5576147477199122,5.711802996330692,0.502174254807204,6.135694155128998,-0.40353888161769613,5.6865207111881775,-0.4975060971343417
7.19129295053046,9,flow,0.4524395848944649,-0.030964046253610766,1.4107831031199203,-0.5783100108823591,5.717479809768059,0.5020145550860721,6.154640764485227,-0.39736873343488666,5.6865207111881775,-0.4975060971343417
7.20129295053046,9,flow,0.46594323866210335,-0.036853340630802395,1.2894913132927115,-0.5996540232333293,5.723365710209747,0.5018148953636147,6.1726313991073845,-0.3915833029664083,5.6865207111881775,-0.4975060971343417
7.211292950530461,9,flow,0.47822081623725365,-0.04295918417319385,1.1656202315754811,-0.6216156709659041,5.729466683112344,0.5015712990144695,6.189667001642561,-0.38624380945389125,5.6865207111881775,-0.4975060971343417
7.221292950530461,9,flow,0.48924805565071044,-0.04928764769157898,1.039472090540513,-0.6441757891144323,5.735788405784639,0.5012795126284091,6.205750695760385,-0.3814069809811582,5.6865207111881775,-0.4975060971343417
7.23129295053046,9,flow,0.49900360112028697,-0.055844667549505504,0.9113261628195937,-0.6673265387763982,5.742336356816465,0.5009349946197474,6.220887235294445,-0.3771248306244974,5.6865207111881775,-0.4975060971343417
7.241292950530461,9,flow,0.5074687819084629,-0.06263615532280498,0.7814404912664904,-0.691070671234425,5.749115917932188,0.5005329001461627,6.235082496596186,-0.37344449339534536,5.6865207111881775,-0.4975060971343417
7.251292950530461,9,flow,0.5146274094768014,-0.0696680996870799,0.6500538020801582,-0.7154207148537455,5.756132467190276,0.5000680622274094,6.248343019225396,-0.37040811347487956,5.6865207111881775,-0.4975060971343417
7.261292950530461,9,flow,0.5204655943177333,-0.07694665991298429,0.5173875143430637,-0.7403981141097102,5.7633914627603495,0.49953496899720407,6.260675598412009,-0.3680527720579484,5.6865207111881775,-0.4975060971343417
7.27129295053046,9,flow,0.5249715830738141,-0.0844782506116662,0.38364777812773837,-0.7660323439886719,5.77089851675544,0.498927737060209,6.272086931380295,-0.36641044714630366,5.6865207111881775,-0.4975060971343417
7.28129295053046,9,flow,0.528135615961323,-0.09226961757721837,0.24902748999761612,-0.7923600175334561,5.778659458784998,0.49824008096090433,6.282583318592564,-0.3655079977730773,5.6865207111881775,-0.4975060971343417
7.291292950530461,9,flow,0.5299498040769816,-0.10032790472645363,0.11370824905404504,-0.8194239995868707,5.786680389030675,0.4974652788029197,6.29217042020137,-0.3653671663375314,5.6865207111881775,-0.4975060971343417
7.301292950530461,9,flow,0.5304080258594817,-0.10866071224659446,-0.02213777141571744,-0.8472725358549846,5.794967720739696,0.49659613408704173,6.300853067449404,-0.3660045939351404,5.6865207111881775,-0.4975060971343417
7.3112929505304605,9,flow,0.5295058417785261,-0.11727614613592799,-0.15834605209235544,-0.8759584032522137,5.803528212087141,0.49562493386478035,6.308635128378214,-0.3674318447511591,5.6865207111881775,-0.4975060971343417
7.32129295053046,9,flow,0.5272404262064635,-0.12618285937012633,-0.29475806353961653,-0.9055380850130853,5.812368987387714,0.4945434033330519,6.315519426954308,-0.3696554367286228,5.6865207111881775,-0.4975060971343417
7.331292950530461,9,flow,0.5236105153804905,-0.13539008495079474,-0.4312197124453329,-0.9360709722597982,5.821497547642696,0.4933426570258128,6.321507714557852,-0.3726768768078512,5.6865207111881775,-0.4975060971343417
7.341292950530461,9,flow,0.5186163703545663,-0.14490766110414086,-0.5675798969115526,-0.967618592422565,5.8309217704000345,0.49201314679095653,6.326600692661723,-0.3764927000664443,5.6865207111881775,-0.4975060971343417
7.3512929505304605,9,flow,0.5122597538674978,-0.1547460488967415,-0.7036891672061727,-1.0002438641272897,5.84064989888567,0.49054460677700684,6.330798085431591,-0.3810945130574258,5.6865207111881775,-0.4975060971343417
7.36129295053046,9,flow,0.5045439200956555,-0.16491634252936413,-0.8393984872683745,-1.0340103777797671,5.850690520339391,0.48892599569478656,6.334098760868487,-0.38646904255284,5.6865207111881775,-0.4975060971343417
7.371292950530461,9,flow,0.49547361630711684,-0.17543027256165003,-0.9745580921536879,-1.068981701030198,5.86105253346241,0.48714543666512167,6.336500898970765,-0.3925981917491075,5.6865207111881775,-0.4975060971343417
7.381292950530461,9,flow,0.48505509547916603,-0.18630020231328784,-1.1090164373352769,-1.1052207085444359,5.871745104859834,0.4851901550153076,6.33800220519112,-0.399459106777558,5.6865207111881775,-0.4975060971343417
7.3912929505304605,9,flow,0.47329613897541034,-0.1975391176837874,-1.2426192371791138,-1.1427889359881542,5.882777614342786,0.4830464144447998,6.338600167187916,-0.4070242570851349,5.6865207111881775,-0.4975060971343417
7.40129295053046,9,flow,0.46020608839634786,-0.2091606106352533,-1.3752085918346038,-1.181745958804094,5.8941595889447065,0.48069945204436204,6.338292352503401,-0.4152615338996225,5.6865207111881775,-0.4975060971343417
7.411292950530461,9,flow,0.4457958857135382,-0.2211788565923848,-1.5066222040886856,-1.2221487971904528,5.905900625507071,0.4781334127223651,6.337076744332279,-0.4241343715605661,5.6865207111881775,-0.4975060971343417
7.421292950530461,9,flow,0.4300781207694383,-0.23360858603264228,-1.6366926902817491,-1.2640513496305035,5.918010301703443,0.4753312836663113,6.334952111964289,-0.4336018969671219,5.6865207111881775,-0.4975060971343417
7.431292950530461,9,flow,0.4130670851707527,-0.2464650505680512,-1.7652469920341827,-1.307503858337771,5.930498075399202,0.4722748295458242,6.331918411789146,-0.443619112749125,5.6865207111881775,-0.4975060971343417
7.44129295053046,9,flow,0.39477883152256377,-0.2597639838589565,-1.8921058981285155,-1.3525524110210234,5.94337317228891,0.4689445292436938,6.327977213942458,-0.4541371199855363,5.6865207111881775,-0.4975060971343417
7.45129295053046,9,flow,0.3752312368449384,-0.2735215577491901,-2.0170836882638374,-1.3992384843855898,5.956644461814792,0.4653195149821052,6.32313214875322,-0.4651033863496066,5.6865207111881775,-0.4975060971343417
7.461292950530461,9,flow,0.3544440688863167,-0.2877543340710013,-2.139987912357821,-1.4475985357104417,5.970320321448332,0.46137751478953737,6.317389366141162,-0.4764620654244811,5.6865207111881775,-0.4975060971343417
7.471292950530461,9,flow,0.33243905390394146,-0.3024792126354661,-2.260619320408922,-1.4976636496029794,5.984408489511854,0.45709479932730723,6.3107580000272625,-0.4881543725773042,5.6865207111881775,-0.4975060971343417
7.48129295053046,9,flow,0.30923994432820606,-0.3177133759979629,-2.378771958421921,-1.5494592475556308,5.998915906826467,0.4524461341605349,6.303250628694531,-0.5001190221754962,5.6865207111881775,-0.4975060971343417
7.491292950530461,9,flow,0.28487258457472536,-0.3334742316658218,-2.494233445307011,-1.6030048681226827,6.013848547594108,0.44740473861356755,6.294883720909888,-0.5122927300500576,5.6865207111881775,-0.4975060971343417
7.501292950530461,9,flow,0.25936497312721013,-0.349779352492705,-2.606785443748185,-1.6583140253106436,6.0292112400507545,0.44194225239206364,6.285678056543407,-0.5246107839376166,5.6865207111881775,-0.4975060971343417
7.511292950530461,9,flow,0.2327473189001927,-0.36664641607698906,-2.716204334576075,-1.7153941520400293,6.045007477559948,0.4360287111809731,6.2756591094602046,-0.5370076831546902,5.6865207111881775,-0.4975060971343417
7.520310455025554,9,pre_impact,0.20781990993563984,-0.38235283513507445,-2.811997339461818,-1.7683859744845831,6.059625146692039,0.4302832540695535,6.265952357364144,-0.5481997974629035,5.6865207111881775,-0.4975060971343417
7.520310455025554,10,post_impact,-0.38235283513507445,0.20781990993563984,-0.15974884910436346,-1.16034630355429,6.059625146692039,0.4302832540695535,5.6865207111881775,-0.4975060971343417,6.265952357364144,-0.5481997974629035
7.530310455025554,10,flow,-0.3833506278514754,0.19640034401947593,-0.039825653025583635,-1.1237516238579373,6.070812208598352,0.43257557046782946,5.696782217520679,-0.49484103806063306,6.265952357364144,-0.5481997974629035
7.540310455025554,10,flow,-0.3831500348308554,0.1853412454090423,0.07989138831228951,-1.0882466799726334,6.081670412069847,0.43467362502777995,5.707826461814831,-0.49281799264740145,6.265952357364144,-0.5481997974629035
7.550310455025555,10,flow,-0.38175423387262686,0.17463189520499556,0.19917807940215723,-1.0537964459713847,6.092206714119026,0.4365907647650965,5.71965772130495,-0.49142176098723245,6.265952357364144,-0.5481997974629035
7.560310455025554,10,flow,-0.37916867558486095,0.16426190357450837,0.3178038036148484,-1.0203702561055672,6.102428142910886,0.4383395232372119,5.732279823165624,-0.49063314664590096,6.265952357364144,-0.5481997974629035
7.570310455025554,10,flow,-0.37540115511531347,0.15422116251246742,0.4355300193361683,-0.9879425307416895,6.11234180523603,0.4399316706499665,5.745696027738907,-0.49042894429648,6.265952357364144,-0.5481997974629035
7.580310455025554,10,flow,-0.3704618988697076,0.14449979140404728,0.5521087714364368,-0.9564934883758083,6.121954905069467,0.4413782609704079,5.759908870748113,-0.4907819554259908,6.265952357364144,-0.5481997974629035
7.590310455025555,10,flow,-0.364363665901629,0.1350880755850679,0.6672812517303728,-0.9260098318813933,6.131274772664447,0.44268967577790963,5.774919965216894,-0.4916610352557027,6.265952357364144,-0.5481997974629035
7.6003104550255545,10,flow,-0.357121863279825,0.12597639822862763,0.7807764509198416,-0.8964853942977136,6.140308903517659,0.44387566463941364,5.790729764599138,-0.4930311747170857,6.265952357364144,-0.5481997974629035
7.610310455025554,10,flow,-0.34875467426533047,0.1171551660490866,0.8923099542276388,-0.86792172632835,6.1490650063995345,0.444945381845981,5.8073372895446,-0.4948536219485079,6.265952357364144,-0.5481997974629035
7.620310455025554,10,flow,-0.3392831975581386,0.1086147295090991,1.0015829431059051,-0.8403286044402036,6.157551059469202,0.4459074193978796,5.824739821790633,-0.49708604827560277,6.265952357364144,-0.5481997974629035
7.630310455025555,10,flow,-0.32873159519850403,0.10034529844280152,1.1082814754871724,-0.8137244352176659,6.165775373286912,0.44676983617482213,5.842932569889631,-0.4996827639561008,6.265952357364144,-0.5481997974629035
7.6403104550255545,10,flow,-0.31712724593615793,0.09233685426673609,1.2120761262450939,-0.7881365287009553,6.173746659299028,0.44754018327721157,5.861908312850339,-0.5025949890452046,6.265952357364144,-0.5481997974629035
7.650310455025554,10,flow,-0.3045009000255768,0.08457906023485762,1.3126220768046406,-0.763601211168828,6.181474102106439,0.4482255255737073,5.881657029268675,-0.5057711845018542,6.265952357364144,-0.5481997974629035
7.660310455025554,10,flow,-0.2908868304924633,0.07706117149639974,1.409559746905029,-0.7401637466388712,6.188967433545008,0.4488324595401294,5.902165521109717,-0.5091574480389954,6.265952357364144,-0.5481997974629035
7.670310455025555,10,flow,-0.2763229749851371,0.06977194702225578,1.5025160608918184,-0.7178780367409853,6.196237006319498,0.44936712752444885,5.9234170429125,-0.5126979781553093,6.265952357364144,-0.5481997974629035
7.6803104550255545,10,flow,-0.2608510614293863,0.06269956575857868,1.591106434013142,-0.696806071089532,6.203293864658283,0.4498352286217674,5.945390948731708,-0.5163356082164027,6.265952357364144,-0.5481997974629035
7.690310455025554,10,flow,-0.24451670991702618,0.055831549622123305,1.6749375494881658,-0.6770171053330881,6.210149809218396,0.45024202639086586,5.9680623704867095,-0.5200124103463912,6.265952357364144,-0.5481997974629035
7.700310455025554,10,flow,-0.2273695026616144,0.04915469614248862,1.7536109733492689,-0.6585865520983171,6.216817453296749,0.45059235368882034,5.991401942414991,-0.5236703662455494,6.265952357364144,-0.5481997974629035
7.710310455025555,10,flow,-0.2094630135441619,0.04265502365076268,1.8267276205347296,-0.6415945812794992,6.223310267324598,0.4508906149408285,6.015375586863025,-0.527252098910961,6.265952357364144,-0.5481997974629035
7.720310455025555,10,flow,-0.19085478884484813,0.03631773188024619,1.8938930425950906,-0.6261244404828318,6.229642608670166,0.4511407861970318,6.039944376526305,-0.5307016557056871,6.265952357364144,-0.5481997974629035
7.730310455025554,10,flow,-0.17160627130399336,0.030127180653641967,1.9547234560059146,-0.6122605234567581,6.235829733977939,0.45134641335495196,6.065064487317248,-0.5339653294619666,6.265952357364144,-0.5481997974629035
7.740310455025554,10,flow,-0.15178266074709615,0.024066888959854166,2.0088523731615333,-0.6000862331180642,6.241887791654766,0.4515106089434813,6.090687254174358,-0.5369925005436036,6.265952357364144,-0.5481997974629035
7.750310455025555,10,flow,-0.1314527061805303,0.018119556161266242,2.0559376397996725,-0.5896817049452642,6.247833792683627,0.45163604787067824,6.11675933926622,-0.539736479316417,6.265952357364144,-0.5481997974629035
7.760310455025555,10,flow,-0.11068842650450782,0.012267106323824923,2.095668628270489,-0.581121474279577,6.25368555870091,0.45172496253184513,6.143223018209306,-0.5421553256055848,6.265952357364144,-0.5481997974629035
7.770310455025554,10,flow,-0.0895647597277068,0.006490755751393376,2.1277732919077748,-0.5744721854219172,6.2594616471884805,0.4517791376559397,6.170016585228521,-0.5442126197853451,6.265952357364144,-0.5481997974629035
7.780310455025554,10,flow,-0.06815914367012531,0.0007711027771639474,2.152024758043159,-0.5697904493026567,6.265181254663396,0.4517999052373648,6.197074872871347,-0.545878159450436,6.265952357364144,-0.5481997974629035
7.790310455025555,10,flow,-0.0465510344147607,-0.004911762217849926,2.1682471313193235,-0.5671209581822888,6.270864099832306,0.4517881398573056,6.224329876268646,-0.5471285563878454,6.265952357364144,-0.5481997974629035
7.800310455025555,10,flow,-0.024821371976669712,-0.01057812964770508,2.1763201984482063,-0.5664949591794177,6.27653028973643,0.45174425464537693,6.251711466424556,-0.5479477109167226,6.265952357364144,-0.5481997974629035
7.810310455025554,10,flow,-0.003052005539231944,-0.016248530462759377,2.176182771274353,-0.5679291731638473,6.282200172861078,0.4516681980702957,6.279148172059949,-0.5483271445644138,6.265952357364144,-0.5481997974629035
7.820310455025554,10,flow,0.018674907091822988,-0.02194358758303216,2.1678344746094473,-0.571425222481332,6.287894183939737,0.4515594516798722,6.306568005564806,-0.5482661773104608,6.265952357364144,-0.5481997974629035
7.830310455025554,10,flow,0.040277509652478,-0.027683864309280732,2.1513358733187933,-0.5769696018985192,6.293632685673532,0.45141702883839707,6.333899305991141,-0.5477719419214875,6.265952357364144,-0.5481997974629035
7.840310455025555,10,flow,0.06167485048535871,-0.0334897151806722,2.1268069314227716,-0.5845341947485093,6.299435812769327,0.4512394744361595,6.361071571022728,-0.5468592347627494,6.265952357364144,-0.5481997974629035
7.8503104550255545,10,flow,0.08278746219857787,-0.03938114460651809,2.094423895050354,-0.5940773036095162,6.305323323557476,0.45102486547381737,6.388016250538046,-0.5455502093837601,6.265952357364144,-0.5481997974629035
7.860310455025554,10,flow,0.10353790299274868,-0.04537767813655837,2.0544147812698985,-0.6055451351363537,6.311314463986471,0.4507708123564168,6.414667476709112,-0.5438739256084274,6.265952357364144,-0.5481997974629035
7.870310455025554,10,flow,0.1238512469468901,-0.05149825050671997,2.0070537275388842,-0.6188736546890193,6.317427848063238,0.4504744606699912,6.440962709337159,-0.5418657723398537,6.265952357364144,-0.5481997974629035
7.880310455025555,10,flow,0.14365551335528884,-0.05776111366505711,1.9526545061117366,-0.6339907100138954,6.323681357874187,0.4501324931598688,6.466843279914771,-0.5395667864587664,6.265952357364144,-0.5481997974629035
7.8903104550255545,10,flow,0.16288202839597962,-0.06418376692851077,1.8915635311572618,-0.6508183154440337,6.330092065265796,0.44974113158565043,6.492254823350209,-0.5370228928348064,6.265952357364144,-0.5481997974629035
7.900310455025554,10,flow,0.181465715697279,-0.07078291033245182,1.8241526840450804,-0.6692749887467884,6.336676176171454,0.4492961380943853,6.517147591918544,-0.5342840915250601,6.265952357364144,-0.5481997974629035
7.910310455025554,10,flow,0.19934531551602386,-0.07757442119114255,1.750812257427202,-0.6892780408362895,6.343448997522483,0.4487928157314818,6.541476651405597,-0.5314036177947524,6.265952357364144,-0.5481997974629035
7.920310455025555,10,flow,0.21646353504842156,-0.08457335295460712,1.671944276548096,-0.7107457323979656,6.350424925741906,0.4482260076985568,6.5652019642385495,-0.528437098871263,6.265952357364144,-0.5481997974629035
7.9303104550255545,10,flow,0.2327671347186296,-0.09179395467337412,1.587956402865177,-0.7335992290167245,6.3576174550368245,0.44759009496855606,6.588288368404318,-0.5254417286252081,6.265952357364144,-0.5481997974629035
7.940310455025554,10,flow,0.2482069570513901,-0.09924970879392231,1.4992565668194833,-0.7577643056049768,6.365039203105841,0.44687899188041336,6.610705464003569,-0.5224754779893703,6.265952357364144,-0.5481997974629035
7.950310455025554,10,flow,0.26273790591301727,-0.10695338461160216,1.4062484190284383,-0.7831727699603596,6.372701951469143,0.44608613935729413,6.632427421337204,-0.51959635520384,6.265952357364144,-0.5481997974629035
7.960310455025555,10,flow,0.2763188845294426,-0.11491710449503299,1.3093276366387032,-0.8097635927041112,6.380616697401375,0.44520449542284124,6.653432725521401,-0.5168617262068412,6.265952357364144,-0.5481997974629035
7.970310455025555,10,flow,0.28891270082709786,-0.12315241994508139,1.2088790770122875,-0.8374837456816334,6.38879371438001,0.44422652272741703,6.673703872887724,-0.5143277019146266,6.265952357364144,-0.5481997974629035
7.980310455025554,10,flow,0.3004859483806154,-0.13167039463364105,1.105274735856971,-0.866288762627691,6.397242618026051,0.44314417283969965,6.693227033996021,-0.512048595926331,6.265952357364144,-0.5481997974629035
7.990310455025554,10,flow,0.31100887068821464,-0.14048169175056224,0.9988724416800517,-0.8961430443879976,6.405972434677705,0.4419488671067683,6.711991697134837,-0.5100764534625917,6.265952357364144,-0.5481997974629035
8.000310455025554,10,flow,0.3204552157272029,-0.14959666323959997,0.8900152024524455,-0.9270199364288778,6.414991669969866,0.4406314739368302,6.729990304869735,-0.508460650153987,6.265952357364144,-0.5481997974629035
8.010310455025554,10,flow,0.3288020868550529,-0.15902543879746792,0.7790311124239849,-0.9589016091418556,6.424308375064445,0.43918228241200596,6.747217894671184,-0.5072475576434231,6.265952357364144,-0.5481997974629035
8.020310455025555,10,flow,0.3360297951890951,-0.1687780128197602,0.6662337256199372,-0.991778772052906,6.4339302084646945,0.4375909721934377,6.763671753033853,-0.5064802718263905,6.265952357364144,-0.5481997974629035
8.030310455025555,10,flow,0.34212171767734995,-0.17886432778452996,0.5519228060797207,-1.0256502520001534,6.443864491632074,0.43584657973698737,6.779351090884599,-0.5061983988717709,6.265952357364144,-0.5481997974629035
8.040310455025555,10,flow,0.34706416420617947,-0.18929435285473467,0.4363853718626444,-1.060522463147439,6.454118256893005,0.4339374608948551,6.794256746536404,-0.5064378938774332,6.265952357364144,-0.5481997974629035
8.050310455025555,10,flow,0.3508462563047933,-0.2000781567453207,0.31989695892186404,-1.0964087937927682,6.464698286366265,0.431851250036707,6.808390921024551,-0.5072309470481094,6.265952357364144,-0.5481997974629035
8.060310455025554,10,flow,0.3534598193177254,-0.21122597413417485,0.2027230410560648,-1.133328931670719,6.47561114085485,0.4295748158837497,6.8217569493834125,-0.5086059125679214,6.265952357364144,-0.5481997974629035
8.070310455025554,10,flow,0.35489928933015236,-0.22274826509646234,0.08512055245853452,-1.1713081461149404,6.4868631778271295,0.427094214311172,6.834359110294362,-0.5105872758115286,6.265952357364144,-0.5481997974629035
8.080310455025554,10,flow,0.3551616356462444,-0.2346557672092986,-0.03266053070133948,-1.210376542242607,6.498460557761952,0.4243946384392214,6.8462024755526585,-0.5131956551385447,6.265952357364144,-0.5481997974629035
8.090310455025554,10,flow,0.3542462992314278,-0.2469595401106245,-0.1503755840873852,-1.2505682993742233,6.510409238253795,0.42146036640158324,6.857292799950287,-0.5164478351963963,6.265952357364144,-0.5481997974629035
8.100310455025554,10,flow,0.35215514722689667,-0.2596710024040538,-0.2677837307271165,-1.2919209033135033,6.5227149553693575,0.41827470725287696,6.867636451433267,-0.5203568293753331,6.265952357364144,-0.5481997974629035
8.110310455025555,10,flow,0.3488924434173478,-0.27280196088793096,-0.3846462575253293,-1.3344743798556955,6.535383191824446,0.4148199455548738,6.877240380747736,-0.5249319697831402,6.265952357364144,-0.5481997974629035
8.120310455025555,10,flow,0.34446483437050085,-0.2863646321490143,-0.5007250661634859,-1.3782705350689262,6.548419131607774,0.41107728526575127,6.886112129212461,-0.5301790238067354,6.265952357364144,-0.5481997974629035
8.130310455025555,10,flow,0.3388813508586152,-0.3003716566103017,-0.6157811668839511,-1.4233522063814423,6.5618276007286545,0.40702679364728533,6.894259872733458,-0.5361003369823686,6.265952357364144,-0.5481997974629035
8.140310455025555,10,flow,0.3321534241072351,-0.31483610515611826,-0.7295732197337566,-1.469762527347469,6.5756129938072885,0.4026473460031884,6.901692499685049,-0.5426950024857153,6.265952357364144,-0.5481997974629035
8.150310455025554,10,flow,0.32429491638708235,-0.32977147848184296,-0.8418561247072264,-1.5175442080803199,6.589779186267209,0.39791657216748455,6.9084197198105635,-0.5499590580621392,6.265952357364144,-0.5481997974629035
8.160310455025554,10,flow,0.31532216546344743,-0.34519169933212385,-0.9523796597551168,-1.5667388326986902,6.60432943193244,0.3928108057752331,6.914452200832785,-0.5578857116316539,6.265952357364144,-0.5481997974629035
8.170310455025554,10,flow,0.3052540424378929,-0.36111109780250517,-1.0608871636750254,-1.6173861746836273,6.619266245881435,0.38730503746890566,6.919801729003202,-0.5664655971098518,6.265952357364144,-0.5481997974629035
8.180310455025554,10,flow,0.2941120225550492,-0.37754438988676897,-1.1671142593276582,-1.6695235307459104,6.6345912724695,0.3813728733218752,6.924481389358384,-0.5756870621733627,6.265952357364144,-0.5481997974629035
8.190310455025555,10,flow,0.2819202685995659,-0.3945066494572764,-1.270787611311955,-1.7231850736162244,6.650305138504754,0.3749864998950452,6.92850576099421,-0.5855364897551135,6.265952357364144,-0.5481997974629035
8.200310455025555,10,flow,0.2687057265728373,-0.41201327386910774,-1.3716237110716005,-1.7784012240582094,6.666407291652946,0.36811665748252187,6.931891122222283,-0.5959986549704188,6.265952357364144,-0.5481997974629035
8.209992842196309,10,pre_impact,0.25496442615524395,-0.429497351354677,-1.4662757051676647,-1.8333695710403013,6.682366216747492,0.36097537691960524,6.934577201718413,-0.6066968914956874,6.265952357364144,-0.5481997974629035
8.209992842196309,11,post_impact,-0.429497351354677,0.25496442615524395,-0.028851140389088314,-1.2018057362278725,6.682366216747492,0.36097537691960524,6.265952357364144,-0.5481997974629035,6.934577201718413,-0.6066968914956874
8.219992842196309,11,flow,-0.4291426451954538,0.2431544842402933,0.09988033494028199,-1.160346980106999,6.693811692700449,0.363886422634182,6.277720349540363,-0.5454363991113385,6.934577201718413,-0.6066968914956874
8.229992842196308,11,flow,-0.42749836952325837,0.2317542864755848,0.22902421968515227,-1.1198483609433594,6.704891940073571,0.3665680675895252,6.2902963361147055,-0.543437693479043,6.934577201718413,-0.6066968914956874
8.239992842196308,11,flow,-0.4245615640784828,0.2207544816849517,0.35834692092449666,-1.0802604885295473,6.715611344068285,0.3690356298356168,6.303690034047882,-0.5421837917918392,6.934577201718413,-0.6066968914956874
8.249992842196308,11,flow,-0.4203316328657252,0.2101461915221075,0.48760882011412326,-1.0415383496995951,6.725974324272329,0.3713035377072932,6.317911083339191,-0.5416501256289926,6.934577201718413,-0.6066968914956874
8.25999284219631,11,flow,-0.4148104153191767,0.19992096178495067,0.6165620767767832,-1.0036422948857877,6.73598533425676,0.3733853857535717,6.3329689031514285,-0.5418073569291494,6.934577201718413,-0.6066968914956874
8.26999284219631,11,flow,-0.40800227983228987,0.19007070377184004,0.7449483556216997,-0.9665390417981845,6.745648875810639,0.3752939881308426,6.348872492773436,-0.5426213139879937,6.934577201718413,-0.6066968914956874
8.27999284219631,11,flow,-0.39991424028894773,0.18058762555578295,0.8724965047178316,-0.9302026861593166,6.754969527538877,0.37704142908342764,6.365630176586869,-0.5440529579368548,6.934577201718413,-0.6066968914956874
8.289992842196309,11,flow,-0.3905560958953379,0.17146415317348349,0.9989202251039438,-0.8946157052251856,6.7639519874446306,0.378639110208313,6.383249293001465,-0.5460583854321336,6.934577201718413,-0.6066968914956874
8.299992842196309,11,flow,-0.37994059413379705,0.1626928418933682,1.1239157874523877,-0.8597699347884219,6.772601128969596,0.38009779427074386,6.401735828338169,-0.5485888745188762,6.934577201718413,-0.6066968914956874
8.309992842196309,11,flow,-0.36808361601757195,0.1542662779482744,1.2471598690055703,-0.8256674945300886,6.7809220697648245,0.38142764540455854,6.421093997918864,-0.5515909818005035,6.934577201718413,-0.6066968914956874
8.319992842196308,11,flow,-0.35500438199672496,0.14617697140180383,1.3683076035907755,-0.7923216300970723,6.7889202522035434,0.38263826559619674,6.441325778207253,-0.5550067000743082,6.934577201718413,-0.6066968914956874
8.329992842196308,11,flow,-0.340725675833884,0.1384172411678356,1.4869909583291407,-0.7597574333933115,6.796601534320035,0.383738727414483,6.462430395769261,-0.558773686381579,6.934577201718413,-0.6066968914956874
8.33999284219631,11,flow,-0.32527408252776097,0.13097909362237642,1.602817571442009,-0.7280123957090059,6.803972289462717,0.38473760300946247,6.484403781095872,-0.5628255708529402,6.934577201718413,-0.6066968914956874
8.34999284219631,11,flow,-0.3086802349211678,0.12385409673264469,1.7153702044955534,-0.697136742089429,6.811039512487934,0.38564298946224007,6.50723799794102,-0.5670923566643753,6.934577201718413,-0.6066968914956874
8.35999284219631,11,flow,-0.29097906201894913,0.11703325216965753,1.824206977046762,-0.6671934905921849,6.817810929803797,0.3864625306230186,6.53092066171696,-0.5715009207033162,6.934577201718413,-0.6066968914956874
8.369992842196309,11,flow,-0.272210030317925,0.11050686844791976,1.9288625588715904,-0.6382581778305622,6.824295110020019,0.3872034356250088,6.55543436355367,-0.5759756230185838,6.934577201718413,-0.6066968914956874
8.379992842196309,11,flow,-0.2524173677072369,0.10426443871823583,2.0288504911894205,-0.610418193640445,6.830501571400705,0.3878724943060132,6.580756119700766,-0.5804390306461549,6.934577201718413,-0.6066968914956874
8.389992842196309,11,flow,-0.2316502578621441,0.09829452738402121,2.1236667897687815,-0.5837716740866208,6.8364408817951565,0.3884760898055135,6.606856868797157,-0.5848127578526392,6.934577201718413,-0.6066968914956874
8.399992842196308,11,flow,-0.2099629916929134,0.09258467016250814,2.212794946017137,-0.5584259144846747,6.842124746291841,0.38902020863145104,6.63370104185692,-0.5890184201709214,6.934577201718413,-0.6066968914956874
8.409992842196308,11,flow,-0.1874150615192408,0.08712129250464706,2.295712384601494,-0.5344952834705408,6.8475660775676515,0.38951044850639316,6.66124623126829,-0.5929786938636293,6.934577201718413,-0.6066968914956874
8.41999284219631,11,flow,-0.16407118343285565,0.08188965135066992,2.3718983570965535,-0.5120986456120548,6.852779043858509,0.38995202430702713,6.68944298529713,-0.5966184658119678,6.934577201718413,-0.6066968914956874
8.42999284219631,11,flow,-0.14000123399435002,0.07687380496366174,2.4408431525599834,-0.4913563329519445,6.857779089726531,0.39034977240449453,6.718234753161456,-0.5998660516119737,6.934577201718413,-0.6066968914956874
8.43999284219631,11,flow,-0.11528008915671535,0.07205661499469458,2.502058393116369,-0.47238674341260817,6.862582925399397,0.39070815369773915,6.747558002402882,-0.6026544523478307,6.934577201718413,-0.6066968914956874
8.449992842196309,11,flow,-0.08998735621771407,0.06741978395764318,2.555088064613589,-0.4553026831822852,6.867208481441486,0.391031255610652,6.777342524860183,-0.6049226137265413,6.934577201718413,-0.6066968914956874
8.459992842196309,11,flow,-0.06420699366860433,0.06294392993290918,2.599519821581336,-0.4402076069472825,6.871674826880667,0.3913227933000444,6.8075119400817306,-0.6066166457229992,6.934577201718413,-0.6066968914956874
8.469992842196309,11,flow,-0.03802681888420546,0.058608698625031444,2.634996016661289,-0.4271919393317403,6.87600205061136,0.3915861102992876,6.837984395774788,-0.607690957345481,6.934577201718413,-0.6066968914956874
8.479992842196308,11,flow,-0.01153790939599456,0.054392910966722385,2.6612238521999947,-0.4163296782922624,6.880211107826881,0.39182417880527387,6.86867345442338,-0.6081092602565172,6.934577201718413,-0.6066968914956874
8.489992842196308,11,flow,0.015166090424007753,0.05027474243310399,2.6779840482084944,-0.4076754824226257,6.884323635260881,0.39203959980634695,6.899489144298744,-0.6078453972486256,6.934577201718413,-0.6066968914956874
8.499992842196308,11,flow,0.041989739595856085,0.04623192828167039,2.685137473777515,-0.40126242673651125,6.8883617409628215,0.39223460324614345,6.930339142693862,-0.6068839571579313,6.934577201718413,-0.6066968914956874
8.50999284219631,11,flow,0.06883662500174155,0.04224198725629064,2.6826292982726074,-0.3971005755223566,6.892347776006174,0.3924110484207235,6.961130050380541,-0.6052206465107723,6.934577201718413,-0.6066968914956874
8.51999284219631,11,flow,0.09561021367802584,0.038282455044242235,2.6704903759104774,-0.39517646901672254,6.896304096774461,0.3925704248105897,6.991768709869887,-0.6028623994656347,6.934577201718413,-0.6066968914956874
8.52999284219631,11,flow,0.12221470464688255,0.03433111813128158,2.648835767118015,-0.39545355798780873,6.900252827112578,0.3927138535475697,7.022163516914237,-0.5998272205204427,6.934577201718413,-0.6066968914956874
8.539992842196309,11,flow,0.14855585199339277,0.0303662386776143,2.617860500398648,-0.39787355406711045,6.904215629653191,0.39284208970601053,7.05222567501061,-0.5961437678639017,6.934577201718413,-0.6066968914956874
8.549992842196309,11,flow,0.17454173290869465,0.026366761682165264,2.577832866923763,-0.4023586011289182,6.908213494985742,0.3929555255810252,7.081870346546304,-0.5918506979503215,6.934577201718413,-0.6066968914956874
8.559992842196309,11,flow,0.20008343815439597,0.02231249692045815,2.5290856951496012,-0.4088141212981583,6.912266556122075,0.39305419507190154,7.111017661171921,-0.5869958027554875,6.934577201718413,-0.6066968914956874
8.569992842196308,11,flow,0.22509566745085885,0.018184269798615923,2.4720061591980578,-0.41713215331240683,6.916393934061576,0.3931377792260874,7.1395935512395505,-0.5816349793651678,6.934577201718413,-0.6066968914956874
8.579992842196308,11,flow,0.24949721812799175,0.013964037191516022,2.407024724737,-0.42719498360681596,6.920613618340496,0.39320561292124223,7.1675303947437685,-0.5758310765444437,6.934577201718413,-0.6066968914956874
8.58999284219631,11,flow,0.2732113614292782,0.009634966338789037,2.3346038301736325,-0.4388788715526314,6.924942384452057,0.39325669257521534,7.194767457125974,-0.5696526646108674,6.934577201718413,-0.6066968914956874
8.59999284219631,11,flow,0.296166106602565,0.005181476784587037,2.2552268468021714,-0.4520576873350271,6.929395748118918,0.3932896846835112,7.221251133610535,-0.5631727735235738,6.934577201718413,-0.6066968914956874
8.60999284219631,11,flow,0.3182943579220457,0.0005892470252317043,2.169387771711896,-0.46660630994530766,6.93398795472728,0.39330293489828927,7.24693500268671,-0.5564676401215298,6.934577201718413,-0.6066968914956874
8.619992842196309,11,flow,0.3395339737815393,-0.004154811122559195,2.077581996549324,-0.4824036688734493,6.938732000887275,0.3932944772889969,7.271779708438845,-0.5496154995882467,6.934577201718413,-0.6066968914956874
8.629992842196309,11,flow,0.35982773984414734,-0.00906260644835615,1.9802983780671497,-0.4993353515867687,6.943639684114038,0.3932620433675543,7.295752694430601,-0.5426954492387114,6.934577201718413,-0.6066968914956874
8.639992842196309,11,flow,0.3791232699263978,-0.01414494599308271,1.8780127249223173,-0.5172957357532656,6.9487216760306,0.3932030704237197,7.318827814778544,-0.5357864053299551,6.934577201718413,-0.6066968914956874
8.649992842196308,11,flow,0.39737284893978003,-0.019411631591793016,1.771182718163006,-0.5361896374832528,6.953987614245695,0.3931147086998298,7.340984849104055,-0.5289661663930132,6.934577201718413,-0.6066968914956874
8.659992842196308,11,flow,0.41453323198208025,-0.02487157054198936,1.6602442053607964,-0.5559334928802725,6.9594462081014274,0.3929938269375296,7.362208947549507,-0.522310590025635,6.934577201718413,-0.6066968914956874
8.66999284219631,11,flow,0.4305654127718724,-0.030532895899375016,1.5456087521713195,-0.5764561092614632,6.965105353750872,0.39283701584987285,7.382490030361714,-0.5158928844673022,6.934577201718413,-0.6066968914956874
8.67999284219631,11,flow,0.44543437326271423,-0.0364030923335511,1.4276622994189412,-0.5976990347397324,6.970972254445231,0.39264058910684263,7.401822164064075,-0.509783011748894,6.934577201718413,-0.6066968914956874
8.68999284219631,11,flow,0.4591088246521651,-0.0424891239995623,1.3067647560376967,-0.6196166012513342,6.977053542420971,0.39240058146704615,7.42020293330569,-0.5040471957952448,6.934577201718413,-0.6066968914956874
8.699992842196309,11,flow,0.47156094827699446,-0.048797561443373924,1.1832503548826017,-0.6421756976772687,6.98335539932555,0.3921127437392752,7.4376328243806595,-0.498747526496916,6.934577201718413,-0.6066968914956874
8.709992842196309,11,flow,0.48276614318566,-0.05533470511811803,1.0574286058195017,-0.6653553276590038,6.9898836726642655,0.39177253431139036,7.45411463337653,-0.49394164933713214,6.934577201718413,-0.6066968914956874
8.719992842196309,11,flow,0.49270278559151165,-0.06210670361302952,0.929585695089443,-0.6891460022042235,6.996643986260262,0.391375107037803,7.469652909093364,-0.4896825295106061,6.934577201718413,-0.6066968914956874
8.729992842196308,11,flow,0.5013520039915488,-0.06911966516899806,0.7999861987011203,-0.7135490112189773,7.00364184317567,0.3909152953286218,7.484253438370543,-0.48601827944442744,6.934577201718413,-0.6066968914956874
8.739992842196308,11,flow,0.5086974725150608,-0.07637976146324073,0.6688749981249636,-0.7385756114934322,7.010882719934014,0.3903875923319613,7.4979227793145276,-0.48299203907618293,6.934577201718413,-0.6066968914956874
8.74999284219631,11,flow,0.5147252240523286,-0.08389332298742166,0.5364793070647047,-0.7642461620098095,7.018372151209034,0.3897861271453049,7.510667846146992,-0.48064189902662,6.934577201718413,-0.6066968914956874
8.75999284219631,11,flow,0.5194234838990768,-0.09166692562032683,0.4030107373532979,-0.7905892311466882,7.026115804404792,0.38910463703207354,7.522495547972244,-0.47900085781052393,6.934577201718413,-0.6066968914956874
8.76999284219631,11,flow,0.5227825240211729,-0.09970746821298734,0.2686673493173202,-0.8176406946804928,7.034119543751224,0.38833643565603315,7.533412482661401,-0.47809680536974775,6.934577201718413,-0.6066968914956874
8.77999284219631,11,flow,0.5247945375742754,-0.10802224116790365,0.13363564689963822,-0.8454428385669819,7.0423894836852,0.38747437737960755,7.54342468622486,-0.4779525264176121,6.934577201718413,-0.6066968914956874
8.789992842196309,11,flow,0.5254535329804894,-0.11661898611259391,-0.0019075096892642654,-0.8740434763676106,7.050932031387458,0.3865108177034948,7.552537437446342,-0.47858571830419394,6.934577201718413,-0.6066968914956874
8.799992842196309,11,flow,0.5247552466441056,-0.12550594684903288,-0.1377930909405998,-0.9034950878515956,7.059753918408319,0.3854375699553475,7.5607551171332,-0.48000901931300954,6.934577201718413,-0.6066968914956874
8.809992842196309,11,flow,0.5226970732581773,-0.13469191181226117,-0.27385819393566124,-0.9338539827010939,7.068862221347688,0.3842458583658599,7.568081121053547,-0.48223004445918183,6.934577201718413,-0.6066968914956874
8.819992842196308,11,flow,0.5192780125911348,-0.1441862483004601,-0.40994445058762957,-0.9651794912980752,7.078264371564347,0.3829262677026336,7.574517825438308,-0.48525142696486034,6.934577201718413,-0.6066968914956874
8.829992842196308,11,flow,0.5144986316309187,-0.15399892875126828,-0.5458965475675915,-0.9975331832008432,7.08796815388237,0.38146868966681935,7.580066603789656,-0.48907086463203386,6.934577201718413,-0.6066968914956874
8.83999284219631,11,flow,0.5083610409843435,-0.16414054934042768,-0.6815608546104365,-1.0309781130370559,7.097981694244211,0.3798622662958696,7.584727893620875,-0.4936811713146323,6.934577201718413,-0.6066968914956874
8.84999284219631,11,flow,0.5008688844706867,-0.17462234117348477,-0.8167841565344836,-1.0655780930808743,7.108313436235537,0.37809533065871737,7.588501311629972,-0.499070334608784,6.934577201718413,-0.6066968914956874
8.85999284219631,11,flow,0.49202734089743666,-0.18545617433313638,-0.9514124839773638,-1.1013969916714494,7.118972106380371,0.37615534517812077,7.591385815653572,-0.5052215817326847,6.934577201718413,-0.6066968914956874
8.869992842196309,11,flow,0.48184313705416953,-0.19665455503706847,-1.0852900383691213,-1.1384980568110505,7.129966668080536,0.3740288379693474,7.5933799115381015,-0.512113456353714,6.934577201718413,-0.6066968914956874
8.879992842196309,11,flow,0.4703245709998475,-0.20823061615643684,-1.2182582078557953,-1.1769432647008735,7.141306264053833,0.37170133764514557,7.594481902783598,-0.5197199098365767,6.934577201718413,-0.6066968914956874
8.889992842196309,11,flow,0.45748154474352426,-0.2201981013456386,-1.3501546725956408,-1.2167926935845041,7.153000147113818,0.3691573071040808,7.5946901804467615,-0.528010411025781,6.934577201718413,-0.6066968914956874
8.899992842196308,11,flow,0.44332560542407917,-0.2325713430414205,-1.4808125999275206,-1.2581039240300418,7.165057599133091,0.3663800768925136,7.594003550322771,-0.5369500792287021,6.934577201718413,-0.6066968914956874
8.909992842196308,11,flow,0.42786999407822773,-0.24536523460494947,-1.6100599322120712,-1.300931467650113,7.17748783804368,0.3633517788090832,7.592421593851914,-0.5464998455181324,6.934577201718413,-0.6066968914956874
8.919992842196308,11,flow,0.4111297010461655,-0.25859519690509025,-1.7377187725232321,-1.3453262271910194,7.190299912754361,0.3600532805034825,7.589945058513945,-0.5566166478081216,6.934577201718413,-0.6066968914956874
8.92999284219631,11,flow,0.3931215270008045,-0.2722771396751966,-1.8636048756646737,-1.3913349918710152,7.203502585906847,0.35646412190710963,7.586576272681677,-0.5672536653530141,6.934577201718413,-0.6066968914956874
8.93999284219631,11,flow,0.37386414850129956,-0.28642741801913985,-1.987527254033795,-1.4389999727603573,7.217104204451582,0.35256245442001,7.582319579013188,-0.5783605983527883,6.934577201718413,-0.6066968914956874
8.949992842196309,11,flow,0.3533781868678074,-0.3010627844944164,-2.109287909471431,-1.4883583838123653,7.231112558099581,0.3483249838641881,7.577181779483566,-0.5898839981918796,6.934577201718413,-0.6066968914956874
8.959992842196309,11,flow,0.33168627905752013,-0.31620033725969815,-2.228681703218472,-1.5394420748073652,7.2455347257987155,0.34372691829542257,7.571172584114887,-0.6017676534664976,6.934577201718413,-0.6066968914956874
8.969992842196309,11,flow,0.3088131490993103,-0.3318574648391044,-2.3454963762386636,-1.5922772228848248,7.260376910489706,0.33874192184155905,7.564305054388258,-0.6139530363409543,6.934577201718413,-0.6066968914956874
8.979992842196308,11,flow,0.2847856785253904,-0.3480517881230011,-2.459512731239954,-1.6468840894319818,7.275644262516295,0.33334207580231445,7.5565960312553395,-0.626379812893782,6.934577201718413,-0.6066968914956874
8.989992842196308,11,flow,0.259632974134956,-0.36480110029162344,-2.5705049855175655,-1.7032768487860053,7.291340692192214,0.3274978483016153,7.548066536659236,-0.6389864199525008,6.934577201718413,-0.6066968914956874
8.99999284219631,11,flow,0.23338643135069553,-0.38212330540884554,-2.6782413000499834,-1.7614634944093635,7.307468672160067,0.32117807382661334,7.538742136585874,-0.6517107094638946,6.934577201718413,-0.6066968914956874
9.005741815021587,11,pre_impact,0.2178151942046388,-0.39234811940407205,-2.7386126790236784,-1.795727888711343,7.3169363636410205,0.3173168915691763,7.533033321169315,-0.6590550175653577,6.934577201718413,-0.6066968914956874
9.005741815021587,12,post_impact,-0.39234811940407205,0.2178151942046388,-0.10800676500838123,-1.161444888767111,7.3169363636410205,0.3173168915691763,6.934577201718413,-0.6066968914956874,7.533033321169315,-0.6590550175653577
9.015741815021586,12,flow,-0.3928167562966313,0.2063902210352805,0.014280437748701115,-1.1237284194455388,7.3281052472460475,0.31972201757497487,6.945313100378274,-0.6041124764207629,7.533033321169315,-0.6590550175653577
9.025741815021586,12,flow,-0.3920628628363628,0.19533711982324373,0.13646181539900615,-1.087063872733611,7.3389360666069665,0.3219272736975167,6.95684050123759,-0.6021955422339245,7.533033321169315,-0.6590550175653577
9.035741815021586,12,flow,-0.3900886312455382,0.1846455634428873,0.2583095921002478,-1.0514135184747888,7.34943518772868,0.3239463686987284,6.9691647982569265,-0.6009289909530467,7.533033321169315,-0.6590550175653577
9.045741815021586,12,flow,-0.38689856371563314,0.17430558005741775,0.3795892727347798,-1.0167441605291472,7.359609039246496,0.32579218806582777,6.982290994539647,-0.6002915517431597,7.533033321169315,-0.6590550175653577
9.055741815021587,12,flow,-0.38249954794351526,0.16430750383879608,0.5000579721184782,-0.9830279240193968,7.369464120432334,0.32747684536166677,6.996223570363075,-0.6002577566576806,7.533033321169315,-0.6590550175653577
9.065741815021587,12,flow,-0.37690094939088664,0.15464191785432158,0.619462746185261,-0.9502430329585392,7.379007021057031,0.3290117306220919,7.010966306921794,-0.6007979449238362,7.533033321169315,-0.6590550175653577
9.075741815021587,12,flow,-0.3701147200812028,0.14529958927481496,0.7375389598971388,-0.9183745659974941,7.388244452590825,0.33040755551952705,7.026522066336858,-0.6018782993998403,7.533033321169315,-0.6590550175653577
9.085741815021587,12,flow,-0.36215552335157525,0.1362713971979984,0.8540087367145194,-0.8874151747541401,7.397183290104684,0.33167439506946406,7.042892529315893,-0.6034609196415669,7.533033321169315,-0.6590550175653577
9.095741815021587,12,flow,-0.3530408734735364,0.1275482535540271,0.9685795456773393,-0.8573657455366619,7.405830624082109,0.3328217257116185,7.06007789283633,-0.6055039367510919,7.533033321169315,-0.6590550175653577
9.105741815021586,12,flow,-0.3427912884365972,0.11912101777132507,1.0809429941200484,-0.8282359813826036,7.414193821160822,0.333858459650926,7.078076531387369,-0.6079616757864877,7.533033321169315,-0.6590550175653577
9.115741815021586,12,flow,-0.3314304534474587,0.11098040613139551,1.1907739061739053,-0.8000448774037751,7.422280592594714,0.33479297539598085,7.096884626657504,-0.6107848719290236,7.533033321169315,-0.6590550175653577
9.125741815021586,12,flow,-0.318985391838089,0.10311689703011903,1.2977297786252626,-0.7728210587501099,7.43009906895914,0.3356331444844036,7.1164957720926125,-0.6139209467576091,7.533033321169315,-0.6590550175653577
9.135741815021587,12,flow,-0.30548663911043034,0.09552063368579715,1.4014507152196483,-0.7466029474770796,7.437657879321464,0.3363863544361918,7.136900560455397,-0.6173143507897688,7.533033321169315,-0.6590550175653577
9.145741815021587,12,flow,-0.2909684148003993,0.08818132618196031,1.501559946639521,-0.7214387227165865,7.444966232772285,0.33705952802730144,7.158086164347939,-0.6209069778281185,7.533033321169315,-0.6590550175653577
9.155741815021587,12,flow,-0.27546878576151046,0.08108815509145191,1.5976650443786304,-0.697386038392507,7.452033999875069,0.33765913902612543,7.180035921543904,-0.624638655517826,7.533033321169315,-0.6590550175653577
9.165741815021587,12,flow,-0.25902981340990244,0.07422967927711592,1.6893599306579017,-0.6745114649236539,7.458871791263242,0.338191224584489,7.2027289388116635,-0.6284477148018616,7.533033321169315,-0.6590550175653577
9.175741815021587,12,flow,-0.24169767651821342,0.06759375077677673,1.7762277714549752,-0.6528896265457892,7.465491030320591,0.33866139452121635,7.2261397295563565,-0.632271638608499,7.533033321169315,-0.6590550175653577
9.185741815021586,12,flow,-0.22352276039418797,0.061167439923453054,1.8578448140027193,-0.6326020145921518,7.471904016655594,0.3390748377789601,7.250237901898003,-0.6360477871089432,7.533033321169315,-0.6590550175653577
9.195741815021586,12,flow,-0.20455970284339306,0.054936973988858794,1.933785192717618,-0.61373546962251,7.478123976959715,0.339436326372321,7.274987914540564,-0.6397141932848166,7.533033321169315,-0.6590550175653577
9.205741815021586,12,flow,-0.18486738731187233,0.04888769263051364,2.003626678422406,-0.5963803416715833,7.484165099862277,0.3397502171757736,7.300348917769761,-0.6432104184556494,7.533033321169315,-0.6590550175653577
9.215741815021588,12,flow,-0.16450887414545295,0.04300402323384721,2.0669572863004593,-0.58062835762531,7.490042551596372,0.3400204519220711,7.326274695953335,-0.6464784530231302,7.533033321169315,-0.6590550175653577
9.225741815021587,12,flow,-0.14355126207720337,0.0372694788416238,2.1233825913278266,-0.5665702467989824,7.495772469700136,0.3402505557943588,7.35271372585215,-0.6494636432594066,7.533033321169315,-0.6590550175653577
9.235741815021587,12,flow,-0.12206547391302149,0.03166668073815596,2.172533530837918,-0.5542931985696049,7.501371932611135,0.3404436349972998,7.37960936179926,-0.6521156208404981,7.533033321169315,-0.6590550175653577
9.245741815021587,12,flow,-0.1001259629202704,0.02617740690829418,2.2140744088642803,-0.5438782472689936,7.506858903865537,0.3406023736836681,7.406900154380712,-0.6543892083919945,7.533033321169315,-0.6590550175653577
9.255741815021587,12,flow,-0.07781033955777843,0.020782666547531272,2.247710763530103,-0.535397696996302,7.512252150661693,0.34072903059321,7.434520303793318,-0.656245271975533,7.533033321169315,-0.6590550175653577
9.265741815021586,12,flow,-0.055198921762135075,0.015462799611484487,2.2731967247272347,-0.528912710037284,7.517571137738317,0.3408254357307082,7.462400242831376,-0.6576514905701288,7.533033321169315,-0.6590550175653577
9.275741815021586,12,flow,-0.032374215796623265,0.010197599136115676,2.290341481361127,-0.5244711850009046,7.5228358987754165,0.34089298737115925,7.490467337863598,-0.6585830134735323,7.533033321169315,-0.6590550175653577
9.285741815021586,12,flow,-0.009420338389792839,0.004966452828464219,2.299014499971868,-0.5221060431682242,7.5280668887576265,0.3409326496331434,7.518646689698378,-0.6590229793073032,7.533033321169315,-0.6590550175653577
9.295741815021586,12,flow,0.013577605770827188,-0.0002515006765586475,2.2991491906545543,-0.5218340235614316,7.533284821843222,0.3409449508083473,7.546862010442838,-0.6589628749184696,7.533033321169315,-0.6590550175653577
9.305741815021587,12,flow,0.036534174475644075,-0.0054772063716497996,2.290744799046219,-0.5236550598305042,7.538510500155166,0.340929982577323,7.57503654786656,-0.6584027186981756,7.533033321169315,-0.6590550175653577
9.315741815021587,12,flow,0.059364247956125576,-0.01073152428506829,2.273866407727006,-0.5275522775243457,7.5437646394718065,0.34088740018052965,7.6030940258423945,-0.6573510602651143,7.533033321169315,-0.6590550175653577
9.325741815021587,12,flow,0.08198367934605703,-0.01603506398344382,2.248643046954117,-0.5334926118497751,7.549067697996893,0.34081642355082464,7.630959568394717,-0.6558247965292732,7.533033321169315,-0.6590550175653577
9.335741815021587,12,flow,0.10430991724290425,-0.021408028207958976,2.2152640310519556,-0.5414280076102286,7.554439714185089,0.34071583935039285,7.658560575943498,-0.6538488122166566,7.533033321169315,-0.6590550175653577
9.345741815021587,12,flow,0.12626258364286394,-0.02687007113004154,2.173973741453958,-0.5512971284396401,7.559900159047618,0.340584003793063,7.685827525272072,-0.6514554603593327,7.533033321169315,-0.6590550175653577
9.355741815021586,12,flow,0.1477639931774574,-0.03244017583734589,2.1250651602805077,-0.5630274749997028,7.565467807488389,0.340418846073516,7.712694669353365,-0.6486839044763909,7.533033321169315,-0.6590550175653577
9.365741815021586,12,flow,0.16873960291631684,-0.03813655455804161,2.068872512456978,-0.5765377937912033,7.571160632119131,0.3402178721698418,7.739100618967502,-0.6455793487723605,7.533033321169315,-0.6590550175653577
9.375741815021586,12,flow,0.18911838571856238,-0.04397657390168533,2.005763396968341,-0.5917406505640366,7.576995721772643,0.3399781687368755,7.764988794508489,-0.642192185429516,7.533033321169315,-0.6590550175653577
9.385741815021587,12,flow,0.208833123905857,-0.04997670613861435,1.9361307799257321,-0.6085450446872896,7.582989225676311,0.3396964067664867,7.790307742968206,-0.6385770889328959,7.533033321169315,-0.6590550175653577
9.395741815021587,12,flow,0.2278206236062667,-0.05615250635198478,1.860385188141523,-0.6268589518244002,7.589156323058102,0.339368844658994,7.815011321306342,-0.6347920864844633,7.533033321169315,-0.6590550175653577
9.405741815021587,12,flow,0.2460218532513193,-0.06251861425275929,1.7789473885762117,-0.6465916996707014,7.595511216909503,0.3389913303283051,7.8390587528685876,-0.6308976312174269,7.533033321169315,-0.6590550175653577
9.415741815021587,12,flow,0.26338201224387786,-0.06908877859993794,1.6922417740481959,-0.667656102832237,7.60206714977593,0.33855930195291806,7.862414567932795,-0.6269557014825825,7.533033321169315,-0.6590550175653577
9.425741815021587,12,flow,0.27985053767353923,-0.07587590154265107,1.6006906065360114,-0.6899703056789148,7.608836438811307,0.33806778698569384,7.885048442707535,-0.6230289453485858,7.533033321169315,-0.6590550175653577
9.435741815021586,12,flow,0.2953810581319167,-0.08289209980066324,1.5047092027313935,-0.7134593040552223,7.615830526923122,0.3375113990468829,7.906934953166425,-0.6191798850262802,7.533033321169315,-0.6590550175653577
9.445741815021586,12,flow,0.309931304222072,-0.09014877940977227,1.4047020870859173,-0.7380561364622297,7.623060046631813,0.3368843323463224,7.928053261060075,-0.6154701915326353,7.533033321169315,-0.6590550175653577
9.455741815021586,12,flow,0.3234629853539092,-0.09765672074969985,1.3010600885001768,-0.7637027517055316,7.63053489324504,0.33618035331067897,7.9483867494599565,-0.6119600358199242,7.533033321169315,-0.6590550175653577
9.465741815021588,12,flow,0.33594164198191406,-0.1054261707080509,1.1941583194054861,-0.790350572560222,7.63826430406737,0.33539278912854276,7.967922624447459,-0.6087075189977592,7.533033321169315,-0.6590550175653577
9.475741815021587,12,flow,0.34733648169106673,-0.11346693907612712,1.0843549502608498,-0.8179607837219794,7.646256940590564,0.3345145129684405,7.986651498270467,-0.6057681812793604,7.533033321169315,-0.6590550175653577
9.485741815021587,12,flow,0.3576202065833028,-0.12178849658381051,0.9719906774005903,-0.8465043775150661,7.654520970902343,0.33353792567086393,8.004566967642617,-0.6031945869313774,7.533033321169315,-0.6590550175653577
9.495741815021587,12,flow,0.36676883835906077,-0.13040007232875464,0.8573887760728135,-0.8759619930438615,7.663064149879868,0.3324549337638495,8.021665199026621,-0.6010359807879996,7.533033321169315,-0.6590550175653577
9.505741815021587,12,flow,0.37476154640666554,-0.139310748712964,0.7408556314855183,-0.9063235843302169,7.671893895071571,0.33125692370140103,8.037944530860502,-0.5993380107564003,7.533033321169315,-0.6590550175653577
9.515741815021586,12,flow,0.38158048316754617,-0.14852955234709642,0.6226816467965316,-0.9375879511080152,7.681017356497304,0.32993473227436865,8.053405100858022,-0.5981425101197855,7.533033321169315,-0.6590550175653577
9.525741815021586,12,flow,0.3872106300800093,-0.15806553970518944,0.5031424364863898,-0.9697621629303584,7.690441478897853,0.3284786131938725,8.068048504813163,-0.5974873332530763,7.533033321169315,-0.6590550175653577
9.535741815021586,12,flow,0.3916396565446286,-0.1679278766010978,0.3825002249510442,-1.0028609035787315,7.700173055232059,0.3268781998978918,8.081877491805734,-0.5974062385191862,7.533033321169315,-0.6590550175653577
9.545741815021586,12,flow,0.3948577936130624,-0.17812591080828902,0.2610053822650059,-1.0369057588415291,7.7102187704487966,0.3251224646824472,8.094895699359988,-0.5979288125299588,7.533033321169315,-0.6590550175653577
9.555741815021587,12,flow,0.39685772348181503,-0.1886692373557689,0.13889804102168699,-1.0719244668455405,7.720585234751114,0.3231996743103315,8.107107430951741,-0.5990804305625016,7.533033321169315,-0.6590550175653577
9.565741815021587,12,flow,0.3976344853683421,-0.19956775620626968,0.01640974935674959,-1.1079501464817947,7.7312790057226914,0.32109734230323095,8.118517477279623,-0.6008822486564884,7.533033321169315,-0.6590550175653577
9.575741815021587,12,flow,0.3971853979493586,-0.21083172216152007,-0.10623487466857721,-1.145020516194267,7.742306598805768,0.31880217817811896,8.129130981892725,-0.6033512237292831,7.533033321169315,-0.6590550175653577
9.585741815021587,12,flow,0.39550999823785865,-0.22247178694765604,-0.2288165133888204,-1.1831771125605666,7.753674485709589,0.3163000339468144,8.138953351074845,-0.6065001588917334,7.533033321169315,-0.6590550175653577
9.595741815021587,12,flow,0.392609996552846,-0.23449903351549548,-0.35111956325111154,-1.2224645157197958,7.765389080393401,0.3135758482595956,8.147990207297154,-0.610337771995014,7.533033321169315,-0.6590550175653577
9.605741815021586,12,flow,0.38848924708012633,-0.24692500265148642,-0.47293060454982966,-1.2629295867614716,7.777456712314886,0.3106135886403393,8.156247385040713,-0.6148687862625625,7.533033321169315,-0.6590550175653577
9.615741815021586,12,flow,0.38315373342139236,-0.2597617120378336,-0.5940369349868804,-1.3046207206808957,7.789883586666436,0.3073961923330304,8.163730967330615,-0.6200940426401105,7.533033321169315,-0.6590550175653577
9.625741815021586,12,flow,0.37661156847038346,-0.27302166793064403,-0.7142251711166472,-1.3475871173578453,7.802675731344854,0.3039055063579891,8.170447360893938,-0.6260106342153485,7.533033321169315,-0.6590550175653577
9.635741815021587,12,flow,0.3688730079290491,-0.2867178696450518,-0.8332799189125749,-1.3918780721917354,7.815838930417967,0.300122227461597,8.176403407433455,-0.6326120637031201,7.533033321169315,-0.6590550175653577
9.645741815021587,12,flow,0.359950476775216,-0.3008638070496314,-0.9509825126211056,-1.4375422874691046,7.829378643869047,0.2960258427360053,8.181606528083398,-0.6398884255502958,7.533033321169315,-0.6590550175653577
9.655741815021587,12,flow,0.3498586080094736,-0.31547345128129195,-1.0671098195765467,-1.484627205194674,7.843299913420317,0.29159457178549786,8.186064897670942,-0.6478266146754365,7.533033321169315,-0.6590550175653577
9.665741815021587,12,flow,0.3386142930379186,-0.33056123889812405,-1.1814331075730429,-1.5331783619334467,7.85760725426376,0.2868053114238661,8.189787644940898,-0.6564105642109668,7.533033321169315,-0.6590550175653577
9.675741815021587,12,flow,0.3262367430856921,-0.3461420496927111,-1.2937169705698448,-1.583238766138424,7.872304532563809,0.2816335840020858,8.19278507440888,-0.6656215148486352,7.533033321169315,-0.6590550175653577
9.685741815021586,12,flow,0.3127475610820602,-0.36223117839308044,-1.4037183077967057,-1.6348482984295354,7.887394828645163,0.27605349058727635,8.195068904993096,-0.6754383184912075,7.533033321169315,-0.6590550175653577
9.695741815021586,12,flow,0.29817082351071555,-0.37884430048318396,-1.5111853505927562,-1.6880431353004635,7.902880285842257,0.2700376703416194,8.196652520044394,-0.6858377788733319,7.533033321169315,-0.6590550175653577
9.705741815021586,12,flow,0.2825331717798678,-0.39599743237955143,-1.6158567304342872,-1.7428551967210841,7.918761945067114,0.2635572675825859,8.19755122286175,-0.6967950316215894,7.533033321169315,-0.6590550175653577
9.715741815021588,12,flow,0.2658639127375188,-0.4137068862051729,-1.7174605804817513,-1.799311618038516,7.935039565251206,0.25658190814219095,8.197782491264055,-0.7082839658683922,7.533033321169315,-0.6590550175653577
9.723206888164817,12,pre_impact,0.25276673251758514,-0.42729965771701817,-1.7911403203281704,-1.842541943938781,7.9474480880554585,0.2510331105775728,8.197531818479352,-0.7171911030099977,7.533033321169315,-0.6590550175653577
9.723206888164817,13,post_impact,-0.42729965771701817,0.25276673251758514,0.0004134246207041059,-1.1846013774785764,7.947448088055458,0.2510331105775728,7.533033321169314,-0.6590550175653577,8.197531818479352,-0.7171911030099977
9.733206888164817,13,flow,-0.4266512441289153,0.24112814954912548,0.12934692438113932,-1.1432765849861188,7.958733529050878,0.25387808966683467,7.544908962750349,-0.6564785593044236,8.197531818479352,-0.7171911030099977
9.743206888164817,13,flow,-0.4247115507679381,0.22989805900695906,0.25863081579978975,-1.102894456493555,7.969653552647756,0.25649852719132304,7.557595576476741,-0.6546591014733593,8.197531818479352,-0.7171911030099977
9.753206888164817,13,flow,-0.4214782390038196,0.21906728080675728,0.38803113275663575,-1.063406364639889,7.9802125284742,0.25890946875074927,7.57110275773775,-0.6535757067386768,8.197531818479352,-0.7171911030099977
9.763206888164817,13,flow,-0.41695134070048595,0.20862709900472748,0.5173073827960186,-1.0247682714151356,7.990414854286207,0.2611250847040847,7.585439988931026,-0.653202733111032,8.197531818479352,-0.7171911030099977
9.773206888164818,13,flow,-0.4111333344134249,0.1985692109879193,0.6462103467735265,-0.9869417145635507,8.00026495905017,0.26315872545479446,7.60061648269472,-0.653509750793171,8.197531818479352,-0.7171911030099977
9.783206888164818,13,flow,-0.4040292439599436,0.1888856667193636,0.7744798087087216,-0.9498948087094184,8.009767320533983,0.2650229741194863,7.616640969881729,-0.6544614860117554,8.197531818479352,-0.7171911030099977
9.793206888164818,13,flow,-0.3956467599187386,0.17956879794226005,0.9018422461453198,-0.9136032502595723,8.018926497109156,0.2667296962305963,7.633521431641886,-0.6560177965929654,8.197531818479352,-0.7171911030099977
9.803206888164818,13,flow,-0.38599638424822,0.17061113737797812,1.0280085245198243,-0.8780513107813838,8.027747173353488,0.2682900861963132,7.651264775823273,-0.6581336852764943,8.197531818479352,-0.7171911030099977
9.813206888164817,13,flow,-0.3750915977018611,0.16200532813085253,1.1526716546696218,-0.8432327983801579,8.036234218885362,0.2697147103102082,7.6698764589762405,-0.6607593579766897,8.197531818479352,-0.7171911030099977
9.823206888164817,13,flow,-0.3629490490398154,0.1537440237466011,1.2755046905055687,-0.8091519606660041,8.044392759648153,0.2710135461696622,7.689360056588465,-0.6638403353316833,8.197531818479352,-0.7171911030099977
9.833206888164817,13,flow,-0.34958876416852047,0.14581977966755666,1.3961588635709519,-0.7758242963672317,8.05222826058937,0.2721960184265576,7.709716785836233,-0.6673176268508438,8.197531818479352,-0.7171911030099977
9.843206888164817,13,flow,-0.33503437226988597,0.138224937191436,1.5142620718502577,-0.7432772358089323,8.059746618338911,0.27327103085593607,7.7309449871331815,-0.6711279776761839,8.197531818479352,-0.7171911030099977
9.853206888164818,13,flow,-0.3193133447058327,0.13095150147196627,1.6294178604182992,-0.7115506437931739,8.066954262083064,0.2742469947881322,7.7530395730993185,-0.6752041982914481,8.197531818479352,-0.7171911030099977
9.863206888164818,13,flow,-0.30245724101577126,0.12399101559467558,1.7412050493857356,-0.6806970925483581,8.073858260360016,0.27513185400656914,7.775991456236097,-0.6794755873016385,8.197531818479352,-0.7171911030099977
9.873206888164818,13,flow,-0.28450195470006134,0.11733443330724315,1.849178177523218,-0.6507818482250767,8.080466430980639,0.2759331062658493,7.7997869695116515,-0.683868456511311,8.197531818479352,-0.7171911030099977
9.883206888164818,13,flow,-0.26548794976637374,0.11097199355906269,1.9528689347645773,-0.6218825129623855,8.0867874507268,0.2766578216315131,7.824407297115267,-0.688306765796849,8.197531818479352,-0.7171911030099977
9.893206888164817,13,flow,-0.2454604773069872,0.1048931005758363,2.051788749904069,-0.59408826702598,8.092830960931401,0.27731265788219917,7.849827935651548,-0.6927128725575098,8.197531818479352,-0.7171911030099977
9.903206888164817,13,flow,-0.22446975980900435,0.09908621371664143,2.1454326775214705,-0.5674986631468847,8.098607664544822,0.2779038732452025,7.876018208766066,-0.6970083967443167,8.197531818479352,-0.7171911030099977
9.913206888164817,13,flow,-0.20257112964717414,0.09353875177594682,2.2332846872258556,-0.5422219390345918,8.104129409897913,0.27843733675615623,7.902940860316794,-0.701115197576457,8.197531818479352,-0.7171911030099977
9.923206888164817,13,flow,-0.17982510746901761,0.0882370166354594,2.314824396572789,-0.518372834786572,8.109409256148137,0.2789185365418847,7.930551752372983,-0.7049564521346853,8.197531818479352,-0.7171911030099977
9.933206888164818,13,flow,-0.15629740616501356,0.08316614117063703,2.389535206318228,-0.49606992959356,8.114461515411865,0.2793525863224249,7.958799694160324,-0.7084578192740404,8.197531818479352,-0.7171911030099977
9.943206888164818,13,flow,-0.1320588470217246,0.0783100660085376,2.456913695662354,-0.47543254584639305,8.119301766907842,0.2797442304149538,7.9876264262284815,-0.7115486650790946,8.197531818479352,-0.7171911030099977
9.953206888164818,13,flow,-0.10718517663881157,0.07365154906625795,2.5164800218730154,-0.4565773064560041,8.123946839115085,0.2800978475013175,8.016966780326927,-0.7141633189040099,8.197531818479352,-0.7171911030099977
9.963206888164818,13,flow,-0.08175677632897682,0.0691722107476582,2.567788952835464,-0.43961446969194945,8.128414757007828,0.2804174533955405,8.046749029615947,-0.7162423225408394,8.197531818479352,-0.7171911030099977
9.973206888164817,13,flow,-0.055858259977045806,0.06485261625290234,2.6104410554363047,-0.4246442009029682,8.132724652858041,0.2807067030223295,8.076895435996716,-0.7177336299694078,8.197531818479352,-0.7171911030099977
9.983206888164817,13,flow,-0.029577961536468775,0.060672394718695774,2.6440934818231026,-0.41175296730797445,8.136896640834534,0.2809688917964368,8.107322991851328,-0.7185937121888354,8.197531818479352,-0.7171911030099977
9.993206888164817,13,flow,-0.0030073191676763806,0.05661039296324921,2.6684697537326683,-0.4010102559571227,8.140951657571039,0.2812069565792572,8.137944342936377,-0.7187885214398627,8.197531818479352,-0.7171911030099977
10.003206888164817,13,flow,0.023759830971610715,0.052644859606466005,2.6833679535222594,-0.3924658122626324,8.14491127287684,0.2814234763851231,8.168668868390366,-0.7182942721096286,8.197531818479352,-0.7171911030099977
10.013206888164817,13,flow,0.05062803265104049,0.048753653456599155,2.688666795168939,-0.3861475752511873,8.148797476639475,0.28162067301461147,8.199403883786166,-0.7170980018662096,8.197531818479352,-0.7171911030099977
10.023206888164818,13,flow,0.07750103583252367,0.04491446846623139,2.6843291672393814,-0.38206044657722205,8.152632449553836,0.2818004118038623,8.230055924843105,-0.7151978858246402,8.197531818479352,-0.7171911030099977
10.033206888164818,13,flow,0.1042826446303364,0.04110506645947551,2.6704029034726533,-0.3801859763520913,8.156438326410198,0.2819642026905538,8.260532063753471,-0.7126032881545419,8.197531818479352,-0.7171911030099977
10.043206888164818,13,flow,0.13087755881269444,0.03730350830593808,2.647018727442583,-0.3804829857977482,8.160236961198406,0.28211320180430355,8.290741207668338,-0.7093345485352264,8.197531818479352,-0.7171911030099977
10.053206888164818,13,flow,0.15719218113652408,0.03348837434597409,2.614385514693466,-0.38288908151303974,8.164049703157053,0.2822482137839457,8.320595330005023,-0.7054225140979612,8.197531818479352,-0.7171911030099977
10.063206888164817,13,flow,0.18313536517270398,0.02963896563086134,2.5727831960029564,-0.38732295622502944,8.167897192139767,0.28236969500166564,8.350010589785589,-0.7009078397757212,8.197531818479352,-0.7171911030099977
10.073206888164817,13,flow,0.20861908227014428,0.025735478845571477,2.52255376924476,-0.39368732280174523,8.171799180371432,0.2824777578314346,8.378908301656706,-0.6958400902529401,8.197531818479352,-0.7171911030099977
10.083206888164817,13,flow,0.23355899149541826,0.02175914948735676,2.464090981035144,-0.4018722965696836,8.17577438596796,0.2825721760368537,8.407215728778862,-0.6902766841865041,8.197531818479352,-0.7171911030099977
10.093206888164817,13,flow,0.25787490223206444,0.017692359805174813,2.3978292770255973,-0.41175902763719924,8.17984038166895,0.2826523912747747,8.434866681428483,-0.6842817256282127,8.197531818479352,-0.7171911030099977
10.103206888164818,13,flow,0.2814911250731199,0.013518709979624585,2.324232603431029,-0.42322338938555343,8.184013520265776,0.2827175206218864,8.46180191492758,-0.677924768573846,8.197531818479352,-0.7171911030099977
10.113206888164818,13,flow,0.3043367121915048,0.009223052874909777,2.243783580868348,-0.4361395487829412,8.188308896363264,0.28276636493933494,8.487969330507012,-0.6712795585930602,8.197531818479352,-0.7171911030099977
10.123206888164818,13,flow,0.3263455931356835,0.004791494293234098,2.156973477828548,-0.45038327450052607,8.192740342520285,0.28279741780318335,8.513323991231438,-0.6644227911129084,8.197531818479352,-0.7171911030099977
10.133206888164818,13,flow,0.34745661572307274,0.00021136192338914203,2.0642932997416734,-0.4658348751940221,8.197320456557536,0.28280887465307114,8.537827971732135,-0.6574329198389739,8.197531818479352,-0.7171911030099977
10.143206888164817,13,flow,0.3676135042855281,-0.004528852938278454,1.9662261944582984,-0.48238169821045085,8.202060655936133,0.28279864175306246,8.561450065033478,-0.6503890417429543,8.197531818479352,-0.7171911030099977
10.153206888164817,13,flow,0.3867647489814059,-0.009439576300348402,1.8632412673840086,-0.4999201546323509,8.206971254593805,0.2827643445204616,8.584165372273308,-0.6433698777108416,8.197531818479352,-0.7171911030099977
10.163206888164817,13,flow,0.40486344034514304,-0.01453025024586292,1.755788807359701,-0.5183572673281095,8.21206155743975,0.2827033347611816,8.605954801830848,-0.6364528609003907,8.197531818479352,-0.7171911030099977
10.173206888164817,13,flow,0.4218670628769706,-0.01980944487670882,1.6442968520098522,-0.5376117630451811,8.217339967797212,0.28261269635295805,8.626804503619423,-0.629713338518294,8.197531818479352,-0.7171911030099977
10.183206888164818,13,flow,0.4377372604882992,-0.02528497905427049,1.5291689698758586,-0.5576147471027139,8.222814103378104,0.28248924893771277,8.646705262451958,-0.6232238873582258,8.197531818479352,-0.7171911030099977
10.193206888164818,13,flow,0.4524395852178057,-0.030964046003505545,1.4107831050170403,-0.5783100102463482,8.228490916809248,0.2823295492181591,8.665651871817223,-0.6170537391614476,8.197531818479352,-0.7171911030099977
10.203206888164818,13,flow,0.46594323900427165,-0.036853340374239735,1.2894913151607403,-0.5996540225777098,8.234376817244533,0.2821298894974117,8.683642506447862,-0.6112683086788868,8.197531818479352,-0.7171911030099977
10.213206888164818,13,flow,0.47822081659794846,-0.04295918390997323,1.1656202334124572,-0.6216156702897738,8.24047779014054,0.2818862931501178,8.700678108990987,-0.605928815152251,8.197531818479352,-0.7171911030099977
10.223206888164817,13,flow,0.4892480560296122,-0.049287647421490395,1.0394720923446443,-0.6441757884167985,8.246799512806053,0.2815945067660597,8.71676180311625,-0.6010919866654381,8.197531818479352,-0.7171911030099977
10.233206888164817,13,flow,0.49900360151705886,-0.05584466727232864,0.9113261645892161,-0.6673265380561928,8.253347463830893,0.2812499887595623,8.731898342657264,-0.596809836294807,8.197531818479352,-0.7171911030099977
10.243206888164817,13,flow,0.5074687823227518,-0.06263615503830851,0.7814404930000323,-0.6910706704905194,8.260127024939424,0.2808478942883148,8.746093603965502,-0.5931294990518627,8.197531818479352,-0.7171911030099977
10.253206888164817,13,flow,0.5146274099082391,-0.06966809939502099,0.6500538037761059,-0.7154207140849644,8.267143574190099,0.28038305637208416,8.759354126600774,-0.5900931191178467,8.197531818479352,-0.7171911030099977
10.263206888164817,13,flow,0.5204655947659362,-0.07694665961310816,0.5173875159999309,-0.7403981133148445,8.274402569752535,0.27984996314459987,8.77168670579305,-0.5877377776876684,8.197531818479352,-0.7171911030099977
10.273206888164818,13,flow,0.5249715835383839,-0.08447825030370584,0.3836477797440381,-0.76603234316649,8.281909623739752,0.279242731210538,8.783098038766617,-0.5860954527631377,8.197531818479352,-0.7171911030099977
10.283206888164818,13,flow,0.5281356164418466,-0.09226961726089444,0.2490274915718362,-0.7923600166827155,8.289670565761194,0.27855507511439404,8.79359442598381,-0.5851930033774403,8.197531818479352,-0.7171911030099977
10.293206888164818,13,flow,0.5299498045730305,-0.10032790440147431,0.11370825058462529,-0.8194239987063279,8.297691495998503,0.27778027295981356,8.803181527597205,-0.5850521719298898,8.197531818479352,-0.7171911030099977
10.303206888164818,13,flow,0.5304080263706115,-0.10866071191265554,-0.022137769930404817,-0.8472725349434044,8.305978827698901,0.27691112824760034,8.811864174849509,-0.5856895995160087,8.197531818479352,-0.7171911030099977
10.313206888164817,13,flow,0.5295058423042756,-0.11727614579271299,-0.15834605065402463,-0.8759584023083781,8.314539319037458,0.27593992802928313,8.819646235782283,-0.5871168503210966,8.197531818479352,-0.7171911030099977
10.323206888164817,13,flow,0.5272404267463539,-0.12618285901730672,-0.2947580621500829,-0.9055380840358008,8.323380094328874,0.27485839750179764,8.826530534362039,-0.589340442288231,8.197531818479352,-0.7171911030099977
10.333206888164817,13,flow,0.5236105159340242,-0.1353900845880302,-0.43121971110652824,-0.9360709712479042,8.332508654574426,0.27365765119912167,8.832518821968954,-0.59236188235777,8.197531818479352,-0.7171911030099977
10.343206888164817,13,flow,0.5186163709212258,-0.14490766073107963,-0.5675798956255378,-0.9676185913749396,8.341932877322057,0.272328140969171,8.837611800075893,-0.5961777056073486,8.197531818479352,-0.7171911030099977
10.353206888164818,13,flow,0.5122597544467443,-0.15474604851302087,-0.7036891659751491,-1.000243863042856,8.351661005797709,0.27085960096049344,8.841809192848524,-0.6007795185900225,8.197531818479352,-0.7171911030099977
10.363206888164818,13,flow,0.5045439206869277,-0.16491634213461082,-0.839398486094694,-1.0340103766575,8.36170162724117,0.2692409898839372,8.845109868287862,-0.6061540480778635,8.197531818479352,-0.7171911030099977
10.373206888164818,13,flow,0.4954736169098287,-0.17543027215548088,-0.9745580910398629,-1.0689816998691284,8.372063640353648,0.2674604308603551,8.847512006392236,-0.6122831972673157,8.197531818479352,-0.7171911030099977
10.383206888164818,13,flow,0.48505509609270575,-0.18630020189531013,-1.1090164362839876,-1.105220707343656,8.382756211740263,0.26550514921707136,8.849013312614316,-0.619144112289727,8.197531818479352,-0.7171911030099977
10.393206888164817,13,flow,0.4732961395991384,-0.19753911725359982,-1.2426192361932147,-1.1427889347468212,8.39378872121214,0.26336140865357105,8.849611274612432,-0.6267092625920543,8.197531818479352,-0.7171911030099977
10.403206888164817,13,flow,0.4602060890295955,-0.20916061019244636,-1.3752085909171294,-1.181745957521434,8.405170695802724,0.26101444626064996,8.849303459928784,-0.6349465394020886,8.197531818479352,-0.7171911030099977
10.413206888164817,13,flow,0.44579588635560513,-0.22117885613654167,-1.5066222032428551,-1.222148795865764,8.416911732353507,0.258448406946712,8.84808785175803,-0.6438193770593752,8.197531818479352,-0.7171911030099977
10.423206888164817,13,flow,0.4300781214195911,-0.2336085855633395,-1.6366926895109677,-1.2640513482631581,8.429021408538063,0.25564627789929406,8.845963219389853,-0.6532869024630632,8.197531818479352,-0.7171911030099977
10.433206888164818,13,flow,0.41306708582822327,-0.24646505008485936,-1.7652469913420439,-1.307503856927217,8.441509182221786,0.25258982378805617,8.842929519213904,-0.663304118242971,8.197531818479352,-0.7171911030099977
10.443206888164818,13,flow,0.39477883218654675,-0.259763983361441,-1.8921058975188,-1.3525524095667854,8.454384279099258,0.24925952349582592,8.838988321365719,-0.6738221254780337,8.197531818479352,-0.7171911030099977
10.453206888164818,13,flow,0.37523123751459003,-0.2735215572369122,-2.0170836877405103,-1.399238482887268,8.46765556861273,0.24563450924482766,8.834143256174219,-0.6847883918414651,8.197531818479352,-0.7171911030099977
10.463206888164818,13,flow,0.3544440695607524,-0.2877543335435183,-2.1399879119250285,-1.4475985341677111,8.48133142823371,0.24169250906358086,8.828400473559054,-0.6961470709163619,8.197531818479352,-0.7171911030099977
10.473206888164817,13,flow,0.3324390545822345,-0.3024792120923327,-2.260619320070985,-1.4976636480155887,8.495419596284552,0.23740979361344405,8.821769107441117,-0.7078393780698068,8.197531818479352,-0.7171911030099977
10.483206888164817,13,flow,0.30923994500938556,-0.31771337543873146,-2.378771958183326,-1.5494592459233973,8.509927013586397,0.2327611284595802,8.81426173610333,-0.7198040276691444,8.197531818479352,-0.7171911030099977
10.493206888164817,13,flow,0.28487258525777487,-0.33347423109004337,-2.4942334451724046,-1.6030048664454897,8.524859654341222,0.22771973292637981,8.805894828312523,-0.7319777355452843,8.197531818479352,-0.7171911030099977
10.503206888164817,13,flow,0.25936497381106577,-0.3497793518999296,-2.606785443722362,-1.6583140235884342,8.540222346785047,0.22225724671954616,8.796689163938682,-0.7442957894347478,8.197531818479352,-0.7171911030099977
10.513206888164817,13,flow,0.23274731958374215,-0.3666464154667664,-2.7162043346639693,-1.7153941502728014,8.556018584281459,0.21634370552407378,8.786670216846835,-0.7566926886539277,8.197531818479352,-0.7171911030099977
10.522224392945612,13,pre_impact,0.2078199098145299,-0.3823528350139611,-2.81199734264651,-1.7683859743785384,8.570636253870845,0.21059824823908535,8.776963464424446,-0.76788480331836,8.197531818479352,-0.7171911030099977
10.522224392945612,14,post_impact,-0.3823528350139611,0.2078199098145299,-0.15974884941898218,-1.1603463034915515,8.570636253870845,0.21059824823908535,8.197531818479352,-0.7171911030099977,8.776963464424446,-0.76788480331836
10.532224392945611,14,flow,-0.3833506277336474,0.19640034389892563,-0.03982565336828224,-1.1237516238088043,8.581823315776887,0.21289056463589717,8.20779332480849,-0.7145260439366365,8.776963464424446,-0.76788480331836
10.542224392945611,14,flow,-0.383150034716601,0.18534124528891388,0.07989138794004111,-1.0882466799374468,8.592681519248218,0.214988619194461,8.218837569099172,-0.7125029985234338,8.776963464424446,-0.76788480331836
10.552224392945611,14,flow,-0.3817542337622486,0.1746318950851477,0.1991780789989115,-1.0537964459505245,8.603217821297353,0.21690575893046304,8.230668828585708,-0.7111067668629872,8.776963464424446,-0.76788480331836
10.56222439294561,14,flow,-0.3791686754786761,0.1642619034547958,0.3178038031791812,-1.0203702560994503,8.61343925008929,0.21865451740133135,8.24329093044267,-0.7103181525210857,8.776963464424446,-0.76788480331836
10.572224392945612,14,flow,-0.3754011550136533,0.1542211623927404,0.4355300188666812,-0.987942530750771,8.623352912414637,0.22024666481290134,8.256707135012094,-0.7101139501708185,8.776963464424446,-0.76788480331836
10.582224392945612,14,flow,-0.37046189877291696,0.14449979128415144,0.5521087709317614,-0.9564934884005776,8.632966012248415,0.22169325513221616,8.270919978017286,-0.7104669612992252,8.776963464424446,-0.76788480331836
10.592224392945612,14,flow,-0.3643636658100667,0.13508807546484383,0.6672812511891777,-0.9260098319223721,8.642285879843879,0.22300466993864465,8.285931072481876,-0.7113460411275964,8.776963464424446,-0.76788480331836
10.602224392945612,14,flow,-0.3571218631938626,0.1259763981079104,0.7807764503408412,-0.8964853943554522,8.651320010697722,0.2241906587991246,8.301740871859739,-0.7127161805874254,8.776963464424446,-0.76788480331836
10.612224392945611,14,flow,-0.3487546741853523,0.11715516592770579,0.8923099536096052,-0.8679217264034222,8.660076113580384,0.22526037600471238,8.318348396800614,-0.7145386278171073,8.776963464424446,-0.76788480331836
10.622224392945611,14,flow,-0.3392831974845408,0.10861472938687845,1.0015829424476828,-0.8403286045332019,8.668562166651004,0.22622241355567196,8.335750929041836,-0.7167710541423046,8.776963464424446,-0.76788480331836
10.632224392945611,14,flow,-0.32873159513169387,0.10034529831955873,1.1082814747876948,-0.8137244353291941,8.676786480469836,0.22708483033171178,8.353943677135788,-0.7193677698207803,8.776963464424446,-0.76788480331836
10.64222439294561,14,flow,-0.3171272458765529,0.09233685414228282,1.2120761255034045,-0.7881365288316216,8.684757766483253,0.22785517743323047,8.372919420091197,-0.7222799949077728,8.776963464424446,-0.76788480331836
10.652224392945612,14,flow,-0.30450089997360325,0.08457906010899949,1.312622076019915,-0.7636012113192356,8.69248520929215,0.22854051972888312,8.392668136503968,-0.7254561903622609,8.776963464424446,-0.76788480331836
10.662224392945612,14,flow,-0.29088683044855507,0.07706117136893637,1.4095597460765996,-0.7401637468096103,8.699978540732396,0.22914745369448575,8.41317662833917,-0.728842453897232,8.776963464424446,-0.76788480331836
10.672224392945612,14,flow,-0.2763229749497338,0.069771946892981,1.5025160600192038,-0.7178780369326215,8.70724811350876,0.22968212167800484,8.434428150135822,-0.732382984011412,8.776963464424446,-0.76788480331836
10.682224392945612,14,flow,-0.2608510614029313,0.06269956562728081,1.5911064330960722,-0.6968060713025973,8.714304971849625,0.23015022277453778,8.45640205594861,-0.736020614070455,8.776963464424446,-0.76788480331836
10.692224392945612,14,flow,-0.2445167098999644,0.05583154948858559,1.6749375485266134,-0.6770171055680692,8.721160916412027,0.2305570205428612,8.479073477696895,-0.7396974161985264,8.776963464424446,-0.76788480331836
10.702224392945611,14,flow,-0.2273695026543897,0.04915469600648968,1.7536109723434763,-0.6585865523556454,8.727828560492885,0.23090734784004618,8.502413049618166,-0.743355372095952,8.776963464424446,-0.76788480331836
10.712224392945611,14,flow,-0.20946301354721422,0.04265502351207716,1.8267276194852355,-0.6415945815595417,8.734321374523459,0.23120560909128585,8.526386694058901,-0.746937104759869,8.776963464424446,-0.76788480331836
10.722224392945611,14,flow,-0.19085478885861046,0.03631773173864541,1.8938930415027528,-0.6261244407858818,8.740653715871975,0.23145578034671688,8.550955483714601,-0.7503866615533913,8.776963464424446,-0.76788480331836
10.732224392945612,14,flow,-0.17160627132888845,0.030127180508894732,1.954723454871928,-0.6122605237830288,8.746840841182921,0.23166140750385567,8.576075594497702,-0.7536503353088118,8.776963464424446,-0.76788480331836
10.742224392945612,14,flow,-0.15178266078353303,0.024066888811727544,2.0088523719874414,-0.6000862334676841,8.752898898863151,0.2318256030915894,8.601698361346726,-0.7566775063899862,8.776963464424446,-0.76788480331836
10.752224392945612,14,flow,-0.1314527062289009,0.018119556009526465,2.0559376385873716,-0.5896817053182752,8.758844899895644,0.23195104201797112,8.627770446430283,-0.759421485162784,8.776963464424446,-0.76788480331836
10.762224392945612,14,flow,-0.11068842656518328,0.01226710616823823,2.0956686270222242,-0.5811214746759351,8.764696665916787,0.23203995667829724,8.654234125364878,-0.7618403314524302,8.776963464424446,-0.76788480331836
10.772224392945612,14,flow,-0.08956475980103414,0.006490755591726858,2.1277732906261257,-0.5744721858414973,8.770472754408447,0.2320941318015196,8.681027692375455,-0.7638976256332064,8.776963464424446,-0.76788480331836
10.782224392945611,14,flow,-0.06815914375642412,0.0007711026131863182,2.1520247567310156,-0.5697904497452596,8.776192361887675,0.23211489938203478,8.708085980009528,-0.7655631652998885,8.776963464424446,-0.76788480331836
10.792224392945611,14,flow,-0.04655103451432034,-0.004911762386367629,2.168247129979854,-0.5671209586476526,8.781875207061123,0.23210313400102145,8.735340983398011,-0.7668135622394966,8.776963464424446,-0.76788480331836
10.802224392945611,14,flow,-0.024821372089746573,-0.010578129820988942,2.1763201970848156,-0.5664949596672311,8.787541396970004,0.23205924878808748,8.762722573545089,-0.7676327167712056,8.776963464424446,-0.76788480331836
10.81222439294561,14,flow,-0.003052005666047415,-0.016248530641032193,2.1761827698906355,-0.5679291736737658,8.793211280099628,0.23198319221194263,8.790159279171684,-0.7680121504223798,8.776963464424446,-0.76788480331836
10.822224392945612,14,flow,0.018674906951084206,-0.02194358776651319,2.1678344732091333,-0.5714252230129958,8.798905291183475,0.23187444582038985,8.817579112667831,-0.7679511831725713,8.776963464424446,-0.76788480331836
10.832224392945612,14,flow,0.04027750949766897,-0.02768386449818563,2.1513358719056974,-0.5769696024515718,8.804643792922667,0.23173202297771167,8.844910413085593,-0.7674569477884066,8.776963464424446,-0.76788480331836
10.842224392945612,14,flow,0.06167485031637082,-0.03348971537521316,2.1268069300007335,-0.5845341953226162,8.810446920024061,0.23155446857418915,8.872082678108795,-0.7665442406351356,8.776963464424446,-0.76788480331836
10.852224392945612,14,flow,0.08278746201534082,-0.039381144806904154,2.09442389362319,-0.5940773042043833,8.816334430818008,0.23133985961047154,8.899027357615969,-0.7652352152622584,8.776963464424446,-0.76788480331836
10.862224392945611,14,flow,0.10353790279523,-0.04537767834299588,2.0544147798413515,-0.6055451357517433,8.822325571252998,0.23108580649159594,8.925678583779177,-0.7635589314936625,8.776963464424446,-0.76788480331836
10.872224392945611,14,flow,0.12385124673509422,-0.051498250719413254,2.0070537261125847,-0.618873655324765,8.828438955335951,0.23078945480358615,8.951973816399699,-0.7615507782324229,8.776963464424446,-0.76788480331836
10.882224392945611,14,flow,0.14365551312925576,-0.05776111388420924,1.9526545046911679,-0.6339907106699136,8.834692465153275,0.2304474872917609,8.977854386970154,-0.7592517923592337,8.776963464424446,-0.76788480331836
10.89222439294561,14,flow,0.1628820281557834,-0.06418376715432444,1.891563529745738,-0.6508183161203331,8.841103172551446,0.23005612571571032,9.003265930398841,-0.7567078987436975,8.776963464424446,-0.76788480331836
10.902224392945612,14,flow,0.18146571544302592,-0.0707829105651303,1.82415268264573,-0.6692749894434752,8.847687283463852,0.22961113222247287,9.028158698960864,-0.7539690974428579,8.776963464424446,-0.76788480331836
10.912224392945612,14,flow,0.19934531524785043,-0.07757442143089065,1.7508122560429613,-0.6892780415535709,8.854460104821811,0.2291078098574456,9.052487758442064,-0.7510886237218943,8.776963464424446,-0.76788480331836
10.922224392945612,14,flow,0.21646353476649283,-0.08457335320163224,1.6719442751817115,-0.7107457331361496,8.86143603304835,0.22854100182223347,9.076213071269644,-0.7481221048081381,8.776963464424446,-0.76788480331836
10.932224392945612,14,flow,0.23276713442313707,-0.09179395492788725,1.5879564015192136,-0.7335992297762178,8.868628562350569,0.2279050890897697,9.09929947543054,-0.7451267345721561,8.776963464424446,-0.76788480331836
10.942224392945612,14,flow,0.2482069567425501,-0.09924970905613897,1.4992565654963403,-0.7577643063862805,8.876050310427068,0.22719398599897467,9.12171657102542,-0.7421604839466807,8.776963464424446,-0.76788480331836
10.952224392945611,14,flow,0.26273790559106946,-0.10695338488174333,1.406248417730369,-0.7831727707640626,8.883713058798042,0.22640113347300028,9.143438528355205,-0.7392813611717518,8.776963464424446,-0.76788480331836
10.962224392945611,14,flow,0.2763188841946484,-0.11491710477332596,1.3093276353678378,-0.8097635935308829,8.891627804738134,0.2255194895354744,9.164443832536065,-0.7365467321855453,8.776963464424446,-0.76788480331836
10.972224392945611,14,flow,0.28891270047973955,-0.12315242023176048,1.2088790757706611,-0.837483746532215,8.89980482172482,0.2245415168367445,9.18471497989957,-0.7340127079042651,8.776963464424446,-0.76788480331836
10.982224392945612,14,flow,0.30048594802099526,-0.1316703949289483,1.1052747346465515,-0.8662887635028867,8.908253725379105,0.2234591669454722,9.204238141005568,-0.7317336019270004,8.776963464424446,-0.76788480331836
10.992224392945612,14,flow,0.3110088703166544,-0.14048169205474811,0.998872440502767,-0.8961430452886646,8.916983542039196,0.22226386120871977,9.223002804142594,-0.7297614594743447,8.776963464424446,-0.76788480331836
11.002224392945612,14,flow,0.3204552153440434,-0.1495966635529236,0.8900152013102132,-0.9270199373559169,8.926002777339992,0.2209464680346762,9.241001411876207,-0.7281456561768357,8.776963464424446,-0.76788480331836
11.012224392945612,14,flow,0.32880208646065445,-0.15902543912019765,0.7790311113187411,-0.9589016100962011,8.935319482443404,0.21949727650544326,9.258229001676872,-0.7269325636773408,8.776963464424446,-0.76788480331836
11.022224392945612,14,flow,0.3360297947838373,-0.16877801315217386,0.6662337245536638,-0.9917787730355165,8.944941315852686,0.2179059662821431,9.274682860039253,-0.7261652778713155,8.776963464424446,-0.76788480331836
11.032224392945611,14,flow,0.34212171726163293,-0.17886432812691508,0.5519228050544721,-1.0256502530120026,8.954875599029299,0.21616157382061651,9.290362197890198,-0.7258834049276093,8.776963464424446,-0.76788480331836
11.042224392945611,14,flow,0.347064163780424,-0.18929435320738858,0.4363853708805736,-1.0605224641895068,8.965129364299662,0.21425245497304113,9.305267853542691,-0.726122899944063,8.776963464424446,-0.76788480331836
11.052224392945611,14,flow,0.3508462558694424,-0.20007815710855045,0.31989695798524714,-1.0964087948660317,8.975709393782552,0.21216624410906004,9.319402028032007,-0.7269159531253833,8.776963464424446,-0.76788480331836
11.062224392945613,14,flow,0.35345981887324557,-0.21122597450829725,0.20272304016732437,-1.1333289327761442,8.986622248280959,0.20988980994985518,9.332768056392519,-0.7282909186556707,8.776963464424446,-0.76788480331836
11.072224392945612,14,flow,0.35489928887703515,-0.22274826548180376,0.08512055162026283,-1.1713081472534745,8.997874285263253,0.2074092083705894,9.345370217305605,-0.7302722819095676,8.776963464424446,-0.76788480331836
11.082224392945612,14,flow,0.3551616351850084,-0.23465576760619475,-0.03266053148635848,-1.2103765434151705,9.009471665208274,0.20470963249148344,9.35721358256653,-0.7328806612466738,8.776963464424446,-0.76788480331836
11.092224392945612,14,flow,0.3542462987626202,-0.24695954051942018,-0.1503755848161542,-1.2505683005817017,9.021420345710489,0.20177536044619382,9.368303906967283,-0.7361328413144074,8.776963464424446,-0.76788480331836
11.102224392945612,14,flow,0.35215514675109605,-0.2596710028251024,-0.26778373139640366,-1.2919209045567404,9.033726062836593,0.19858970128931097,9.378647558453899,-0.740041835503013,8.776963464424446,-0.76788480331836
11.112224392945611,14,flow,0.3488924429351662,-0.2728019613215941,-0.38464625813164705,-1.3344743811354853,9.046394299302372,0.1951349395825751,9.388251487772532,-0.7446169759202761,8.776963464424446,-0.76788480331836
11.122224392945611,14,flow,0.3444648338825865,-0.28636463259566125,-0.5007250667030692,-1.3782705363860064,9.059430239096534,0.19139227928413183,9.397123236241969,-0.7498640299531201,8.776963464424446,-0.76788480331836
11.132224392945611,14,flow,0.3388813503656555,-0.3003716570703088,-0.615781167352736,-1.4233522077364864,9.072838708228367,0.18734178765572407,9.405270979768247,-0.7557853431378055,8.776963464424446,-0.76788480331836
11.14222439294561,14,flow,0.33215342360995964,-0.31483610562986813,-0.7295732201273576,-1.4697625287410792,9.086624101318055,0.1829623400010303,9.412703606725719,-0.7623800086500248,8.776963464424446,-0.76788480331836
11.152224392945612,14,flow,0.32429491588626636,-0.329771478969724,-0.8418561250209131,-1.5175442095130196,9.100790293789103,0.17823156615403912,9.419430826857747,-0.7696440642351648,8.776963464424446,-0.76788480331836
11.162224392945612,14,flow,0.3153221649599153,-0.3451916998345291,-0.9523796599837897,-1.5667388341709163,9.11534053946551,0.17312579974977416,9.42546330788715,-0.7775707178132696,8.776963464424446,-0.76788480331836
11.172224392945612,14,flow,0.3052540419325218,-0.3611110983198318,-1.0608871638131903,-1.6173861761957227,9.130277353425699,0.1676200314306705,9.430812836065458,-0.7861506032999689,8.776963464424446,-0.76788480331836
11.182224392945612,14,flow,0.29411202204877346,-0.37754439041941695,-1.167114259369399,-1.6695235322981155,9.145602380024936,0.1616878672700639,9.435492496429283,-0.7953720683719384,8.776963464424446,-0.76788480331836
11.192224392945612,14,flow,0.2819202680933813,-0.3945066500056476,-1.2707876112509044,-1.7231850752086701,9.161316246071305,0.15530149382882064,9.43951686807456,-0.8052214959621589,8.776963464424446,-0.76788480331836
11.202224392945611,14,flow,0.2687057260678054,-0.41201327443360464,-1.3716237109009088,-1.7784012256909076,9.177418399230506,0.1484316514010099,9.442902229312935,-0.8156836611860085,8.776963464424446,-0.76788480331836
11.211906779788048,14,pre_impact,0.25496442613381065,-0.42949735133324346,-1.4662757017271746,-1.8333695708226039,9.193377323788306,0.14129037107307396,9.445588308738486,-0.8263818973476245,8.776963464424446,-0.76788480331836
11.211906779788048,15,post_impact,-0.42949735133324346,0.25496442613381065,-0.028851141030493823,-1.2018057364592754,9.193377323788306,0.14129037107307396,8.776963464424446,-0.76788480331836,9.445588308738486,-0.8263818973476245
11.221906779788048,15,flow,-0.42914264518049616,0.24315448421652974,0.099880334286549,-1.1603469803417295,9.204822799743587,0.1442014167879665,8.788731456597102,-0.7651214049637778,9.445588308738486,-0.8263818973476245
11.231906779788048,15,flow,-0.42749836951489883,0.23175428644945542,0.22902421901929948,-1.1198483611818755,9.215903047119076,0.14688306174358967,8.801307443167818,-0.7631226993284443,9.445588308738486,-0.8263818973476245
11.241906779788048,15,flow,-0.42456156407684154,0.2207544816564163,0.35834692024674564,-1.0802604887723128,9.226622451116201,0.14935062398992804,8.814701141097293,-0.761868797638204,9.445588308738486,-0.8263818973476245
11.251906779788047,15,flow,-0.42033163287091996,0.21014619149112126,0.4876088194247161,-1.0415383499470765,9.236985431322708,0.15161853186181995,8.828922190384828,-0.7613351314723461,9.445588308738486,-0.8263818973476245
11.261906779788049,15,flow,-0.41481041533132273,0.1999209617514641,0.6165620760759902,-1.0036422951384503,9.246996441309653,0.15370037990828478,8.843980010193205,-0.7614923627695412,9.445588308738486,-0.8263818973476245
11.271906779788049,15,flow,-0.4080022798514995,0.19007070373579898,0.7449483549098284,-0.9665390420564894,9.256659982866104,0.15560898228571474,8.859883599811267,-0.7623063198254997,9.445588308738486,-0.8263818973476245
11.281906779788049,15,flow,-0.39991424031533,0.18058762551712879,0.8724965039952362,-0.9302026864237156,9.265980634596977,0.15735642323843313,8.87664128362067,-0.7637379637715777,9.445588308738486,-0.8263818973476245
11.291906779788048,15,flow,-0.3905560959289981,0.171464153132153,0.9989202243710354,-0.8946157054961178,9.274963094505429,0.15895410436342794,8.894260400031138,-0.7657433912642041,9.445588308738486,-0.8263818973476245
11.301906779788048,15,flow,-0.3799405941748359,0.16269284184929397,1.1239157867096454,-0.8597699350663077,9.28361223603316,0.16041278842594575,8.912746935363622,-0.7682738803484543,9.445588308738486,-0.8263818973476245
11.311906779788048,15,flow,-0.36808361606608514,0.15426627790138486,1.2471598682535536,-0.8256674948153262,9.29193317683123,0.16174263955982626,8.932105104940007,-0.7712759876277794,9.445588308738486,-0.8263818973476245
11.321906779788048,15,flow,-0.355004382052802,0.14617697135202365,1.368307602830135,-0.7923216303900317,9.299931359272867,0.16295325975151043,8.952336885223996,-0.7746917058995024,9.445588308738486,-0.8263818973476245
11.331906779788048,15,flow,-0.3407256758976075,0.13841724111508577,1.4869909575606317,-0.7597574336943306,9.307612641392355,0.16405372156982412,8.97344150278152,-0.7784586922049433,9.445588308738486,-0.8263818973476245
11.341906779788049,15,flow,-0.3252740825992053,0.1309790935665748,1.6028175706665013,-0.7280123960183847,9.314983396538114,0.16505259716481335,8.995414888103571,-0.782510576674758,9.445588308738486,-0.8263818973476245
11.351906779788049,15,flow,-0.3086802350003981,0.12385409667370641,1.7153702037140446,-0.6971367424074257,9.322050619566495,0.16595798361758407,9.018249104944095,-0.786777362484961,9.445588308738486,-0.8263818973476245
11.361906779788049,15,flow,-0.29097906210601987,0.11703325210749528,1.8242069762603832,-0.6671934909190119,9.328822036885608,0.16677752477833996,9.041931768715362,-0.7911859265230151,9.445588308738486,-0.8263818973476245
11.371906779788048,15,flow,-0.2722100304128786,0.11050686838244439,1.928862558081615,-0.6382581781663826,9.335306217105169,0.16751842978029252,9.066445470547363,-0.7956606288377709,9.445588308738486,-0.8263818973476245
11.381906779788048,15,flow,-0.2524173678101024,0.1042644386493568,2.0288504903972666,-0.6104181939853716,9.341512678489284,0.16818748846124476,9.09176722668974,-0.8001240364652332,9.445588308738486,-0.8263818973476245
11.391906779788048,15,flow,-0.23165025797293554,0.09829452731164712,2.1236667889760104,-0.5837716744407145,9.347451988887254,0.168791083960679,9.117867975781424,-0.8044977636720377,9.445588308738486,-0.8263818973476245
11.401906779788048,15,flow,-0.20996299181162864,0.09258467008654721,2.21279494522545,-0.5584259148479465,9.35313585338755,0.1693352027865367,9.144712148836522,-0.8087034259910927,9.445588308738486,-0.8263818973476245
11.411906779788048,15,flow,-0.18741506164585994,0.08712129242500766,2.295712383812719,-0.5344952838429545,9.358577184667062,0.16982544266138555,9.172257338243298,-0.8126636996850453,9.445588308738486,-0.8263818973476245
11.42190677978805,15,flow,-0.16407118356733993,0.08188965126726098,2.3718983563126277,-0.5120986459935325,9.363790150961712,0.17026701846191272,9.200454092267655,-0.8163034716351161,9.445588308738486,-0.8263818973476245
11.431906779788049,15,flow,-0.14000123413664087,0.07687380487639318,2.4408431517829303,-0.49135633334237383,9.368790196833615,0.17066476655925955,9.22924586012764,-0.8195510574373528,9.445588308738486,-0.8263818973476245
11.441906779788049,15,flow,-0.1152800893067337,0.07205661490347753,2.5020583923482693,-0.47238674381185214,9.373594032510452,0.17102314785236916,9.258569109364915,-0.8223394581759448,9.445588308738486,-0.8263818973476245
11.451906779788048,15,flow,-0.08998735637535987,0.06741978386239025,2.5550880638565463,-0.4553026835901938,9.378219588556597,0.17134624976513202,9.288353631818286,-0.8246076195578943,9.445588308738486,-0.8263818973476245
11.461906779788048,15,flow,-0.06420699383375657,0.06294392983353447,2.5995198208374353,-0.44020760736370573,9.382685933999918,0.1716377874543582,9.31852304703617,-0.8263016515580888,9.445588308738486,-0.8263818973476245
11.471906779788048,15,flow,-0.038026819056722505,0.058608698521450536,2.6349960159325567,-0.4271919397565425,9.387013157734836,0.17190110445341777,9.348995502725872,-0.827375963184792,9.445588308738486,-0.8263818973476245
11.481906779788048,15,flow,-0.011537909575715103,0.054392910858851985,2.661223851488356,-0.41632967872533727,9.391222214954665,0.17213917295920123,9.379684561371455,-0.8277942661005163,9.445588308738486,-0.8263818973476245
11.491906779788048,15,flow,0.015166090237263726,0.05027474232086174,2.6779840475157344,-0.4076754828639099,9.395334742393056,0.17235459396005048,9.410500251244196,-0.8275304030977542,9.445588308738486,-0.8263818973476245
11.501906779788047,15,flow,0.04198973940228558,0.04623192816497431,2.68513747310524,-0.4012624271859984,9.399372848099466,0.17254959739959952,9.441350249637106,-0.8265689630126009,9.445588308738486,-0.8263818973476245
11.511906779788049,15,flow,0.06883662480155667,0.042241987135058466,2.682629297622214,-0.3971005759801087,9.403358883147371,0.172726042573906,9.472141157322028,-0.824905652371359,9.445588308738486,-0.8263818973476245
11.521906779788049,15,flow,0.09561021347145138,0.03828245491839066,2.670490375283131,-0.3951764694828791,9.407315203920295,0.17288541896346943,9.502779816810088,-0.8225474053324755,9.445588308738486,-0.8263818973476245
11.531906779788049,15,flow,0.12221470443415378,0.034331118000725525,2.6488357665146327,-0.3954535584625931,9.41126393426313,0.17302884770011395,9.533174623853649,-0.8195122263938324,9.445588308738486,-0.8263818973476245
11.541906779788048,15,flow,0.1485558517747529,0.03036623854226601,2.6178604998198987,-0.39787355455083306,9.41522673680855,0.17315708385818285,9.563236781949739,-0.8158287737440902,9.445588308738486,-0.8263818973476245
11.551906779788048,15,flow,0.1745417326843923,0.026366761541933424,2.577832866370069,-0.40235860162197684,9.419224602145999,0.17327051973278518,9.592881453485667,-0.8115357038375133,9.445588308738486,-0.8263818973476245
11.561906779788048,15,flow,0.20008343792468283,0.02231249677524707,2.5290856946211537,-0.40881412180103566,9.423277663287324,0.1733691892232042,9.62202876811204,-0.8066808086498405,9.445588308738486,-0.8263818973476245
11.571906779788048,15,flow,0.22509566721598753,0.01818426964832466,2.472006158694836,-0.417132153825665,9.427405041231916,0.17345277337688314,9.650604658180944,-0.8013199852667953,9.445588308738486,-0.8263818973476245
11.581906779788048,15,flow,0.24949721788821352,0.013964037036037652,2.4070247242588017,-0.42719498413108964,9.431624725516032,0.1735206070714762,9.67854150168695,-0.7955160824534149,9.445588308738486,-0.8263818973476245
11.591906779788049,15,flow,0.2732113611848417,0.009634966178009966,2.334603829720101,-0.4388788720886192,9.435953491632901,0.17357168672482737,9.705778564071448,-0.7893376705272105,9.445588308738486,-0.8263818973476245
11.601906779788049,15,flow,0.2961661063537145,0.005181476618386392,2.255226846372832,-0.45205768788348233,9.44040685530519,0.17360467883243536,9.732262240558791,-0.782857779447278,9.445588308738486,-0.8263818973476245
11.611906779788049,15,flow,0.3182943576690205,0.0005892468534808564,2.1693877713061887,-0.4666063105070285,9.444999061919104,0.17361792904645335,9.757946109638219,-0.7761526460525493,9.445588308738486,-0.8263818973476245
11.621906779788048,15,flow,0.33953397352457265,-0.004154811299997037,2.077581996166636,-0.4824036694492692,9.449743108084785,0.17360947143632255,9.782790815394058,-0.7693005055265033,9.445588308738486,-0.8263818973476245
11.631906779788048,15,flow,0.3598277395834663,-0.009062606631626263,1.9802983777068484,-0.4993353521775476,9.454650791317373,0.17357703751395637,9.80676380138995,-0.7623804551840986,9.445588308738486,-0.8263818973476245
11.641906779788048,15,flow,0.3791232696622231,-0.014144946182339063,1.8780127245837763,-0.5172957363598816,9.459732783239911,0.1735180645691058,9.82983892174244,-0.7554714112823417,9.445588308738486,-0.8263818973476245
11.651906779788048,15,flow,0.3973728486723263,-0.019411631787198413,1.7711827178456319,-0.5361896381065947,9.464998721461138,0.17342970284409986,9.851995956072884,-0.748651172352247,9.445588308738486,-0.8263818973476245
11.661906779788048,15,flow,0.4145332317115564,-0.02487157074371553,1.6602442050640491,-0.555933493521234,9.470457315323165,0.17330882108057577,9.873220054523632,-0.7419955959915456,9.445588308738486,-0.8263818973476245
11.67190677978805,15,flow,0.43056541249848224,-0.03053289610760262,1.5456087518947315,-0.5764561099209378,9.476116460979075,0.17315200999157898,9.89350113734148,-0.7355778904397049,9.445588308738486,-0.8263818973476245
11.681906779788049,15,flow,0.4454343729866574,-0.036403092548469726,1.4276622991621315,-0.5976990354186087,9.481983361680081,0.1729555832470836,9.912833271049806,-0.7294680177275921,9.445588308738486,-0.8263818973476245
11.691906779788049,15,flow,0.45910882437363787,-0.042489124221370356,1.306764755800383,-0.619616601950493,9.488064649662652,0.1727155756056875,9.931214040297686,-0.7237322017800327,9.445588308738486,-0.8263818973476245
11.701906779788048,15,flow,0.47156094799619086,-0.04879756167227861,1.1832503546646094,-0.6421756983975809,9.494366506574256,0.1724277378761726,9.948643931379209,-0.7184325324875813,9.445588308738486,-0.8263818973476245
11.711906779788048,15,flow,0.4827661429027728,-0.055334705354335184,1.0574286056207718,-0.6653553284013288,9.500894779920195,0.17208752844638897,9.965125740381902,-0.7136266553334585,9.445588308738486,-0.8263818973476245
11.721906779788048,15,flow,0.4927027853067337,-0.062106703856783525,0.9295856949100364,-0.689146002969407,9.507655093523619,0.1716901011707369,9.980664016105814,-0.7093675355123746,9.445588308738486,-0.8263818973476245
11.731906779788048,15,flow,0.5013520037050742,-0.06911966542052167,0.7999861985412225,-0.7135490120078518,9.514652950446667,0.1712302894593134,9.995264545390322,-0.7057032854514189,9.445588308738486,-0.8263818973476245
11.741906779788048,15,flow,0.508697472227086,-0.07637976172277494,0.6688749979848888,-0.7385756123068159,9.521893827212866,0.1707025864602203,10.008933886341868,-0.7026770450881793,9.445588308738486,-0.8263818973476245
11.751906779788047,15,flow,0.5147252237630537,-0.08389332325521562,0.5364793069448965,-0.7642461628485067,9.52938325849596,0.17010112127092802,10.021678953182125,-0.7003269050434057,9.445588308738486,-0.8263818973476245
11.761906779788049,15,flow,0.5194234836087077,-0.09166692589663762,0.4030107372543327,-0.7905892320114886,9.537126911700017,0.16941963115484338,10.033506655015398,-0.6986858638318874,9.445588308738486,-0.8263818973476245
11.771906779788049,15,flow,0.5227825237299213,-0.09970746849807989,0.2686673492399087,-0.8176406955721719,9.545130651054974,0.16865142977571723,10.0444235897128,-0.6977818113954835,9.445588308738486,-0.8263818973476245
11.781906779788049,15,flow,0.524794537282361,-0.10802224146205056,0.13363564684462756,-0.8454428394863013,9.553400590997706,0.16778937149595785,10.054435793284735,-0.6976375324475211,9.445588308738486,-0.8263818973476245
11.791906779788048,15,flow,0.525453532688141,-0.11661898641607532,-0.001907509720888663,-0.8740434773153177,9.561943138708951,0.16682581181624623,10.063548544514926,-0.698270724338086,9.445588308738486,-0.8263818973476245
11.801906779788048,15,flow,0.5247552463515625,-0.12550594716213637,-0.1377930909477111,-0.9034950888284238,9.570765025739034,0.16575256406421712,10.071766224210734,-0.6996940253507044,9.445588308738486,-0.8263818973476245
11.811906779788048,15,flow,0.5226970729656909,-0.13469191213528153,-0.27385819391698907,-0.9338539837077628,9.579873328687857,0.16456085247054608,10.079092228140283,-0.7019150505005104,9.445588308738486,-0.8263818973476245
11.821906779788048,15,flow,0.51927801229897,-0.1441862486336993,-0.40994445054175654,-0.9651794923352908,9.589275478914203,0.1632412618028144,10.085528932534514,-0.7049364330096674,9.445588308738486,-0.8263818973476245
11.831906779788048,15,flow,0.5144986313393551,-0.15399892909503524,-0.54589654749295,-0.9975331842692966,9.598979261242143,0.16178368376215146,10.091077710895611,-0.7087558706801796,9.445588308738486,-0.8263818973476245
11.841906779788049,15,flow,0.5083610406936773,-0.1641405496950382,-0.681560854505304,-1.0309781141374244,9.608992801614129,0.16017726038598756,10.095739000736883,-0.713366177365995,9.445588308738486,-0.8263818973476245
11.851906779788049,15,flow,0.5008688841812319,-0.1746223415392613,-0.8167841563969793,-1.0655780942138198,9.619324543615825,0.1584103247432317,10.09951241875636,-0.7187553406632623,9.445588308738486,-0.8263818973476245
11.861906779788049,15,flow,0.49202734060952724,-0.18545617471040796,-0.9514124838054436,-1.10139699283762,9.629983213771247,0.1564703392566167,10.102396922790692,-0.7249065877902011,9.445588308738486,-0.8263818973476245
11.871906779788048,15,flow,0.48184313676816054,-0.1966545554261705,-1.0852900381605732,-1.1384980580110782,9.640977775482211,0.1543438320413839,10.104391018686332,-0.7317984624142179,9.445588308738486,-0.8263818973476245
11.881906779788048,15,flow,0.47032457071611694,-0.20823061655771097,-1.2182582076082347,-1.1769432659353758,9.652317371466513,0.15201633171025353,10.105493009943354,-0.7394049159000484,9.445588308738486,-0.8263818973476245
11.891906779788048,15,flow,0.457481544462475,-0.22019810175943266,-1.350154672306504,-1.2167926948540826,9.664011254537694,0.14947230116176158,10.10570128761849,-0.7476954170922369,9.445588308738486,-0.8263818973476245
11.901906779788048,15,flow,0.4433256051461405,-0.23257134346808817,-1.4808125995940606,-1.2581039253352826,9.676068706568344,0.146695070942238,10.105014657506954,-0.7566350852981985,9.445588308738486,-0.8263818973476245
11.911906779788048,15,flow,0.42786999380385743,-0.24536523504485028,-1.6100599318313515,-1.3009314689915867,9.68849894549048,0.14366677285028961,10.103432701049078,-0.7661848515907714,9.445588308738486,-0.8263818973476245
11.92190677978805,15,flow,0.4111297007758516,-0.25859519735858927,-1.7377187720921201,-1.3453262285692813,9.701311020212856,0.14036827453557543,10.10095616572465,-0.7763016538840584,9.445588308738486,-0.8263818973476245
11.931906779788049,15,flow,0.39312152673506756,-0.27227714014266446,-1.8636048751798353,-1.3913349932866048,9.714513693377167,0.13677911592945857,10.097587379906532,-0.786938671432462,9.445588308738486,-0.8263818973476245
11.941906779788049,15,flow,0.3738641482406943,-0.2864274185009524,-1.987527253491688,-1.4389999742137987,9.72811531193384,0.13287744843194793,10.093330686252841,-0.7980456044360275,9.445588308738486,-0.8263818973476245
11.951906779788048,15,flow,0.3533781866129252,-0.3010627849909548,-2.1092879088682963,-1.4883583853041675,9.74212366559386,0.1286399778650098,10.088192886738712,-0.8095690042792648,9.445588308738486,-0.8263818973476245
11.961906779788048,15,flow,0.33168627880899093,-0.3162003377713483,-2.2286817025503245,-1.5394420763380225,9.756545833305074,0.12404191228438399,10.082183691386263,-0.8214526595584668,9.445588308738486,-0.8263818973476245
11.971906779788048,15,flow,0.3088131488578051,-0.33185746536625743,-2.345496375501283,-1.5922772244548162,9.771388018008171,0.1190569158178757,10.075316161676643,-0.8336380424380379,9.445588308738486,-0.8263818973476245
11.981906779788048,15,flow,0.2847856782916237,-0.34805178866605263,-2.4595127304288726,-1.6468840910417706,9.786655370046859,0.11365706976516043,10.067607138561552,-0.8460648189966131,9.445588308738486,-0.8263818973476245
11.991906779788048,15,flow,0.2596329739096883,-0.3648011008509737,-2.570504984628051,-1.703276850436039,9.80235179973483,0.10781284225012255,10.059077643984134,-0.8586714260618256,9.445588308738486,-0.8263818973476245
12.001906779788047,15,flow,0.23338643113473587,-0.38212330598489924,-2.678241299077021,-1.7614634961000717,9.818479779714647,0.10149306775987077,10.049753243930349,-0.8713957155805829,9.445588308738486,-0.8263818973476245
12.007655752437763,15,pre_impact,0.21781519447521624,-0.39234811967464944,-2.738612676174812,-1.7957278893701891,9.827947470911111,0.09763188561378144,10.04404442870359,-0.8787400234622815,9.445588308738486,-0.8263818973476245
12.007655752437763,16,post_impact,-0.39234811967464944,0.21781519447521624,-0.108006763679942,-1.1614448887980386,9.827947470911111,0.09763188561378144,9.445588308738486,-0.8263818973476245,10.04404442870359,-0.8787400234622815
12.017655752437763,16,flow,-0.39281675655361487,0.2063902213056979,0.014280439139517709,-1.1237284194464616,9.839116354515644,0.1000370116226349,9.45632420741046,-0.8237974822747316,10.04404442870359,-0.8787400234622815
12.027655752437763,16,flow,-0.3920628630791143,0.19533712009380622,0.1364618168550708,-1.0870638727034925,9.849947173875824,0.10224226774807743,9.467851608282116,-0.8218805480906095,10.04404442870359,-0.8787400234622815
12.037655752437763,16,flow,-0.3900886314733912,0.18464556371391078,0.2583095936243455,-1.0514135184125162,9.860446294996539,0.10426136275204523,9.480175905314049,-0.8206139968130841,10.04404442870359,-0.8787400234622815
12.047655752437763,16,flow,-0.3868985639278936,0.17430558032922963,0.3795892743296034,-1.016744160433536,9.870620146513078,0.10610718212176518,9.493302101609657,-0.8199765576071326,10.04404442870359,-0.8787400234622815
12.057655752437764,16,flow,-0.382499548139463,0.16430750411173595,0.5000579737866163,-0.9830279238891967,9.880475227697344,0.10779183942009829,9.507234677446297,-0.8199427625261134,10.04404442870359,-0.8787400234622815
12.067655752437764,16,flow,-0.3769009495697761,0.15464191812874187,0.6194627479291819,-0.9502430327924408,9.890018128320161,0.10932672468290006,9.52197741401859,-0.8204829507971895,10.04404442870359,-0.8787400234622815
12.077655752437764,16,flow,-0.3701147202422644,0.14529958955108135,0.7375389617191694,-0.9183745657941393,9.899255559851744,0.11072254958260286,9.53753317344762,-0.821563305278505,10.04404442870359,-0.8787400234622815
12.087655752437763,16,flow,-0.362155523494017,0.1362713974764905,0.8540087386168173,-0.8874151745121334,9.908194397363049,0.11198938913470713,9.553903636441055,-0.8231459255258581,10.04404442870359,-0.8787400234622815
12.097655752437763,16,flow,-0.35304087359654557,0.12754825383513843,0.9685795476618597,-0.8573657452545838,9.916841731337556,0.11313671977893658,9.571088999976354,-0.8251889426412431,10.04404442870359,-0.8787400234622815
12.107655752437763,16,flow,-0.34279128853934276,0.11912101805546346,1.0809429961885053,-0.8282359810590265,9.925204928412972,0.11417345372023524,9.58908763854275,-0.827646681682644,10.04404442870359,-0.8787400234622815
12.117655752437763,16,flow,-0.331430453529094,0.1109804064189831,1.1907739083277258,-0.8000448770372813,9.93329169984317,0.11510796946720592,9.607895733828768,-0.8304698778312348,10.04404442870359,-0.8787400234622815
12.127655752437763,16,flow,-0.31898539189775454,0.10311689732159195,1.2977297808655366,-0.7728210583393117,9.94111017620349,0.11594813855747721,9.627506879280306,-0.8336059526658242,10.04404442870359,-0.8787400234622815
12.137655752437764,16,flow,-0.30548663914725777,0.09552063398160517,1.4014507175470734,-0.7466029470206399,9.948668986561279,0.11670134851105518,9.64791166766009,-0.8369993567038293,10.04404442870359,-0.8787400234622815
12.147655752437764,16,flow,-0.29096841481351554,0.08818132648256621,1.5015599490543434,-0.721438722213242,9.955977340007122,0.11737452210390409,9.66909727157021,-0.840591983747753,10.04404442870359,-0.8787400234622815
12.157655752437764,16,flow,-0.2754687857500423,0.08108815539733069,1.5976650468805829,-0.6973860378410922,9.96304510710447,0.11797413310442562,9.69104702878434,-0.8443236614426451,10.04404442870359,-0.8787400234622815
12.167655752437764,16,flow,-0.25902981337298236,0.0742296795887536,1.6893599332461424,-0.6745114643231237,9.969882898486738,0.11850621866445366,9.713740046070848,-0.8481327207313538,10.04404442870359,-0.8787400234622815
12.177655752437763,16,flow,-0.24169767645498536,0.06759375109466913,1.77622777412803,-0.6528896258952422,9.976502137537699,0.11897638860282134,9.737150836834854,-0.8519566445420278,10.04404442870359,-0.8787400234622815
12.187655752437763,16,flow,-0.22352276030381404,0.061167440248104145,1.8578448167584265,-0.6326020138908511,9.982915123865824,0.11938983186219054,9.761249009196359,-0.8557327930457456,10.04404442870359,-0.8787400234622815
12.197655752437763,16,flow,-0.20455970272506052,0.05493697432077905,1.9337851955530845,-0.6137354688699004,9.989135084162571,0.11975132045717163,9.785999021859284,-0.8593991992240035,10.04404442870359,-0.8787400234622815
12.207655752437763,16,flow,-0.18486738716480122,0.04888769297021811,2.0036266813339734,-0.5963803408673055,9.995176207057252,0.120065211262249,9.811360025109302,-0.862895424396208,10.04404442870359,-0.8787400234622815
12.217655752437764,16,flow,-0.16450887396890387,0.04300402358185353,2.066957289283689,-0.5806283567692089,10.001053658782963,0.1203354460101862,9.837285803314092,-0.8661634589639282,10.04404442870359,-0.8787400234622815
12.227655752437764,16,flow,-0.14355126187048514,0.03726947919845013,2.123382594377497,-0.5665702458911082,10.006783576877833,0.12056554988413937,9.86372483323444,-0.8691486491991989,10.04404442870359,-0.8787400234622815
12.237655752437764,16,flow,-0.12206547367549891,0.03166668110431893,2.172533533948051,-0.5542931976102078,10.01238303977943,0.12075862908878277,9.89062046920331,-0.8718006267779366,10.04404442870359,-0.8787400234622815
12.247655752437764,16,flow,-0.10012596265137177,0.026177407284306994,2.2140744120281854,-0.5438782462585097,10.017870011023929,0.12091736777690232,9.917911261806655,-0.874074214325639,10.04404442870359,-0.8787400234622815
12.257655752437763,16,flow,-0.07781033925700222,0.020782666933901916,2.2477107667404446,-0.5353976959353325,10.02326325780968,0.12104402468825692,9.94553141124117,-0.8759302779038659,10.04404442870359,-0.8787400234622815
12.267655752437763,16,flow,-0.05519892142905596,0.015462800008714236,2.2731967279761234,-0.5289127089265652,10.028582244875409,0.12114042982764228,9.97341135030104,-0.8773364964915711,10.04404442870359,-0.8787400234622815
12.277655752437763,16,flow,-0.0323742154308971,0.010197599544697906,2.2903414846402295,-0.5244711838412717,10.03384700590113,0.12120798147006884,10.001478445354847,-0.8782680193864608,10.04404442870359,-0.8787400234622815
12.287655752437763,16,flow,-0.00942033799116051,0.004966453248883653,2.2990145032725304,-0.5221060419605695,10.039077995871487,0.12124764373413155,10.029657797210854,-0.8787079852100702,10.04404442870359,-0.8787400234622815
12.297655752437763,16,flow,0.013577606202537142,-0.00025150024382633736,2.2991491939679403,-0.5218340223066589,10.044295928944765,0.12125994491153236,10.057873117976051,-0.8786478808094231,10.04404442870359,-0.8787400234622815
12.307655752437764,16,flow,0.03653417494051448,-0.005477205926137816,2.2907448023634456,-0.5236550585294815,10.049521607243936,0.12124497668283929,10.08604765541989,-0.8780877245756794,10.04404442870359,-0.8787400234622815
12.317655752437764,16,flow,0.05936424845415074,-0.010731523826318147,2.2738664110392817,-0.5275522761778578,10.054775746547357,0.12120239428852875,10.114105133415093,-0.8770360661275677,10.04404442870359,-0.8787400234622815
12.327655752437764,16,flow,0.08198367987714436,-0.01603506351100428,2.2486430502528707,-0.5334926104584791,10.060078805058788,0.12113141766147606,10.141970675985915,-0.8755098023751301,10.04404442870359,-0.8787400234622815
12.337655752437763,16,flow,0.10430991780687701,-0.021408027721384552,2.2152640343289485,-0.5414280061746138,10.0654508212329,0.12103083346388488,10.169571683552217,-0.8735338180444432,10.04404442870359,-0.8787400234622815
12.347655752437763,16,flow,0.1262625842394651,-0.02687007062889066,2.1739737447013794,-0.551297126959994,10.070911266080921,0.12089899790960346,10.196838632897228,-0.8711404661676637,10.04404442870359,-0.8787400234622815
12.357655752437763,16,flow,0.14776399380635416,-0.03244017532117874,2.125065163491046,-0.5630274734760843,10.076478914506767,0.12073384019333377,10.223705776993786,-0.8683689102639827,10.04404442870359,-0.8787400234622815
12.367655752437763,16,flow,0.1687396035771062,-0.03813655402641774,2.0688725156238705,-0.5765377922234234,10.082171739122169,0.12053286629318727,10.250111726621943,-0.865264354538042,10.04404442870359,-0.8787400234622815
12.377655752437763,16,flow,0.1891183864107764,-0.043976573354161094,2.0057634000853977,-0.5917406489516475,10.088006828759923,0.12029316286402214,10.275999902175641,-0.8618771911722378,10.04404442870359,-0.8787400234622815
12.387655752437764,16,flow,0.20883312462896877,-0.04997670557474033,1.9361307829873364,-0.6085450430295818,10.094000332647417,0.12001140089773166,10.301318850646714,-0.8582620946517364,10.04404442870359,-0.8787400234622815
12.397655752437764,16,flow,0.22782062435969597,-0.05615250577130316,1.860385191142611,-0.6268589501204056,10.100167430012611,0.11968383879465971,10.326022428994813,-0.8544770921786318,10.04404442870359,-0.8787400234622815
12.407655752437764,16,flow,0.2460218540344377,-0.06251861365480132,1.7789473915122365,-0.6465916979192038,10.106522323846988,0.11930632446874045,10.350069860565611,-0.850582636886265,10.04404442870359,-0.8787400234622815
12.417655752437764,16,flow,0.26338201305601394,-0.06908877798422153,1.6922417769150733,-0.667656101031787,10.113078256695957,0.11887429609849953,10.373425675636952,-0.8466407071255635,10.04404442870359,-0.8787400234622815
12.427655752437763,16,flow,0.27985053851398284,-0.07587590090867857,1.6006906093300586,-0.6899703038278481,10.119847545713432,0.11838278113682699,10.396059550417407,-0.8427139509653121,10.04404442870359,-0.8787400234622815
12.437655752437763,16,flow,0.29538105899992256,-0.08289209914791933,1.5047092054492577,-0.7134593021516825,10.126841633806894,0.11782639320400434,10.41794606088061,-0.8388648906164784,10.04404442870359,-0.8787400234622815
12.447655752437763,16,flow,0.3099313051168626,-0.09014877873772223,1.4047020897245013,-0.7380561345041908,10.134071153496766,0.11719932650990106,10.439064368777187,-0.8351551970961515,10.04404442870359,-0.8787400234622815
12.457655752437763,16,flow,0.32346298627467707,-0.09765672005778793,1.3010600910565615,-0.7637027496908226,10.141546000090699,0.11649534748121759,10.459397857178633,-0.8316450413567178,10.04404442870359,-0.8787400234622815
12.467655752437764,16,flow,0.33594164292782297,-0.10542616999569902,1.1941583218768546,-0.7903505704865514,10.149275410893248,0.11570778330658038,10.47893373216637,-0.8283925245078949,10.04404442870359,-0.8787400234622815
12.477655752437764,16,flow,0.3473364826612526,-0.11346693834273383,1.0843549526444138,-0.8179607815869596,10.157268047396162,0.11482950715455409,10.497662605988314,-0.8254531867630007,10.04404442870359,-0.8787400234622815
12.487655752437764,16,flow,0.3576202075768735,-0.12178849582875004,0.9719906796935194,-0.8465043753162358,10.16553207768715,0.11385291986567059,10.515578075358134,-0.8228795923887753,10.04404442870359,-0.8787400234622815
12.497655752437764,16,flow,0.36676883937509547,-0.13040007155137637,0.8573887782721675,-0.8759619907787083,10.174075256643365,0.11276992796800878,10.532676306738578,-0.8207209862194892,10.04404442870359,-0.8787400234622815
12.507655752437763,16,flow,0.37476154744421303,-0.139310747912592,0.740855633588186,-0.9063235819961982,10.182905001813229,0.11157191791561727,10.548955638567696,-0.819023016162389,10.04404442870359,-0.8787400234622815
12.517655752437763,16,flow,0.3815804842256231,-0.14852955152302927,0.6226816487991721,-0.9375879487025776,10.192028463216586,0.11024972649939357,10.56441620855928,-0.8178275155007456,10.04404442870359,-0.8787400234622815
12.527655752437763,16,flow,0.3872106311575975,-0.1580655388567002,0.5031424383853782,-0.9697621604509563,10.201452585594216,0.10879360743050781,10.579059612507338,-0.8171723386095361,10.04404442870359,-0.8787400234622815
12.537655752437763,16,flow,0.39163965764067216,-0.16792787572743417,0.3825002267424223,-1.0028609010228433,10.21118416190496,0.1071931941469918,10.59288859949169,-0.8170912438517215,10.04404442870359,-0.8787400234622815
12.547655752437763,16,flow,0.3948577947264637,-0.17812590990867372,0.26100538394443445,-1.036905756206675,10.22122987709769,0.10543745894492207,10.605906807036607,-0.8176138178391842,10.04404442870359,-0.8787400234622815
12.557655752437764,16,flow,0.39685772461143126,-0.18866923642940012,0.13889804258440172,-1.0719244641292953,10.23159634137546,0.10351466858714986,10.618118538617908,-0.8187654358490615,10.04404442870359,-0.8787400234622815
12.567655752437764,16,flow,0.3976344865129803,-0.19956775525232168,0.016409750797519107,-1.1079501436818047,10.242290112321951,0.10141233659542315,10.629528584934215,-0.8205672539210482,10.04404442870359,-0.8787400234622815
12.577655752437764,16,flow,0.39718539910777106,-0.21083172117914392,-0.10623487335549185,-1.1450205133082623,10.25331770537942,0.0991171724867802,10.640142089534612,-0.8230362289725196,10.04404442870359,-0.8787400234622815
12.587655752437763,16,flow,0.3955099994087376,-0.2224717859359807,-0.22881651220970567,-1.183177109586375,10.264685592257122,0.09661502827310775,10.649964458702865,-0.8261851641143252,10.04404442870359,-0.8787400234622815
12.597655752437763,16,flow,0.39260999773481786,-0.23449903247362863,-0.35111956221284085,-1.222464512655356,10.276400186914325,0.09389084260475555,10.659001314910116,-0.8300227771976304,10.04404442870359,-0.8787400234622815
12.607655752437763,16,flow,0.3884892482717457,-0.24692500157851585,-0.4729306036599029,-1.2629295836048464,10.288467818808735,0.09092858300567452,10.667258492637385,-0.834553791445853,10.04404442870359,-0.8787400234622815
12.617655752437763,16,flow,0.3831537346211355,-0.25976171093282824,-0.5940369342534643,-1.3046207174302844,10.300894693132777,0.0877111867199275,10.674742074909707,-0.8397790478046926,10.04404442870359,-0.8787400234622815
12.627655752437763,16,flow,0.3766115696766415,-0.2730216667926557,-0.7142251705486167,-1.3475871140115974,10.31368683778329,0.0842205007679151,10.681458468454093,-0.8456956393617949,10.04404442870359,-0.8787400234622815
12.637655752437764,16,flow,0.3688730091401207,-0.2867178684731166,-0.8332799185195566,-1.3918780687483636,10.326850036828148,0.08043722189610292,10.687414514973245,-0.8522970688319448,10.04404442870359,-0.8787400234622815
12.647655752437764,16,flow,0.3599504779892997,-0.30086380584277134,-0.9509825124135238,-1.4375422839272978,10.340389750250672,0.0763408371967288,10.692617635601302,-0.8595734306619381,10.04404442870359,-0.8787400234622815
12.657655752437764,16,flow,0.34985860922465933,-0.31547345003851684,-1.067109819565671,-1.4846272015533124,10.354311019773148,0.07190956627416567,10.697076005165343,-0.8675116197702455,10.04404442870359,-0.8787400234622815
12.667655752437764,16,flow,0.3386142942521793,-0.33056123761843365,-1.18143310777104,-1.5331783581916154,10.368618360587625,0.06712030594229645,10.700798752410073,-0.8760955692891829,10.04404442870359,-0.8787400234622815
12.677655752437763,16,flow,0.32623674429687427,-0.34614204837509704,-1.2937169709898348,-1.583238762295428,10.383315638858619,0.06194857855219049,10.70379618185099,-0.8853065199103702,10.04404442870359,-0.8787400234622815
12.687655752437763,16,flow,0.3127475622878741,-0.3622311770365286,-1.4037183084528218,-1.634848294484915,10.398405934910913,0.0563684851710623,10.706080012406169,-0.8951233235364239,10.04404442870359,-0.8787400234622815
12.697655752437763,16,flow,0.2981708247087247,-0.3788442990866768,-1.5111853515002103,-1.6880431312540107,10.413891392079048,0.0503526649611894,10.707663627426331,-0.9055227839018201,10.04404442870359,-0.8787400234622815
12.707655752437763,16,flow,0.28253317296747804,-0.39599743094207074,-1.615856731609442,-1.7428551925728606,10.429773051275152,0.043872262240139515,10.708562330210311,-0.9164800366329428,10.04404442870359,-0.8787400234622815
12.717655752437764,16,flow,0.26586391391196623,-0.41370688472570244,-1.7174605819422002,-1.7993116137888703,10.446050671430823,0.03689690284002345,10.708793598576857,-0.9279689708619819,10.04404442870359,-0.8787400234622815
12.725120826316937,16,pre_impact,0.25276673236211733,-0.42729965756155014,-1.7911403291815433,-1.8425419439217139,10.458459195448244,0.03134810474507721,10.70854292572161,-0.9368761088813732,10.04404442870359,-0.8787400234622815
12.725120826316937,17,post_impact,-0.42729965756155014,0.25276673236211733,0.0004134247197736585,-1.1846013771059947,10.458459195448244,0.03134810474507721,10.04404442870359,-0.8787400234622815,10.70854292572161,-0.9368761088813732
12.735120826316937,17,flow,-0.4266512439725362,0.2411281493973142,0.1293469244638465,-1.1432765846274004,10.469744636440554,0.03419308383171149,10.055920070282385,-0.8761635652042603,10.70854292572161,-0.9368761088813732
12.745120826316937,17,flow,-0.4247115506108248,0.22989805885866527,0.25863081586347697,-1.1028944561488003,10.480664660034405,0.0368135213537405,10.068606684006545,-0.8743441073756817,10.70854292572161,-0.9368761088813732
12.755120826316936,17,flow,-0.4214782388461754,0.21906728066184059,0.38803113279865686,-1.063406364309248,10.491223635857912,0.03922446291086701,10.08211386526531,-0.8732607126430528,10.70854292572161,-0.9368761088813732
12.765120826316936,17,flow,-0.4169513405425409,0.20862709886304584,0.5173073828137292,-1.0247682710988122,10.501425961667074,0.04144007886205381,10.096451096456308,-0.8728877390170268,10.70854292572161,-0.9368761088813732
12.775120826316938,17,flow,-0.4111333342554354,0.19856921084932821,0.6462103467642755,-0.986941714261806,10.511276066428294,0.04347371961075841,10.111627590217667,-0.8731947567003473,10.70854292572161,-0.9368761088813732
12.785120826316938,17,flow,-0.40402924380219246,0.18888566658371575,0.7744798086698446,-0.9498948084225716,10.520778427909477,0.04533796827358061,10.127652077402272,-0.8741464919196771,10.70854292572161,-0.9368761088813732
12.795120826316937,17,flow,-0.39564675976153557,0.17956879780940463,0.9018422460741361,-0.913603249988003,10.529937604482132,0.04704469038294945,10.14453253915992,-0.8757028025011991,10.70854292572161,-0.9368761088813732
12.805120826316937,17,flow,-0.38599638409190157,0.17061113724776017,1.0280085244136354,-0.878051310525532,10.538758280724073,0.04860508034704669,10.162275883338674,-0.877818691184612,10.70854292572161,-0.9368761088813732
12.815120826316937,17,flow,-0.37509159754679083,0.16200532800311243,1.1526716545257152,-0.8432327981405231,10.547245326253687,0.050029704459436886,10.180887566488856,-0.8804443638842723,10.70854292572161,-0.9368761088813732
12.825120826316937,17,flow,-0.36294904888638413,0.15374402362117395,1.2755046903212244,-0.8091519604431421,10.555403867014359,0.051328540317494564,10.200371164098108,-0.883525341238324,10.70854292572161,-0.9368761088813732
12.835120826316937,17,flow,-0.34958876401714617,0.14581977954427175,1.3961588633434552,-0.77582429616175,10.563239367953605,0.05251101257309576,10.220727893342685,-0.8870026327561532,10.70854292572161,-0.9368761088813732
12.845120826316936,17,flow,-0.33503437212101356,0.13822493707011632,1.5142620715769168,-0.7432772356214838,10.57075772570133,0.05358602500127663,10.241956094636196,-0.8908129835797929,10.70854292572161,-0.9368761088813732
12.855120826316938,17,flow,-0.31931334455993404,0.13095150135242808,1.6294178600964688,-0.7115506436244482,10.577965369443834,0.054561988932365635,10.264050680598613,-0.8948892041930143,10.70854292572161,-0.9368761088813732
12.865120826316938,17,flow,-0.30245724087334414,0.12399101547672803,1.741205049012848,-0.6806970923990711,10.584869367719316,0.055446848149780625,10.28700256373136,-0.8991605932008514,10.70854292572161,-0.9368761088813732
12.875120826316937,17,flow,-0.28450195456162874,0.11733443319068826,1.8491781770968194,-0.6507818480959562,10.591477538338651,0.05624810040811834,10.310798077002532,-0.9035534624078971,10.70854292572161,-0.9368761088813732
12.885120826316937,17,flow,-0.2654879496324823,0.11097199344369514,1.9528689342823724,-0.6218825128541563,10.597798558083714,0.0569728157729138,10.335418404601382,-0.9079917716905788,10.70854292572161,-0.9368761088813732
12.895120826316937,17,flow,-0.2454604771782056,0.10489310046144362,2.0517887493639697,-0.5940882669393462,10.603842068287422,0.057627652022800624,10.36083904313249,-0.9123978784482026,10.70854292572161,-0.9368761088813732
12.905120826316937,17,flow,-0.22446975968592092,0.09908621360300435,2.1454326769216543,-0.5674986630825094,10.60961877190016,0.05821886738506843,10.3870293162414,-0.9166934026318478,10.70854292572161,-0.9368761088813732
12.915120826316937,17,flow,-0.20257112953039388,0.09353875166283966,2.2332846865648195,-0.5422219389930769,10.615140517252783,0.05875233089534515,10.413951967786057,-0.920800203460763,10.70854292572161,-0.9368761088813732
12.925120826316936,17,flow,-0.17982510735915863,0.08823701652265088,2.3148243958494152,-0.5183728347684368,10.620420363502763,0.05923353068045012,10.441562859835697,-0.9246414580157689,10.70854292572161,-0.9368761088813732
12.935120826316938,17,flow,-0.15629740606270306,0.08316614105789119,2.3895352055318373,-0.49606992959921986,10.625472622766479,0.059667580460415204,10.469810801616001,-0.9281428251519759,10.70854292572161,-0.9368761088813732
12.945120826316938,17,flow,-0.13205884692759404,0.07831006589561493,2.4569136948127666,-0.47543254587613987,10.630312874262676,0.060059224552412194,10.498637533676627,-0.9312336709540309,10.70854292572161,-0.9368761088813732
12.955120826316938,17,flow,-0.10718517655349159,0.07365154895291667,2.5164800209605946,-0.45657730650998923,10.634957946470378,0.0604128416382822,10.52797788776705,-0.9338483247761726,10.70854292572161,-0.9368761088813732
12.965120826316937,17,flow,-0.08175677625309154,0.0691722106336558,2.5677889518611514,-0.4396144697701709,10.639425864363815,0.06073244753204443,10.557760137047566,-0.9359273284105327,10.70854292572161,-0.9368761088813732
12.975120826316937,17,flow,-0.05585825991120692,0.06485261613799716,2.610441054401643,-0.4246442010052623,10.643735760214962,0.06102169715840067,10.587906543419376,-0.9374186358370123,10.70854292572161,-0.9368761088813732
12.985120826316937,17,flow,-0.029577961481269555,0.060672394602648595,2.644093480730237,-0.41175296743401346,10.647907748192624,0.06128388593209788,10.618334099264592,-0.9382787180548068,10.70854292572161,-0.9368761088813732
12.995120826316937,17,flow,-0.0030073191236856724,0.056610392845824885,2.6684697525843335,-0.40101025610641944,10.651962764930532,0.0615219507145256,10.64895545033986,-0.9384735273047267,10.70854292572161,-0.9368761088813732
13.005120826316936,17,flow,0.023759831003854183,0.05264485948743501,2.683367952321741,-0.3924658124345508,10.655922380237964,0.061738470520011135,10.679679975783724,-0.9379792779739746,10.70854292572161,-0.9368761088813732
13.015120826316936,17,flow,0.05062803267103343,0.04875365333573903,2.6886667939200204,-0.38614757544496014,10.659808584002448,0.06193566714912602,10.710414991169106,-0.9367830077306833,10.70854292572161,-0.9368761088813732
13.025120826316938,17,flow,0.07750103583980282,0.04491446834332788,2.684329165946272,-0.3820604467919741,10.663643556918874,0.06211540593800502,10.7410670322154,-0.9348828916899339,10.70854292572161,-0.9368761088813732
13.035120826316938,17,flow,0.10428264462448233,0.04110506633432353,2.670402902139903,-0.3801859765868673,10.6674494337775,0.06227919682432115,10.771543171114953,-0.9322882940213839,10.70854292572161,-0.9368761088813732
13.045120826316937,17,flow,0.1308775587933346,0.037303508178342396,2.6470187260749873,-0.38048298605154374,10.67124806856817,0.06242819593768667,10.80175231501891,-0.9290195544043698,10.70854292572161,-0.9368761088813732
13.055120826316937,17,flow,0.15719218110333463,0.03348837421574961,2.6143855132959692,-0.3828890817848339,10.675060810529462,0.06256320791693037,10.831606437344654,-0.9251075199701722,10.70854292572161,-0.9368761088813732
13.065120826316937,17,flow,0.18313536512541087,0.02963896549783312,2.5727831945805524,-0.3873229565138174,10.678908299514994,0.06268468913423242,10.861021697114312,-0.9205928456517671,10.70854292572161,-0.9368761088813732
13.075120826316937,17,flow,0.20861908220852327,0.025735478709574426,2.5225537678024015,-0.3936873231065687,10.682810287749643,0.0627927519635586,10.889919408974631,-0.9155250961335784,10.70854292572161,-0.9368761088813732
13.085120826316937,17,flow,0.2335589914192941,0.02175914934823502,2.464090979577659,-0.4018722968896584,10.686785493349307,0.06288717016850509,10.918226836086152,-0.909961690072471,10.70854292572161,-0.9368761088813732
13.095120826316936,17,flow,0.25787490214130926,0.017692359662780887,2.3978292755576205,-0.4117590279715392,10.690851489053578,0.06296738540591829,10.945877788725358,-0.903966731520214,10.70854292572161,-0.9368761088813732
13.105120826316938,17,flow,0.2814911249676508,0.013518709833818282,2.324232601956944,-0.42322338973358853,10.695024627653826,0.06303251475248195,10.972813022214313,-0.8976097744725485,10.70854292572161,-0.9368761088813732
13.115120826316938,17,flow,0.30433671207128143,0.009223052725556954,2.2437835793922494,-0.43613954914413156,10.699320003754867,0.06308135906933687,10.998980437783915,-0.8909645644990845,10.70854292572161,-0.9368761088813732
13.125120826316937,17,flow,0.326345593000705,0.004791494140205325,2.156973476354213,-0.45038327487447044,10.703751449915568,0.06311241193254102,11.024335098498867,-0.8841077970268226,10.70854292572161,-0.9368761088813732
13.135120826316937,17,flow,0.3474566155733742,0.00021136176655829077,2.064293298272551,-0.4658348755804618,10.708331563956625,0.06312386878172871,11.04883907899047,-0.8771179257612898,10.70854292572161,-0.9368761088813732
13.145120826316937,17,flow,0.3676135041211775,-0.004528853099035634,1.96622619299751,-0.4823816986092696,10.713071763339146,0.06311363588095886,11.07246117228312,-0.8700740476741238,10.70854292572161,-0.9368761088813732
13.155120826316937,17,flow,0.3867647488025009,-0.009439576465155704,1.863241265934358,-0.49992015504357057,10.717982362000862,0.06307933864753046,11.095176479514675,-0.8630548836512547,10.70854292572161,-0.9368761088813732
13.165120826316937,17,flow,0.4048634401518078,-0.014530250414845012,1.7557888059236926,-0.518357267751884,10.72307266485097,0.06301832888735082,11.116965909064364,-0.856137866850375,10.70854292572161,-0.9368761088813732
13.175120826316936,17,flow,0.42186706266935287,-0.019809445049992536,1.6442968505897149,-0.537611763481787,10.72835107521272,0.06292769047815006,11.137815610845516,-0.8493983444781141,10.70854292572161,-0.9368761088813732
13.185120826316938,17,flow,0.4377372602665678,-0.025284979231985992,1.5291689684735752,-0.5576147475525403,10.73382521079802,0.06280424306184429,11.157716369671048,-0.8429088933280842,10.70854292572161,-0.9368761088813732
13.195120826316938,17,flow,0.45243958498214815,-0.030964046185787422,1.410783103634377,-0.5783100107098857,10.7395020242337,0.06264454334114022,11.176662979029729,-0.8367387451414868,10.70854292572161,-0.9368761088813732
13.205120826316938,17,flow,0.4659432387548922,-0.03685334056122793,1.2894913137992794,-0.5996540230555384,10.74538792467365,0.062444883619146685,11.194653613654186,-0.8309533146691894,10.70854292572161,-0.9368761088813732
13.215120826316937,17,flow,0.47822081633506647,-0.04295918410181388,1.1656202320736282,-0.6216156707825512,10.751488897574461,0.06220128727050356,11.211689216191518,-0.8256138211528437,10.70854292572161,-0.9368761088813732
13.225120826316937,17,flow,0.48924805575346053,-0.04928764761833656,1.0394720910297532,-0.6441757889252482,10.757810620244918,0.061909500884986035,11.22777291031136,-0.8207769926762926,10.70854292572161,-0.9368761088813732
13.235120826316937,17,flow,0.49900360122788306,-0.05584466747434089,0.9113261632994758,-0.667326538581093,10.76435857127485,0.06156498287691137,11.242909449847305,-0.8164948423158432,10.70854292572161,-0.9368761088813732
13.245120826316937,17,flow,0.5074687820208094,-0.06263615524565543,0.7814404917365881,-0.6910706710326928,10.771138132388622,0.061162888403960336,11.257104711150808,-0.812814505082951,10.70854292572161,-0.9368761088813732
13.255120826316936,17,flow,0.5146274095937982,-0.06966809960787958,0.6500538025400613,-0.7154207146452676,10.778154681644699,0.060698050485891164,11.270365233781662,-0.8097781251588109,10.70854292572161,-0.9368761088813732
13.265120826316938,17,flow,0.5204655944392764,-0.07694665983166409,0.5173875147923691,-0.7403981138941585,10.785413677212702,0.06016495725642379,11.282697812969811,-0.8074227837382872,10.70854292572161,-0.9368761088813732
13.275120826316938,17,flow,0.5249715831997955,-0.0844782505281537,0.38364777856604265,-0.7660323437657127,10.792920731205657,0.059557725320224075,11.294109145939528,-0.8057804588231482,10.70854292572161,-0.9368761088813732
13.285120826316938,17,flow,0.5281356160916306,-0.09226961749143785,0.2490274904245092,-0.7923600173027523,10.800681673233013,0.05887006922177662,11.304605533153133,-0.8048780094465399,10.70854292572161,-0.9368761088813732
13.295120826316937,17,flow,0.5299498042114993,-0.10032790463832594,0.11370824946910386,-0.8194239993480852,10.808702603476421,0.05809526706471502,11.314192634763183,-0.8047371780077388,10.70854292572161,-0.9368761088813732
13.305120826316937,17,flow,0.530408025998089,-0.1086607121560371,-0.02213777101293401,-0.8472725356077824,10.816989935183106,0.05722612234983082,11.322875282012376,-0.805374605602232,10.70854292572161,-0.9368761088813732
13.315120826316937,17,flow,0.529505841921098,-0.11727614604285513,-0.1583460517023126,-0.8759584029962645,10.825550426528139,0.05625492212863914,11.33065734294226,-0.8068018564152863,10.70854292572161,-0.9368761088813732
13.325120826316937,17,flow,0.52724042635287,-0.1261828592744489,-0.2947580631628064,-0.9055380847480653,10.834391201826229,0.05517339159806123,11.337541641519346,-0.8090254483899489,10.70854292572161,-0.9368761088813732
13.335120826316937,17,flow,0.5236105155305968,-0.13539008485242043,-0.4312197120822794,-0.9360709719853928,10.843519762078653,0.053972645292059584,11.343529929123806,-0.8120468884665498,10.70854292572161,-0.9368761088813732
13.345120826316936,17,flow,0.518616370508232,-0.14490766100297428,-0.5675798965628146,-0.96761859213847,10.85294398483336,0.052643135058533574,11.348622907228508,-0.8158627117226984,10.70854292572161,-0.9368761088813732
13.355120826316938,17,flow,0.5122597540245767,-0.15474604879268433,-0.7036891668723471,-1.000243863833213,10.862672113316288,0.051174595046013516,11.352820299999125,-0.8204645247114272,10.70854292572161,-0.9368761088813732
13.365120826316938,17,flow,0.5045439202559955,-0.16491634242231512,-0.8393984869500991,-1.034010377475431,10.872712734767227,0.04955598396532923,11.356120975436683,-0.8258390542047876,10.70854292572161,-0.9368761088813732
13.375120826316937,17,flow,0.49547361647055904,-0.17543027245150528,-0.974558091851644,-1.0689817007153393,10.883074747887388,0.047775424937313904,11.358523113539531,-0.831968203399207,10.70854292572161,-0.9368761088813732
13.385120826316937,17,flow,0.48505509564554444,-0.18630020219994084,-1.1090164370501912,-1.1052207082188086,10.89376731928188,0.045820143289270754,11.36002441976035,-0.8388291184260198,10.70854292572161,-0.9368761088813732
13.395120826316937,17,flow,0.4732961391445516,-0.19753911756712933,-1.2426192369117606,-1.1427889356515297,10.90479982876183,0.0436764027206632,11.360622381757507,-0.846394268732173,10.70854292572161,-0.9368761088813732
13.405120826316937,17,flow,0.4602060885680706,-0.20916061051517312,-1.3752085915858059,-1.1817459584562626,10.916181803360676,0.04132944032226382,11.360314567073226,-0.8546315455454531,10.70854292572161,-0.9368761088813732
13.415120826316937,17,flow,0.44579588588765257,-0.22117885646876945,-1.5066222038593156,-1.222148796831224,10.927922839919898,0.03876340100245235,11.359098958902203,-0.8635043832054048,10.70854292572161,-0.9368761088813732
13.425120826316936,17,flow,0.4300781209457454,-0.23360858590537695,-1.636692690072731,-1.264051349259707,10.940032516113066,0.035961271948740436,11.356974326534163,-0.872971908611183,10.70854292572161,-0.9368761088813732
13.435120826316936,17,flow,0.41306708534904424,-0.24646505043701947,-1.7652469918464908,-1.3075038579552571,10.95252028980556,0.03290481783076149,11.353940626358801,-0.8829891243926179,10.70854292572161,-0.9368761088813732
13.445120826316938,17,flow,0.3947788317026213,-0.25976398372404047,-1.8921058979631749,-1.3525524106266635,10.96539538669195,0.02957451753131579,11.349999428511707,-0.8935071316286635,10.70854292572161,-0.9368761088813732
13.455120826316938,17,flow,0.37523123702653316,-0.27352155761027075,-2.0170836881219234,-1.3992384839792753,10.978666676214468,0.02594950327259915,11.345154363321857,-0.9044733979925604,10.70854292572161,-0.9368761088813732
13.465120826316937,17,flow,0.3544440690692087,-0.2877543339279587,-2.139987912240458,-1.4475985352920842,10.992342535844603,0.022007503083101287,11.339411580708957,-0.915832077067441,10.70854292572161,-0.9368761088813732
13.475120826316937,17,flow,0.3324390540878795,-0.3024792124881794,-2.260619320317282,-1.4976636491725108,11.006430703904686,0.01772478762415064,11.33278021459396,-0.9275243842204327,10.70854292572161,-0.9368761088813732
13.485120826316937,17,flow,0.3092399445129268,-0.31771337584631065,-2.3787719583572198,-1.5494592471130018,11.020938121215837,0.013076122460878858,11.32527284325986,-0.9394890338189353,10.70854292572161,-0.9368761088813732
13.495120826316937,17,flow,0.2848725847599532,-0.3334742315096824,-2.4942334452705097,-1.6030048676678619,11.035870761980002,0.008034726917644841,11.316905935473544,-0.9516627416939247,10.70854292572161,-0.9368761088813732
13.505120826316936,17,flow,0.2593649733126565,-0.34977935233195634,-2.6067854437411837,-1.658314024843615,11.051233454433172,0.0025722407001191883,11.307700271105068,-0.9639807955820002,10.70854292572161,-0.9368761088813732
13.515120826316938,17,flow,0.23274731908555607,-0.36664641591150904,-2.7162043345999116,-1.7153941515607927,11.067029691938899,-0.003341300506736089,11.297681324019521,-0.976377694799645,10.70854292572161,-0.9368761088813732
13.524138330889507,17,pre_impact,0.20781990990279636,-0.38235283510223067,-2.811997340325442,-1.7683859744558246,11.081647361195,-0.009086757665223932,11.287974571834967,-0.9875698092044575,10.70854292572161,-0.9368761088813732
13.524138330889507,18,post_impact,-0.38235283510223067,0.20781990990279636,-0.1597488491896865,-1.1603463035372774,11.081647361195,-0.009086757665223932,10.70854292572161,-0.9368761088813732,11.287974571834967,-0.9875698092044575
13.534138330889506,18,flow,-0.3833506278195226,0.1964003439867842,-0.039825653118521535,-1.1237516238446141,11.09283442310124,-0.006794441267345075,10.718804432053199,-0.9342110498077588,11.287974571834967,-0.9875698092044575
13.544138330889506,18,flow,-0.38315003479987175,0.18534124537646493,0.07989138821133815,-1.088246679963092,11.10369262657269,-0.004696386707770617,10.72984867634641,-0.9321880043945351,11.287974571834967,-0.9875698092044575
13.554138330889506,18,flow,-0.38175423384269436,0.17463189517249425,0.1991780792927998,-1.0537964459657287,11.114228928621856,-0.002779246970810556,10.741679935835556,-0.9307917727342908,11.287974571834967,-0.9875698092044575
13.564138330889506,18,flow,-0.3791686755560657,0.16426190354204379,0.31780380349669873,-1.0203702561039092,11.124450357413737,-0.0010304884990333107,10.754302037695226,-0.9300031583928047,11.287974571834967,-0.9875698092044575
13.574138330889507,18,flow,-0.3754011550877453,0.1542211624799989,0.43553001920884726,-0.9879425307441531,11.134364019738936,0.0005616589134000982,10.767718242267462,-0.9297989560431542,11.287974571834967,-0.9875698092044575
13.584138330889507,18,flow,-0.37046189884346004,0.14449979137153296,0.5521087712995731,-0.9564934883825261,11.143977119572465,0.0020082492335359303,10.781931085275579,-0.9301519671723656,11.287974571834967,-0.9875698092044575
13.594138330889507,18,flow,-0.36436366587679936,0.13508807555246458,0.6672812515836057,-0.9260098318925071,11.153296987167577,0.0033196640407465727,10.796942179743223,-0.9310310470017139,11.287974571834967,-0.9875698092044575
13.604138330889507,18,flow,-0.357121863256514,0.12597639819589054,0.7807764507628222,-0.8964853943133723,11.16233111802096,0.004505652901972912,10.812751979124279,-0.9324011864626754,11.287974571834967,-0.9875698092044575
13.614138330889507,18,flow,-0.3487546742436423,0.11715516601616956,0.8923099540600343,-0.8679217263487095,11.171087220903049,0.00557537010827458,10.829359504068497,-0.9342236336936257,11.287974571834967,-0.9875698092044575
13.624138330889506,18,flow,-0.33928319753818076,0.1086147294759543,1.001582942927402,-0.8403286044654243,11.179573273972974,0.006537407659918504,10.846762036313224,-0.9364560600202061,11.287974571834967,-0.9875698092044575
13.634138330889506,18,flow,-0.3287315951803869,0.1003452984093795,1.1082814752974812,-0.8137244352479118,11.187797587790989,0.0073998244366162425,10.864954784410855,-0.9390527757001557,11.287974571834967,-0.9875698092044575
13.644138330889506,18,flow,-0.3171272459199948,0.09233685423298578,1.2120761260439554,-0.7881365287363912,11.195768873803457,0.008170171538769533,10.883930527370126,-0.941965000788687,11.287974571834967,-0.9875698092044575
13.654138330889507,18,flow,-0.3045009000114833,0.08457906020072634,1.3126220765918315,-0.7636012112096173,11.203496316611272,0.008855513835036577,10.903679243786954,-0.9451411962447503,11.287974571834967,-0.9875698092044575
13.664138330889507,18,flow,-0.29088683048055697,0.07706117146183313,1.409559746680368,-0.7401637466851742,11.210989648050296,0.009462447801236507,10.924187735626411,-0.948527459781303,11.287974571834967,-0.9875698092044575
13.674138330889507,18,flow,-0.27632297497553715,0.06977194698719794,1.5025160606551755,-0.7178780367929554,11.218259220825294,0.009997115785338906,10.945439257427532,-0.9520679898970383,11.287974571834967,-0.9875698092044575
13.684138330889507,18,flow,-0.260851061422213,0.0626995657229722,1.5911064337644436,-0.6968060711473133,11.225316079164642,0.010465216882444395,10.967413163244998,-0.9557056199575756,11.287974571834967,-0.9875698092044575
13.694138330889507,18,flow,-0.2445167099124002,0.0558315495859094,1.6749375492274043,-0.6770171053968127,11.232172023725376,0.010872014651332695,10.990084584998177,-0.9593824220870443,11.287974571834967,-0.9875698092044575
13.704138330889506,18,flow,-0.22736950265965614,0.04915469610560724,1.7536109730765101,-0.6585865521681021,11.23883966780441,0.011222341949078452,11.01342415692456,-0.9630403779857327,11.287974571834967,-0.9875698092044575
13.714138330889506,18,flow,-0.20946301354499067,0.04265502361315273,1.8267276202501197,-0.6415945813554439,11.245332481832996,0.011520603200878221,11.037397801370613,-0.966622110650739,11.287974571834967,-0.9875698092044575
13.724138330889506,18,flow,-0.19085478884858129,0.03631773184184565,1.8938930422988625,-0.6261244405650158,11.251664823179365,0.011770774456872135,11.061966591031839,-0.9700716674451385,11.287974571834967,-0.9875698092044575
13.734138330889508,18,flow,-0.1716062713107456,0.030127180614388148,1.954723455698392,-0.6122605235452393,11.257851948487998,0.011976401614580467,11.087086701820654,-0.9733353412011851,11.287974571834967,-0.9875698092044575
13.744138330889507,18,flow,-0.15178266075697835,0.024066888919683893,2.0088523728431347,-0.6000862332128775,11.263910006165748,0.012140597202893955,11.112709468675572,-0.9763625122826968,11.287974571834967,-0.9875698092044575
13.754138330889507,18,flow,-0.1314527061936488,0.018119556120116117,2.055937639470913,-0.5896817050464207,11.269856007195594,0.012266036129869873,11.138781553765181,-0.9791064910555058,11.287974571834967,-0.9875698092044575
13.764138330889507,18,flow,-0.11068842652096322,0.01226710628163156,2.0956686279319765,-0.581121474387065,11.275707773213924,0.012354950790808727,11.165245232705965,-0.9815253373448034,11.287974571834967,-0.9875698092044575
13.774138330889507,18,flow,-0.08956475974759324,0.0064907557080936045,2.127773291560209,-0.5744721855357026,11.281483861702602,0.012409125914666697,11.192038799722837,-0.9835826315248394,11.287974571834967,-0.9875698092044575
13.784138330889506,18,flow,-0.06815914369352942,0.0007711027326950549,2.152024757687324,-0.5697904494226855,11.287203469178689,0.012429893495845112,11.21909708736329,-0.9852481711903618,11.287974571834967,-0.9875698092044575
13.794138330889506,18,flow,-0.04655103444176098,-0.004911762263550037,2.1682471309560776,-0.5671209583084902,11.292886314348829,0.012418128115527116,11.246352090758197,-0.9864985681283674,11.287974571834967,-0.9875698092044575
13.804138330889506,18,flow,-0.02482137200733569,-0.010578129694697718,2.1763201980784737,-0.5664949593117071,11.298552504254243,0.012374242903325783,11.273733680911713,-0.9873177226580127,11.287974571834967,-0.9875698092044575
13.814138330889506,18,flow,-0.0030520055736236156,-0.01624853051110496,2.176182770899108,-0.5679291733021314,11.304222387380241,0.012298186327956206,11.30117038654472,-0.9876971563066482,11.287974571834967,-0.9875698092044575
13.824138330889507,18,flow,0.018674907053655498,-0.021943587632790154,2.1678344742297018,-0.5714252226255132,11.309916398460306,0.012189439937226432,11.328590220047214,-0.9876361890538193,11.287974571834967,-0.9875698092044575
13.834138330889507,18,flow,0.04027750961049485,-0.027683864360509618,2.1513358729355816,-0.5769696020485008,11.315654900195565,0.012047017095425105,11.355921520471224,-0.98714195366615,11.287974571834967,-0.9875698092044575
13.844138330889507,18,flow,0.06167485043953046,-0.03348971523342952,2.1268069310371347,-0.5845341949042004,11.321458027292877,0.011869462692839061,11.383093785500536,-0.9862292465088947,11.287974571834967,-0.9875698092044575
13.854138330889507,18,flow,0.08278746214888545,-0.03938114466086053,2.0944238946633273,-0.5940773037708372,11.3273455380826,0.01165485373012387,11.410038465013647,-0.9849202211315629,11.287974571834967,-0.9875698092044575
13.864138330889507,18,flow,0.10353790293918329,-0.0453776781925419,2.054414780882497,-0.6055451353032402,11.33333667851322,0.011400800612323292,11.436689691182583,-0.983243937358057,11.287974571834967,-0.9875698092044575
13.874138330889506,18,flow,0.12385124688945295,-0.051498250564399994,2.0070537271520923,-0.6188736548614261,11.339450062591665,0.011104448925468025,11.462984923808587,-0.9812357840914724,11.287974571834967,-0.9875698092044575
13.884138330889506,18,flow,0.14365551329399073,-0.057761113724488694,1.952654505726499,-0.6339907101917998,11.345703572404343,0.010762481414883895,11.48886549438426,-0.9789367982125269,11.287974571834967,-0.9875698092044575
13.894138330889506,18,flow,0.1628820283308407,-0.06418376698974887,1.8915635307744774,-0.650818315627438,11.35211427979773,0.010371119840168586,11.514277037817866,-0.9763929045908514,11.287974571834967,-0.9875698092044575
13.904138330889507,18,flow,0.18146571562832808,-0.07078291039555157,1.8241526836655972,-0.6692749889357216,11.35869839070522,0.009926126348368647,11.539169806384491,-0.9736541032835204,11.287974571834967,-0.9875698092044575
13.914138330889507,18,flow,0.19934531544329795,-0.07757442125615949,1.7508122570518165,-0.6892780410308077,11.365471212058127,0.00942280398488915,11.563498865869956,-0.9707736295557469,11.287974571834967,-0.9875698092044575
13.924138330889507,18,flow,0.2164635349719654,-0.0845733530215975,1.671944276177553,-0.7107457325981524,11.37244714027948,0.008855995951343898,11.587224178701451,-0.967807110634897,11.287974571834967,-0.9875698092044575
13.934138330889507,18,flow,0.2327671346384952,-0.09179395474239517,1.587956402500172,-0.7335992292226902,11.37963966957638,0.008220083220675356,11.6103105828659,-0.9648117403915736,11.287974571834967,-0.9875698092044575
13.944138330889507,18,flow,0.24820695696763606,-0.09924970886503247,1.499256566460667,-0.757764305816857,11.387061417647423,0.0075089801318133365,11.632727678463963,-0.9618454897585459,11.287974571834967,-0.9875698092044575
13.954138330889506,18,flow,0.2627379058257086,-0.10695338468486135,1.406248418676422,-0.7831727701783143,11.394724166012805,0.006716127607919842,11.654449635796555,-0.9589663669758905,11.287974571834967,-0.9875698092044575
13.964138330889506,18,flow,0.2763188844386502,-0.11491710457050286,1.3093276362940642,-0.809763592928322,11.40263891194717,0.005834483672633506,11.675454939979847,-0.9562317379818186,11.287974571834967,-0.9875698092044575
13.974138330889506,18,flow,0.28891270073289826,-0.12315242002282546,1.2088790766755777,-0.8374837459123012,11.410815928927988,0.0048565109763129,11.695726087345406,-0.9536977136925692,11.287974571834967,-0.9875698092044575
13.984138330889508,18,flow,0.3004859482830906,-0.13167039471372496,1.1052747355287238,-0.8662887628650339,11.419264832576266,0.0037741610876314002,11.71524924845308,-0.951418607707265,11.287974571834967,-0.9875698092044575
13.994138330889507,18,flow,0.31100887058745186,-0.14048169183305395,0.9988724413607905,-0.8961430446322479,11.427994649230207,0.002578855353663867,11.734013911591411,-0.9494464652465314,11.287974571834967,-0.9875698092044575
14.004138330889507,18,flow,0.3204552156232946,-0.1495966633245697,0.8900152021426898,-0.92701993668028,11.43701388452471,0.0012614621826123606,11.75201251932596,-0.9478306619409358,11.287974571834967,-0.9875698092044575
14.014138330889507,18,flow,0.3288020867480968,-0.15902543888498846,0.7790311121242602,-0.958901609400663,11.446330589621684,-0.00018772934340749448,11.769240109127198,-0.9466175694333737,11.287974571834967,-0.9875698092044575
14.024138330889507,18,flow,0.3360297950791941,-0.16877801290990688,0.6662337253307808,-0.9917787723193785,11.455952423024383,-0.0017790395632589773,11.785693967489786,-0.9458502836193261,11.287974571834967,-0.9875698092044575
14.034138330889506,18,flow,0.34212171756461257,-0.17886432787738077,0.5519228058016897,-1.025650252274555,11.465886706194267,-0.0035234320210858483,11.801373305340588,-0.945568410667666,11.287974571834967,-0.9875698092044575
14.044138330889506,18,flow,0.34706416409071983,-0.18929435295037025,0.4363853715963228,-1.0605224634300356,11.476140471457756,-0.005432550864694297,11.81627896099258,-0.9458079056762548,11.287974571834967,-0.9875698092044575
14.054138330889506,18,flow,0.3508462561867316,-0.20007815684382432,0.319896958667869,-1.0964087940838247,11.486720500933627,-0.007518761724424228,11.830413135481043,-0.9466009588498175,11.287974571834967,-0.9875698092044575
14.064138330889506,18,flow,0.35345981919718805,-0.2112259742356324,0.20272304081505327,-1.1333289319704978,11.497633355424876,-0.009795195879075846,11.843779163840352,-0.9479759243724705,11.287974571834967,-0.9875698092044575
14.074138330889507,18,flow,0.35489928920727265,-0.22274826520096236,0.08512055223120944,-1.1713081464236978,11.508885392399872,-0.012275797453467185,11.856381324751883,-0.949957287618868,11.287974571834967,-0.9875698092044575
14.084138330889507,18,flow,0.35516163552116303,-0.23465576731693213,-0.03266053091422309,-1.210376542560593,11.52048277233746,-0.01497537332735821,11.86822469001089,-0.9525656669486204,11.287974571834967,-0.9875698092044575
14.094138330889507,18,flow,0.35424629910429317,-0.24695954022148503,-0.15037558428501446,-1.2505682997016776,11.532431452832114,-0.017909645367071403,11.879315014409364,-0.9558178470091518,11.287974571834967,-0.9875698092044575
14.104138330889507,18,flow,0.35215514709786566,-0.25967100251823716,-0.26778373090861496,-1.291920903650655,11.544737169950535,-0.021095304517995017,11.88965866589333,-0.9597268411907107,11.287974571834967,-0.9875698092044575
14.114138330889507,18,flow,0.34889244328658636,-0.2728019610055353,-0.3846462576897512,-1.3344743802027599,11.557405406408524,-0.024550066218366418,11.899262595208931,-0.964301981601082,11.287974571834967,-0.9875698092044575
14.124138330889506,18,flow,0.3444648342381848,-0.28636463227013975,-0.5007250663098101,-1.3782705354261033,11.570441346194789,-0.028292726510016686,11.908134343674933,-0.9695490356271855,11.287974571834967,-0.9875698092044575
14.134138330889506,18,flow,0.338881350724931,-0.30037165673505023,-0.6157811670110758,-1.4233522067489146,11.58384981531864,-0.032343218131178686,11.916282087197363,-0.9754703488052735,11.287974571834967,-0.9875698092044575
14.144138330889506,18,flow,0.33215342397238057,-0.31483610528459366,-0.7295732198404925,-1.4697625277254,11.597635208400272,-0.03672266577814931,11.923714714150547,-0.9820650143110263,11.287974571834967,-0.9875698092044575
14.154138330889507,18,flow,0.32429491625126766,-0.3297714786141505,-0.8418561247922904,-1.5175442084688515,11.61180140086321,-0.04145343961691417,11.93044193427783,-0.989329069889814,11.287974571834967,-0.9875698092044575
14.164138330889507,18,flow,0.3153221653268962,-0.3451916994683702,-0.9523796598171262,-1.5667388330979408,11.626351646531473,-0.04655920601242358,11.936474415302,-0.9972557234616582,11.287974571834967,-0.9875698092044575
14.174138330889507,18,flow,0.30525404230084296,-0.361111097942798,-1.06088716371249,-1.61738617509369,11.641288460483503,-0.052064974322215796,11.941823943474557,-1.0058356089421616,11.287974571834967,-0.9875698092044575
14.184138330889507,18,flow,0.29411202241775397,-0.3775443900312168,-1.1671142593389736,-1.6695235311668504,11.656613487074598,-0.05799713847292787,11.946503603832083,-1.0150570740079665,11.287974571834967,-0.9875698092044575
14.194138330889507,18,flow,0.28192026846229545,-0.3945066496059882,-1.2707876112953949,-1.7231850740480772,11.672327353112866,-0.06438351190366665,11.950527975470472,-1.024906501592014,11.287974571834967,-0.9875698092044575
14.204138330889506,18,flow,0.2687057264358795,-0.4120132740221926,-1.371623711025307,-1.7784012245009782,11.688429506264043,-0.07125335432033575,11.953913336701337,-1.0353686668096365,11.287974571834967,-0.9875698092044575
14.213820717971226,18,pre_impact,0.25496442614943204,-0.4294973513488649,-1.4662757042346426,-1.833369570981266,11.704388431213031,-0.07839463481952846,11.956599416178328,-1.0460669032362868,11.287974571834967,-0.9875698092044575
14.213820717971226,19,post_impact,-0.4294973513488649,0.25496442614943204,-0.02885114056302598,-1.2018057362906258,11.704388431213031,-0.07839463481952835,11.287974571834967,-0.9875698092044574,11.956599416178328,-1.0460669032362868
14.223820717971225,19,flow,-0.4291426451913979,0.24315448423384944,0.09988033476300126,-1.1603469801706545,11.715833907166619,-0.07548358910486586,11.299742564010222,-0.984806410852074,11.956599416178328,-1.0460669032362868
14.233820717971225,19,flow,-0.42749836952099174,0.2317542864684994,0.22902421950458487,-1.1198483610080414,11.726914154540383,-0.07280194414944674,11.31231855058358,-0.9828077052189547,11.956599416178328,-1.0460669032362868
14.243820717971225,19,flow,-0.4245615640780381,0.22075448167721384,0.3583469207407028,-1.0802604885953815,11.73763355853575,-0.07033438190328822,11.325712248515753,-0.9815538035309274,11.956599416178328,-1.0460669032362868
14.253820717971225,19,flow,-0.4203316328671343,0.210146191513705,0.4876088199271685,-1.0415383497667083,11.747996538740463,-0.06806647403155341,11.339933297806038,-0.9810201373672642,11.956599416178328,-1.0460669032362868
14.263820717971226,19,flow,-0.4148104153224708,0.19992096177587013,0.6165620765867411,-1.0036422949543058,11.758007548725576,-0.06598462598522437,11.35499111761723,-0.9811773686666179,11.956599416178328,-1.0460669032362868
14.273820717971226,19,flow,-0.40800227983749954,0.19007070376206678,0.7449483554286533,-0.9665390418682327,11.767671090280151,-0.06407602360791032,11.370894707238167,-0.9819913257246796,11.956599416178328,-1.0460669032362868
14.283820717971226,19,flow,-0.3999142402961025,0.18058762554530106,0.8724965045218771,-0.9302026862310174,11.776991742009104,-0.06232858265528918,11.387652391050507,-0.983422969672786,11.956599416178328,-1.0460669032362868
14.293820717971226,19,flow,-0.39055609590446627,0.1714641531622758,0.9989202249051927,-0.8946157052986582,11.78597420191559,-0.06073090153037408,11.405271507463983,-0.9854283971673454,11.956599416178328,-1.0460669032362868
14.303820717971226,19,flow,-0.37994059414492637,0.16269284188141647,1.12391578725097,-0.8597699348637801,11.794623343441305,-0.05927221746791966,11.423758042799543,-0.9879588862534122,11.956599416178328,-1.0460669032362868
14.313820717971225,19,flow,-0.3680836160307282,0.1542662779355592,1.2471598688016376,-0.8256674946074404,11.802944284237304,-0.057942366334087114,11.443116212379069,-0.9909609935344151,11.956599416178328,-1.0460669032362868
14.323820717971225,19,flow,-0.3550043820119323,0.14617697138830474,1.3683076033845045,-0.7923216301765181,11.810942466676813,-0.05673174614243648,11.463347992666264,-0.9943767118076554,11.956599416178328,-1.0460669032362868
14.333820717971225,19,flow,-0.3407256758511649,0.13841724115353118,1.4869909581207357,-0.759757433474943,11.818623748794119,-0.05563128432414277,11.484452610227057,-0.9981436981144299,11.956599416178328,-1.0460669032362868
14.343820717971226,19,flow,-0.3252740825471357,0.1309790936072444,1.602817571231706,-0.7280123957929043,11.825994503937634,-0.05463240872916064,11.506425995552432,-1.002195582585372,11.956599416178328,-1.0460669032362868
14.353820717971226,19,flow,-0.3086802349426539,0.12385409671666209,1.7153702042836234,-0.6971367421756643,11.83306172696371,-0.05372702227638493,11.529260212396325,-1.0064623683964729,11.956599416178328,-1.0460669032362868
14.363820717971226,19,flow,-0.29097906204256135,0.11703325215280064,1.8242069768335114,-0.6671934906808148,11.839833144280455,-0.0529074811156125,11.552942876170999,-1.0108709324351732,11.956599416178328,-1.0460669032362868
14.373820717971226,19,flow,-0.27221003034367497,0.1105068684301644,1.9288625586573647,-0.6382581779216308,11.846317324497582,-0.05216657611363251,11.57745657800643,-1.015345634750302,11.956599416178328,-1.0460669032362868
14.383820717971226,19,flow,-0.2524173677351324,0.10426443869955745,2.0288504909746043,-0.6104181937339829,11.852523785879198,-0.051497517432642304,11.602778334152248,-1.0198090423778436,11.956599416178328,-1.0460669032362868
14.393820717971225,19,flow,-0.231650257892189,0.09829452736439506,2.123666789553798,-0.5837716741826445,11.858463096274603,-0.05089392193315989,11.628879083247362,-1.0241827695844148,11.956599416178328,-1.0460669032362868
14.403820717971225,19,flow,-0.20996299172510707,0.0925846701419093,2.212794945802448,-0.5584259145831872,11.864146960772267,-0.05034980310724402,11.65572325630586,-1.0283884319029064,11.956599416178328,-1.0460669032362868
14.413820717971225,19,flow,-0.18741506155357782,0.08712129248305069,2.295712384387595,-0.5344952835715324,11.869588292049082,-0.04985956323232721,11.683268445715985,-1.0323487055959522,11.956599416178328,-1.0460669032362868
14.423820717971227,19,flow,-0.16407118346932556,0.08188965132805132,2.3718983568839698,-0.5120986457155043,11.874801258340968,-0.04941798743172221,11.711465199743609,-1.0359884775447603,11.956599416178328,-1.0460669032362868
14.433820717971226,19,flow,-0.14000123403293688,0.07687380493999649,2.440843152349264,-0.4913563330578214,11.879801304210043,-0.04902023933428745,11.740256967606758,-1.039236063345371,11.956599416178328,-1.0460669032362868
14.443820717971226,19,flow,-0.1152800891973977,0.07205661496995858,2.502058392908077,-0.4723867435208754,11.884605139883984,-0.048661858041079364,11.769580216847057,-1.0420244640819698,11.956599416178328,-1.0460669032362868
14.453820717971226,19,flow,-0.08998735626046481,0.06741978393181272,2.555088064408296,-0.4553026832929021,11.889230695927173,-0.04833875612820726,11.799364739303291,-1.0442926254615588,11.956599416178328,-1.0460669032362868
14.463820717971226,19,flow,-0.06420699371339064,0.06294392990596098,2.5995198213796074,-0.4402076070602083,11.893697041367478,-0.04804721843885995,11.829534154523847,-1.04598665745903,11.956599416178328,-1.0460669032362868
14.473820717971225,19,flow,-0.03802681893098895,0.05860869859694262,2.6349960164636737,-0.4271919394469383,11.898024265099316,-0.0477839014396666,11.860006610215994,-1.0470609690826564,11.956599416178328,-1.0460669032362868
14.483820717971225,19,flow,-0.011537909444731504,0.054392910937470326,2.661223852007015,-0.4163296784097038,11.902233322316006,-0.047545832933735266,11.890695668863772,-1.047479271994964,11.956599416178328,-1.0460669032362868
14.493820717971225,19,flow,0.015166090373366177,0.05027474240266636,2.6779840480206336,-0.4076754825422933,11.906345849751196,-0.047330411932722916,11.921511358738423,-1.0472154089884635,11.956599416178328,-1.0460669032362868
14.503820717971225,19,flow,0.04198973954336331,0.04623192825002497,2.68513747359521,-0.4012624268584033,11.910383955454348,-0.04713540849299347,11.952361357132942,-1.0462539688992718,11.956599416178328,-1.0460669032362868
14.513820717971226,19,flow,0.06883662494745511,0.04224198722341513,2.6826292980962356,-0.3971005756464899,11.914369990498935,-0.04695896331848759,11.983152264819145,-1.0445906582537174,11.956599416178328,-1.0460669032362868
14.523820717971226,19,flow,0.09561021362200672,0.038282455010114035,2.6704903757403557,-0.3951764691431349,11.91832631126848,-0.04679958692870356,12.013790924308143,-1.0422324112102759,11.956599416178328,-1.0460669032362868
14.533820717971226,19,flow,0.1222147045891945,0.034331118095877605,2.648835766954392,-0.39545355811656074,11.922275041607877,-0.046656158191814456,12.044185731352279,-1.0391972322668597,11.956599416178328,-1.0460669032362868
14.543820717971226,19,flow,0.1485558519341018,0.030366238640910773,2.6178605002417052,-0.39787355419828624,11.926237844149792,-0.046527922033474445,12.074247889448575,-1.0355137796121623,11.956599416178328,-1.0460669032362868
14.553820717971226,19,flow,0.17454173284786814,0.026366761644137413,2.5778328667736146,-0.4023586012626256,11.930235709483673,-0.04641448615857169,12.103892560984333,-1.0312207097004813,11.956599416178328,-1.0460669032362868
14.563820717971225,19,flow,0.2000834380921022,0.02231249688108003,2.529085695006299,-0.40881412143452833,11.93428877062136,-0.046315816667819365,12.133039875610153,-1.0263658145075891,11.956599416178328,-1.0460669032362868
14.573820717971225,19,flow,0.2250956673871663,0.01818426975786016,2.472006159061596,-0.4171321534515919,11.93841614856224,-0.046232232513770954,12.161615765678128,-1.0210049911192423,11.956599416178328,-1.0460669032362868
14.583820717971225,19,flow,0.24949721806296848,0.013964037149353618,2.4070247246073238,-0.4271949837489881,11.94263583284257,-0.04616439881876844,12.189552609182833,-1.0152010883005096,11.956599416178328,-1.0460669032362868
14.593820717971226,19,flow,0.27321136136299173,0.00963496629518919,2.334603830050645,-0.4388788716979802,11.946964598955569,-0.04611331916496397,12.216789671565659,-1.0090226763689325,11.956599416178328,-1.0460669032362868
14.603820717971226,19,flow,0.2961661065350815,0.005181476739516971,2.2552268466857446,-0.45205768748375674,11.951417962623903,-0.04608032705685461,12.243273348050975,-1.002542785283635,11.956599416178328,-1.0460669032362868
14.613820717971226,19,flow,0.3182943578534302,0.0005892469786565361,2.169387771601878,-0.4666063100976347,11.956010169233771,-0.04606707684228273,12.268957217128033,-0.9958376518835749,11.956599416178328,-1.0460669032362868
14.623820717971226,19,flow,0.33953397371185495,-0.004154811170676554,2.0775819964455478,-0.48240366902959964,11.960754215395307,-0.04607553445180246,12.29380192288117,-0.9889855113522543,11.956599416178328,-1.0460669032362868
14.633820717971226,19,flow,0.3598277397734558,-0.009062606498055101,1.9802983779694443,-0.49933535174697563,11.965661898623651,-0.0461079683734954,12.31777490887405,-0.9820654610046525,11.956599416178328,-1.0460669032362868
14.643820717971225,19,flow,0.37912326985475886,-0.014144946044405004,1.878012724830513,-0.5172957359177672,11.970743890541833,-0.04616694131760557,12.340850029223224,-0.9751564170977944,11.956599416178328,-1.0460669032362868
14.653820717971225,19,flow,0.39737284886725194,-0.019411631644782802,1.7711827180769417,-0.5361896376522901,11.97600982875859,-0.046255303041798146,12.363007063550073,-0.9683361781627093,11.956599416178328,-1.0460669032362868
14.663820717971225,19,flow,0.4145332319087196,-0.024871570596693208,1.660244205280326,-0.5559334930540879,11.98146842261603,-0.04637618480443029,12.384231161996963,-0.9616806017971418,11.956599416178328,-1.0460669032362868
14.673820717971227,19,flow,0.43056541269773446,-0.030532895955841927,1.5456087520963158,-0.576456109440299,11.987127568267228,-0.04653299589245041,12.404512244810698,-0.9552628962405695,11.956599416178328,-1.0460669032362868
14.683820717971226,19,flow,0.4454343731878532,-0.03640309239183248,1.4276622993493013,-0.5976990349238296,11.992994468963388,-0.04672942263587787,12.423844378514676,-0.9491530235238683,11.956599416178328,-1.0460669032362868
14.693820717971226,19,flow,0.45910882457663416,-0.04248912405971194,1.3067647559733435,-0.6196166014409313,11.999075756940982,-0.046969430276108226,12.442225147757991,-0.9434172075718708,11.956599416178328,-1.0460669032362868
14.703820717971226,19,flow,0.4715609482008462,-0.04879756150544803,1.183250354823488,-0.6421756978726023,12.005377613847466,-0.04725726800435204,12.459655038834738,-0.9381175382751357,11.956599416178328,-1.0460669032362868
14.713820717971226,19,flow,0.4827661431089468,-0.05533470518217511,1.0574286057656115,-0.6653553278603069,12.01190588718814,-0.04759747743275189,12.476136847832459,-0.933311661116887,11.956599416178328,-1.0460669032362868
14.723820717971225,19,flow,0.4927027855142857,-0.062106703679130446,0.929585695040793,-0.6891460024117253,12.01866620078615,-0.047994904706899044,12.491675123551211,-0.9290525412918367,11.956599416178328,-1.0460669032362868
14.733820717971225,19,flow,0.5013520039138627,-0.06911966523720593,0.7999861986577608,-0.7135490114329036,12.025664057703631,-0.048454716416688304,12.506275652830379,-0.9253882912270743,11.956599416178328,-1.0460669032362868
14.743820717971225,19,flow,0.5086974724369678,-0.07637976153362092,0.6688749980869797,-0.7385756117140049,12.032904934464105,-0.048982419414008604,12.519944993776413,-0.9223620508601873,11.956599416178328,-1.0460669032362868
14.753820717971227,19,flow,0.5147252239738832,-0.08389332306004171,0.5364793070322167,-0.7642461622372467,12.040394365741314,-0.049583884601379746,12.53269006061099,-0.9200119108119229,11.956599416178328,-1.0460669032362868
14.763820717971226,19,flow,0.5194234838203348,-0.09166692569525646,0.4030107373264621,-0.790589231381204,12.048138018939323,-0.050265374715384836,12.544517762438417,-0.9183708695970683,11.956599416178328,-1.0460669032362868
14.773820717971226,19,flow,0.5227825239421915,-0.0997074682902984,0.26866734929632935,-0.8176406949222976,12.056141758288065,-0.051033576092262,12.55543469712981,-0.9174668171574777,11.956599416178328,-1.0460669032362868
14.783820717971226,19,flow,0.5247945374951143,-0.10802224124767007,0.13363564688472207,-0.8454428388162822,12.064411698224417,-0.05189563436959166,12.56544690069557,-0.9173225382064738,11.956599416178328,-1.0460669032362868
14.793820717971226,19,flow,0.5254535329012106,-0.11661898619489164,-0.0019075096978385248,-0.874043476624609,12.072954245929113,-0.05285919404668027,12.574559651919413,-0.9179557300941357,11.956599416178328,-1.0460669032362868
14.803820717971226,19,flow,0.5247552465647739,-0.1255059469339399,-0.13779309094252654,-0.903495088116491,12.081776132952474,-0.053932441795880304,12.582777331608698,-0.9193790311039826,11.956599416178328,-1.0460669032362868
14.813820717971225,19,flow,0.522697073178861,-0.13469191189985744,-0.273858193930596,-0.9338539829740815,12.090884435894406,-0.05512415338650234,12.59010333553154,-0.9216000562511403,11.956599416178328,-1.0460669032362868
14.823820717971225,19,flow,0.5192780125119058,-0.14418624839082753,-0.4099444505751881,-0.9651794915793465,12.100286586113693,-0.05644374405095043,12.59654003991887,-0.9246214387577621,11.956599416178328,-1.0460669032362868
14.833820717971225,19,flow,0.5144986315518527,-0.1539989288444906,-0.5458965475473487,-0.9975331834905855,12.109990368434405,-0.05790132208807952,12.602088818272861,-0.9284408764258409,11.956599416178328,-1.0460669032362868
14.843820717971226,19,flow,0.5083610409055208,-0.16414054943659057,-0.6815608545819252,-1.0309781133354528,12.120003908798997,-0.05950774546044335,12.606750108106807,-0.9330511831093119,11.956599416178328,-1.0460669032362868
14.853820717971226,19,flow,0.5008688843921926,-0.17462234127267562,-0.8167841564971935,-1.0655780933881052,12.130335650793135,-0.06127468109911505,12.610523526118719,-0.9384403464043083,11.956599416178328,-1.0460669032362868
14.863820717971226,19,flow,0.4920273408193617,-0.18545617443544446,-0.9514124839307408,-1.1013969919876903,12.14099432094084,-0.06321466658134378,12.613408030145226,-0.9445915935290329,11.956599416178328,-1.0460669032362868
14.873820717971226,19,flow,0.48184313697660996,-0.1966545551425847,-1.0852900383125657,-1.138498057136473,12.151988882643934,-0.06534117379186877,12.615402126032771,-0.9514834681508723,11.956599416178328,-1.0460669032362868
14.883820717971226,19,flow,0.47032457092290586,-0.20823061626525388,-1.2182582077886606,-1.1769432650356446,12.163328478620215,-0.06766867411794952,12.616504117281393,-0.9590899216345398,11.956599416178328,-1.0460669032362868
14.893820717971225,19,flow,0.4574815446673097,-0.2201981014578508,-1.3501546725172313,-1.2167926939287868,12.175022361683236,-0.07021270466102836,12.616712394947802,-0.9673804228245533,11.956599416178328,-1.0460669032362868
14.903820717971225,19,flow,0.4433256053487082,-0.23257134315712372,-1.480812599837092,-1.258103924383995,12.187079813705594,-0.07298993487475314,12.61602576482719,-0.976320091028299,11.956599416178328,-1.0460669032362868
14.913820717971225,19,flow,0.42786999400382447,-0.24536523472424124,-1.6100599321088271,-1.300931468013892,12.199510052619315,-0.07601823296049337,12.614443808359853,-0.9858698573185813,11.956599416178328,-1.0460669032362868
14.923820717971225,19,flow,0.4111297009728622,-0.25859519702806955,-1.7377187724063226,-1.3453262275647748,12.212322127333167,-0.07931673126856553,12.611967273025556,-0.995986659609465,11.956599416178328,-1.0460669032362868
14.933820717971226,19,flow,0.3931215269287424,-0.272277139801964,-1.8636048755331944,-1.391334992254893,12.22552480048886,-0.08290588986758074,12.608598487197124,-1.0066236771553094,11.956599416178328,-1.0460669032362868
14.943820717971226,19,flow,0.3738641484306291,-0.28642741814979716,-1.987527253886786,-1.4389999731544998,12.239126419036833,-0.08680755735750367,12.60434179353265,-1.0177306101561119,11.956599416178328,-1.0460669032362868
14.953820717971226,19,flow,0.35337818679868893,-0.30106278462906716,-2.109287909307873,-1.4883583842169101,12.25313477268809,-0.09104502791634006,12.599203994007228,-1.0292540099963277,11.956599416178328,-1.0460669032362868
14.963820717971226,19,flow,0.3316862789901245,-0.3162003373984468,-2.2286817030372834,-1.5394420752224467,12.2675569403905,-0.09564309348832178,12.59319479864295,-1.0411376652721884,11.956599416178328,-1.0460669032362868
14.973820717971225,19,flow,0.30881314903381935,-0.33185746498205715,-2.3454963760387013,-1.5922772233105729,12.282399125084774,-0.10062808994561434,12.586327268920934,-1.0533230481480322,11.956599416178328,-1.0460669032362868
14.983820717971225,19,flow,0.28478567846199804,-0.34805178827026517,-2.459512731020006,-1.6468840898685222,12.297666477114644,-0.1060279359885119,12.57861824579285,-1.0657498247024186,11.956599416178328,-1.0460669032362868
14.993820717971225,19,flow,0.25963297407386837,-0.3648011004433074,-2.5705049852763486,-1.7032768492334591,12.31336290679383,-0.11187216349309936,12.570088751201812,-1.0783564317628982,11.956599416178328,-1.0460669032362868
15.003820717971227,19,flow,0.23338643129213205,-0.3821233055650591,-2.6782412997861376,-1.7614634948678476,12.32949088676493,-0.1181919379722367,12.560764351133761,-1.0910807212762887,11.956599416178328,-1.0460669032362868
15.009569690748895,19,pre_impact,0.21781519427801385,-0.3923481194774469,-2.738612678251127,-1.7957278888900077,12.338958578168736,-0.12205312019947867,12.555055535768672,-1.0984250293181566,11.956599416178328,-1.0460669032362868
15.009569690748895,20,post_impact,-0.3923481194774469,0.21781519427801385,-0.10800676464813606,-1.1614448887754973,12.338958578168736,-0.12205312019947878,11.956599416178328,-1.0460669032362868,12.555055535768672,-1.0984250293181566
15.019569690748895,20,flow,-0.39281675636631985,0.2063902211086122,0.014280438125861758,-1.1237284194457888,12.350127461773628,-0.11964799419285177,11.967335314841474,-1.0434824881619134,12.555055535768672,-1.0984250293181566
15.029569690748895,20,flow,-0.39206286290219183,0.19533711989661473,0.13646181579386074,-1.087063872725443,12.360958281134348,-0.11744273806952321,11.978862715704137,-1.0415655539758115,12.555055535768672,-1.0984250293181566
15.039569690748895,20,flow,-0.3900886313073271,0.18464556351638334,0.25830959251355134,-1.0514135184579014,12.37145740225579,-0.11542364306756414,11.99118701272689,-1.0402990026958427,12.555055535768672,-1.0984250293181566
15.049569690748895,20,flow,-0.3868985637731937,0.17430558013112757,0.379589273167263,-1.016744160503219,12.381631253773259,-0.11357782369975411,12.004313209013104,-1.039661563487023,12.555055535768672,-1.0984250293181566
15.059569690748896,20,flow,-0.3824995479966522,0.1643075039128118,0.5000579725708428,-0.9830279239840888,12.391486334958671,-0.11189316640323888,12.018245784840115,-1.0396277684027533,12.555055535768672,-1.0984250293181566
15.069569690748896,20,flow,-0.3769009494393977,0.15464191792873874,0.6194627466581762,-0.9502430329134965,12.40102923558286,-0.11035828114216928,12.032988521402515,-1.0401679566702433,12.555055535768672,-1.0984250293181566
15.079569690748896,20,flow,-0.37011472012487934,0.14529958934973275,0.7375389603912358,-0.9183745659423481,12.410266667116053,-0.10896245624411915,12.048544280821368,-1.0412483111476878,12.555055535768672,-1.0984250293181566
15.089569690748895,20,flow,-0.36215552339020246,0.1362713972735198,0.8540087372303832,-0.8874151746885125,12.41920550462922,-0.1076956166935944,12.064914743804307,-1.04283093139094,12.555055535768672,-1.0984250293181566
15.099569690748895,20,flow,-0.3530408735068939,0.12754825363025876,0.9685795462155,-0.8573657454601676,12.427852838605853,-0.10654828605087718,12.082100107328774,-1.0448739485020542,12.555055535768672,-1.0984250293181566
15.109569690748895,20,flow,-0.34279128846445966,0.1191210178483776,1.0809429946809712,-0.8282359812948555,12.436216035683671,-0.1055115521110298,12.100098745883976,-1.0473316875390783,12.555055535768672,-1.0984250293181566
15.119569690748895,20,flow,-0.33143045346959654,0.1109804062093834,1.190773906757977,-0.8000448773043889,12.444302807116562,-0.10457703636545534,12.118906841158418,-1.0501548836832564,12.555055535768672,-1.0984250293181566
15.129569690748895,20,flow,-0.31898539185426916,0.10311689710916055,1.2977297792327787,-0.7728210586387093,12.452121283479874,-0.10373686727653142,12.138517986597982,-1.05329095851347,12.555055535768672,-1.0984250293181566
15.139569690748896,20,flow,-0.30548663912041735,0.09552063376601426,1.4014507158507978,-0.7466029473533019,12.45968009384097,-0.10298365732425774,12.158922774965378,-1.0566843625472147,12.555055535768672,-1.0984250293181566
15.149569690748896,20,flow,-0.2909684148039563,0.08818132626347851,1.501559947294371,-0.7214387225800891,12.46698844729044,-0.10231048373267648,12.180108378862686,-1.0602769895870758,12.555055535768672,-1.0984250293181566
15.159569690748896,20,flow,-0.27546878575840067,0.08108815517440002,1.5976650450571082,-0.6973860382429738,12.47405621439175,-0.10171087273339219,12.202058136063576,-1.0640086672781894,12.555055535768672,-1.0984250293181566
15.169569690748895,20,flow,-0.2590298133998906,0.07422967936162572,1.6893599313597791,-0.6745114647608017,12.480894005778321,-0.10117878717457729,12.22475115333642,-1.0678177265634923,12.555055535768672,-1.0984250293181566
15.179569690748895,20,flow,-0.2416976765010674,0.0675937508629827,1.7762277721798527,-0.6528896263693735,12.487513244833938,-0.1007086172374051,12.248161944086352,-1.0716416503712245,12.555055535768672,-1.0984250293181566
15.189569690748895,20,flow,-0.22352276036968058,0.061167440011491846,1.8578448147500102,-0.6326020144019728,12.493926231167077,-0.1002951739792205,12.272260116433383,-1.0754177988725564,12.555055535768672,-1.0984250293181566
15.199569690748895,20,flow,-0.20455970281130384,0.05493697407886884,1.933785193486538,-0.613735469418417,12.500146191469197,-0.09993368538542025,12.297010129081466,-1.0790842050490763,12.555055535768672,-1.0984250293181566
15.209569690748895,20,flow,-0.18486738727198984,0.04888769272263461,2.0036266792119632,-0.5963803414534788,12.506187314369622,-0.09961979458152703,12.32237113231631,-1.082580430220281,12.555055535768672,-1.0984250293181566
15.219569690748896,20,flow,-0.16450887409757664,0.04300402332821948,2.0669572871094495,-0.5806283573931522,12.512064766101444,-0.099349559834785,12.348296910505637,-1.0858484647878268,12.555055535768672,-1.0984250293181566
15.229569690748896,20,flow,-0.14355126202114582,0.03726947893838789,2.123382592154835,-0.5665702465527847,12.517794684202796,-0.09911945596204552,12.374735940410291,-1.0888336550238304,12.555055535768672,-1.0984250293181566
15.239569690748896,20,flow,-0.12206547384861044,0.031666680837451965,2.172533531681322,-0.5542931983094352,12.523394147111246,-0.09892637675864291,12.401631576363302,-1.0914856326042837,12.555055535768672,-1.0984250293181566
15.249569690748896,20,flow,-0.10012596284735084,0.026177407010261264,2.214074409722266,-0.5438782469949702,12.528881118362962,-0.09876763807179978,12.428922368950692,-1.0937592201547512,12.555055535768672,-1.0984250293181566
15.259569690748895,20,flow,-0.07781033947621435,0.020782666652307193,2.2477107644006815,-0.535397696708588,12.534274365156296,-0.09864098116176623,12.456542518369238,-1.0956152837368491,12.555055535768672,-1.0984250293181566
15.269569690748895,20,flow,-0.0551989216718111,0.015462799719205188,2.273196725608267,-0.5289127097360791,12.539593352229966,-0.09854457602375633,12.484422457413212,-1.0970215023295766,12.555055535768672,-1.0984250293181566
15.279569690748895,20,flow,-0.032374215697446064,0.010197599246914943,2.2903414822503527,-0.524471184686435,12.54485811326398,-0.0984770243827695,12.512489552451287,-1.0979530252306713,12.555055535768672,-1.0984250293181566
15.289569690748895,20,flow,-0.009420338281692149,0.004966452942473502,2.2990145008669405,-0.5221060428407323,12.550089103242975,-0.0984373621202217,12.540668904291822,-1.0983929910616865,12.555055535768672,-1.0984250293181566
15.299569690748895,20,flow,0.013577605887897842,-0.0002515005592103553,2.2991491915530773,-0.5218340232211622,12.55530703632523,-0.09842506094442205,12.568884225041906,-1.0983328866696493,12.555055535768672,-1.0984250293181566
15.309569690748896,20,flow,0.03653417460170718,-0.005477206250835913,2.2907447999457835,-0.5236550594776926,12.56053271463371,-0.0984400291748142,12.597058762471084,-1.0977727304457083,12.555055535768672,-1.0984250293181566
15.319569690748896,20,flow,0.05936424809117957,-0.01073152416066448,2.2738664086252283,-0.5275522771592049,12.565786853946767,-0.09848261157093419,12.62511624045217,-1.0967210720085654,12.555055535768672,-1.0984250293181566
15.329569690748896,20,flow,0.08198367949007684,-0.01603506385532772,2.2486430478486725,-0.5334926114724833,12.57108991246815,-0.09855358819992,12.65298178300951,-1.0951948082682237,12.555055535768672,-1.0984250293181566
15.339569690748895,20,flow,0.10430991739584193,-0.021408028076009774,2.2152640319406105,-0.5414280072209183,12.576461928652527,-0.09865417239958141,12.680582790563042,-1.0932188239507068,12.555055535768672,-1.0984250293181566
15.349569690748895,20,flow,0.12626258380464978,-0.026870070994139485,2.1739737423345935,-0.5512971280383895,12.581922373511121,-0.09878600795608461,12.707849739896073,-1.090825472088107,12.555055535768672,-1.0984250293181566
15.359569690748895,20,flow,0.14776399334800114,-0.032440175697371725,2.1250651611511406,-0.5630274745865278,12.587490021947845,-0.09895116567474294,12.734716883981505,-1.0880539161995413,12.555055535768672,-1.0984250293181566
15.369569690748895,20,flow,0.16873960309550923,-0.03813655441387589,2.068872513315775,-0.5765377933660527,12.593182846574427,-0.0991521395774605,12.761122833599446,-1.0849493604895692,12.555055535768672,-1.0984250293181566
15.379569690748895,20,flow,0.1891183859062765,-0.04397657375320776,2.005763397813624,-0.5917406501267889,12.599017936223666,-0.09939184300939596,12.78701100914388,-1.0815621971404985,12.555055535768672,-1.0984250293181566
15.389569690748896,20,flow,0.20883312410194999,-0.049976705985703036,1.9361307807559776,-0.6085450442377524,12.605011440122947,-0.09967360497867339,12.812329957606675,-1.0779471006374024,12.555055535768672,-1.0984250293181566
15.399569690748896,20,flow,0.22782062381058124,-0.05615250619451558,1.8603851889553578,-0.6268589513623107,12.611178537500237,-0.1000011670849672,12.837033535947512,-1.074162098182279,12.555055535768672,-1.0984250293181566
15.409569690748896,20,flow,0.2460218534636849,-0.06251861409060509,1.7789473893724028,-0.6465916991957301,12.617533431347022,-0.10037868141436268,12.861080967512077,-1.0702676429083735,12.555055535768672,-1.0984250293181566
15.419569690748895,20,flow,0.26338201246411247,-0.06908877843296798,1.6922417748256355,-0.6676561023439908,12.624089364208716,-0.10081070978835416,12.88443678257822,-1.0663257131665171,12.555055535768672,-1.0984250293181566
15.429569690748895,20,flow,0.27985053790145026,-0.07587590137073044,1.6006906072937008,-0.6899703051769424,12.630858653239237,-0.10130222475407291,12.90707065735451,-1.0623989570254007,12.555055535768672,-1.0984250293181566
15.439569690748895,20,flow,0.2953810583673021,-0.08289209962365218,1.5047092034684237,-0.7134593035390202,12.637852741346075,-0.10185861269125995,12.928957167814568,-1.0585498966959013,12.555055535768672,-1.0984250293181566
15.449569690748895,20,flow,0.3099313044647209,-0.09014877922752579,1.4047020878014485,-0.7380561359312486,12.645082261049664,-0.10248567939006936,12.950075475709014,-1.0548402031950208,12.555055535768672,-1.0984250293181566
15.459569690748895,20,flow,0.3234629856036027,-0.09765672056206721,1.3010600891934174,-0.7637027511591826,12.652557107657657,-0.10318965842382544,12.97040896410932,-1.051330047475063,12.555055535768672,-1.0984250293181566
15.469569690748896,20,flow,0.3359416422384252,-0.10542617051487536,1.194158320075672,-0.7903505719978838,12.660286518474624,-0.10397722260392805,12.989944839096886,-1.0480775306456689,12.555055535768672,-1.0984250293181566
15.479569690748896,20,flow,0.34733648195416134,-0.11346693887724559,1.0843549509072252,-0.8179607831430046,12.668279154992318,-0.1048554987618403,13.008673712919604,-1.0451381929200851,12.555055535768672,-1.0984250293181566
15.489569690748896,20,flow,0.35762020685273893,-0.12178849637905326,0.9719906780223875,-0.8465043769187871,12.67654318529846,-0.10583208605705952,13.026589182291124,-1.0425645985649858,12.555055535768672,-1.0984250293181566
15.499569690748896,20,flow,0.36676883863458876,-0.13040007211794524,0.8573887766692351,-0.8759619924295969,12.685086364270205,-0.10691507796153765,13.043687413674162,-1.040405992414582,12.555055535768672,-1.0984250293181566
15.509569690748895,20,flow,0.37476154668802736,-0.13931074849591915,0.7408556320557206,-0.9063235836972774,12.693916109455985,-0.10811308802125896,13.05996674550675,-1.0387080223760674,12.555055535768672,-1.0984250293181566
15.519569690748895,20,flow,0.38158048345447515,-0.14852955212362592,0.6226816473396085,-0.9375879504557083,12.703039570875651,-0.10943527944536025,13.07542731550266,-1.0375125217326655,12.555055535768672,-1.0984250293181566
15.529569690748895,20,flow,0.38721063037222936,-0.15806553947509616,0.5031424370013583,-0.9697621622579939,12.712463693269985,-0.1108913985227078,13.090070719455882,-1.0368573448593121,12.555055535768672,-1.0984250293181566
15.539569690748895,20,flow,0.3916396568418535,-0.16792787636417775,0.3825002254368311,-1.0028609028856252,12.722195269597828,-0.11249181181530832,13.103899706446223,-1.0367762501189342,12.555055535768672,-1.0984250293181566
15.549569690748896,20,flow,0.39485779391499426,-0.17812591056433139,0.26100538272043433,-1.0369057581270094,12.732240984808055,-0.11424754702712592,13.116917913997945,-1.0372988241233858,12.555055535768672,-1.0984250293181566
15.559569690748896,20,flow,0.3968577237881441,-0.18866923710455627,0.13889804144546503,-1.0719244661089489,12.742607449103717,-0.11617033739535199,13.129129645586865,-1.0384504421497822,12.555055535768672,-1.0984250293181566
15.569569690748896,20,flow,0.3976344856787448,-0.19956775594757814,0.01640974974745845,-1.107950145722493,12.75330122006849,-0.11827266939828351,13.140539691911608,-1.040252260237803,12.555055535768672,-1.0984250293181566
15.579569690748896,20,flow,0.3971853982634966,-0.21083172189511937,-0.10623487431249368,-1.1450205154116402,12.764328813144623,-0.1205678335189293,13.151153196521264,-1.042721235304815,12.555055535768672,-1.0984250293181566
15.589569690748895,20,flow,0.39550999855537733,-0.22247178667330997,-0.228816513069067,-1.183177111754025,12.77569670004136,-0.12306997774545247,13.160975565699623,-1.045870170461667,12.555055535768672,-1.0984250293181566
15.599569690748895,20,flow,0.39260999687337284,-0.2344990332329621,-0.3511195629695522,-1.222464514888781,12.787411294717957,-0.125794163427555,13.170012421917848,-1.0497077835595308,12.555055535768672,-1.0984250293181566
15.609569690748895,20,flow,0.3884892474032694,-0.24692500236051831,-0.4729306043084982,-1.262929585905458,12.7994789266321,-0.12875642304134016,13.17826959965699,-1.0542387978218384,12.555055535768672,-1.0984250293181566
15.619569690748895,20,flow,0.3831537337467385,-0.2597617117381783,-0.5940369347879916,-1.3046207197993949,12.811905800976191,-0.13197381934280195,13.185753181942125,-1.059464054194313,12.555055535768672,-1.0984250293181566
15.629569690748895,20,flow,0.37661156879749635,-0.2730216676220444,-0.7142251709626075,-1.3475871164504096,12.824697945647042,-0.13546450531159826,13.192469575500313,-1.065380645764633,12.555055535768672,-1.0984250293181566
15.639569690748896,20,flow,0.3688730082574673,-0.2867178693272464,-0.8332799188059951,-1.3918780712579617,12.837861144712493,-0.13924778420132478,13.198425622034309,-1.071982075247626,12.555055535768672,-1.0984250293181566
15.649569690748896,20,flow,0.3599504771044511,-0.3008638067223551,-0.9509825125648124,-1.4375422865086374,12.851400858155829,-0.14334416891980672,13.203628742678315,-1.0792584370901421,12.555055535768672,-1.0984250293181566
15.659569690748896,20,flow,0.34985860833900756,-0.3154734509442762,-1.0671098195735964,-1.4846272042072095,12.86532212769929,-0.14777543986273622,13.208087112259486,-1.0871966262107178,12.555055535768672,-1.0984250293181566
15.669569690748895,20,flow,0.33861429336720167,-0.3305612385510976,-1.1814331076267348,-1.5331783609187366,12.879629468534878,-0.15256470021629698,13.2118098595226,-1.0957805757417485,12.555055535768672,-1.0984250293181566
15.679569690748895,20,flow,0.3262367434141404,-0.3461420493354005,-1.2937169706837368,-1.5832387650962798,12.894326746827048,-0.15773642762948792,13.214807288983243,-1.1049915263749477,12.555055535768672,-1.0984250293181566
15.689569690748895,20,flow,0.3127475614090527,-0.36223117802521065,-1.4037183079746307,-1.6348482973598326,12.909417042900522,-0.1633165210351637,13.217091119559585,-1.1148083300130405,12.555055535768672,-1.0984250293181566
15.699569690748895,20,flow,0.29817082383559157,-0.37884430010447906,-1.5111853508388393,-1.688043134203146,12.924902500089761,-0.16933234127111663,13.21867473460244,-1.1252077903906283,12.555055535768672,-1.0984250293181566
15.709569690748895,20,flow,0.28253317210192386,-0.3959974319897353,-1.6158567307529654,-1.7428551955961682,12.940784159306821,-0.1758127440198498,13.219573437410743,-1.1361650431342394,12.555055535768672,-1.0984250293181566
15.719569690748894,20,flow,0.2658639130560053,-0.4137068858039699,-1.7174605808777956,-1.7993116168860965,12.957061779483206,-0.18278810344932184,13.219804705803352,-1.1476539773762249,12.555055535768672,-1.0984250293181566
15.727034764091698,20,pre_impact,0.25276673247542514,-0.4272996576748583,-1.7911403227290283,-1.8425419439341528,12.969470302616447,-0.18833690115775437,13.21955403299952,-1.1565611147558683,12.555055535768672,-1.0984250293181566
15.727034764091698,21,post_impact,-0.4272996576748583,0.25276673247542514,0.00041342464756972676,-1.1846013773775397,12.969470302616447,-0.18833690115775437,12.555055535768672,-1.0984250293181566,13.21955403299952,-1.1565611147558683
15.737034764091698,21,flow,-0.4266512440865083,0.24112814950795705,0.12934692440356796,-1.1432765848888415,12.980755743611024,-0.18549192206920506,12.5669311773491,-1.0958485710580124,13.21955403299952,-1.1565611147558683
15.747034764091698,21,flow,-0.42471155072533195,0.2298980589667445,0.25863081581706066,-1.1028944564000642,12.99167576720708,-0.1828714845453836,12.579617791074886,-1.094029113227622,13.21955403299952,-1.1565611147558683
15.757034764091697,21,flow,-0.42147823896106945,0.21906728076745854,0.38803113276803125,-1.0634063645502256,13.002234743032728,-0.18046054298658099,12.593124972335286,-1.0929457184934965,13.21955403299952,-1.1565611147558683
15.767034764091697,21,flow,-0.4169513406576542,0.20862709896630602,0.5173073828008216,-1.024768271329355,13.012437068843964,-0.17824492703382822,12.607462203527945,-1.0925727448662907,13.21955403299952,-1.1565611147558683
15.777034764091699,21,flow,-0.4111333343705812,0.19856921095033594,0.646210346771018,-0.9869417144817237,13.022287173607182,-0.17621128628366223,12.622638697291006,-1.0928797625487503,13.21955403299952,-1.1565611147558683
15.787034764091699,21,flow,-0.4040292439171645,0.18888566668257836,0.7744798086981788,-0.9498948086316313,13.031789535090283,-0.17434703761947745,12.638663184477364,-1.0938314977675367,13.21955403299952,-1.1565611147558683
15.797034764091698,21,flow,-0.39564675987610815,0.17956879790623206,0.9018422461260162,-0.9136032501859283,13.040948711664774,-0.17264031550883951,12.65554364623684,-1.0953878083488313,13.21955403299952,-1.1565611147558683
15.807034764091698,21,flow,-0.38599638420582943,0.17061113734266536,1.028008524491028,-0.878051310712002,13.049769387908457,-0.17107992554356188,12.673286990417512,-1.0975036970323289,13.21955403299952,-1.1565611147558683
15.817034764091698,21,flow,-0.37509159765980904,0.1620053280962117,1.1526716546305968,-0.8432327983151738,13.058256433439718,-0.1696553014300749,12.691898673569725,-1.1001293697323788,13.21955403299952,-1.1565611147558683
15.827034764091698,21,flow,-0.3629490489982078,0.15374402371258747,1.2755046904555776,-0.8091519606055687,13.066414974201933,-0.1683564655709996,12.711382271181144,-1.103210347087117,13.21955403299952,-1.1565611147558683
15.837034764091698,21,flow,-0.34958876412747064,0.14581977963412399,1.3961588635092588,-0.7758242963115097,13.074250475142616,-0.16717399331445515,12.731739000428046,-1.1066876386059166,13.21955403299952,-1.1565611147558683
15.847034764091697,21,flow,-0.3350343722295146,0.13822493715853623,1.5142620717761324,-0.7432772357581006,13.081768832891665,-0.16609898088540154,12.752967201724061,-1.1104979894307956,13.21955403299952,-1.1565611147558683
15.857034764091699,21,flow,-0.3193133446662679,0.13095150143954962,1.6294178603310243,-0.7115506437474194,13.08897647663537,-0.16512301695350562,12.77506178768919,-1.1145742100455058,13.21955403299952,-1.1565611147558683
15.867034764091699,21,flow,-0.30245724097714777,0.12399101556269028,1.741205049284615,-0.680697092507875,13.095880474911924,-0.16423815773534567,12.798013670824876,-1.1188455990550579,13.21955403299952,-1.1565611147558683
15.877034764091698,21,flow,-0.2845019546625211,0.1173344332756355,1.849178177407586,-0.6507818481900625,13.102488645532198,-0.16343690547632117,12.82180918409924,-1.1232384682640184,13.21955403299952,-1.1565611147558683
15.887034764091698,21,flow,-0.26548794973006495,0.11097199352777702,1.9528689346338117,-0.6218825129330365,13.10880966527806,-0.16271219011089288,12.846429511701563,-1.1276767775487817,13.21955403299952,-1.1565611147558683
15.897034764091698,21,flow,-0.24546047727206405,0.10489310054481499,2.051788749757603,-0.5940882670024875,13.11485317548242,-0.16205735386042353,12.871850150236442,-1.1320828843086188,13.21955403299952,-1.1565611147558683
15.907034764091698,21,flow,-0.22446975977562644,0.099086213685825,2.1454326773588104,-0.5674986631294284,13.120629879095656,-0.1614661384976196,12.89804042334944,-1.1363784084945685,13.21955403299952,-1.1565611147558683
15.917034764091698,21,flow,-0.20257112961550558,0.0935387517452741,2.2332846870465937,-0.5422219390233348,13.12615162444862,-0.1609326749868495,12.924963074898521,-1.140485209325834,13.21955403299952,-1.1565611147558683
15.927034764091697,21,flow,-0.17982510743922597,0.08823701660486764,2.3148243963766224,-0.5183728347816552,13.131431470698777,-0.1604514752012901,12.952573966952935,-1.1443264638831885,13.21955403299952,-1.1565611147558683
15.937034764091699,21,flow,-0.15629740613726892,0.08316614114006225,2.389535206104972,-0.49606992959509605,13.136483729962503,-0.1600174254209059,12.980821908738369,-1.14782783102169,13.21955403299952,-1.1565611147558683
15.947034764091699,21,flow,-0.13205884699619821,0.07831006597791487,2.4569136954319606,-0.47543254585446104,13.141323981458541,-0.15962578132852123,13.009648640804485,-1.1509186768259307,13.21955403299952,-1.1565611147558683
15.957034764091699,21,flow,-0.10718517661567445,0.07365154903552171,2.5164800216255827,-0.4565773064706451,13.145969053665906,-0.1592721642422914,13.038988994900752,-1.153533330650094,13.21955403299952,-1.1565611147558683
15.967034764091698,21,flow,-0.08175677630839821,0.06917221071674265,2.5677889525712474,-0.43961446971316287,13.150436971558838,-0.15895255834819344,13.068771244187467,-1.1556123342862539,13.21955403299952,-1.1565611147558683
15.977034764091698,21,flow,-0.0558582599591916,0.06485261622174196,2.610441055155723,-0.42464420093070965,13.154746867409305,-0.1586633087215218,13.098917650565808,-1.1571036417142557,13.21955403299952,-1.1565611147558683
15.987034764091698,21,flow,-0.02957796152149984,0.0606723946872257,2.6440934815267374,-0.41175296734215505,13.158918855386114,-0.1584011199475256,13.12934520641787,-1.1579637239332405,13.21955403299952,-1.1565611147558683
15.997034764091698,21,flow,-0.0030073191557470694,0.05661039293140566,2.6684697534212605,-0.40101025599761053,13.162973872122999,-0.15816305516481166,13.159966557500267,-1.1581585331839674,13.21955403299952,-1.1565611147558683
16.0070347640917,21,flow,0.023759830980354682,0.0526448595741868,2.683367953196701,-0.39246581230925437,13.166933487429244,-0.1579465353590489,13.190691082951512,-1.1576642838535929,13.21955403299952,-1.1565611147558683
16.017034764091697,21,flow,0.05062803265646214,0.048753653423823845,2.6886667948302554,-0.38614757530373595,13.17081969119238,-0.1577493387296619,13.221426098344486,-1.1564680136102088,13.21955403299952,-1.1565611147558683
16.0270347640917,21,flow,0.07750103583449754,0.04491446843290193,2.6843291668887144,-0.3820604466354597,13.174654664107301,-0.1575695999405119,13.252078139398538,-1.1545678975688616,13.21955403299952,-1.1565611147558683
16.037034764091697,21,flow,0.10428264462874878,0.04110506642553629,2.6704029031112375,-0.38018597641575896,13.178460540964277,-0.1574058090539222,13.282554278305971,-1.1519732998991832,13.21955403299952,-1.1565611147558683
16.0470347640917,21,flow,0.1308775588074443,0.03730350827133617,2.6470187270717185,-0.3804829858665736,13.182259175753153,-0.15725680994027658,13.31276342221788,-1.1487045602804917,13.21955403299952,-1.1565611147558683
16.057034764091696,21,flow,0.15719218112752364,0.03348837431065929,2.614385514314493,-0.38288908158674595,13.186071917712516,-0.15712179796074255,13.342617544551597,-1.1447925258440583,13.21955403299952,-1.1565611147558683
16.067034764091698,21,flow,0.18313536515987888,0.029638965594786206,2.572783195617229,-0.38732295630334407,13.189919406695996,-0.15700031674313586,13.372032804329205,-1.1402778515228582,13.21955403299952,-1.1565611147558683
16.0770347640917,21,flow,0.20861908225343376,0.02573547880869125,2.522553768853621,-0.3936873228844085,13.193821394928468,-0.15689225391348705,13.400930516197395,-1.1352101020013228,13.21955403299952,-1.1565611147558683
16.087034764091698,21,flow,0.23355899147477474,0.021759149449629173,2.464090980639903,-0.40187229665645563,13.197796600525848,-0.15679783570819616,13.429237943316668,-1.1296466959363318,13.21955403299952,-1.1565611147558683
16.0970347640917,21,flow,0.25787490220745335,0.017692359766559862,2.397829276627511,-0.41175902772786693,13.201862596227727,-0.15671762047041282,13.456888895963464,-1.1236517373796766,13.21955403299952,-1.1565611147558683
16.107034764091697,21,flow,0.2814911250445187,0.013518709940084257,2.324232603031286,-0.42322338947993515,13.20603573482548,-0.1566524911234497,13.48382412945981,-1.1172947803271271,13.21955403299952,-1.1565611147558683
16.1170347640917,21,flow,0.3043367121589025,0.009223052834407691,2.243783580468058,-0.4361395488808905,13.210331110923931,-0.15660364680616212,13.509991545036575,-1.1106495703483268,13.21955403299952,-1.1565611147558683
16.127034764091697,21,flow,0.32634559309907984,0.004791494251735154,2.156973477428736,-0.45038327460193417,13.21476255708195,-0.15657259394248846,13.535346205758431,-1.1037928028703146,13.21955403299952,-1.1565611147558683
16.1370347640917,21,flow,0.3474566156824773,0.00021136188085912975,2.0642932993432748,-0.4658348752988189,13.219342671120234,-0.15656113709279063,13.559850186256662,-1.0968029315986587,13.21955403299952,-1.1565611147558683
16.1470347640917,21,flow,0.36761350424095923,-0.004528852981873227,1.9662261940621588,-0.4823816983186048,13.224082870499895,-0.1565713699930057,13.583472279555648,-1.08975905350504,13.21955403299952,-1.1565611147558683
16.157034764091698,21,flow,0.38676474893289015,-0.009439576345041507,1.8632412669908893,-0.49992015474386786,13.228993469158665,-0.1566056672258309,13.606187586793236,-1.082739889475434,13.21955403299952,-1.1565611147558683
16.1670347640917,21,flow,0.4048634402927141,-0.014530250291688165,1.7557888069702807,-0.5183572674430312,13.234083772005738,-0.15666667698535486,13.627977016348645,-1.0758228726675787,13.21955403299952,-1.1565611147558683
16.177034764091697,21,flow,0.42186706282066844,-0.019809444923700605,1.6442968516247358,-0.5376117631635827,13.239362182364363,-0.1567573153938434,13.648826718135208,-1.0690833502881492,13.21955403299952,-1.1565611147558683
16.1870347640917,21,flow,0.43773726042816963,-0.02528497910246411,1.5291689694955835,-0.5576147472247007,13.24483631794645,-0.15688076280937624,13.668727476965843,-1.0625938991308033,13.21955403299952,-1.1565611147558683
16.197034764091697,21,flow,0.45243958515389954,-0.030964046052937514,1.4107831046420853,-0.5783100103720534,13.250513131378824,-0.15704046252924198,13.687674086329324,-1.056423750936786,13.21955403299952,-1.1565611147558683
16.2070347640917,21,flow,0.46594323893664435,-0.03685334042494799,1.2894913147915352,-0.5996540227072906,13.256399031815375,-0.15724012225032724,13.705664720958287,-1.0506383204570082,13.21955403299952,-1.1565611147558683
16.217034764091697,21,flow,0.4782208165266595,-0.04295918396199742,1.1656202330493894,-0.6216156704234086,13.262500004712685,-0.15748371859798704,13.72270032349984,-1.0452988269331631,13.21955403299952,-1.1565611147558683
16.227034764091698,21,flow,0.4892480559547247,-0.04928764747487201,1.039472091988068,-0.6441757885546832,13.268821727379539,-0.15777550498244097,13.738784017623635,-1.040461998449133,13.21955403299952,-1.1565611147558683
16.2370347640917,21,flow,0.49900360143863953,-0.05584466732711123,0.9113261642394602,-0.6673265381985387,13.27536967840576,-0.15812002298936612,13.753920557163273,-1.0361798480812632,13.21955403299952,-1.1565611147558683
16.247034764091698,21,flow,0.5074687822408703,-0.06263615509453778,0.7814404926574074,-0.6910706706375496,13.28214923951571,-0.15852211746107547,13.768115818470225,-1.0324995108410446,13.21955403299952,-1.1565611147558683
16.2570347640917,21,flow,0.5146274098229683,-0.06966809945274495,0.6500538034409113,-0.7154207142369111,13.289165788767852,-0.15898695537780472,13.781376341104302,-1.0294631309097069,13.21955403299952,-1.1565611147558683
16.267034764091697,21,flow,0.5204655946773519,-0.07694665967237717,0.5173875156724607,-0.7403981134719467,13.296424784331796,-0.15952004860582691,13.793708920295456,-1.0271077894821468,13.21955403299952,-1.1565611147558683
16.2770347640917,21,flow,0.5249715834465648,-0.08447825036457267,0.3836477794245857,-0.7660323433289912,13.30393183832057,-0.16012728054046843,13.805120253267981,-1.0254654645601629,13.21955403299952,-1.1565611147558683
16.287034764091697,21,flow,0.5281356163468743,-0.0922696173234143,0.24902749126070053,-0.7923600168508611,13.311692780343616,-0.160814936637237,13.815616640484201,-1.02456301517693,13.21955403299952,-1.1565611147558683
16.2970347640917,21,flow,0.5299498044749897,-0.10032790446570486,0.11370825028211484,-0.8194239988803638,13.31971371058258,-0.1615897387924904,13.82520374209669,-1.0244221837317524,13.21955403299952,-1.1565611147558683
16.307034764091696,21,flow,0.53040802626959,-0.10866071197865694,-0.022137770223968484,-0.8472725351235746,13.328001042284681,-0.16245888350542792,13.833886389348148,-1.0250596113201422,13.21955403299952,-1.1565611147558683
16.317034764091698,21,flow,0.5295058422003647,-0.11727614586054776,-0.15834605093830248,-0.8759584024949233,13.336561533624995,-0.16343008372452472,13.841668450280139,-1.0264868621273906,13.21955403299952,-1.1565611147558683
16.3270347640917,21,flow,0.5272404266396482,-0.12618285908703977,-0.29475806242471636,-0.9055380842289571,13.34540230891822,-0.16451161425284877,13.848552748859172,-1.0287104540965664,13.21955403299952,-1.1565611147558683
16.337034764091698,21,flow,0.523610515824622,-0.13539008465972885,-0.4312197113711356,-0.9360709714479009,13.354530869165636,-0.16571236055642669,13.85454103646542,-1.0317318941680205,13.21955403299952,-1.1565611147558683
16.3470347640917,21,flow,0.5186163708092294,-0.14490766080481338,-0.5675798958797116,-0.9676185915819983,13.363955091915185,-0.1670418707873469,13.859634014571752,-1.0355477174193808,13.21955403299952,-1.1565611147558683
16.357034764091697,21,flow,0.51225975433226,-0.1547460485888614,-0.7036891662184542,-1.0002438632571897,13.373683220392811,-0.16851041079706652,13.863831407343838,-1.040149530403697,13.21955403299952,-1.1565611147558683
16.3670347640917,21,flow,0.5045439205700667,-0.1649163422126319,-0.8393984863266657,-1.0340103768793114,13.3837238418383,-0.17012902187474221,13.867132082782694,-1.0455240598930344,13.21955403299952,-1.1565611147558683
16.377034764091697,21,flow,0.49547361679070673,-0.17543027223575824,-0.9745580912600046,-1.0689817000986088,13.394085854952863,-0.17190958089952646,13.869534220886653,-1.0516532090838338,13.21955403299952,-1.1565611147558683
16.3870347640917,21,flow,0.48505509597144375,-0.1863002019779214,-1.1090164364917694,-1.105220707580985,13.404778426341613,-0.17386486254410094,13.871035527108392,-1.0585141241074387,13.21955403299952,-1.1565611147558683
16.3970347640917,21,flow,0.4732961394758627,-0.1975391173386243,-1.2426192363880724,-1.1427889349921654,13.415810935815678,-0.17600860310898625,13.871633489106246,-1.0660792744108034,13.21955403299952,-1.1565611147558683
16.407034764091698,21,flow,0.46020608890443826,-0.20916061027996502,-1.3752085910984635,-1.181745957774946,13.427192910408504,-0.17835556550339293,13.871325674422428,-1.0743165512217179,13.21955403299952,-1.1565611147558683
16.4170347640917,21,flow,0.44579588622870475,-0.22117885622663688,-1.506622203410029,-1.222148796127583,13.438933946961575,-0.18092160481892372,13.8701100662516,-1.0831893888797275,13.21955403299952,-1.1565611147558683
16.427034764091697,21,flow,0.4300781212910927,-0.23360858565609496,-1.6366926896633087,-1.264051348533408,13.451043623148466,-0.18372373386804852,13.867985433883462,-1.0926569142839822,13.21955403299952,-1.1565611147558683
16.4370347640917,21,flow,0.4130670856982785,-0.24646505018035994,-1.7652469914788416,-1.3075038572060067,13.463531396834568,-0.1867801879811145,13.86495173370767,-1.1026741300643041,13.21955403299952,-1.1565611147558683
16.447034764091697,21,flow,0.39477883205531483,-0.25976398345977264,-1.8921058976393073,-1.352552409854209,13.47640649371446,-0.19011048827530153,13.861010535859782,-1.1131921372996334,13.21955403299952,-1.1565611147558683
16.4570347640917,21,flow,0.3752312373822377,-0.2735215573381615,-2.017083687843943,-1.3992384831834046,13.489677783230386,-0.19373550252839278,13.85616547066873,-1.124158403663191,13.21955403299952,-1.1565611147558683
16.467034764091697,21,flow,0.3544440694274545,-0.28775433364777286,-2.1399879120105676,-1.4475985344726248,13.503353642853847,-0.19767750271187723,13.850422688054177,-1.1355170827380836,13.21955403299952,-1.1565611147558683
16.477034764091698,21,flow,0.33243905444817423,-0.3024792121996805,-2.2606193201377764,-1.4976636483293293,13.517441810907195,-0.20196021816440424,13.843791321937038,-1.1472093898914055,13.21955403299952,-1.1565611147558683
16.4870347640917,21,flow,0.30923994487475476,-0.317713375549261,-2.378771958230482,-1.5494592462460008,13.531949228211564,-0.2066088833208194,13.836283950600253,-1.1591740394905168,13.21955403299952,-1.1565611147558683
16.497034764091698,21,flow,0.2848725851227744,-0.3334742312038434,-2.494233445199008,-1.6030048667769792,13.546881868968923,-0.2116502788567407,13.827917042810663,-1.1713477473663447,13.21955403299952,-1.1565611147558683
16.5070347640917,21,flow,0.25936497367590594,-0.34977935201708893,-2.606785443727465,-1.658314023928821,13.56224456141528,-0.2171127650664738,13.818711378438277,-1.1836658012554317,13.21955403299952,-1.1565611147558683
16.517034764091697,21,flow,0.23274731944864285,-0.3666464155873741,-2.716204334646597,-1.7153941506220858,13.578040798914218,-0.22302630626503306,13.808692431348137,-1.1960627004741955,13.21955403299952,-1.1565611147558683
16.526052268816024,21,pre_impact,0.20781990983846554,-0.3823528350379,-2.8119973420170785,-1.7683859743995023,13.592658468413225,-0.22877176351571693,13.798985678990245,-1.2072548150682236,13.21955403299952,-1.1565611147558683
16.526052268816024,22,post_impact,-0.3823528350379,0.20781990983846554,-0.15974884935679834,-1.1603463035039538,13.592658468413225,-0.22877176351571693,13.21955403299952,-1.1565611147558683,13.798985678990245,-1.2072548150682236
16.536052268816025,22,flow,-0.383350627756937,0.19640034392275063,-0.03982565330054854,-1.1237516238185175,13.603845530319319,-0.22647944711861567,13.229815539329321,-1.1538960556824382,13.798985678990245,-1.2072548150682236
16.546052268816023,22,flow,-0.3831500347391842,0.18534124531265544,0.07989138801361508,-1.0882466799444037,13.614703733790684,-0.22438139255977785,13.240859783620692,-1.15187301026923,13.798985678990245,-1.2072548150682236
16.556052268816025,22,flow,-0.38175423378406576,0.17463189510883378,0.1991780790786119,-1.0537964459546498,13.625240035839827,-0.222464252823516,13.252691043107935,-1.1504767786088383,13.798985678990245,-1.2072548150682236
16.566052268816023,22,flow,-0.37916867549966443,0.1642619034784551,0.3178038032652895,-1.0203702561006618,13.63546146463175,-0.22071549435240123,13.265313144965631,-1.1496881642670496,13.798985678990245,-1.2072548150682236
16.576052268816024,22,flow,-0.3754011550337473,0.15422116241640252,0.43553001895947385,-0.9879425307489789,13.645375126957056,-0.21912334694059699,13.27872934953582,-1.1494839619169492,13.798985678990245,-1.2072548150682236
16.586052268816022,22,flow,-0.3704618987920486,0.1444997913078469,0.5521087710315088,-0.9564934883956848,13.654988226790767,-0.21767675662105967,13.292942192541803,-1.1498369730455744,13.798985678990245,-1.2072548150682236
16.596052268816024,22,flow,-0.364363665828165,0.1350880754886041,0.667281251296143,-0.9260098319142758,13.664308094386135,-0.21636534181441902,13.307953287007223,-1.1507160528742106,13.798985678990245,-1.2072548150682236
16.606052268816022,22,flow,-0.3571218632108541,0.1259763981317681,0.7807764504552784,-0.8964853943440435,13.673342225239852,-0.2151793529537367,13.323763086385949,-1.1520861923343468,13.798985678990245,-1.2072548150682236
16.616052268816023,22,flow,-0.34875467420116096,0.11715516595169465,0.8923099537317571,-0.867921726388588,13.68209832812236,-0.21410963574795527,13.340370611327732,-1.1539086395643725,13.798985678990245,-1.2072548150682236
16.626052268816025,22,flow,-0.3392831974990885,0.10861472941103326,1.0015829425777778,-0.8403286045148247,13.69058438119279,-0.21314759819681006,13.357773143569906,-1.156141065889945,13.798985678990245,-1.2072548150682236
16.636052268816023,22,flow,-0.3287315951449,0.10034529834391552,1.1082814749259433,-0.8137244353071548,13.698808695011401,-0.21228518142059194,13.375965891664853,-1.1587377815688205,13.798985678990245,-1.2072548150682236
16.646052268816025,22,flow,-0.31712724588833496,0.09233685416687881,1.2120761256499957,-0.7881365288057998,13.706779981024562,-0.21151483431890117,13.394941634621311,-1.1616500066562303,13.798985678990245,-1.2072548150682236
16.656052268816023,22,flow,-0.30450089998387697,0.08457906013387309,1.3126220761750118,-0.7636012112895122,13.714507423833163,-0.21082949202308188,13.414690351035182,-1.1648262021111457,13.798985678990245,-1.2072548150682236
16.666052268816024,22,flow,-0.2908868304572347,0.07706117139412719,1.4095597462403342,-0.7401637467758686,13.72200075527308,-0.21022255805731727,13.435198842871538,-1.1682124656465458,13.798985678990245,-1.2072548150682236
16.676052268816022,22,flow,-0.27632297495673247,0.0697719469185298,1.5025160601916716,-0.7178780368947499,13.729270328049074,-0.20968789007363997,13.456450364669402,-1.1717529957611474,13.798985678990245,-1.2072548150682236
16.686052268816024,22,flow,-0.26085106140816133,0.06269956565322941,1.5911064332773261,-0.6968060712604905,13.736327186389527,-0.20921978897695181,13.478424270483458,-1.175390625820596,13.798985678990245,-1.2072548150682236
16.696052268816025,22,flow,-0.2445167099033379,0.05583154951497685,1.6749375487166587,-0.6770171055216311,13.743183130951477,-0.20881299120847518,13.501095692233072,-1.179067427949046,13.798985678990245,-1.2072548150682236
16.706052268816023,22,flow,-0.22736950265581896,0.049154696033367334,1.7536109725422653,-0.6585865523047909,13.74985077503184,-0.2084626639111382,13.524435264155729,-1.1827253838468144,13.798985678990245,-1.2072548150682236
16.716052268816025,22,flow,-0.2094630135466123,0.042655023539485755,1.8267276196926616,-0.6415945815041981,13.756343589061874,-0.20816440265974656,13.548408908597905,-1.1863071165110266,13.798985678990245,-1.2072548150682236
16.726052268816023,22,flow,-0.19085478885589174,0.036317731766630126,1.8938930417186466,-0.6261244407259912,13.762675930409808,-0.20791423140416299,13.572977698255103,-1.1897566733047868,13.798985678990245,-1.2072548150682236
16.736052268816024,22,flow,-0.1716062713239694,0.030127180537501276,1.954723455096053,-0.612260523718549,13.768863055720129,-0.20770860424686965,13.598097809039755,-1.193020347060377,13.798985678990245,-1.2072548150682236
16.746052268816022,22,flow,-0.15178266077633285,0.024066888841001947,2.008852372219493,-0.6000862333985898,13.774921113399685,-0.20754440865897872,13.623720575890376,-1.196047518141643,13.798985678990245,-1.2072548150682236
16.756052268816024,22,flow,-0.1314527062193421,0.018119556039514925,2.0559376388269746,-0.589681705244558,13.78086711443146,-0.2074189697324359,13.649792660975576,-1.1987914969144438,13.798985678990245,-1.2072548150682236
16.766052268816022,22,flow,-0.11068842655319253,0.012267106198986948,2.0956686272689353,-0.5811214745976039,13.78671888045184,-0.20733005507194358,13.676256339911848,-1.2012103432039956,13.798985678990245,-1.2072548150682236
16.776052268816024,22,flow,-0.08956475978654282,0.006490755623281856,2.1277732908794347,-0.5744721857585766,13.792494968942691,-0.2072758799485489,13.703049906924132,-1.2032676373845712,13.798985678990245,-1.2072548150682236
16.786052268816025,22,flow,-0.06815914373936907,0.0007711026455933163,2.1520247569903517,-0.5697904496577888,13.798214576421069,-0.20725511236785388,13.730108194559937,-1.2049331770509388,13.798985678990245,-1.2072548150682236
16.796052268816023,22,flow,-0.04655103449464439,-0.004911762353063382,2.1682471302445903,-0.5671209585556835,13.80389742159362,-0.2072668777486787,13.757363197950163,-1.2061835739901123,13.798985678990245,-1.2072548150682236
16.806052268816025,22,flow,-0.024821372067399056,-0.010578129786742769,2.1763201973542796,-0.5664949595708253,13.809563611501561,-0.20731076296141393,13.784744788098987,-1.2070027285212617,13.798985678990245,-1.2072548150682236
16.816052268816023,22,flow,-0.0030520056409845536,-0.016248530605800064,2.176182770164117,-0.5679291735729913,13.815233494630201,-0.2073868195373486,13.81218149372732,-1.2073821621717475,13.798985678990245,-1.2072548150682236
16.826052268816024,22,flow,0.018674906978898904,-0.021943587730251766,2.1678344734858945,-0.5714252229079239,13.820927505713023,-0.20749556592867824,13.839601327225187,-1.20732119492112,13.798985678990245,-1.2072548150682236
16.836052268816022,22,flow,0.040277509528264546,-0.027683864460852296,2.1513358721849847,-0.5769696023422729,13.826666007451147,-0.2076379887711186,13.866932627644642,-1.2068269595360048,13.798985678990245,-1.2072548150682236
16.846052268816024,22,flow,0.061674850349768745,-0.033489715336765986,2.126806930281788,-0.5845341952091564,13.832469134551435,-0.20781554317438722,13.894104892669503,-1.2059142523816533,13.798985678990245,-1.2072548150682236
16.856052268816022,22,flow,0.08278746205155497,-0.03938114476730181,2.0944238939052573,-0.5940773040868206,13.838356645344236,-0.20803015213783294,13.921049572178287,-1.2046052270075682,13.798985678990245,-1.2072548150682236
16.866052268816023,22,flow,0.1035379028342668,-0.045377678302197605,2.054414780123691,-0.6055451356301249,13.84434778577804,-0.2082842052564171,13.947700798343048,-1.2029289432376409,13.798985678990245,-1.2072548150682236
16.876052268816025,22,flow,0.12385124677695278,-0.05149825067737867,2.007053726394479,-0.6188736551991237,13.850461169859772,-0.2085805569441137,13.973996030965056,-1.2009207899749517,13.798985678990245,-1.2072548150682236
16.886052268816023,22,flow,0.14365551317392813,-0.0577611138408982,1.95265450497193,-0.633990710540266,13.856714679675836,-0.20892252445560244,13.999876601536927,-1.1986218041002017,13.798985678990245,-1.2072548150682236
16.896052268816025,22,flow,0.16288202820325498,-0.06418376710969691,1.8915635300247122,-0.6508183159866773,13.86312538707271,-0.20931388603129097,14.02528814496695,-1.1960779104830006,13.798985678990245,-1.2072548150682236
16.906052268816023,22,flow,0.1814657154932757,-0.07078291051914608,1.8241526829222978,-0.6692749893057904,13.869709497983782,-0.20975887952413863,14.05018091353022,-1.1933391091804006,13.798985678990245,-1.2072548150682236
16.916052268816024,22,flow,0.19934531530085142,-0.07757442138350928,1.7508122563165425,-0.689278041411816,13.876482319340372,-0.21026220188874623,14.074509973012576,-1.1904586354575906,13.798985678990245,-1.2072548150682236
16.926052268816022,22,flow,0.21646353482221242,-0.08457335315281272,1.671944275451763,-0.7107457329902639,13.883458247565505,-0.21082900992350628,14.098235285841218,-1.1874921165419106,13.798985678990245,-1.2072548150682236
16.936052268816024,22,flow,0.23276713448153744,-0.09179395487758789,1.5879564017852288,-0.7335992296261208,13.89065077686628,-0.21146492265548333,14.121321690003075,-1.184496746303938,13.798985678990245,-1.2072548150682236
16.946052268816025,22,flow,0.24820695680358845,-0.09924970900431718,1.499256565757845,-0.757764306231873,13.898072524941302,-0.21217602574575412,14.143738785598822,-1.1815304956764143,13.798985678990245,-1.2072548150682236
16.956052268816023,22,flow,0.2627379056546984,-0.10695338482835544,1.4062484179869181,-0.7831727706052284,13.905735273310759,-0.21296887827116429,14.165460742929366,-1.1786513728993904,13.798985678990245,-1.2072548150682236
16.966052268816025,22,flow,0.27631888426081624,-0.11491710471832704,1.3093276356190102,-0.8097635933674898,13.913650019249298,-0.21385052220808276,14.186466047110887,-1.175916743911051,13.798985678990245,-1.2072548150682236
16.976052268816023,22,flow,0.2889127005483905,-0.12315242017510425,1.2088790760160544,-0.8374837463641166,13.921827036234392,-0.2148284949061594,14.206737194474949,-1.1733827196276096,13.798985678990245,-1.2072548150682236
16.986052268816024,22,flow,0.30048594809206963,-0.13167039487058693,1.1052747348857768,-0.8662887633299238,13.930275939887048,-0.21591084479672917,14.2262603555814,-1.1711036136481647,13.798985678990245,-1.2072548150682236
16.996052268816022,22,flow,0.3110088703900886,-0.14048169199463204,0.9988724407354432,-0.896143045110668,13.939005756545471,-0.21710615053272653,14.245025018718781,-1.1691314711933187,13.798985678990245,-1.2072548150682236
17.006052268816024,22,flow,0.32045521541977007,-0.14959666349100162,0.8900152015359615,-0.9270199371727085,13.948024991844562,-0.21842354370595862,14.263023626452648,-1.1675156678936167,13.798985678990245,-1.2072548150682236
17.016052268816022,22,flow,0.3288020865386024,-0.1590254390564168,0.779031111537179,-0.9589016099075962,13.957341696946228,-0.21987273523432038,14.280251216253468,-1.1663025753919343,13.798985678990245,-1.2072548150682236
17.026052268816024,22,flow,0.33602979486393153,-0.16877801308647924,0.6662337247643993,-0.9917787728413258,13.966963530353725,-0.2214640454566854,14.296705074615906,-1.1655352895837336,13.798985678990245,-1.2072548150682236
17.036052268816025,22,flow,0.34212171734379426,-0.17886432805924984,0.5519228052570995,-1.0256502528120335,13.976897813528513,-0.22320843791720868,14.312384412466814,-1.1652534166378703,13.798985678990245,-1.2072548150682236
17.046052268816023,22,flow,0.3470641638645693,-0.18929435313769397,0.4363853710746673,-1.0605224639835658,13.987151578797011,-0.22511755676370837,14.327290068119169,-1.1654929116521915,13.798985678990245,-1.2072548150682236
17.056052268816025,22,flow,0.3508462559554842,-0.20007815703676576,0.31989695817035724,-1.0964087946539256,13.997731608277999,-0.2272037676265367,14.341424242608255,-1.1662859648314081,13.798985678990245,-1.2072548150682236
17.066052268816023,22,flow,0.3534598189610915,-0.21122597443435984,0.20272304034297223,-1.133328932557682,14.008644462774464,-0.2294802017845069,14.35479027096844,-1.1676609303596253,13.798985678990245,-1.2072548150682236
17.076052268816024,22,flow,0.3548992889665882,-0.22274826540564915,0.08512055178593615,-1.1713081470284692,14.019896499754779,-0.23196080336245084,14.367392431881104,-1.1696422936114885,13.798985678990245,-1.2072548150682236
17.086052268816022,22,flow,0.355161635276166,-0.23465576752775663,-0.03266053133120987,-1.2103765431834401,14.031493879697784,-0.23466037924014282,14.379235797141508,-1.1722506729466007,13.798985678990245,-1.2072548150682236
17.096052268816024,22,flow,0.35424629885527426,-0.24695954043863036,-0.1503755846721227,-1.250568300343071,14.043442560197951,-0.2375946512839202,14.390326121541644,-1.1755028530123812,13.798985678990245,-1.2072548150682236
17.106052268816022,22,flow,0.3521551468451322,-0.25967100274189103,-0.26778373126412786,-1.291920904311043,14.05574827732197,-0.24078031043918713,14.400669773027541,-1.179411847199076,13.798985678990245,-1.2072548150682236
17.116052268816023,22,flow,0.3488924430304634,-0.27280196123588973,-0.3846462580118162,-1.3344743808825636,14.068416513785637,-0.24423507214419715,14.410273702345352,-1.1839869876144702,13.798985678990245,-1.2072548150682236
17.126052268816025,22,flow,0.3444648339790167,-0.28636463250739097,-0.5007250665964272,-1.3782705361257153,14.081452453577658,-0.24797773244079835,14.419145450813858,-1.1892340416454865,13.798985678990245,-1.2072548150682236
17.136052268816023,22,flow,0.3388813504630828,-0.30037165697939816,-0.6157811672600862,-1.4233522074686926,14.094860922707326,-0.25202822406724135,14.427293194339093,-1.1951553548283829,13.798985678990245,-1.2072548150682236
17.146052268816025,22,flow,0.33215342370823997,-0.31483610553624153,-0.7295732200495667,-1.4697625284656635,14.108646315794829,-0.2564076717198409,14.434725821295402,-1.201750020338849,13.798985678990245,-1.2072548150682236
17.156052268816023,22,flow,0.32429491598524646,-0.3297714788733047,-0.8418561249589158,-1.5175442092298785,14.122812508263678,-0.2611384455646014,14.441453041426142,-1.2090140759222665,13.798985678990245,-1.2072548150682236
17.166052268816024,22,flow,0.31532216505943217,-0.34519169973523944,-0.952379659938594,-1.5667388338799635,14.137362753937877,-0.2662442119664922,14.447485522454127,-1.2169407294986736,13.798985678990245,-1.2072548150682236
17.176052268816022,22,flow,0.30525404203240214,-0.3611110982175933,-1.0608871637858817,-1.6173861758968908,14.152299567895852,-0.27174998028307096,14.452835050630874,-1.2255206149836928,13.798985678990245,-1.2072548150682236
17.186052268816024,22,flow,0.29411202214883264,-0.37754439031415055,-1.1671142593611468,-1.6695235319913568,14.167624594492883,-0.2776821444409945,14.457514710992994,-1.2347420800539908,13.798985678990245,-1.2072548150682236
17.196052268816025,22,flow,0.2819202681934224,-0.39450664989727385,-1.270787611262967,-1.7231850748939588,14.183338460537055,-0.28406851787938925,14.461539082636401,-1.2445915076425373,13.798985678990245,-1.2072548150682236
17.206052268816023,22,flow,0.26870572616761884,-0.41201327432204393,-1.3716237109346399,-1.778401225368241,14.19944061369408,-0.29093836030417874,14.46492444387274,-1.2550536728646984,13.798985678990245,-1.2072548150682236
17.215734655723345,22,pre_impact,0.2549644261380491,-0.429497351337482,-1.4662757024071251,-1.8333695708656363,14.21539953835796,-0.29807964067855464,14.467610523312242,-1.2657519090981841,13.798985678990245,-1.2072548150682236
17.215734655723345,23,post_impact,-0.429497351337482,0.2549644261380491,-0.028851140903712748,-1.201805736413541,14.21539953835796,-0.29807964067855475,13.798985678990245,-1.2072548150682239,14.467610523312242,-1.2657519090981841
17.225734655723347,23,flow,-0.42914264518345463,0.24315448422122876,0.09988033441576713,-1.160346980295337,14.226845014312783,-0.2951685949637246,13.810753671163608,-1.2044914167142378,14.467610523312242,-1.2657519090981841
17.235734655723345,23,flow,-0.42749836951655307,0.231754286454622,0.22902421915091328,-1.1198483611347343,14.237925261687803,-0.2924869500081566,13.823329657735039,-1.2024927110795047,14.467610523312242,-1.2657519090981841
17.245734655723346,23,flow,-0.4245615640771678,0.22075448166205844,0.35834692038071153,-1.0802604887243314,14.248644665684452,-0.2900193877618671,13.836723355665248,-1.2012388093898647,14.467610523312242,-1.2657519090981841
17.255734655723344,23,flow,-0.42033163286989494,0.2101461914972478,0.4876088195609861,-1.0415383498981632,14.25900764589047,-0.2877514798900177,13.850944404953527,-1.200705143224602,14.467610523312242,-1.2657519090981841
17.265734655723346,23,flow,-0.41481041532892365,0.1999209617580848,0.6165620762145113,-1.0036422950885127,14.26901865587692,-0.28566963184358973,13.866002224762667,-1.2008623745223828,14.467610523312242,-1.2657519090981841
17.275734655723344,23,flow,-0.40800227984770426,0.19007070374292456,0.7449483550505395,-0.9665390420054367,14.278682197432863,-0.2837610294661912,13.881905814381511,-1.2016763315789114,14.467610523312242,-1.2657519090981841
17.285734655723346,23,flow,-0.399914240310117,0.18058762552477084,0.8724965041380672,-0.9302026863714581,14.288002849163213,-0.2820135885134991,13.898663498191707,-1.2031079755255396,14.467610523312242,-1.2657519090981841
17.295734655723344,23,flow,-0.3905560959223465,0.17146415314032404,0.9989202245159055,-0.8946157054425687,14.296985309071133,-0.28041590738852584,13.916282614602991,-1.20511340301869,14.467610523312242,-1.2657519090981841
17.305734655723345,23,flow,-0.3799405941667258,0.16269284185800728,1.1239157868564598,-0.859769935011384,14.305634450598319,-0.27895722332602524,13.934769149936312,-1.207643892103433,14.467610523312242,-1.2657519090981841
17.315734655723347,23,flow,-0.3680836160564977,0.15426627791065461,1.2471598684022014,-0.8256674947589491,14.313955391395828,-0.2776273721921577,13.95412731951355,-1.210645999383213,14.467610523312242,-1.2657519090981841
17.325734655723345,23,flow,-0.3550043820417194,0.14617697136186475,1.368307602980488,-0.7923216303321282,14.321953573836886,-0.27641675200048266,13.974359099798408,-1.2140617176553476,14.467610523312242,-1.2657519090981841
17.335734655723346,23,flow,-0.34072567588501346,0.13841724112551385,1.4869909577125404,-0.7597574336348337,14.329634855955781,-0.2753162901821743,13.995463717356817,-1.2178287039611502,14.467610523312242,-1.2657519090981841
17.345734655723344,23,flow,-0.3252740825850851,0.13097909357760606,1.602817570819794,-0.7280123959572352,14.337005611100933,-0.27431741458718706,14.01743710267977,-1.2218805884312707,14.467610523312242,-1.2657519090981841
17.355734655723346,23,flow,-0.3086802349847389,0.12385409668535764,1.7153702038685237,-0.6971367423445725,14.344072834128688,-0.2734120281344149,14.040271319521208,-1.2261473742417173,14.467610523312242,-1.2657519090981841
17.365734655723344,23,flow,-0.29097906208881086,0.11703325211978374,1.8242069764158253,-0.667193490854413,14.350844251447159,-0.27259248697365457,14.063953983293397,-1.2305559382799467,14.467610523312242,-1.2657519090981841
17.375734655723345,23,flow,-0.2722100303941114,0.11050686839538772,1.9288625582377688,-0.6382581781000058,14.35732843166606,-0.27185158197169457,14.08846768512633,-1.2350306405948037,14.467610523312242,-1.2657519090981841
17.385734655723347,23,flow,-0.25241736778977125,0.10426443866297286,2.0288504905538516,-0.6104181939171945,14.363534893049497,-0.271182523290732,14.113789441269638,-1.2394940482222876,14.467610523312242,-1.2657519090981841
17.395734655723345,23,flow,-0.23165025795103772,0.098294527325954,2.1236667891327174,-0.5837716743707253,14.369474203446773,-0.2705789277912848,14.139890190362255,-1.2438677754290288,14.467610523312242,-1.2657519090981841
17.405734655723347,23,flow,-0.2099629917881645,0.09258467010156306,2.2127949453819435,-0.5584259147761429,14.375158067946355,-0.2700348089654112,14.166734363418275,-1.248073437747931,14.467610523312242,-1.2657519090981841
17.415734655723345,23,flow,-0.1874150616208334,0.0871212924407506,2.2957123839686373,-0.5344952837693436,14.380599399225135,-0.2695445690905439,14.194279552825959,-1.2520337114416376,14.467610523312242,-1.2657519090981841
17.425734655723346,23,flow,-0.16407118354075867,0.08188965128374902,2.371898356467588,-0.5120986459181298,14.385812365519035,-0.26910299328999565,14.222476306851203,-1.255673483391366,14.467610523312242,-1.2657519090981841
17.435734655723344,23,flow,-0.14000123410851648,0.07687380489364411,2.4408431519365332,-0.4913563332652015,14.390812411390172,-0.26870524519262495,14.251268074712048,-1.2589210691931618,14.467610523312242,-1.2657519090981841
17.445734655723346,23,flow,-0.11528008927708175,0.0720566149215089,2.5020583925001034,-0.4723867437329372,14.395616247066222,-0.2683468638994886,14.28059132395014,-1.2617094699312132,14.467610523312242,-1.2657519090981841
17.455734655723344,23,flow,-0.0899873563442002,0.06741978388121936,2.555088064006196,-0.45530268350956593,14.400241803111566,-0.2680237619866962,14.310375846404288,-1.2639776313125228,14.467610523312242,-1.2657519090981841
17.465734655723345,23,flow,-0.06420699380111304,0.06294392985317829,2.599519820984488,-0.44020760728139446,14.40470814855407,-0.26773222429743715,14.340545261622898,-1.2656716633119784,14.467610523312242,-1.2657519090981841
17.475734655723347,23,flow,-0.03802681902262313,0.05860869854192575,2.634996016076612,-0.4271919396725748,14.409035372288152,-0.2674689072983413,14.371017717313261,-1.2667459749378476,14.467610523312242,-1.2657519090981841
17.485734655723345,23,flow,-0.011537909540191722,0.05439291088017508,2.6612238516290327,-0.416329678639734,14.41324442950713,-0.26723083879251763,14.401706775959441,-1.267164277852645,14.467610523312242,-1.2657519090981841
17.495734655723346,23,flow,0.01516609027417554,0.050274742343048996,2.67798404765268,-0.40767548277668375,14.417356956944651,-0.2670154177916242,14.4325224658327,-1.2669004148488692,14.467610523312242,-1.2657519090981841
17.505734655723344,23,flow,0.04198973944054687,0.046231928188041935,2.685137473238137,-0.4012624270971506,14.421395062650179,-0.2668204143520262,14.463372464226047,-1.2659389747626206,14.467610523312242,-1.2657519090981841
17.515734655723346,23,flow,0.06883662484112549,0.04224198715902271,2.682629297750786,-0.397100575889627,14.425381097697185,-0.26664396917766564,14.494163371911316,-1.264275664120209,14.467610523312242,-1.2657519090981841
17.525734655723344,23,flow,0.09561021351228334,0.038282454943268006,2.6704903754071476,-0.3951764693907359,14.42933741846919,-0.2664845927880424,14.52480203139963,-1.2619174170800893,14.467610523312242,-1.2657519090981841
17.535734655723346,23,flow,0.12221470447620232,0.034331118026532784,2.6488357666339133,-0.39545355836874435,14.433286148811094,-0.26634116405133157,14.555196838443345,-1.2588822381401517,14.467610523312242,-1.2657519090981841
17.545734655723344,23,flow,0.14855585181797,0.030366238569020532,2.617860499934311,-0.3978735544552173,14.437248951355564,-0.26621292789318907,14.585258996539492,-1.2551987854890654,14.467610523312242,-1.2657519090981841
17.555734655723345,23,flow,0.1745417327287288,0.02636676156965326,2.577832866479529,-0.40235860152451564,14.441246816692045,-0.26609949201850525,14.614903668075376,-1.2509057155811043,14.467610523312242,-1.2657519090981841
17.565734655723347,23,flow,0.20008343797008898,0.022312496803951136,2.5290856947256235,-0.40881412170163345,14.445299877832383,-0.26600082252799584,14.644050982701598,-1.246050820392016,14.467610523312242,-1.2657519090981841
17.575734655723345,23,flow,0.22509566726241342,0.01818426967803291,2.4720061587943194,-0.4171321537242108,14.44942725577597,-0.26591723837421677,14.672626872770254,-1.240689997007533,14.467610523312242,-1.2657519090981841
17.585734655723346,23,flow,0.24949721793560947,0.013964037066771224,2.407024724353339,-0.4271949840274579,14.453646940059057,-0.2658494046795127,14.700563716275905,-1.234886094192701,14.467610523312242,-1.2657519090981841
17.595734655723344,23,flow,0.27321136123315853,0.009634966209791311,2.334603829809762,-0.43887887198267195,14.457975706174878,-0.2657983250260385,14.727800778659951,-1.2287076822650391,14.467610523312242,-1.2657519090981841
17.605734655723346,23,flow,0.29616610640290403,0.005181476651239408,2.2552268464577114,-0.4520576877750706,14.462429069846094,-0.2657653329182945,14.754284455146742,-1.2222277911836517,14.467610523312242,-1.2657519090981841
17.615734655723344,23,flow,0.3182943577190353,0.0005892468874309684,2.169387771386397,-0.4666063103959946,14.46702127645891,-0.2657520827041263,14.779968324225527,-1.215522657787477,14.467610523312242,-1.2657519090981841
17.625734655723345,23,flow,0.3395339735753667,-0.004154811264922789,2.077581996242294,-0.4824036693354483,14.471765322623467,-0.26576054031409135,14.804813029980634,-1.2086705172600003,14.467610523312242,-1.2657519090981841
17.635734655723347,23,flow,0.3598277396349947,-0.009062606595399167,1.9802983777780816,-0.49933535206076973,14.476673005854904,-0.2657929742362749,14.828786015975709,-1.201750466916186,14.467610523312242,-1.2657519090981841
17.645734655723345,23,flow,0.37912326971444216,-0.014144946144928679,1.8780127246507083,-0.5172957362399732,14.48175499777626,-0.26585194718092475,14.8518611363273,-1.1948414230130457,14.467610523312242,-1.2657519090981841
17.655734655723347,23,flow,0.39737284872519363,-0.01941163174857256,1.7711827179083799,-0.5361896379833802,14.487020935996274,-0.2659403089057101,14.874018170656768,-1.1880211840815975,14.467610523312242,-1.2657519090981841
17.665734655723345,23,flow,0.41453323176503076,-0.024871570703840263,1.66024420512272,-0.5559334933945367,14.492479529857057,-0.26606119066899225,14.89524226910647,-1.1813656077195762,14.467610523312242,-1.2657519090981841
17.675734655723346,23,flow,0.43056541255252334,-0.030532896066442237,1.5456087519494175,-0.5764561097905809,14.49813867551169,-0.26621800175772414,14.915523351923204,-1.1749479021664522,14.467610523312242,-1.2657519090981841
17.685734655723344,23,flow,0.4454343730412258,-0.036403092505986744,1.427662299212908,-0.5976990352844168,14.504005576211382,-0.26641442850192987,14.934855485630349,-1.1688380294530947,14.467610523312242,-1.2657519090981841
17.695734655723346,23,flow,0.4591088244286947,-0.04248912417752555,1.3067647558473057,-0.619616601812292,14.510086864192603,-0.26665443614300977,14.953236254876993,-1.1631022135043314,14.467610523312242,-1.2657519090981841
17.705734655723344,23,flow,0.4715609480516978,-0.048797561627031034,1.1832503547077127,-0.6421756982551985,14.516388721102818,-0.26694227387218006,14.97066614595722,-1.1578025442107185,14.467610523312242,-1.2657519090981841
17.715734655723345,23,flow,0.4827661429586917,-0.05533470530764217,1.0574286056600675,-0.6653553282545951,14.522916994447328,-0.2672824833015883,14.987147954958564,-1.1529966670554765,14.467610523312242,-1.2657519090981841
17.725734655723347,23,flow,0.49270278536302653,-0.06210670380860071,0.9295856949455122,-0.6891460028181549,14.529677308049285,-0.26767991057683216,15.002686230681078,-1.1487375472333168,14.467610523312242,-1.2657519090981841
17.735734655723345,23,flow,0.5013520037617024,-0.06911966537080307,0.799986198572842,-0.7135490118519167,14.536675164970823,-0.26813972228781247,15.017286759964136,-1.1450732971713284,14.467610523312242,-1.2657519090981841
17.745734655723346,23,flow,0.5086974722840109,-0.0763797616714729,0.6688749980125896,-0.7385756121460362,14.543916041735468,-0.26866742528642473,15.030956100914187,-1.1420470568070997,14.467610523312242,-1.2657519090981841
17.755734655723344,23,flow,0.5147252238202359,-0.08389332320228089,0.5364793069685911,-0.7642461626827232,14.551405473016967,-0.269268890475196,15.043701167752905,-1.139696916761379,14.467610523312242,-1.2657519090981841
17.765734655723346,23,flow,0.5194234836661062,-0.0916669258420194,0.4030107372739072,-0.7905892318405452,14.559149126219383,-0.26995038059071663,15.055528869584592,-1.138055875548956,14.467610523312242,-1.2657519090981841
17.775734655723344,23,flow,0.5227825237874942,-0.09970746844172579,0.2686673492552225,-0.8176406953959154,14.567152865572655,-0.2707185819692328,15.066445804280365,-1.1371518231116877,14.467610523312242,-1.2657519090981841
17.785734655723346,23,flow,0.5247945373400651,-0.10802224140390669,0.13363564685551313,-0.8454428393045812,14.575422805513657,-0.2715806402483333,15.076458007850626,-1.1370075441629006,14.467610523312242,-1.2657519090981841
17.795734655723344,23,flow,0.5254535327459308,-0.11661898635608633,-0.0019075097146259018,-0.8740434771279862,14.583965353223126,-0.27254419992733336,15.085570759079094,-1.137640736052678,14.467610523312242,-1.2657519090981841
17.805734655723345,23,flow,0.524755246409391,-0.12550594710024537,-0.13779309094629405,-0.903495088635336,14.592787240251385,-0.2736174476785952,15.093788438773133,-1.1390640370645446,14.467610523312242,-1.2657519090981841
17.815734655723347,23,flow,0.5226970730235082,-0.1346919120714303,-0.2738581939206687,-0.9338539835087767,14.601895543198339,-0.27480915927143934,15.101114442700863,-1.1412850622136324,14.467610523312242,-1.2657519090981841
17.825734655723345,23,flow,0.5192780123567239,-0.14418624856782816,-0.40994445055081324,-0.9651794921302663,14.61129769342277,-0.2761287499382805,15.10755114709322,-1.1443064447221016,14.467610523312242,-1.2657519090981841
17.835734655723346,23,flow,0.5144986313969903,-0.1539989290270831,-0.5458965475076935,-0.9975331840580973,14.62100147574875,-0.2775863279779849,15.113099925452392,-1.148125882391954,14.467610523312242,-1.2657519090981841
17.845734655723344,23,flow,0.5083610407511352,-0.16414054962494265,-0.6815608545260747,-1.0309781139199163,14.631015016118731,-0.27919275135311816,15.117761215291678,-1.1527361890771333,14.467610523312242,-1.2657519090981841
17.855734655723346,23,flow,0.5008688842384506,-0.1746223414669586,-0.8167841564241491,-1.0655780939898722,14.641346758118377,-0.28095968699476637,15.121534633309103,-1.1581253523737847,14.467610523312242,-1.2657519090981841
17.865734655723344,23,flow,0.49202734066644044,-0.18545617463583303,-0.9514124838394168,-1.101396992607105,14.652005428271707,-0.28289967248019166,15.124419137341313,-1.164276599500123,14.467610523312242,-1.2657519090981841
17.875734655723345,23,flow,0.4818431368246982,-0.19665455534925705,-1.0852900382017865,-1.1384980577738708,14.662999989980538,-0.2850261796941477,15.126413233234759,-1.171168474123549,14.467610523312242,-1.2657519090981841
17.885734655723347,23,flow,0.47032457077220435,-0.2082306164783915,-1.2182582076571598,-1.1769432656913537,14.674339585962663,-0.2873536800239086,15.127515224489501,-1.178774927608793,14.467610523312242,-1.2657519090981841
17.895734655723345,23,flow,0.4574815445180325,-0.22019810167763837,-1.3501546723636475,-1.216792694603127,14.686033469031631,-0.2898977105709323,15.12772350216227,-1.1870654288003915,14.467610523312242,-1.2657519090981841
17.905734655723347,23,flow,0.4433256052010832,-0.23257134338374916,-1.4808125996599655,-1.2581039250772772,14.698090921060032,-0.2926749407888831,15.127036872048274,-1.196005097005752,14.467610523312242,-1.2657519090981841
17.915734655723345,23,flow,0.42786999385809493,-0.24536523495789547,-1.6100599319065987,-1.3009314687264193,14.710521159979884,-0.29570323887914784,15.125454915587829,-1.2055548632977038,14.467610523312242,-1.2657519090981841
17.925734655723346,23,flow,0.4111297008292874,-0.25859519726894653,-1.7377187721773284,-1.345326228296842,14.723333234699949,-0.2990017371920606,15.122978380260726,-1.215671665590339,14.467610523312242,-1.2657519090981841
17.935734655723344,23,flow,0.3931215267875987,-0.2722771400502606,-1.8636048752756642,-1.3913349930067869,14.736535907861924,-0.3025908957962513,15.119609594439813,-1.2263086831380485,14.467610523312242,-1.2657519090981841
17.945734655723346,23,flow,0.3738641482922112,-0.286427418405713,-1.9875272535988373,-1.4389999739264985,14.750137526416236,-0.30649256329170405,15.115352900783195,-1.2374156161408645,14.467610523312242,-1.2657519090981841
17.955734655723344,23,flow,0.3533781866633109,-0.30106278489280464,-2.1092879089875094,-1.4883583850092845,14.76414588007388,-0.31073003385644493,15.110215101266004,-1.2489390159832827,14.467610523312242,-1.2657519090981841
17.965734655723345,23,flow,0.33168627885812096,-0.31620033767021105,-2.228681702682388,-1.539442076035459,14.778568047782706,-0.3153280994347263,15.104205905910346,-1.2608226712615784,14.467610523312242,-1.2657519090981841
17.975734655723347,23,flow,0.3088131489055467,-0.33185746526205573,-2.3454963756470333,-1.5922772241444774,14.79341023248341,-0.32031309589873513,15.097338376197365,-1.2730080541401385,14.467610523312242,-1.2657519090981841
17.985734655723345,23,flow,0.2847856783378358,-0.3480517885587082,-2.4595127305891915,-1.6468840907235651,14.808677584519705,-0.32571294194878764,15.089629353078749,-1.2854348306975778,14.467610523312242,-1.2657519090981841
17.995734655723346,23,flow,0.2596329739542204,-0.3648011007404075,-2.5705049848038737,-1.7032768501098783,14.824374014205295,-0.3315571694609911,15.08109985849764,-1.2980414377615066,14.467610523312242,-1.2657519090981841
18.005734655723344,23,flow,0.2333864311774282,-0.3821233058710312,-2.6782412992693385,-1.761463495765871,14.840501994182747,-0.3378769439482284,15.071775458439983,-1.3107657272788085,14.467610523312242,-1.2657519090981841
18.011483628407763,23,pre_impact,0.21781519442173305,-0.39234811962116617,-2.7386126767379464,-1.7957278892399604,14.849969685435449,-0.34173812611632837,15.066066643175708,-1.318110035203949,14.467610523312242,-1.2657519090981841
18.011483628407763,24,post_impact,-0.39234811962116617,0.21781519442173305,-0.10800676394252413,-1.161444888791925,14.849969685435449,-0.3417381261163285,14.467610523312242,-1.2657519090981841,15.066066643175708,-1.318110035203949
18.021483628407765,24,flow,-0.3928167565028186,0.20639022125224635,0.014280438864605907,-1.1237284194462789,14.86113856904008,-0.3393330001080789,14.478346421981822,-1.2631674940248898,15.066066643175708,-1.318110035203949
18.031483628407763,24,flow,-0.3920628630311312,0.195337120040326,0.13646181656726186,-1.0870638727094455,14.871969388400405,-0.33712774398320955,14.489873822851038,-1.2612505598402306,15.066066643175708,-1.318110035203949
18.041483628407764,24,flow,-0.390088631428353,0.18464556366033943,0.25830959332308895,-1.0514135184248248,14.882468509521317,-0.33510864897978665,14.502198119880482,-1.2599840085620428,15.066066643175708,-1.318110035203949
18.051483628407762,24,flow,-0.3868985638859375,0.17430558027550244,0.3795892740143668,-1.0167441604524345,14.892642361038108,-0.3332628296105846,14.515324316173544,-1.2593465693553132,15.066066643175708,-1.318110035203949
18.061483628407764,24,flow,-0.38249954810073133,0.16430750405778582,0.5000579734568883,-0.9830279239149319,14.902497442222685,-0.33157817231274456,14.529256892007572,-1.2593127742734125,15.066066643175708,-1.318110035203949
18.071483628407762,24,flow,-0.3769009495344162,0.15464191807449906,0.6194627475844744,-0.9502430328252718,14.912040342845874,-0.3300432870504125,14.54399962857718,-1.259852962543516,15.066066643175708,-1.318110035203949
18.081483628407764,24,flow,-0.37011472021042835,0.14529958949647367,0.7375389613590225,-0.9183745658343345,14.921277774377895,-0.32864746215115803,14.559555388003453,-1.2609333170237815,15.066066643175708,-1.318110035203949
18.09148362840776,24,flow,-0.36215552346586133,0.13627139742144287,0.8540087382408044,-0.8874151745599687,14.930216611889705,-0.3273806225994821,14.57592585099404,-1.2625159372700225,15.066066643175708,-1.318110035203949
18.101483628407763,24,flow,-0.353040873572231,0.12754825377957307,0.9685795472695944,-0.8573657453103396,14.938863945864789,-0.32623329195566286,14.593111214526402,-1.2645589543842493,15.066066643175708,-1.318110035203949
18.111483628407765,24,flow,-0.34279128851903357,0.11912101799929979,1.0809429957796488,-0.828235981122985,14.947227142940855,-0.3251965580147578,14.611109853089761,-1.267016693424463,15.066066643175708,-1.318110035203949
18.121483628407763,24,flow,-0.3314304535129575,0.11098040636213764,1.1907739079019963,-0.8000448771097228,14.955313914371784,-0.3242620422681658,14.62991794837264,-1.2698398895718572,15.066066643175708,-1.318110035203949
18.131483628407764,24,flow,-0.31898539188596065,0.1031168972639785,1.2977297804227184,-0.7728210584205106,14.963132390732916,-0.3234218731782599,14.649529093820933,-1.2729759644052598,15.066066643175708,-1.318110035203949
18.141483628407762,24,flow,-0.30548663913997814,0.09552063392313484,1.401450717087029,-0.7466029471108604,14.9706912010916,-0.3226686632250356,14.669933882197354,-1.2763693684421096,15.066066643175708,-1.318110035203949
18.151483628407764,24,flow,-0.2909684148109227,0.08818132642314754,1.5015599485770235,-0.721438722312734,14.977999554538428,-0.32199548963253055,14.691119486104,-1.2799619954849315,15.066066643175708,-1.318110035203949
18.161483628407762,24,flow,-0.27546878575230893,0.08108815533686976,1.5976650463860405,-0.6973860379500857,14.98506732163685,-0.32139587863234453,14.71306924331454,-1.283693673178799,15.066066643175708,-1.318110035203949
18.171483628407763,24,flow,-0.25902981338027986,0.07422967952715435,1.689359932734544,-0.6745114644418255,14.991905113020284,-0.32086379307264556,14.73576226059734,-1.2875027324665838,15.066066643175708,-1.318110035203949
18.181483628407765,24,flow,-0.241697676467483,0.06759375103183357,1.776227773599667,-0.6528896260238305,14.99852435207251,-0.32039362313460207,14.75917305135753,-1.2913266562764598,15.066066643175708,-1.318110035203949
18.191483628407763,24,flow,-0.2235227603216774,0.06116744018393266,1.8578448162137262,-0.6326020140294716,15.004937338401994,-0.31998017987555416,14.78327122371511,-1.2951028047795305,15.066066643175708,-1.318110035203949
18.201483628407765,24,flow,-0.20455970274845023,0.05493697425517072,1.9337851949926186,-0.6137354690186627,15.011157298700198,-0.3196186912808934,14.80802123637401,-1.2987692109573172,15.066066643175708,-1.318110035203949
18.211483628407763,24,flow,-0.1848673871938715,0.04888769290307114,2.0036266807584653,-0.5963803410262809,15.017198421596438,-0.3193048004761371,14.833382239619914,-1.3022654361292505,15.066066643175708,-1.318110035203949
18.221483628407764,24,flow,-0.16450887400380085,0.043004023513065606,2.0669572886940153,-0.5806283569384278,15.023075873323805,-0.31903456572852407,14.859308017820506,-1.3055334706969235,15.066066643175708,-1.318110035203949
18.231483628407762,24,flow,-0.1435512619113454,0.037269479127918816,2.123382593774691,-0.5665702460705607,15.028805791420433,-0.3188044618549001,14.885747047736599,-1.3085186609323929,15.066066643175708,-1.318110035203949
18.241483628407764,24,flow,-0.12206547372244805,0.03166668103194212,2.172533533333294,-0.5542931977998444,15.034405254323888,-0.3186113826505932,14.912642683701169,-1.3111706385115958,15.066066643175708,-1.318110035203949
18.25148362840776,24,flow,-0.10012596270452283,0.026177407209983232,2.214074411402799,-0.5438782464582443,15.039892225570345,-0.3184526439628198,14.939933476300187,-1.3134442260600483,15.066066643175708,-1.318110035203949
18.261483628407763,24,flow,-0.0778103393164543,0.0207826668575308,2.2477107661058797,-0.5353976961450463,15.045285472358152,-0.31832598705182347,14.967553625730371,-1.315300289639325,15.066066643175708,-1.318110035203949
18.271483628407765,24,flow,-0.05519892149489309,0.015462799930196683,2.273196727333939,-0.5289127091461125,15.050604459426035,-0.31822958191281114,14.995433564785928,-1.3167065082283922,15.066066643175708,-1.318110035203949
18.281483628407763,24,flow,-0.03237421550318734,0.010197599463936394,2.2903414839920724,-0.5244711840704875,15.055869220454007,-0.31816203027077505,15.02350065983547,-1.3176380311249647,15.066066643175708,-1.318110035203949
18.291483628407764,24,flow,-0.009420338069955087,0.004966453165782368,2.2990145026201123,-0.5221060421992776,15.061100210426705,-0.31812236800712324,15.05168001168728,-1.3180779969505827,15.066066643175708,-1.318110035203949
18.301483628407762,24,flow,0.013577606117204363,-0.00025150032936140944,2.299149193313007,-0.5218340225546804,15.066318143502418,-0.31811006683015663,15.079895332448379,-1.3180178925522708,15.066066643175708,-1.318110035203949
18.311483628407764,24,flow,0.036534174848627116,-0.005477206014198949,2.2907448017077527,-0.5236550587866448,15.071543821804113,-0.31812503505931056,15.108069869888242,-1.3174577363211855,15.066066643175708,-1.318110035203949
18.321483628407762,24,flow,0.05936424835570991,-0.010731523916995967,2.2738664103845676,-0.527552276444008,15.076797961110147,-0.3181676174541118,15.136127347879615,-1.3164060778760487,15.066066643175708,-1.318110035203949
18.331483628407764,24,flow,0.08198367977216835,-0.016035063604387983,2.248643049600829,-0.5334926107334861,15.082101019624279,-0.31823859408168875,15.163992890446783,-1.3148798141268916,15.066066643175708,-1.318110035203949
18.34148362840776,24,flow,0.1043099176954008,-0.021408027817562188,2.2152640336812084,-0.5414280064583811,15.087473035801175,-0.3183391782798415,15.19159389800962,-1.3129038297997764,15.066066643175708,-1.318110035203949
18.351483628407763,24,flow,0.12626258412153946,-0.02687007072794951,2.1739737440594844,-0.5512971272524646,15.092933480652063,-0.3184710138347254,15.218860847351381,-1.3105104779268428,15.066066643175708,-1.318110035203949
18.361483628407765,24,flow,0.1477639936820449,-0.03244017542320574,2.1250651628564414,-0.5630274737772466,15.098501129080859,-0.3186361715516429,15.245727991444923,-1.307738922027261,15.066066643175708,-1.318110035203949
18.371483628407763,24,flow,0.16873960344649291,-0.03813655413149996,2.068872514997893,-0.5765377925333147,15.104193953699292,-0.31883714545248665,15.27213394107031,-1.3046343663056512,15.066066643175708,-1.318110035203949
18.381483628407764,24,flow,0.18911838627395164,-0.043976573462386225,2.005763399469271,-0.5917406492703564,15.11002904334016,-0.3190768488824032,15.298022116621494,-1.3012472029443853,15.066066643175708,-1.318110035203949
18.391483628407762,24,flow,0.2088331244860367,-0.0499767056861972,1.9361307823821703,-0.6085450433572485,15.116022547230852,-0.3193586108495037,15.323341065090322,-1.2976321064286043,15.066066643175708,-1.318110035203949
18.401483628407764,24,flow,0.22782062421077126,-0.056152505886082255,1.8603851905494069,-0.6268589504572214,15.122189644599327,-0.3196861729534495,15.348044643436452,-1.2938471039603763,15.066066643175708,-1.318110035203949
18.411483628407762,24,flow,0.2460218538796445,-0.06251861377299531,1.7789473909318927,-0.6465916982654091,15.128544538437069,-0.32006368728031154,15.37209207500556,-1.2899526486730166,15.066066643175708,-1.318110035203949
18.421483628407763,24,flow,0.263382012895485,-0.06908877810592569,1.6922417763483977,-0.6676561013876684,15.135100471289489,-0.32049571565156965,15.39544789007549,-1.286010718917426,15.066066643175708,-1.318110035203949
18.431483628407765,24,flow,0.27985053834785856,-0.07587590103399126,1.6006906087777788,-0.6899703041937346,15.141869760310502,-0.32098723061433954,15.418081764854817,-1.2820839627623641,15.066066643175708,-1.318110035203949
18.441483628407763,24,flow,0.29538105882835025,-0.08289209927694242,1.5047092049120365,-0.713459302527941,15.148863848407592,-0.3215436185483458,15.439968275317167,-1.2782349024187738,15.066066643175708,-1.318110035203949
18.451483628407765,24,flow,0.309931304939996,-0.09014877887056143,1.4047020892029507,-0.7380561348912218,15.156093368101184,-0.3221706852437255,15.461086583213163,-1.2745252089037211,15.066066643175708,-1.318110035203949
18.461483628407763,24,flow,0.3234629860926757,-0.09765672019455308,1.3010600905512588,-0.7637027500890551,15.16356821469893,-0.32287466427378464,15.481420071614302,-1.2710150531695694,15.066066643175708,-1.318110035203949
18.471483628407764,24,flow,0.33594164274085214,-0.10542617013650439,1.1941583213883564,-0.7903505708964385,15.171297625505389,-0.3236622284499041,15.500955946601993,-1.2677625363260159,15.066066643175708,-1.318110035203949
18.481483628407762,24,flow,0.3473364824694832,-0.1134669384876983,1.0843549521732716,-0.8179607820089729,15.179290262012312,-0.3245405046035268,15.519684820424146,-1.264823198586359,15.066066643175708,-1.318110035203949
18.491483628407764,24,flow,0.35762020738048184,-0.12178849597799729,0.9719906792402921,-0.8465043757508619,15.18755429230741,-0.3255170918941286,15.537600289794428,-1.2622496042173206,15.066066643175708,-1.318110035203949
18.50148362840776,24,flow,0.3667688391742635,-0.130400071705035,0.8573887778374365,-0.8759619912264439,15.196097471267837,-0.32660008379363903,15.554698521175576,-1.2600909980531556,15.066066643175708,-1.318110035203949
18.511483628407763,24,flow,0.37476154723912875,-0.13931074807079566,0.7408556331725662,-0.906323582457546,15.204927216442016,-0.3277980938480185,15.570977853005633,-1.258393028001096,15.066066643175708,-1.318110035203949
18.521483628407765,24,flow,0.3815804840164809,-0.14852955168591658,0.622681648403324,-0.9375879491780423,15.214050677849796,-0.3291202852663786,15.58643842299839,-1.2571975273443998,15.066066643175708,-1.318110035203949
18.531483628407763,24,flow,0.3872106309445987,-0.15806553902441486,0.5031424380100182,-0.9697621609410411,15.223474800231958,-0.3305764043375593,15.60108182694785,-1.256542350458033,15.066066643175708,-1.318110035203949
18.541483628407764,24,flow,0.39163965742402546,-0.1679278759001249,0.3825002263883329,-1.0028609015280465,15.23320637654734,-0.3321768176235391,15.614910813933829,-1.2564612557049473,15.066066643175708,-1.318110035203949
18.551483628407762,24,flow,0.394857794506386,-0.17812591008649414,0.2610053836124732,-1.0369057567274869,15.243252091744814,-0.3339325528282525,15.62792902148059,-1.2569838296970177,15.066066643175708,-1.318110035203949
18.561483628407764,24,flow,0.3968577243881484,-0.18866923661250873,0.13889804227551045,-1.0719244646661954,15.253618556027437,-0.3358553431888599,15.640140753063957,-1.2581354477113749,15.066066643175708,-1.318110035203949
18.571483628407762,24,flow,0.3976344862867282,-0.19956775544088165,0.016409750512731837,-1.1079501442352577,15.264312326978887,-0.3379576751836255,15.651550799382552,-1.2599372657877104,15.066066643175708,-1.318110035203949
18.581483628407764,24,flow,0.39718539887879634,-0.21083172137332304,-0.10623487361504079,-1.1450205138787175,15.275339920041416,-0.34025283929552375,15.662164303985458,-1.2624062408433967,15.066066643175708,-1.318110035203949
18.59148362840776,24,flow,0.39550999917729873,-0.22247178613595117,-0.22881651244277368,-1.1831771101742612,15.286707806924282,-0.3427549835126814,15.671986673156454,-1.2655551759892827,15.066066643175708,-1.318110035203949
18.601483628407763,24,flow,0.39260999750118636,-0.23449903267956684,-0.35111956241806924,-1.222464513261081,15.298422401586745,-0.34547916918476285,15.681023529366682,-1.2693927890765364,15.066066643175708,-1.318110035203949
18.611483628407765,24,flow,0.38848924803620727,-0.24692500179060206,-0.47293060383580926,-1.262929584228793,15.310490033486506,-0.3484414287878317,15.689280707097168,-1.273923803328579,15.066066643175708,-1.318110035203949
18.621483628407763,24,flow,0.38315373438399125,-0.2597617111512465,-0.5940369343984344,-1.3046207180728084,15.322916907815985,-0.35165882507784074,15.696764289372966,-1.2791490596911166,15.066066643175708,-1.318110035203949
18.631483628407764,24,flow,0.3766115694382095,-0.27302166701759345,-0.7142251706608963,-1.3475871146730254,15.335709052472016,-0.35514951103440506,15.703480682921096,-1.2850656512518037,15.066066643175708,-1.318110035203949
18.641483628407762,24,flow,0.36887300890073726,-0.28671786870476434,-0.833279918597243,-1.3918780694289894,15.348872251522458,-0.3589327899110758,15.709436729444274,-1.2916670807254367,15.066066643175708,-1.318110035203949
18.651483628407764,24,flow,0.3599504777493209,-0.3008638060813224,-0.9509825124545561,-1.4375422846273807,15.362411964950626,-0.3630291746156321,15.714639850076654,-1.2989434425588262,15.066066643175708,-1.318110035203949
18.661483628407762,24,flow,0.34985860898446275,-0.31547345028416696,-1.067109819567822,-1.4846272022730735,15.376333234478793,-0.3674604455437188,15.719098219645343,-1.306881631670461,15.066066643175708,-1.318110035203949
18.671483628407763,24,flow,0.33861429401216553,-0.33056123787138053,-1.181433107731905,-1.5331783589312353,15.390640575298997,-0.372249705881471,15.722820966895059,-1.315465581192678,15.066066643175708,-1.318110035203949
18.681483628407765,24,flow,0.326236744057469,-0.34614204863554,-1.2937169709068201,-1.5832387630550446,15.405337853575732,-0.37742143327783784,15.725818396341325,-1.3246765318171234,15.066066643175708,-1.318110035203949
18.691483628407763,24,flow,0.31274756204952986,-0.36223117730466803,-1.403718308323134,-1.6348482952646188,15.420428149633771,-0.3830015266656235,15.728102226902244,-1.3344933354464419,15.066066643175708,-1.318110035203949
18.701483628407765,24,flow,0.29817082447192317,-0.3788442993627139,-1.5111853513208424,-1.6880431320538432,15.43591360680763,-0.3890173468825695,15.72968584192856,-1.3448927958151446,15.066066643175708,-1.318110035203949
18.711483628407763,24,flow,0.28253317273273193,-0.39599743122620673,-1.61585673137716,-1.7428551933928091,15.451795266009416,-0.3954977496111274,15.730584544719136,-1.3558500485496543,15.066066643175708,-1.318110035203949
18.721483628407764,24,flow,0.26586391367982193,-0.41370688501813824,-1.7174605816535258,-1.7993116146288661,15.468072886170706,-0.4024731090192051,15.730815813092752,-1.3673389827822047,15.066066643175708,-1.318110035203949
18.72894870214147,24,pre_impact,0.25276673239284736,-0.4272996575922803,-1.7911403274315651,-1.8425419439250876,15.480481409948329,-0.4080219070093253,15.730565140251448,-1.3762461206280907,15.066066643175708,-1.318110035203949
18.72894870214147,25,post_impact,-0.4272996575922803,0.25276673239284736,0.00041342470019145594,-1.1846013771796402,15.480481409948329,-0.4080219070093254,15.066066643175708,-1.318110035203949,15.730565140251448,-1.3762461206280907
18.73894870214147,25,flow,-0.42665124400344634,0.24112814942732147,0.12934692444749843,-1.1432765846983057,15.491766850941255,-0.40517692792217175,15.077942284754947,-1.3155335769453522,15.730565140251448,-1.3762461206280907
18.74894870214147,25,flow,-0.4247115506418801,0.22989805888797726,0.25863081585088843,-1.1028944562169456,15.502686874535703,-0.4025564903996566,15.090628898479547,-1.3137141191162822,15.730565140251448,-1.3762461206280907
18.75894870214147,25,flow,-0.42147823887733576,0.2190672806904851,0.3880311327903509,-1.0634063643746037,15.513245850359791,-0.40014554884207554,15.104136079738755,-1.3126307243832476,15.730565140251448,-1.3762461206280907
18.76894870214147,25,flow,-0.41695134057376065,0.20862709889105086,0.5173073828102285,-1.024768271161338,15.523448176169515,-0.39792993289046397,15.118473310930202,-1.3122577507569013,15.730565140251448,-1.3762461206280907
18.77894870214147,25,flow,-0.41113333428666393,0.19856921087672233,0.646210346766104,-0.9869417143214501,15.533298280931279,-0.3958962921413631,15.133649804692025,-1.3125647684399886,15.730565140251448,-1.3762461206280907
18.788948702141468,25,flow,-0.40402924383337385,0.1888856666105281,0.774479808677529,-0.9498948084792708,15.54280064241298,-0.39403204347817133,15.149674291877105,-1.3135165036591707,15.730565140251448,-1.3762461206280907
18.79894870214147,25,flow,-0.3956467597926086,0.179568797835665,0.9018422460882062,-0.9136032500416825,15.551959818986134,-0.3923253213684583,15.16655475363525,-1.3150728142406312,15.730565140251448,-1.3762461206280907
18.808948702141468,25,flow,-0.38599638412279974,0.17061113727349925,1.0280085244346246,-0.8780513105761047,15.560780495228547,-0.3907649314040409,15.184298097814525,-1.317188702924067,15.730565140251448,-1.3762461206280907
18.81894870214147,25,flow,-0.3750915975774423,0.16200532802836173,1.1526716545541595,-0.8432327981878904,15.569267540758608,-0.38934030729135327,15.202909780965255,-1.319814375623833,15.730565140251448,-1.3762461206280907
18.82894870214147,25,flow,-0.36294904891671165,0.1537440236459661,1.2755046903576617,-0.8091519604871941,15.577426081519699,-0.3880414714330196,15.222393378575095,-1.322895352978071,15.730565140251448,-1.3762461206280907
18.83894870214147,25,flow,-0.34958876404706707,0.14581977956864045,1.3961588633884219,-0.7758242962023666,15.585261582459333,-0.3868589991771626,15.242750107820303,-1.3263726444961632,15.730565140251448,-1.3762461206280907
18.84894870214147,25,flow,-0.33503437215043996,0.13822493709409656,1.5142620716309454,-0.743277235658536,15.59277994020742,-0.38578398674874503,15.263978309114494,-1.330182995320139,15.730565140251448,-1.3762461206280907
18.85894870214147,25,flow,-0.31931334458877264,0.13095150137605618,1.6294178601600817,-0.7115506436577996,15.599987583950249,-0.3848080228174372,15.286072895077647,-1.3342592159337643,15.730565140251448,-1.3762461206280907
18.86894870214147,25,flow,-0.3024572409014965,0.1239910155000417,1.7412050490865532,-0.6806970924285802,15.60689158222602,-0.38392316359982015,15.309024778211189,-1.3385306049420664,15.730565140251448,-1.3762461206280907
18.878948702141468,25,flow,-0.2845019545889915,0.11733443321372664,1.8491781771811018,-0.6507818481214792,15.613499752845609,-0.38312191134129614,15.332820291483227,-1.3429234741496314,15.730565140251448,-1.3762461206280907
18.88894870214147,25,flow,-0.2654879496589475,0.1109719934664988,1.9528689343776855,-0.62188251287555,15.61982077259089,-0.38239719597632904,15.35744061908302,-1.3473617834328775,15.730565140251448,-1.3762461206280907
18.89894870214147,25,flow,-0.24546047720366077,0.10489310048405459,2.0517887494707265,-0.5940882669564714,15.625864282794774,-0.38174235972628434,15.38286125761515,-1.3517678901911019,15.730565140251448,-1.3762461206280907
18.90894870214147,25,flow,-0.2244697597102498,0.09908621362546594,2.145432677040215,-0.5674986630952349,15.631640986407646,-0.3811511443638711,15.409051530725167,-1.356063414375372,15.730565140251448,-1.3762461206280907
18.91894870214147,25,flow,-0.2025711295534769,0.0935387516851965,2.2332846866954807,-0.5422219390012838,15.637162731760363,-0.3806176808534605,15.435974182271025,-1.3601702152049246,15.730565140251448,-1.3762461206280907
18.92894870214147,25,flow,-0.17982510738087357,0.08823701654494867,2.314824395992398,-0.5183728347720225,15.64244257801039,-0.3801364810682323,15.463585074321959,-1.3640114697605674,15.730565140251448,-1.3762461206280907
18.93894870214147,25,flow,-0.15629740608292592,0.08316614108017659,2.3895352056872765,-0.49606992959810214,15.64749483727411,-0.3797024312881536,15.491833016103655,-1.3675128368973968,15.730565140251448,-1.3762461206280907
18.948948702141468,25,flow,-0.13205884694620004,0.07831006591793525,2.4569136949806976,-0.4754325458702611,15.652335088770265,-0.3793107871960514,15.520659748165771,-1.3706036827000445,15.730565140251448,-1.3762461206280907
18.95894870214147,25,flow,-0.10718517657035607,0.07365154897531975,2.5164800211409455,-0.4565773064993196,15.656980160977874,-0.3789571701100838,15.550000102257776,-1.3732183365227346,15.730565140251448,-1.3762461206280907
18.968948702141468,25,flow,-0.08175677626809115,0.06917221065618955,2.5677889520537356,-0.43961446975471064,15.661448078871175,-0.3786375642162306,15.579782351539976,-1.3752973401575828,15.730565140251448,-1.3762461206280907
18.97894870214147,25,flow,-0.055858259924220756,0.06485261616070934,2.6104410546061563,-0.42464420098504385,15.665757974722137,-0.3783483145897888,15.609928757913556,-1.3767886475844753,15.730565140251448,-1.3762461206280907
18.98894870214147,25,flow,-0.029577961492180338,0.06067239462558648,2.644093480946255,-0.41175296740910167,15.669929962699568,-0.37808612581601053,15.64035631376063,-1.3776487298025923,15.730565140251448,-1.3762461206280907
18.99894870214147,25,flow,-0.0030073191323809166,0.056610392869034985,2.668469752811315,-0.40101025607691043,15.673984979437199,-0.3778480610335052,15.670977664837832,-1.3778435390527313,15.730565140251448,-1.3762461206280907
19.00894870214147,25,flow,0.023759830997480746,0.05264485951096264,2.6833679525590366,-0.3924658124005706,15.677944594744307,-0.3776315412279444,15.701702190283696,-1.3773492897220816,15.730565140251448,-1.3762461206280907
19.01894870214147,25,flow,0.05062803266708156,0.04875365335962824,2.688666794166883,-0.38614757540666017,15.681830798508427,-0.3774343445987558,15.732437205671138,-1.3761530194787652,15.730565140251448,-1.3762461206280907
19.02894870214147,25,flow,0.07750103583836399,0.04491446836762098,2.6843291662018687,-0.38206044674952744,15.685665771424445,-0.3772546058098032,15.763089246719536,-1.3742529034378534,15.730565140251448,-1.3762461206280907
19.038948702141468,25,flow,0.10428264462563942,0.04110506635906106,2.670402902403335,-0.38018597654046277,15.689471648282623,-0.3770908149234129,15.793565385621227,-1.3716583057689975,15.730565140251448,-1.3762461206280907
19.04894870214147,25,flow,0.1308775587971612,0.037303508203562936,2.6470187263453067,-0.3804829860013799,15.693270283072806,-0.37694181580997144,15.82377452952734,-1.3683895661515284,15.730565140251448,-1.3762461206280907
19.058948702141468,25,flow,0.1571921811098948,0.03348837424148974,2.6143855135721985,-0.3828890817311125,15.697083025033576,-0.376806803830649,15.853628651855246,-1.3644775317167246,15.730565140251448,-1.3762461206280907
19.06894870214147,25,flow,0.18313536513475875,0.02963896552412742,2.5727831948617044,-0.38732295645673703,15.70093051401855,-0.3766853226132644,15.88304391162706,-1.3599628573975615,15.730565140251448,-1.3762461206280907
19.07894870214147,25,flow,0.20861908222070322,0.02573547873645553,2.522553768087498,-0.39368732304631876,15.704832502252609,-0.3765772597838506,15.911941623489513,-1.354895107878465,15.730565140251448,-1.3762461206280907
19.08894870214147,25,flow,0.2335589914343407,0.021759149375733734,2.464090979865745,-0.4018722968264136,15.708807707851655,-0.37648284157881073,15.940249050603137,-1.3493317018163045,15.730565140251448,-1.3762461206280907
19.09894870214147,25,flow,0.2578749021592478,0.01769235969092637,2.39782927584778,-0.411759027905455,15.712873703555276,-0.3764026263412972,15.967900003244402,-1.3433367432628547,15.730565140251448,-1.3762461206280907
19.10894870214147,25,flow,0.2814911249884977,0.013518709862638235,2.3242326022483115,-0.42322338966479733,15.717046842154847,-0.37633749699462515,15.99483523673536,-1.3369797862138646,15.730565140251448,-1.3762461206280907
19.11894870214147,25,flow,0.30433671209504465,0.009223052755077893,2.2437835796840147,-0.43613954907274005,15.721342218255186,-0.3762886526776529,16.021002652306905,-1.3303345762389531,15.730565140251448,-1.3762461206280907
19.128948702141468,25,flow,0.32634559302738475,0.00479149417045284,2.1569734766456303,-0.45038327480055795,15.725773664415161,-0.3762575998143214,16.04635731302373,-1.3234778087651318,15.730565140251448,-1.3762461206280907
19.13894870214147,25,flow,0.34745661560296354,0.00021136179755731161,2.0642932985629376,-0.4658348755040795,15.730353778455465,-0.37624614296499537,16.07086129351713,-1.3164879374979384,15.730565140251448,-1.3762461206280907
19.14894870214147,25,flow,0.36761350415366295,-0.004528853067260553,1.9662261932862493,-0.4823816985304404,15.73509397783721,-0.3762563758656148,16.094483386811497,-1.3094440594090226,15.730565140251448,-1.3762461206280907
19.15894870214147,25,flow,0.3867647488378632,-0.009439576432580088,1.8632412662208961,-0.4999201549622901,15.740004576498128,-0.37629067309887965,16.117198694044692,-1.3024248953843265,15.730565140251448,-1.3762461206280907
19.16894870214147,25,flow,0.40486344019002235,-0.014530250381444218,1.755788806207534,-0.5183572676681217,15.745094879347413,-0.37635168285888143,16.13898812359593,-1.2955078785815548,15.730565140251448,-1.3762461206280907
19.17894870214147,25,flow,0.4218670627103905,-0.019809445015741497,1.6442968508704197,-0.5376117633954886,15.750373289708314,-0.376442321267889,16.15983782537855,-1.2887683562073498,15.730565140251448,-1.3762461206280907
19.18894870214147,25,flow,0.4377372603103951,-0.02528497919685898,1.5291689687507508,-0.5576147474636287,15.755847425292744,-0.37656576868398517,16.179738584205467,-1.2822789050553356,15.730565140251448,-1.3762461206280907
19.198948702141468,25,flow,0.4524395850287281,-0.030964046149757833,1.4107831039076746,-0.578310010618264,15.761524238727526,-0.37672546840446186,16.19868519356545,-1.276108756866726,15.730565140251448,-1.3762461206280907
19.20894870214147,25,flow,0.4659432388041845,-0.03685334052426809,1.2894913140683864,-0.5996540229610918,15.767410139166556,-0.37692512812620904,16.21667582819113,-1.2703233263923999,15.730565140251448,-1.3762461206280907
19.218948702141468,25,flow,0.4782208163870277,-0.04295918406389493,1.1656202323382616,-0.6216156706851498,15.773511112066416,-0.3771687244745855,16.233711430729603,-1.2649838328740202,15.730565140251448,-1.3762461206280907
19.22894870214147,25,flow,0.48924805580804465,-0.04928764757942822,1.0394720912896551,-0.6441757888247489,15.779832834735895,-0.3774605108598146,16.249795124850518,-1.2601470043954408,15.730565140251448,-1.3762461206280907
19.23894870214147,25,flow,0.4990036012850415,-0.055844667434411424,0.9113261635544063,-0.6673265384773421,15.786380785764822,-0.3778050288675775,16.264931664387465,-1.2558648540329789,15.730565140251448,-1.3762461206280907
19.24894870214147,25,flow,0.5074687820804912,-0.06263615520467151,0.7814404919863209,-0.6910706709255278,15.793160346877556,-0.3782071233401918,16.2791269256919,-1.2521845167981,15.730565140251448,-1.3762461206280907
19.25894870214147,25,flow,0.5146274096559504,-0.06966809956580625,0.6500538027843782,-0.715420714534519,15.800176896132566,-0.3786719612578975,16.29238744832363,-1.2491481368720074,15.730565140251448,-1.3762461206280907
19.26894870214147,25,flow,0.5204655945038439,-0.07694665978846463,0.5173875150310562,-0.7403981137796525,15.807435891699468,-0.37920505448697306,16.304720027512595,-1.2467927954495757,15.730565140251448,-1.3762461206280907
19.27894870214147,25,flow,0.5249715832667208,-0.08447825048378965,0.3836477787988855,-0.7660323436472716,15.81494294569129,-0.3798122864227501,16.316131360483077,-1.2451504705325802,15.730565140251448,-1.3762461206280907
19.288948702141468,25,flow,0.5281356161608542,-0.09226961744586896,0.2490274906512903,-0.7923600171801971,15.822703887717477,-0.38049994252074226,16.326627747697387,-1.2442480211541753,15.730565140251448,-1.3762461206280907
19.29894870214147,25,flow,0.5299498042829595,-0.10032790459151018,0.11370824968959833,-0.8194239992212368,15.83072481795968,-0.38127474467731337,16.3362148493081,-1.2441071897136449,15.730565140251448,-1.3762461206280907
19.308948702141468,25,flow,0.5304080260717218,-0.10866071210793066,-0.02213777079896089,-0.8472725354764628,15.839012149665121,-0.38214388939166966,16.34489749655791,-1.2447446173064827,15.730565140251448,-1.3762461206280907
19.31894870214147,25,flow,0.5295058419968369,-0.1172761459934124,-0.1583460514951077,-0.8759584028602982,15.847572641008874,-0.38311508961229324,16.35267955748836,-1.2461718681179623,15.730565140251448,-1.3762461206280907
19.32894870214147,25,flow,0.5272404264306462,-0.12618285922362255,-0.29475806296263124,-0.9055380846072807,15.856413416305646,-0.38419662014225986,16.35956385606598,-1.2483954600911369,15.730565140251448,-1.3762461206280907
19.33894870214147,25,flow,0.5236105156103383,-0.1353900848001615,-0.43121971188941227,-0.9360709718396224,15.865541976556711,-0.38539736644760425,16.36555214367092,-1.2514169001663422,15.730565140251448,-1.3762461206280907
19.34894870214147,25,flow,0.5186163705898645,-0.14490766094923205,-0.5675798963775524,-0.9676185919875522,15.87496619931002,-0.3867268766804235,16.370645121776064,-1.255232723421192,15.730565140251448,-1.3762461206280907
19.35894870214147,25,flow,0.5122597541080225,-0.15474604873740652,-0.7036891666950068,-1.0002438636769928,15.88469432779151,-0.38819541669218405,16.37484251454708,-1.259834536408724,15.730565140251448,-1.3762461206280907
19.36894870214147,25,flow,0.5045439203411738,-0.16491634236544794,-0.8393984867810197,-1.0340103773137603,15.89473494924097,-0.3898140277720523,16.378143189984993,-1.2652090659009934,15.730565140251448,-1.3762461206280907
19.378948702141468,25,flow,0.49547361655738537,-0.17543027239299358,-0.9745580916911875,-1.068981700548079,15.905096962359613,-0.39159458679919146,16.38054532808814,-1.2713382150944308,15.730565140251448,-1.3762461206280907
19.38894870214147,25,flow,0.4850550957339307,-0.18630020213972806,-1.1090164368987434,-1.1052207080458278,15.915789533752548,-0.3935498684462939,16.382046634309212,-1.2781991301203737,15.730565140251448,-1.3762461206280907
19.39894870214147,25,flow,0.47329613923440556,-0.19753911750515762,-1.242619236769733,-1.1427889354727068,15.926822043230901,-0.39569360901389194,16.382644596306555,-1.2857642804257707,15.730565140251448,-1.3762461206280907
19.40894870214147,25,flow,0.46020608865929596,-0.2091606104513835,-1.3752085914536354,-1.181745958271486,15.938204017828115,-0.3980405714112085,16.3823367816224,-1.2940015572384094,15.730565140251448,-1.3762461206280907
19.41894870214147,25,flow,0.44579588598014835,-0.2211788564031019,-1.5066222037374664,-1.222148796640393,15.949945054385669,-0.40060661072985904,16.38112117345143,-1.3028743948978343,15.730565140251448,-1.3762461206280907
19.42894870214147,25,flow,0.430078121039406,-0.23360858583777044,-1.6366926899616931,-1.2640513490627312,15.962054730577135,-0.40340873978232694,16.378996541083364,-1.3123419203031994,15.730565140251448,-1.3762461206280907
19.43894870214147,25,flow,0.41306708544375903,-0.24646505036741212,-1.765246991746782,-1.3075038577520568,15.974542504267896,-0.4064651938989734,16.375962840907885,-1.3223591360843323,15.730565140251448,-1.3762461206280907
19.448948702141468,25,flow,0.3947788317982743,-0.2597639836523697,-1.8921058978753402,-1.35255241041717,15.987417601152524,-0.4097954941969929,16.372021643060577,-1.3328771433201836,15.730565140251448,-1.3762461206280907
19.45894870214147,25,flow,0.3752312371230027,-0.27352155753647334,-2.0170836880465335,-1.3992384837634313,16.000688890673253,-0.4134205084541839,16.3671765778704,-1.3438434096839886,15.730565140251448,-1.3762461206280907
19.468948702141468,25,flow,0.3544440691663675,-0.28775433385197086,-2.13998791217811,-1.447598535069843,16.014364750301578,-0.41736250864205093,16.36143379525705,-1.3552020887588725,15.730565140251448,-1.3762461206280907
19.47894870214147,25,flow,0.332439054185594,-0.3024792124099371,-2.260619320268599,-1.4976636489438362,16.028452918359836,-0.4216452240992594,16.354802429141476,-1.3668943959119537,15.730565140251448,-1.3762461206280907
19.48894870214147,25,flow,0.30923994461105714,-0.3177133757657494,-2.378771958322848,-1.5494592468778672,16.042960335669147,-0.4262938892606717,16.347295057806647,-1.3788590455106213,15.730565140251448,-1.3762461206280907
19.49894870214147,25,flow,0.2848725848583529,-0.3334742314267374,-2.494233445251118,-1.6030048674262503,16.057892976431464,-0.4313352848019225,16.33892815001944,-1.3910327533858382,15.730565140251448,-1.3762461206280907
19.50894870214147,25,flow,0.2593649734111724,-0.3497793522465628,-2.606785443737463,-1.6583140245955186,16.073255668882787,-0.43679777101733475,16.329722485649903,-1.403350807274188,15.730565140251448,-1.3762461206280907
19.51894870214147,25,flow,0.23274731918402777,-0.36664641582360213,-2.7162043346125726,-1.715394151306211,16.089051906386672,-0.44271131222194016,16.31970353856311,-1.4157477064921364,15.730565140251448,-1.3762461206280907
19.527966206755195,25,pre_impact,0.2078199098853498,-0.3823528350847843,-2.811997340784224,-1.7683859744405512,16.10366957570865,-0.4484567694054321,16.309996786331546,-1.4269398209482653,15.730565140251448,-1.3762461206280907
19.527966206755195,26,post_impact,-0.3823528350847843,0.2078199098853498,-0.1597488492350049,-1.1603463035282398,16.10366957570865,-0.4484567694054321,15.730565140251448,-1.3762461206280907,16.309996786331546,-1.4269398209482653
19.537966206755197,26,flow,-0.38335062780254947,0.19640034396941825,-0.03982565316788494,-1.1237516238375367,16.11485663761485,-0.4461644530077641,15.740826646582551,-1.3735810615545263,16.309996786331546,-1.4269398209482653
19.547966206755195,26,flow,-0.3831500347834133,0.1853412453591598,0.07989138815771799,-1.0882466799580237,16.125714841086275,-0.44406639844838947,15.75187089087526,-1.3715580161413068,16.309996786331546,-1.4269398209482653
19.557966206755196,26,flow,-0.3817542338267943,0.17463189515522953,0.19917807923471442,-1.0537964459627238,16.136251143135436,-0.4421492587116187,15.763702150363892,-1.3701617844810225,16.309996786331546,-1.4269398209482653
19.567966206755194,26,flow,-0.37916867554076966,0.16426190352479852,0.3178038034339429,-1.0203702561030286,16.14647257192733,-0.4404005002400212,15.776324252223027,-1.3693731701394545,16.309996786331546,-1.4269398209482653
19.577966206755196,26,flow,-0.37540115507310096,0.15422116246275155,0.43553001914121947,-0.9879425307454618,16.156386234252558,-0.43880835282775843,15.789740456794707,-1.369168967789682,16.309996786331546,-1.4269398209482653
19.587966206755194,26,flow,-0.37046189882951713,0.1444997913542613,0.5521087712268763,-0.9564934883860949,16.165999334086138,-0.4373617625077849,15.803953299802247,-1.3695219789187343,16.309996786331546,-1.4269398209482653
19.597966206755196,26,flow,-0.3643636658636095,0.1350880755351456,0.6672812515056479,-0.9260098318984108,16.175319201681315,-0.4360503477007288,15.818964394269285,-1.3704010587478896,16.309996786331546,-1.4269398209482653
19.607966206755194,26,flow,-0.35712186324413087,0.12597639817850054,0.7807764506794186,-0.8964853943216904,16.18435333253479,-0.43486435883965,15.83477419364971,-1.3717711982086271,16.309996786331546,-1.4269398209482653
19.617966206755195,26,flow,-0.34875467423212114,0.11715516599868393,0.8923099539710075,-0.8679217263595246,16.193109435416993,-0.43379464163348946,15.851381718593268,-1.373593645439327,16.309996786331546,-1.4269398209482653
19.627966206755197,26,flow,-0.3392831975275787,0.10861472945834769,1.001582942832586,-0.8403286044788217,16.201595488487055,-0.43283260408198077,15.868784250837303,-1.3758260717656339,16.309996786331546,-1.4269398209482653
19.637966206755195,26,flow,-0.3287315951707626,0.10034529839162565,1.1082814751967223,-0.8137244352639786,16.20981980230523,-0.43197018730541303,15.886976998934205,-1.3784227874452921,16.309996786331546,-1.4269398209482653
19.647966206755196,26,flow,-0.31712724591140834,0.09233685421505755,1.2120761259371158,-0.7881365287552149,16.217791088317888,-0.4311998402033852,15.905952741892715,-1.381335012533519,16.309996786331546,-1.4269398209482653
19.657966206755194,26,flow,-0.3045009000039961,0.0845790601825957,1.3126220764787924,-0.7636012112312849,16.225518531125918,-0.4305144979072396,15.925701458308742,-1.3845112079892714,16.309996786331546,-1.4269398209482653
19.667966206755196,26,flow,-0.2908868304742316,0.07706117144347124,1.4095597465610332,-0.7401637467097707,16.23301186256518,-0.4299075639411577,15.946209950147356,-1.3878974715255112,16.309996786331546,-1.4269398209482653
19.677966206755194,26,flow,-0.27632297497043695,0.0697719469685751,1.5025160605294752,-0.7178780368205622,16.24028143534045,-0.42937289595717065,15.967461471947594,-1.3914380016409393,16.309996786331546,-1.4269398209482653
19.687966206755195,26,flow,-0.26085106141840186,0.06269956570405792,1.591106433632339,-0.6968060711780072,16.247338293680098,-0.4289047948601783,15.989435377764135,-1.3950756317011814,16.309996786331546,-1.4269398209482653
19.697966206755197,26,flow,-0.24451670990994215,0.05583154956667245,1.674937549088892,-0.6770171054306637,16.254194238241162,-0.4284979970914017,16.01210679951635,-1.3987524338303738,16.309996786331546,-1.4269398209482653
19.707966206755195,26,flow,-0.2273695026586151,0.04915469608601575,1.7536109729316247,-0.6585865522051724,16.260861882320555,-0.4281476697937667,16.03544637144172,-1.4024103897288125,16.309996786331546,-1.4269398209482653
19.717966206755197,26,flow,-0.20946301354543004,0.04265502359317421,1.8267276200989389,-0.6415945813957863,16.267354696349535,-0.42784940854207765,16.059420015886722,-1.4059921223936036,16.309996786331546,-1.4269398209482653
19.727966206755195,26,flow,-0.19085478885056348,0.03631773182144716,1.8938930421415092,-0.6261244406086726,16.273687037696327,-0.4275992372861951,16.083988805546856,-1.4094416791878297,16.309996786331546,-1.4269398209482653
19.737966206755196,26,flow,-0.1716062713143315,0.030127180593536383,1.9547234555350388,-0.6122605235922411,16.279874163005417,-0.42739361012859933,16.10910891633454,-1.4127053529437525,16.309996786331546,-1.4269398209482653
19.747966206755194,26,flow,-0.15178266076222693,0.024066888898345302,2.008852372674004,-0.6000862332632428,16.28593222068366,-0.4272294145404004,16.134731683188296,-1.4157325240251977,16.309996786331546,-1.4269398209482653
19.757966206755196,26,flow,-0.1314527062006164,0.018119556098257026,2.0559376392962774,-0.5896817051001557,16.29187822171403,-0.42710397561354196,16.160803768276708,-1.4184765027980044,16.309996786331546,-1.4269398209482653
19.767966206755194,26,flow,-0.11068842652970338,0.01226710625921829,2.09566862775216,-0.5811214744441634,16.297729987732914,-0.4270150609527241,16.187267447216268,-1.4208953490873708,16.309996786331546,-1.4269398209482653
19.777966206755195,26,flow,-0.08956475975815593,0.006490755685092607,2.1277732913755836,-0.5744721855961463,16.30350607622218,-0.42696088582899183,16.214061014231895,-1.422952643267553,16.309996786331546,-1.4269398209482653
19.787966206755197,26,flow,-0.0681591437059607,0.000771102709073007,2.152024757498305,-0.5697904494864459,16.309225683698887,-0.42694011824794453,16.241119301871088,-1.4246181829333047,16.309996786331546,-1.4269398209482653
19.797966206755195,26,flow,-0.046551034456102536,-0.0049117622878261154,2.168247130763122,-0.5671209583755293,16.314908528869683,-0.4269518836284,16.268374305264725,-1.425868579871627,16.309996786331546,-1.4269398209482653
19.807966206755196,26,flow,-0.024821372023624434,-0.010578129719660401,2.176320197882072,-0.5664949593819804,16.32057471877578,-0.4269957688407461,16.295755895416967,-1.4266877344016802,16.309996786331546,-1.4269398209482653
19.817966206755194,26,flow,-0.003052005591891477,-0.016248530536786345,2.1761827706997785,-0.567929173375589,16.3262446019025,-0.427071825416269,16.32319260104871,-1.4270671680508178,16.309996786331546,-1.4269398209482653
19.827966206755196,26,flow,0.018674907033381937,-0.021943587659221817,2.1678344740279814,-0.5714252227021035,16.33193861298331,-0.4271805718071614,16.35061243454995,-1.4270062007985858,16.309996786331546,-1.4269398209482653
19.837966206755194,26,flow,0.04027750958819442,-0.02768386438772263,2.151335872732019,-0.5769696021281723,16.337677114719344,-0.42732299464913603,16.37794373497272,-1.426511965411609,16.309996786331546,-1.4269398209482653
19.847966206755196,26,flow,0.0616748504151875,-0.03348971526145446,2.1268069308322843,-0.5845341949869051,16.343480241817467,-0.42750054905190726,16.40511600000083,-1.4255992582551413,16.309996786331546,-1.4269398209482653
19.857966206755194,26,flow,0.08278746212248983,-0.0393811446897275,2.094423894457738,-0.5940773038565325,16.34936775260802,-0.4277151580148204,16.432060679512762,-1.4242902328786897,16.309996786331546,-1.4269398209482653
19.867966206755195,26,flow,0.10353790291073033,-0.04537767822228061,2.054414780676708,-0.605545135391892,16.355358893039508,-0.4279692111328336,16.45871190568057,-1.4226139491061547,16.309996786331546,-1.4269398209482653
19.877966206755197,26,flow,0.12385124685894328,-0.051498250595039895,2.0070537269466264,-0.6188736549530104,16.361472277118843,-0.428265562819917,16.48500713830549,-1.4206057958406264,16.309996786331546,-1.4269398209482653
19.887966206755195,26,flow,0.1436555132614301,-0.057761113756059045,1.9526545055218587,-0.6339907102863045,16.36772578693244,-0.4286075303307465,16.510887708880134,-1.4183068099628189,16.309996786331546,-1.4269398209482653
19.897966206755196,26,flow,0.1628820282962398,-0.06418376702227888,1.8915635305711396,-0.6508183157248645,16.374136494326773,-0.4289988919057257,16.536299252312766,-1.4157629163423566,16.309996786331546,-1.4269398209482653
19.907966206755194,26,flow,0.18146571559170221,-0.07078291042907052,1.824152683464013,-0.6692749890360851,16.380720605235233,-0.42944388539780987,16.56119202087848,-1.413024115036309,16.309996786331546,-1.4269398209482653
19.917966206755196,26,flow,0.19934531540466674,-0.07757442129069687,1.7508122568524085,-0.689278041134138,16.38749342658914,-0.42994720776159523,16.5855210803631,-1.4101436413098813,16.309996786331546,-1.4269398209482653
19.927966206755194,26,flow,0.2164635349313527,-0.08457335305718319,1.6719442759807168,-0.7107457327044939,16.394469354811516,-0.4305140157954699,16.60924639319382,-1.4071771223904335,16.309996786331546,-1.4269398209482653
19.937966206755195,26,flow,0.23276713459592854,-0.09179395477905955,1.587956402306277,-0.7335992293321014,16.401661884109465,-0.43114992852649336,16.632332797357567,-1.4041817521485611,16.309996786331546,-1.4269398209482653
19.947966206755197,26,flow,0.24820695692314662,-0.0992497089028066,1.4992565662700594,-0.7577643059294102,16.40908363218159,-0.4318610316157374,16.654749892955007,-1.4012155015170262,16.309996786331546,-1.4269398209482653
19.957966206755195,26,flow,0.26273790577933087,-0.10695338472377709,1.4062484184894262,-0.7831727702940944,16.416746380548076,-0.43265388414004224,16.67647185028704,-1.3983363787358982,16.309996786331546,-1.4269398209482653
19.967966206755197,26,flow,0.2763188843904218,-0.11491710461059293,1.3093276361109873,-0.8097635930474253,16.424661126483574,-0.4335355280757712,16.69747715446985,-1.3956017497433808,16.309996786331546,-1.4269398209482653
19.977966206755195,26,flow,0.28891270068285996,-0.12315242006412364,1.2088790764967126,-0.8374837460348347,16.432838143465553,-0.4345135007725681,16.717748301835005,-1.3930677254557067,16.309996786331546,-1.4269398209482653
19.987966206755196,26,flow,0.3004859482312858,-0.13167039475626613,1.1052747353543542,-0.866288762991113,16.441287047115015,-0.43559585066176176,16.737271462942346,-1.3907886194719916,16.309996786331546,-1.4269398209482653
19.997966206755194,26,flow,0.31100887053392706,-0.14048169187687415,0.9988724411911938,-0.8961430447619966,16.450016863770173,-0.43679115639627974,16.75603612608042,-1.3888164770128546,16.309996786331546,-1.4269398209482653
20.007966206755196,26,flow,0.32045521556809886,-0.14959666336970626,0.8900152019781427,-0.9270199368138277,16.45903609906592,-0.43810854956792256,16.774034733814783,-1.3872006737088571,16.309996786331546,-1.4269398209482653
20.017966206755194,26,flow,0.32880208669128197,-0.15902543893148005,0.7790311119650413,-0.9589016095381444,16.46835280416417,-0.43955774109457757,16.79126232361591,-1.38598758120289,16.309996786331546,-1.4269398209482653
20.027966206755195,26,flow,0.33602979502081487,-0.16877801295779357,0.6662337251771755,-0.9917787724609318,16.477974637568167,-0.44114905131511073,16.807716181978456,-1.385220295390428,16.309996786331546,-1.4269398209482653
20.037966206755197,26,flow,0.34212171750472664,-0.17886432792670395,0.5519228056539942,-1.0256502524203206,16.487908920739383,-0.4428934437736689,16.823395519829287,-1.38493842244034,16.309996786331546,-1.4269398209482653
20.047966206755195,26,flow,0.3470641640293877,-0.18929435300117273,0.4363853714548472,-1.0605224635801542,16.49816268600423,-0.4448025626180614,16.838301175481377,-1.3851779174504832,16.309996786331546,-1.4269398209482653
20.057966206755196,26,flow,0.35084625612401726,-0.20007815689615033,0.3198969585329412,-1.0964087942384373,16.50874271548149,-0.44688877347863165,16.852435349970012,-1.3859709706255794,16.309996786331546,-1.4269398209482653
20.067966206755194,26,flow,0.3534598191331586,-0.2112259742895276,0.2027230406870223,-1.1333289321297433,16.51965556997415,-0.4491652076341832,16.865801378329557,-1.3873459361497413,16.309996786331546,-1.4269398209482653
20.077966206755196,26,flow,0.35489928914199886,-0.22274826525647376,0.08512055211044878,-1.171308146587713,16.53090760695059,-0.4516458092095381,16.878403539241393,-1.3893272993976213,16.309996786331546,-1.4269398209482653
20.087966206755194,26,flow,0.3551616354547197,-0.2346557673741081,-0.032660531027312464,-1.2103765427295103,16.542504986889647,-0.4543453850844599,16.89024690450078,-1.391935678728827,16.309996786331546,-1.4269398209482653
20.097966206755196,26,flow,0.354246299036759,-0.24695954028037523,-0.15037558439000073,-1.250568299875625,16.554453667385797,-0.4572796571252753,16.901337228899706,-1.3951878587907822,16.309996786331546,-1.4269398209482653
20.107966206755194,26,flow,0.3521551470293241,-0.2596710025788925,-0.2677837310050325,-1.2919209038297537,16.566759384505737,-0.46046531627737686,16.911680880384196,-1.399096852973734,16.309996786331546,-1.4269398209482653
20.117966206755195,26,flow,0.34889244321712554,-0.2728019610680078,-0.38464625777709766,-1.3344743803871242,16.579427620965266,-0.46392007797900636,16.921284809700396,-1.4036719933854678,16.309996786331546,-1.4269398209482653
20.127966206755197,26,flow,0.3444648341678981,-0.28636463233448267,-0.5007250663875431,-1.3782705356158396,16.592463560753092,-0.4676627382719992,16.930156558167077,-1.4089190474129034,16.309996786331546,-1.4269398209482653
20.137966206755195,26,flow,0.33888135065391733,-0.30037165680131783,-0.6157811670786097,-1.4233522069441202,16.60587202987852,-0.4717132298945935,16.938304301690266,-1.4148403605922955,16.309996786331546,-1.4269398209482653
20.147966206755196,26,flow,0.33215342390074515,-0.31483610535284107,-0.7295732198971957,-1.4697625279261615,16.619657422961744,-0.4760926775430907,16.9457369286443,-1.4214350260993265,16.309996786331546,-1.4269398209482653
20.157966206755194,26,flow,0.32429491617912226,-0.3297714786844337,-0.8418561248374815,-1.517544208675244,16.633823615426284,-0.4808234513834816,16.952464148772517,-1.4286990816793699,16.309996786331546,-1.4269398209482653
20.167966206755196,26,flow,0.3153221652543595,-0.3451916995407457,-0.9523796598500704,-1.5667388333100274,16.648373861096157,-0.4859292177807216,16.95849662979772,-1.4366257352524516,16.309996786331546,-1.4269398209482653
20.177966206755194,26,flow,0.30525404222804137,-0.36111109801732305,-1.0608871637323958,-1.61738617531152,16.6633106750498,-0.49143498609235436,16.963846157971417,-1.4452056207341797,16.309996786331546,-1.4269398209482653
20.187966206755195,26,flow,0.29411202234482203,-0.377544390107949,-1.1671142593449888,-1.6695235313904586,16.678635701642506,-0.4973671502450222,16.96852581833019,-1.454427085801203,16.309996786331546,-1.4269398209482653
20.197966206755197,26,flow,0.2819202683893766,-0.39450664968498544,-1.270787611286602,-1.7231850742774824,16.694349567682373,-0.5037535236778373,16.972550189969937,-1.4642765133864708,16.309996786331546,-1.4269398209482653
20.207966206755195,26,flow,0.26870572636312673,-0.41201327410351285,-1.3716237110007194,-1.7784012247361818,16.710451720835135,-0.5106233660967087,16.975935551202287,-1.474738678605324,16.309996786331546,-1.4269398209482653
20.21764859378962,26,pre_impact,0.25496442614634496,-0.4294973513457778,-1.4662757037390182,-1.8333695709499074,16.726410645706803,-0.5177646465620509,16.978621630669114,-1.485436914979588,16.309996786331546,-1.4269398209482653
20.21764859378962,27,post_impact,-0.4294973513457778,0.25496442614634496,-0.028851140655420694,-1.2018057363239607,16.726410645706803,-0.517764646562051,16.309996786331546,-1.4269398209482653,16.978621630669114,-1.485436914979588
20.22764859378962,27,flow,-0.4291426451892436,0.2431544842304267,0.09988033466883074,-1.160346980204469,16.737856121660727,-0.5148536008473431,16.32176477850629,-1.4241764225954476,16.978621630669114,-1.485436914979588
20.23764859378962,27,flow,-0.4274983695197879,0.23175428646473584,0.22902421940866874,-1.1198483610424013,16.74893636903483,-0.5121719558918836,16.334340765079123,-1.4221777169618905,16.978621630669114,-1.485436914979588
20.24764859378962,27,flow,-0.424561564077802,0.2207544816731037,0.3583469206430726,-1.0802604886303535,16.759655773030545,-0.5097043936456895,16.347734463010763,-1.4209238152734258,16.978621630669114,-1.485436914979588
20.257648593789618,27,flow,-0.42033163286788294,0.2101461915092418,0.4876088198278591,-1.0415383498023596,16.770018753235615,-0.5074364857739236,16.361955512300508,-1.420390149109329,16.978621630669114,-1.485436914979588
20.26764859378962,27,flow,-0.4148104153242208,0.19992096177104673,0.6165620764857918,-1.0036422949907036,16.780029763221087,-0.5053546377275677,16.37701333211114,-1.420547380408256,16.978621630669114,-1.485436914979588
20.277648593789618,27,flow,-0.408002279840267,0.19007070375687538,0.7449483553261081,-0.9665390419054433,16.789693304776037,-0.5034460353502308,16.392916921731512,-1.421361337465902,16.978621630669114,-1.485436914979588
20.28764859378962,27,flow,-0.39991424029990313,0.18058762553973323,0.872496504417787,-0.9302026862691057,16.799013956505366,-0.5016985943975905,16.40967460554327,-1.4227929814136075,16.978621630669114,-1.485436914979588
20.297648593789617,27,flow,-0.3905560959093153,0.17146415315632246,0.9989202247996171,-0.8946157053376875,16.80799641641224,-0.5001009132726596,16.42729372195615,-1.424798408907785,16.978621630669114,-1.485436914979588
20.30764859378962,27,flow,-0.3799405941508382,0.16269284187506786,1.1239157871439778,-0.859769934903811,16.816645557938354,-0.4986422292101925,16.4457802572911,-1.4273288979934926,16.978621630669114,-1.485436914979588
20.31764859378962,27,flow,-0.3680836160377167,0.15426627792880504,1.2471598686933094,-0.8256674946485304,16.824966498734764,-0.49731237807635065,16.46513842687001,-1.430331005274164,16.978621630669114,-1.485436914979588
20.32764859378962,27,flow,-0.35500438202001044,0.14617697138113417,1.3683076032749337,-0.7923216302187203,16.832964681174694,-0.49610175788469335,16.48537020715657,-1.4337467235471042,16.978621630669114,-1.485436914979588
20.33764859378962,27,flow,-0.3407256758603446,0.1384172411459328,1.4869909580100318,-0.759757433518306,16.84064596329243,-0.49500129606639554,16.50647482471672,-1.437513709853615,16.978621630669114,-1.485436914979588
20.347648593789618,27,flow,-0.3252740825574275,0.1309790935992064,1.6028175711199941,-0.7280123958374716,16.84801671843639,-0.4940024204714121,16.528448210041436,-1.4415655943243342,16.978621630669114,-1.485436914979588
20.35764859378962,27,flow,-0.3086802349540673,0.12385409670817221,1.7153702041710468,-0.697136742221473,16.85508394146292,-0.49309703401863736,16.55128242688466,-1.4458323801352577,16.978621630669114,-1.485436914979588
20.367648593789617,27,flow,-0.2909790620551042,0.11703325214384633,1.8242069767202331,-0.6671934907278954,16.861855358780133,-0.49227749285786815,16.57496509065866,-1.4502409441738304,16.978621630669114,-1.485436914979588
20.37764859378962,27,flow,-0.27221003035735325,0.11050686842073283,1.9288625585435686,-0.638258177970007,16.86833953899774,-0.4915365878558936,16.599478792493414,-1.4547156464888857,16.978621630669114,-1.485436914979588
20.38764859378962,27,flow,-0.2524173677499504,0.10426443868963557,2.0288504908604943,-0.6104181937836707,16.87454600037985,-0.49086752917491094,16.624800548638554,-1.4591790541164116,16.978621630669114,-1.485436914979588
20.39764859378962,27,flow,-0.23165025790814875,0.09829452735396968,2.123666789439599,-0.583771674233653,16.880485310775764,-0.4902639336754381,16.65090129773299,-1.463552781323029,16.978621630669114,-1.485436914979588
20.40764859378962,27,flow,-0.20996299174220825,0.09258467013096723,2.212794945688405,-0.5584259146355177,16.88616917527395,-0.48971981484953364,16.677745470790818,-1.4677584436416318,16.978621630669114,-1.485436914979588
20.417648593789618,27,flow,-0.1874150615718176,0.08712129247157872,2.2957123842739713,-0.5344952836251798,16.891610506551295,-0.48922957497463027,16.705290660200276,-1.4717187173348567,16.978621630669114,-1.485436914979588
20.42764859378962,27,flow,-0.16407118348869829,0.08188965131603636,2.371898356771045,-0.5120986457704574,16.896823472843728,-0.4887879991740406,16.733487414227255,-1.4753584892839142,16.978621630669114,-1.485436914979588
20.437648593789618,27,flow,-0.14000123405343412,0.07687380492742553,2.440843152237329,-0.49135633311406407,16.90182351871336,-0.48839025107662326,16.76227918208978,-1.4786060750848466,16.978621630669114,-1.485436914979588
20.44764859378962,27,flow,-0.11528008921900812,0.07205661495681881,2.5020583927974323,-0.4723867435783877,16.906627354387876,-0.4880318697834347,16.791602431329483,-1.4813944758218391,16.978621630669114,-1.485436914979588
20.457648593789617,27,flow,-0.08998735628317402,0.0674197839180916,2.555088064299244,-0.4553026833516625,16.91125291043165,-0.48770876787058415,16.82138695378515,-1.4836626372018948,16.978621630669114,-1.485436914979588
20.46764859378962,27,flow,-0.06420699373718115,0.0629439298916461,2.599519821272448,-0.4402076071201953,16.91571925587255,-0.4874172301812608,16.851556369005177,-1.4853566691999043,16.978621630669114,-1.485436914979588
20.47764859378962,27,flow,-0.03802681895584035,0.0586086985820218,2.6349960163587,-0.4271919395081322,16.920046479605,-0.4871539131820939,16.882028824696842,-1.4864309808241392,16.978621630669114,-1.485436914979588
20.48764859378962,27,flow,-0.011537909470620564,0.05439291092193159,2.661223851904503,-0.4163296784720894,16.924255536822308,-0.48691584467619176,16.912717883344186,-1.4868492837371219,16.978621630669114,-1.485436914979588
20.49764859378962,27,flow,0.015166090346465416,0.05027474238649786,2.6779840479208414,-0.40767548260586145,16.92836806425813,-0.4867004236752116,16.94353357321846,-1.4865854207313602,16.978621630669114,-1.485436914979588
20.507648593789618,27,flow,0.0419897395154792,0.04623192823321489,2.6851374734983686,-0.40126242692315306,16.932406169961926,-0.4865054202355179,16.97438357161266,-1.4856239806429667,16.978621630669114,-1.485436914979588
20.51764859378962,27,flow,0.06883662491861822,0.04224198720595161,2.682629298002547,-0.3971005757124302,16.93639220500717,-0.48632897506105144,17.00517447929861,-1.4839606699982646,16.978621630669114,-1.485436914979588
20.527648593789618,27,flow,0.09561021359224937,0.038282454991985085,2.6704903756499867,-0.39517646921028576,16.94034852577738,-0.48616959867131093,17.03581313878742,-1.4816024229557239,16.978621630669114,-1.485436914979588
20.53764859378962,27,flow,0.12221470455855064,0.03433111807707097,2.6488357668674753,-0.3954535581849544,16.94429725611746,-0.48602616993447023,17.066207945831444,-1.4785672440132513,16.978621630669114,-1.485436914979588
20.547648593789617,27,flow,0.14855585190260645,0.030366238621413796,2.6178605001583373,-0.39787355426796744,16.94826005866007,-0.48589793377618373,17.0962701039277,-1.4748837913595332,16.978621630669114,-1.485436914979588
20.55764859378962,27,flow,0.17454173281555715,0.02636676162393695,2.577832866693856,-0.4023586013336517,16.95225792399465,-0.4857844979013404,17.12591477546349,-1.4705907214488612,16.978621630669114,-1.485436914979588
20.56764859378962,27,flow,0.20008343805901177,0.0223124968601623,2.5290856949301777,-0.40881412150696883,16.956310985133058,-0.4856858284106539,17.155062090089423,-1.4657358262570006,16.978621630669114,-1.485436914979588
20.57764859378962,27,flow,0.22509566735333286,0.01818426973621062,2.472006158989108,-0.41713215352552774,16.960438363074672,-0.48560224425667853,17.18363798015758,-1.4603750028697013,16.978621630669114,-1.485436914979588
20.58764859378962,27,flow,0.24949721802842828,0.013964037126956867,2.407024724538441,-0.4271949838245109,16.96465804735575,-0.48553441056175695,17.211574823662545,-1.4545711000520267,16.978621630669114,-1.485436914979588
20.597648593789618,27,flow,0.2732113613277805,0.009634966272028865,2.334603829985316,-0.4388788717751903,16.968986813469513,-0.4854833309080421,17.2388118860457,-1.4483926881215115,16.978621630669114,-1.485436914979588
20.60764859378962,27,flow,0.29616610649923447,0.005181476715575655,2.2552268466239007,-0.4520576875627628,16.97344017713863,-0.48545033880003186,17.265295562531417,-1.4419127970372743,16.978621630669114,-1.485436914979588
20.617648593789617,27,flow,0.3182943578169818,0.0005892469539157069,2.169387771543438,-0.46660631017855164,16.978032383749298,-0.48543708858556944,17.290979431608942,-1.435207663638268,16.978621630669114,-1.485436914979588
20.62764859378962,27,flow,0.3395339736748388,-0.004154811196236607,2.077581996390424,-0.4824036691125477,16.982776429911652,-0.48544554619520996,17.315824137362615,-1.42835552310799,16.978621630669114,-1.485436914979588
20.63764859378962,27,flow,0.3598277397359045,-0.009062606524455303,1.9802983779175451,-0.4993353518320785,16.987684113140837,-0.4854779801170359,17.33979712335609,-1.4214354727614154,16.978621630669114,-1.485436914979588
20.64764859378962,27,flow,0.3791232698167043,-0.014144946071667537,1.8780127247817484,-0.5172957360051514,16.99276610505988,-0.4855369530612925,17.36287224370592,-1.4145264288555657,16.978621630669114,-1.485436914979588
20.65764859378962,27,flow,0.3973728488287251,-0.019411631672931116,1.771182718031226,-0.5361896377420837,16.99803204327752,-0.48562531478564575,17.38502927803348,-1.4077061899214667,16.978621630669114,-1.485436914979588
20.667648593789618,27,flow,0.41453323186975055,-0.024871570625752043,1.6602442052375814,-0.5559334931464195,17.003490637135865,-0.4857461965484542,17.40625337648113,-1.401050613556861,16.978621630669114,-1.485436914979588
20.67764859378962,27,flow,0.4305654126583525,-0.030532895985837298,1.5456087520564754,-0.5764561095352975,17.009149782787993,-0.4859030076366673,17.426534459295677,-1.3946329080012236,16.978621630669114,-1.485436914979588
20.687648593789618,27,flow,0.4454343731480871,-0.0364030924227917,1.4276622993123098,-0.5976990350216229,17.015016683485115,-0.4860994343803059,17.445866593000517,-1.3885230352854294,16.978621630669114,-1.485436914979588
20.69764859378962,27,flow,0.45910882453651225,-0.04248912409166361,1.3067647559391606,-0.6196166015416466,17.02109797146369,-0.4863394420207666,17.46424736224473,-1.3827872193343091,16.978621630669114,-1.485436914979588
20.707648593789617,27,flow,0.47156094816039645,-0.04879756153842197,1.1832503547920883,-0.6421756979763645,17.027399828371188,-0.4866272797492618,17.481677253322424,-1.377487550038421,16.978621630669114,-1.485436914979588
20.71764859378962,27,flow,0.4827661430681969,-0.055334705216202436,1.0574286057369868,-0.6653553279672402,17.033928101712903,-0.4869674891779351,17.49815906232113,-1.3726816728809874,16.978621630669114,-1.485436914979588
20.72764859378962,27,flow,0.4927027854732635,-0.062106703714243455,0.9295856950149518,-0.6891460025219514,17.040688415311983,-0.48736491645237967,17.513697338040902,-1.3684225530567211,16.978621630669114,-1.485436914979588
20.73764859378962,27,flow,0.5013520038725962,-0.06911966527343819,0.7999861986347298,-0.7135490115465423,17.04768627223056,-0.487824728162492,17.528297867321122,-1.3647583029927113,16.978621630669114,-1.485436914979588
20.74764859378962,27,flow,0.5086974723954851,-0.07637976157100711,0.6688749980668042,-0.738575611831174,17.054927148992167,-0.4883524311601626,17.541967208268247,-1.361732062626545,16.978621630669114,-1.485436914979588
20.757648593789618,27,flow,0.5147252239322132,-0.08389332309861774,0.5364793070149604,-0.7642461623580623,17.06241658027054,-0.4889538963479134,17.554712275103945,-1.3593819225789705,16.978621630669114,-1.485436914979588
20.76764859378962,27,flow,0.519423483778507,-0.09166692573505936,0.4030107373122083,-0.7905892315057798,17.070160233469746,-0.4896353864623296,17.566539976932532,-1.3577408813647756,16.978621630669114,-1.485436914979588
20.777648593789618,27,flow,0.5227825239002367,-0.09970746833136632,0.2686673492851803,-0.8176406950507451,17.078163972819716,-0.4904035878396513,17.57745691162511,-1.3568368289258146,16.978621630669114,-1.485436914979588
20.78764859378962,27,flow,0.524794537453064,-0.10802224129004229,0.1336356468767999,-0.8454428389487112,17.08643391275733,-0.49126564611746126,17.58746911519209,-1.356692549975412,16.978621630669114,-1.485436914979588
20.797648593789617,27,flow,0.5254535328590978,-0.11661898623860852,-0.001907509702391924,-0.8740434767611274,17.094976460463318,-0.49222920579506824,17.596581866417186,-1.3573257418636477,16.978621630669114,-1.485436914979588
20.80764859378962,27,flow,0.5247552465226332,-0.12550594697904288,-0.13779309094354897,-0.9034950882572041,17.103798347488006,-0.4933024535448275,17.60479954610776,-1.3587490428740423,16.978621630669114,-1.485436914979588
20.81764859378962,27,flow,0.5226970731367284,-0.13469191194638894,-0.27385819392790434,-0.9338539831190934,17.112906650431302,-0.49449416513605204,17.61212555003193,-1.3609700680217234,16.978621630669114,-1.485436914979588
20.82764859378962,27,flow,0.5192780124698195,-0.14418624843883107,-0.4099444505685782,-0.9651794917287586,17.122308800651982,-0.49581375580114917,17.61856225442062,-1.3639914505288462,16.978621630669114,-1.485436914979588
20.83764859378962,27,flow,0.5144986315098532,-0.15399892889401068,-0.5458965475365948,-0.9975331836444975,17.132012582974124,-0.4972713338389767,17.624111032776018,-1.367810888197406,16.978621630669114,-1.485436914979588
20.847648593789618,27,flow,0.5083610408636505,-0.16414054948767268,-0.681560854566779,-1.0309781134939622,17.142026123340177,-0.4988777572120916,17.62877232261141,-1.3724211948813403,16.978621630669114,-1.485436914979588
20.85764859378962,27,flow,0.5008688843504968,-0.17462234132536625,-0.8167841564773843,-1.0655780935513075,17.152357865335812,-0.5006446928515706,17.63254574062482,-1.3778103581767858,16.978621630669114,-1.485436914979588
20.867648593789617,27,flow,0.49202734077788846,-0.18545617448979093,-0.9514124839059742,-1.1013969921556788,17.163016535485042,-0.5025846783346662,17.635430244652877,-1.383961605301948,16.978621630669114,-1.485436914979588
20.87764859378962,27,flow,0.48184313693541053,-0.1966545551986354,-1.0852900382825226,-1.1384980573093384,17.17401109718969,-0.5047111855461218,17.63742434054202,-1.3908534799242176,16.978621630669114,-1.485436914979588
20.88764859378962,27,flow,0.4703245708820346,-0.20823061632305795,-1.2182582077529975,-1.1769432652134764,17.185350693167557,-0.5070386858732006,17.6385263317923,-1.3984599334083128,16.978621630669114,-1.485436914979588
20.89764859378962,27,flow,0.4574815446268247,-0.2201981015174584,-1.3501546724755793,-1.2167926941116716,17.19704457623219,-0.5095827164173493,17.638734609460435,-1.4067504345987563,16.978621630669114,-1.485436914979588
20.90764859378962,27,flow,0.44332560530867127,-0.23257134321858575,-1.4808125997890549,-1.258103924572017,17.209102028256186,-0.5123599466322202,17.638047979341614,-1.4156901028029396,16.978621630669114,-1.485436914979588
20.917648593789618,27,flow,0.42786999396430153,-0.24536523478760952,-1.6100599320539821,-1.3009314682071331,17.221532267171572,-0.5153882447191875,17.63646602287615,-1.4252398690936747,16.978621630669114,-1.485436914979588
20.92764859378962,27,flow,0.41112970093392365,-0.2585951970933967,-1.7377187723442187,-1.3453262277633151,17.23434434188711,-0.5186867430285724,17.633989487543804,-1.4353566713850334,16.978621630669114,-1.485436914979588
20.937648593789618,27,flow,0.3931215268904632,-0.27227713986930335,-1.8636048754633514,-1.3913349924588103,17.247547015044503,-0.5222759016289913,17.630620701717408,-1.4459936889313838,16.978621630669114,-1.485436914979588
20.94764859378962,27,flow,0.3738641483930891,-0.2864274182192029,-1.987527253808693,-1.4389999733638696,17.261148633594196,-0.5261775691204139,17.626364008055067,-1.4571006219327325,16.978621630669114,-1.485436914979588
20.957648593789617,27,flow,0.35337818676197336,-0.30106278470059417,-2.109287909220989,-1.4883583844318062,17.275156987247186,-0.5304150396808517,17.621226208531876,-1.4686240217735453,16.978621630669114,-1.485436914979588
20.96764859378962,27,flow,0.33168627895432407,-0.3162003374721507,-2.2286817029410346,-1.5394420754429399,17.289579154951337,-0.5350131052545418,17.615217013169936,-1.4805076770500665,16.978621630669114,-1.485436914979588
20.97764859378962,27,flow,0.3088131489990308,-0.33185746505799424,-2.345496375932479,-1.5922772235367322,17.304421339647355,-0.5399981017136559,17.60834948345037,-1.492693059926647,16.978621630669114,-1.485436914979588
20.98764859378962,27,flow,0.28478567842832425,-0.34805178834849243,-2.4595127309031666,-1.6468840901004145,17.319688691678966,-0.5453979477584938,17.600640460324854,-1.5051198364818612,16.978621630669114,-1.485436914979588
20.99764859378962,27,flow,0.2596329740414189,-0.36480110052388254,-2.5705049851482102,-1.7032768494711488,17.33538512135989,-0.5512421752651468,17.592110965736513,-1.5177264435432765,16.978621630669114,-1.485436914979588
21.007648593789618,27,flow,0.23338643126102343,-0.38212330564804037,-2.6782412996459786,-1.761463495111396,17.35151310133271,-0.557561949746481,17.582786565671277,-1.5304507330577277,16.978621630669114,-1.485436914979588
21.013397566541997,27,pre_impact,0.21781519431699128,-0.3923481195164242,-2.738612677840743,-1.7957278889849162,17.360980792695536,-0.5614231319576832,17.577077750333526,-1.5377950410679382,16.978621630669114,-1.485436914979588
21.013397566541997,28,post_impact,-0.3923481195164242,0.21781519431699128,-0.10800676445677056,-1.1614448887799524,17.360980792695536,-0.5614231319576832,16.978621630669114,-1.485436914979588,17.577077750333526,-1.5377950410679382
21.023397566542,28,flow,-0.39281675640333885,0.20639022114756653,0.014280438326212917,-1.1237284194459214,17.372149676300356,-0.5590180059506162,16.989357529334004,-1.4828524999055073,17.577077750333526,-1.5377950410679382
21.033397566541996,28,flow,-0.39206286293716075,0.19533711993558997,0.13646181600361104,-1.087063872721104,17.38298049566097,-0.5568127498268698,17.000884930198442,-1.4809355657197965,17.577077750333526,-1.5377950410679382
21.043397566541998,28,flow,-0.3900886313401498,0.18464556355542497,0.25830959273310206,-1.0514135184489306,17.393479616782265,-0.5547936548245138,17.013209227223008,-1.479669014440311,17.577077750333526,-1.5377950410679382
21.053397566541996,28,flow,-0.38689856380377025,0.1743055801702828,0.3795892733970018,-1.0167441604894458,17.403653468299552,-0.5529478354563262,17.02633542351108,-1.479031575232058,17.577077750333526,-1.5377950410679382
21.063397566541997,28,flow,-0.3824995480248788,0.16430750395212954,0.5000579728111427,-0.9830279239653329,17.41350854948474,-0.5512631781594517,17.040267999339996,-1.4789977801484309,17.577077750333526,-1.5377950410679382
21.073397566541995,28,flow,-0.376900949465167,0.15464191796826973,0.6194627469093927,-0.9502430328895692,17.423051450108655,-0.5497282928980397,17.05501073590435,-1.4795379684166297,17.577077750333526,-1.5377950410679382
21.083397566541997,28,flow,-0.37011472014808044,0.14529958938952972,0.7375389606537043,-0.9183745659130541,17.43228888164153,-0.548332467999663,17.070566495325213,-1.480618322894839,17.577077750333526,-1.5377950410679382
21.093397566541995,28,flow,-0.3621555234107214,0.13627139731363735,0.8540087375044143,-0.8874151746536506,17.44122771915433,-0.547065628448826,17.08693695831023,-1.482200943138902,17.577077750333526,-1.5377950410679382
21.103397566541997,28,flow,-0.3530408735246135,0.12754825367075365,0.9685795465013756,-0.8573657454195334,17.44987505313054,-0.5459182978058099,17.104122321836833,-1.4842439602508604,17.577077750333526,-1.5377950410679382
21.113397566541998,28,flow,-0.3427912884792602,0.11912101788930854,1.0809429949789378,-0.8282359812482433,17.458238250207884,-0.5448815638656757,17.12212096039425,-1.4867016992887496,17.577077750333526,-1.5377950410679382
21.123397566541996,28,flow,-0.3314304534813561,0.11098040625081121,1.1907739070682404,-0.8000448772515943,17.466325021640245,-0.5439470481198253,17.14092905567098,-1.4895248954337998,17.577077750333526,-1.5377950410679382
21.133397566541998,28,flow,-0.31898539186286384,0.10311689715114805,1.297729779555496,-0.7728210585795326,17.474143498002967,-0.5431068790306349,17.160540201112912,-1.492660970264878,17.577077750333526,-1.5377950410679382
21.143397566541996,28,flow,-0.30548663912572205,0.09552063380862624,1.4014507161860696,-0.7466029472875504,17.481702308363406,-0.5423536690781036,17.180944989482754,-1.4960543742994652,17.577077750333526,-1.5377950410679382
21.153397566541997,28,flow,-0.2909684148058454,0.08818132630678166,1.5015599476422326,-0.721438722507581,17.48901066181216,-0.5416804954862717,17.202130593382595,-1.4996470013401293,17.577077750333526,-1.5377950410679382
21.163397566541995,28,flow,-0.2754687857567483,0.08108815521846273,1.5976650454175212,-0.6973860381635412,17.496078428912686,-0.5410808844867429,17.224080350586103,-1.5033786790319896,17.577077750333526,-1.5377950410679382
21.173397566541997,28,flow,-0.2590298133945719,0.07422967940651803,1.6893599317326222,-0.6745114646742938,17.502916220298406,-0.5405487989276881,17.246773367861646,-1.5071877383179655,17.577077750333526,-1.5377950410679382
21.183397566542,28,flow,-0.24169767649195895,0.067593750908776,1.776227772564913,-0.6528896262756606,17.509535459353103,-0.5400786289902797,17.27018415861436,-1.511011662126279,17.577077750333526,-1.5377950410679382
21.193397566541996,28,flow,-0.22352276035666166,0.061167440058258776,1.857844815146977,-0.6326020143009486,17.51594844568525,-0.539665185731861,17.29428233096425,-1.5147878106280825,17.577077750333526,-1.5377950410679382
21.203397566541998,28,flow,-0.20455970279425745,0.05493697412668292,1.9337851938949944,-0.6137354693100017,17.52216840598631,-0.5393036971378273,17.31903234361527,-1.5184542168049462,17.577077750333526,-1.5377950410679382
21.213397566541996,28,flow,-0.18486738725080357,0.04888769277157002,2.0036266796313815,-0.5963803413376206,17.5282095288856,-0.5389898063337001,17.344393346853114,-1.5219504419763485,17.577077750333526,-1.5377950410679382
21.223397566541998,28,flow,-0.164508874072144,0.04300402337835079,2.0669572875391915,-0.5806283572698286,17.534086980616213,-0.5387195715867218,17.370319125045494,-1.5252184765439287,17.577077750333526,-1.5377950410679382
21.233397566541996,28,flow,-0.1435512619913672,0.03726947898978973,2.123382592594148,-0.5665702464220032,17.539816898716285,-0.5384894677137424,17.396758154953254,-1.5282036667797874,17.577077750333526,-1.5377950410679382
21.243397566541997,28,flow,-0.12206547381439438,0.03166668089019878,2.172533532129345,-0.5542931981712316,17.545416361623378,-0.5382963885100945,17.423653790909395,-1.5308556443599015,17.577077750333526,-1.5377950410679382
21.253397566541995,28,flow,-0.10012596280861495,0.026177407064426977,2.2140744101780356,-0.5438782468494074,17.55090333287367,-0.5381376498229992,17.45094458349994,-1.5331292319098226,17.577077750333526,-1.5377950410679382
21.263397566541997,28,flow,-0.0778103394328864,0.02078266670796498,2.24771076486314,-0.5353976965557526,17.556296579665506,-0.5380109929127045,17.478564732921644,-1.5349852954911554,17.577077750333526,-1.5377950410679382
21.273397566542,28,flow,-0.055198921623829826,0.015462799776427253,2.2731967260762778,-0.5289127095760771,17.561615566737604,-0.5379145877744227,17.506444671968758,-1.53639151408289,17.577077750333526,-1.5377950410679382
21.283397566541996,28,flow,-0.03237421564476191,0.01019759930577236,2.2903414827227158,-0.5244711845193869,17.56688032776998,-0.5378470361331513,17.534511767009942,-1.5373230369827584,17.577077750333526,-1.5377950410679382
21.293397566541998,28,flow,-0.009420338224267787,0.0049664530030361,2.2990145013424095,-0.5221060426667664,17.572111317747268,-0.5378073738703041,17.562691118853536,-1.53776300281231,17.577077750333526,-1.5377950410679382
21.303397566541996,28,flow,0.013577605950087137,-0.0002515004968740535,2.2991491920303786,-0.5218340230404087,17.57732925082775,-0.537795072694188,17.59090643960661,-1.537702898418571,17.577077750333526,-1.5377950410679382
21.313397566541997,28,flow,0.036534174668673314,-0.005477206186658665,2.2907448004236386,-0.5236550592902769,17.58255492913439,-0.5378100409242443,17.619080977038685,-1.5371427421926924,17.577077750333526,-1.5377950410679382
21.323397566541995,28,flow,0.059364248162921726,-0.010731524094580237,2.2738664091023697,-0.5275522769652399,17.58780906844554,-0.5378526233200067,17.64713845502256,-1.5360910837533814,17.577077750333526,-1.5377950410679382
21.333397566541997,28,flow,0.08198367956658166,-0.016035063787271486,2.2486430483238666,-0.5334926112720634,17.593112126964957,-0.5379235999486104,17.675003997582564,-1.5345648200106492,17.577077750333526,-1.5377950410679382
21.343397566541995,28,flow,0.10430991747708399,-0.021408028005917366,2.215264032412669,-0.5414280070141143,17.598484143147306,-0.5380241841478627,17.702605005138622,-1.532588835690529,17.577077750333526,-1.5377950410679382
21.353397566541997,28,flow,0.12626258389059203,-0.026870070921947306,2.1739737428023926,-0.5512971278252425,17.60394458800381,-0.5381560197039267,17.72987195447402,-1.5301954838251266,17.577077750333526,-1.5377950410679382
21.363397566541998,28,flow,0.14776399343859567,-0.032440175623016404,2.1250651616136267,-0.5630274743670465,17.609512236438384,-0.5383211774221128,17.756739098561653,-1.5274239279335733,17.577077750333526,-1.5377950410679382
21.373397566541996,28,flow,0.16873960319069795,-0.03813655433729399,2.0688725137719737,-0.5765377931402098,17.615205061062756,-0.5385221513243222,17.783145048181613,-1.524319372220445,17.577077750333526,-1.5377950410679382
21.383397566541998,28,flow,0.189118386005992,-0.04397657367433537,2.0057633982626437,-0.5917406498945199,17.621040150709725,-0.5387618547557101,17.809033223727877,-1.5209322088680668,17.577077750333526,-1.5377950410679382
21.393397566541996,28,flow,0.20883312420611636,-0.04997670590447542,1.9361307811970092,-0.6085450439989551,17.627033654606677,-0.5390436167243972,17.834352172192308,-1.5173171123615306,17.577077750333526,-1.5377950410679382
21.403397566541997,28,flow,0.2278206239191149,-0.056152506110866786,1.860385189387672,-0.6268589511168459,17.633200751981576,-0.5393711788300543,17.85905575053458,-1.5135321099028531,17.577077750333526,-1.5377950410679382
21.413397566541995,28,flow,0.2460218535764954,-0.0625186140044676,1.7789473897953445,-0.6465916989434223,17.639555645825908,-0.5397486931587626,17.883103182100378,-1.5096376546252988,17.577077750333526,-1.5377950410679382
21.423397566541997,28,flow,0.26338201258110305,-0.06908877834427235,1.6922417752386165,-0.6676561020846311,17.646111578685087,-0.5401807215320128,17.906458997167547,-1.5056957248797176,17.577077750333526,-1.5377950410679382
21.433397566542,28,flow,0.2798505380225186,-0.07587590127940497,1.6006906076961904,-0.6899703049102913,17.65288086771303,-0.5406722364969319,17.92909287194466,-1.5017689687348192,17.577077750333526,-1.5377950410679382
21.443397566541996,28,flow,0.2953810584923408,-0.08289209952962263,1.504709203859939,-0.7134593032648103,17.659874955817223,-0.5412286244332563,17.95097938240534,-1.4979199084014982,17.577077750333526,-1.5377950410679382
21.453397566541998,28,flow,0.309931304593618,-0.09014877913071515,1.4047020881815433,-0.7380561356491878,17.6671044755181,-0.5418556911311355,17.972097690300206,-1.4942102148967742,17.577077750333526,-1.5377950410679382
21.463397566541996,28,flow,0.3234629857362418,-0.09765672046239542,1.301060089561671,-0.7637027508689584,17.674579322123314,-0.5425596701638888,17.992431178700738,-1.4907000591729669,17.577077750333526,-1.5377950410679382
21.473397566541998,28,flow,0.3359416423746861,-0.10542617041225913,1.1941583204316792,-0.790350571699166,17.682308732937432,-0.5433472343429112,18.011967053688338,-1.4874475423397326,17.577077750333526,-1.5377950410679382
21.483397566541996,28,flow,0.3473364820939193,-0.11346693877159827,1.0843549512505837,-0.8179607828354492,17.690301369452204,-0.5442255104996602,18.0306959275109,-1.4845082046103322,17.577077750333526,-1.5377950410679382
21.493397566541997,28,flow,0.35762020699586555,-0.12178849627028474,0.9719906783526896,-0.8465043766020396,17.698565399755353,-0.5452020977936272,18.048611396882087,-1.4819346102514526,17.577077750333526,-1.5377950410679382
21.503397566541995,28,flow,0.36676883878095135,-0.13040007200596176,0.8573887769860574,-0.8759619921032955,17.70710857872403,-0.5462850896967579,18.065709628264614,-1.4797760040973167,17.577077750333526,-1.5377950410679382
21.513397566541997,28,flow,0.37476154683748897,-0.13931074838062338,0.7408556323586151,-0.9063235833610557,17.715938323906663,-0.5474830997550305,18.081988960096517,-1.4780780340551285,17.577077750333526,-1.5377950410679382
21.523397566542,28,flow,0.3815804836068941,-0.14852955200491677,0.622681647628094,-0.9375879501091986,17.725061785323103,-0.5488052911775748,18.09744953009157,-1.476882533408121,17.577077750333526,-1.5377950410679382
21.533397566541996,28,flow,0.38721063052745897,-0.15806553935286893,0.5031424372749124,-0.9697621619008294,17.734485907714134,-0.5502614102532499,18.11209293404377,-1.4762273565312385,17.577077750333526,-1.5377950410679382
21.543397566541998,28,flow,0.39163965699974157,-0.16792787623832406,0.38250022569488357,-1.0028609025174429,17.7442174840386,-0.5518618235440549,18.12592192103293,-1.4761462617874141,17.577077750333526,-1.5377950410679382
21.553397566541996,28,flow,0.3948577940753828,-0.17812591043473933,0.2610053829623602,-1.0369057577474514,17.75426319924537,-0.5536175587539457,18.138940128583307,-1.4766688357885078,17.577077750333526,-1.5377950410679382
21.563397566541997,28,flow,0.39685772395086844,-0.1886692369711103,0.1388980416705779,-1.0719244657176663,17.764629663537495,-0.5555403491201055,18.15115186017072,-1.477820453811639,17.577077750333526,-1.5377950410679382
21.573397566541995,28,flow,0.39763448584363315,-0.1995677558101593,0.01640974995500486,-1.1079501453191467,17.775323434498652,-0.5576426811208224,18.162561906493792,-1.4796222718964906,17.577077750333526,-1.5377950410679382
21.583397566541997,28,flow,0.3971853984303691,-0.21083172175360534,-0.10623487412334057,-1.145020514995903,17.786351027571097,-0.5599378452390958,18.17317541110162,-1.4820912469604313,17.577077750333526,-1.5377950410679382
21.593397566541995,28,flow,0.3955099987240457,-0.2224717865275753,-0.22881651289921273,-1.1831771113255845,17.797718914464074,-0.562439989463079,18.182997780277983,-1.4852401821143093,17.577077750333526,-1.5377950410679382
21.603397566541997,28,flow,0.3926099970436392,-0.23449903308287823,-0.3511195628199869,-1.2224645144473396,17.809433509136834,-0.5651641751424638,18.192034636494036,-1.4890777952092953,17.577077750333526,-1.5377950410679382
21.613397566541998,28,flow,0.3884892475749254,-0.24692500220595387,-0.4729306041803023,-1.262929585450737,17.82150114104708,-0.5681264347533427,18.200291814230834,-1.4936088094688191,17.577077750333526,-1.5377950410679382
21.623397566541996,28,flow,0.3831537339195647,-0.25976171157899913,-0.5940369346823415,-1.304620719331135,17.833928015387208,-0.5713438310516984,18.207775396513437,-1.498834065838599,17.577077750333526,-1.5377950410679382
21.633397566541998,28,flow,0.3766115689712611,-0.2730216674581139,-0.714225170880782,-1.3475871159683734,17.846720160054037,-0.5748345170171772,18.214491790068895,-1.5047506574063063,17.577077750333526,-1.5377950410679382
21.643397566541996,28,flow,0.36887300843192544,-0.2867178691584258,-0.8332799187493806,-1.3918780707619345,17.85988335911542,-0.5786177959033629,18.220447836599956,-1.5113520868867607,17.577077750333526,-1.5377950410679382
21.653397566541997,28,flow,0.3599504772793431,-0.3008638065485034,-0.9509825125349104,-1.4375422859984301,17.87342307255464,-0.5827141806180682,18.22565095724081,-1.5186284487268016,17.577077750333526,-1.5377950410679382
21.663397566541995,28,flow,0.34985860851405837,-0.31547345076525085,-1.06710981957203,-1.484627203682661,17.887344342093954,-0.5871454515569723,18.230109326818596,-1.5265666378449527,17.577077750333526,-1.5377950410679382
21.673397566541997,28,flow,0.3386142935421192,-0.33056123836675455,-1.181433107655257,-1.533178360379715,17.90165168292537,-0.5919347119062457,18.233832074078077,-1.5351505873735931,17.577077750333526,-1.5377950410679382
21.683397566542,28,flow,0.32623674358861443,-0.34614204914559443,-1.2937169707442377,-1.5832387645426858,17.916348961213355,-0.5971064393148738,18.23682950353482,-1.544361538004418,17.577077750333526,-1.5377950410679382
21.693397566541996,28,flow,0.3127475615827535,-0.3622311778297955,-1.403718308069146,-1.6348482967915994,17.93143925728264,-0.6026865327156977,18.239113334106978,-1.5541783416401311,17.577077750333526,-1.5377950410679382
21.703397566541998,28,flow,0.2981708240081681,-0.37884429990330826,-1.5111853509695603,-1.6880431336202435,17.94692471446771,-0.6087023529464959,18.24069694914535,-1.5645778020153094,17.577077750333526,-1.5377950410679382
21.713397566541996,28,flow,0.28253317227300234,-0.3959974317826622,-1.6158567309222496,-1.7428551949986055,17.96280637368063,-0.6151827556897574,18.241595651948845,-1.5755350547564522,17.577077750333526,-1.5377950410679382
21.723397566541998,28,flow,0.2658639132251877,-0.4137068855908481,-1.717460581088177,-1.799311616273924,17.979083993852917,-0.6221581151134272,18.2418269203363,-1.5870239889958788,17.577077750333526,-1.5377950410679382
21.730862639990814,28,pre_impact,0.2527667324530296,-0.4272996576524627,-1.791140324004381,-1.8425419439316946,17.991492517160918,-0.627706912898255,18.241576247522307,-1.5959311265019698,17.577077750333526,-1.5377950410679382
21.730862639990814,29,post_impact,-0.4272996576524627,0.2527667324530296,0.00041342466184062236,-1.1846013773238686,17.991492517160918,-0.627706912898255,17.577077750333526,-1.5377950410679382,18.241576247522307,-1.5959311265019698
21.740862639990816,29,flow,-0.42665124406398147,0.24112814948608827,0.12934692441548168,-1.1432765848371675,18.002777958155047,-0.6248619338100843,17.58895339191363,-1.5352185828082137,18.241576247522307,-1.5959311265019698
21.750862639990814,29,flow,-0.4247115507026994,0.2298980589453824,0.25863081582623443,-1.1028944563504022,18.013697981750667,-0.6222414962866171,17.601640005639094,-1.5333991249781815,18.241576247522307,-1.5959311265019698
21.760862639990815,29,flow,-0.42147823893836045,0.2190672807465829,0.38803113277408385,-1.0634063645025966,18.024256957575894,-0.6198305547281457,17.615147186899172,-1.5323157302443517,18.241576247522307,-1.5959311265019698
21.770862639990813,29,flow,-0.41695134063490186,0.20862709894589643,0.5173073828033721,-1.0247682712837884,18.034459283386717,-0.6176149387757025,17.6294844180915,-1.5319427566173793,18.241576247522307,-1.5959311265019698
21.780862639990815,29,flow,-0.4111333343478224,0.19856921093037153,0.6462103467696846,-0.9869417144382571,18.044309388149543,-0.6155812980258254,17.644660911854228,-1.5322497743000087,18.241576247522307,-1.5959311265019698
21.790862639990813,29,flow,-0.40402924389444,0.18888566666303794,0.7744798086925778,-0.9498948085903107,18.053811749632263,-0.6137170493619098,17.66068539904024,-1.5332015095189027,18.241576247522307,-1.5959311265019698
21.800862639990815,29,flow,-0.3956467598534626,0.17956879788709393,0.9018422461157612,-0.9136032501468083,18.06297092620639,-0.6120103272515228,17.67756586079935,-1.5347578201002423,18.241576247522307,-1.5959311265019698
21.810862639990813,29,flow,-0.38599638418331134,0.17061113732390715,1.0280085244757307,-0.8780513106751462,18.07179160244973,-0.6104499372864785,17.695309204979647,-1.536873708783723,18.241576247522307,-1.5959311265019698
21.820862639990814,29,flow,-0.3750915976374707,0.16200532807781046,1.152671654609866,-0.8432327982806541,18.080278647980666,-0.6090253131732083,17.713920888131458,-1.5394993814836961,18.241576247522307,-1.5959311265019698
21.830862639990816,29,flow,-0.3629490489761056,0.15374402369451942,1.2755046904290217,-0.8091519605734651,18.088437188742574,-0.6077264773143342,17.733404485742447,-1.5425803588382987,18.241576247522307,-1.5959311265019698
21.840862639990814,29,flow,-0.34958876410566475,0.1458197796163645,1.3961588634764865,-0.7758242962819096,18.096272689682976,-0.6065440050579761,17.75376121498889,-1.5460576503569063,18.241576247522307,-1.5959311265019698
21.850862639990815,29,flow,-0.33503437220806914,0.13822493714105985,1.5142620717367563,-0.7432772357310983,18.103791047431763,-0.6054689926290949,17.774989416284413,-1.5498680011815402,18.241576247522307,-1.5959311265019698
21.860862639990813,29,flow,-0.3193133446452507,0.13095150142232984,1.6294178602846632,-0.7115506437231142,18.11099869117523,-0.6044930286973585,17.797084002249004,-1.5539442217959563,18.241576247522307,-1.5959311265019698
21.870862639990815,29,flow,-0.30245724095663074,0.12399101554569963,1.7412050492308988,-0.68069709248637,18.117902689451572,-0.6036081694793459,17.820035885384108,-1.5582156108051697,18.241576247522307,-1.5959311265019698
21.880862639990813,29,flow,-0.2845019546425795,0.11733443325884546,1.8491781773461615,-0.6507818481714626,18.12451086007166,-0.6028069172204571,17.843831398657844,-1.5626084800137514,18.241576247522307,-1.5959311265019698
21.890862639990814,29,flow,-0.26548794971077755,0.11097199351115801,1.952868934564348,-0.6218825129174461,18.130831879817364,-0.6020822018551539,17.86845172625948,-1.5670467892981033,18.241576247522307,-1.5959311265019698
21.900862639990816,29,flow,-0.2454604772535128,0.1048931005283364,2.051788749679799,-0.5940882669900079,18.136875390021594,-0.6014273656047997,17.893872364793612,-1.5714528960575032,18.241576247522307,-1.5959311265019698
21.910862639990814,29,flow,-0.22446975975789607,0.09908621366945528,2.1454326772724044,-0.5674986631201551,18.14265209363473,-0.6008361502421017,17.9200626379058,-1.5757484202429972,18.241576247522307,-1.5959311265019698
21.920862639990816,29,flow,-0.20257112959868315,0.0935387517289807,2.233284686951369,-0.5422219390173546,18.148173838987628,-0.6003026867314292,17.94698528945401,-1.5798552210737982,18.241576247522307,-1.5959311265019698
21.930862639990814,29,flow,-0.1798251074234006,0.08823701658861727,2.3148243962724178,-0.5183728347790428,18.15345368523775,-0.5998214869459596,17.974596181507476,-1.5836964756306884,18.241576247522307,-1.5959311265019698
21.940862639990815,29,flow,-0.15629740612253096,0.08316614112382091,2.3895352059916894,-0.49606992959591134,18.158505944501474,-0.5993874371656582,18.002844123291897,-1.5871978427687363,18.241576247522307,-1.5959311265019698
21.950862639990813,29,flow,-0.1320588469826386,0.07831006596164805,2.456913695309574,-0.47543254585874617,18.163346195997544,-0.5989957930733502,18.03167085535693,-1.5902886885725454,18.241576247522307,-1.5959311265019698
21.960862639990815,29,flow,-0.10718517660338404,0.07365154901919457,2.5164800214941447,-0.4565773064784218,18.167991268204975,-0.5986421759871914,18.06101120945204,-1.5929033423963088,18.241576247522307,-1.5959311265019698
21.970862639990813,29,flow,-0.08175677629746693,0.06917221070032027,2.567788952430894,-0.43961446972443086,18.17245918609801,-0.5983225700931598,18.090793458737533,-1.594982346032113,18.241576247522307,-1.5959311265019698
21.980862639990814,29,flow,-0.05585825994970754,0.06485261620518953,2.6104410550066754,-0.4246442009454454,18.17676908194861,-0.5980333204665506,18.120939865114583,-1.5964736534598143,18.241576247522307,-1.5959311265019698
21.990862639990816,29,flow,-0.02957796151354848,0.060672394670508764,2.6440934813693056,-0.4117529673603113,18.180941069925588,-0.5977711316926134,18.151367420965293,-1.5973337356785633,18.241576247522307,-1.5959311265019698
22.000862639990814,29,flow,-0.0030073191494103075,0.05661039291449034,2.6684697532558377,-0.4010102560191171,18.184996086662675,-0.5975330669099561,18.181988772046278,-1.597528544929131,18.241576247522307,-1.5959311265019698
22.010862639990815,29,flow,0.023759830984999064,0.05264485955704001,2.6833679530237613,-0.39246581233401995,18.188955701969153,-0.5973165471042481,18.212713297496062,-1.5970342955986818,18.241576247522307,-1.5959311265019698
22.020862639990813,29,flow,0.05062803265934187,0.04875365340641359,2.6886667946503433,-0.38614757533164956,18.192841905732557,-0.5971193504749148,18.243448312887537,-1.5958380253553157,18.241576247522307,-1.5959311265019698
22.030862639990815,29,flow,0.0775010358355458,0.04491446841519733,2.6843291667024363,-0.38206044666639555,18.196676878647775,-0.5969396116858184,18.274100353940057,-1.593937909314087,18.241576247522307,-1.5959311265019698
22.040862639990813,29,flow,0.10428264462790515,0.04110506640750779,2.670402902919249,-0.3801859764495794,18.200482755505078,-0.5967758207992828,18.304576492845936,-1.5913433116446316,18.241576247522307,-1.5959311265019698
22.050862639990815,29,flow,0.13087755880465513,0.03730350825295564,2.64701872687471,-0.38048298590313384,18.204281390294305,-0.5966268216856926,18.33478563675627,-1.5880745720262717,18.241576247522307,-1.5959311265019698
22.060862639990813,29,flow,0.15719218112274225,0.03348837429190008,2.6143855141131773,-0.382889081625899,18.208094132254054,-0.5964918097062158,18.364639759088412,-1.5841625375902804,18.241576247522307,-1.5959311265019698
22.070862639990814,29,flow,0.18313536515306578,0.029638965575623108,2.5727831954123253,-0.3873229563449451,18.211941621237937,-0.5963703284886694,18.39405501886445,-1.5796478632696327,18.241576247522307,-1.5959311265019698
22.080862639990816,29,flow,0.20861908224455666,0.02573547878910048,2.5225537686458432,-0.3936873229283195,18.21584360947084,-0.5962622656590844,18.422952730731083,-1.5745801137487585,18.241576247522307,-1.5959311265019698
22.090862639990814,29,flow,0.2335589914638084,0.021759149429588273,2.4640909804299462,-0.40187229670254926,18.21981881506867,-0.5961678474538615,18.45126015784882,-1.5690167076845352,18.241576247522307,-1.5959311265019698
22.100862639990815,29,flow,0.2578749021943793,0.01769235974604759,2.3978292764160423,-0.41175902777602985,18.223884810771022,-0.5960876322161515,18.478911110494117,-1.5630217491287497,18.241576247522307,-1.5959311265019698
22.110862639990813,29,flow,0.28149112502932505,0.013518709919080413,2.3242326028189377,-0.4232233895300708,18.22805794936927,-0.5960225028692673,18.505846343989003,-1.5566647920771652,18.241576247522307,-1.5959311265019698
22.120862639990815,29,flow,0.30433671214158353,0.009223052812892958,2.2437835802554207,-0.4361395489329211,18.23235332546823,-0.5959736585520652,18.532013759564354,-1.5500195820994196,18.241576247522307,-1.5959311265019698
22.130862639990813,29,flow,0.3263455930796354,0.004791494229690889,2.156973477216353,-0.4503832746558019,18.23678477162678,-0.5959426056884843,18.557368420284842,-1.5431628146225442,18.241576247522307,-1.5959311265019698
22.140862639990814,29,flow,0.3474566156609124,0.000211361858267165,2.0642932991316423,-0.46583487535448653,18.241364885665615,-0.5959311488388872,18.581872400781766,-1.5361729433520983,18.241576247522307,-1.5959311265019698
22.150862639990816,29,flow,0.3676135042172836,-0.004528853005030792,1.9662261938517278,-0.4823816983760556,18.24610508504584,-0.595941381739212,18.6054944940795,-1.5291290652597551,18.241576247522307,-1.5959311265019698
22.160862639990814,29,flow,0.3867647489071179,-0.009439576368782501,1.8632412667820628,-0.4999201548031049,18.25101568370519,-0.5959756789721564,18.628209801315894,-1.5221099012314807,18.241576247522307,-1.5959311265019698
22.170862639990816,29,flow,0.4048634402648631,-0.01453025031603055,1.7557888067634198,-0.5183572675040768,18.256105986552864,-0.59603668873181,18.649999230870172,-1.5151928844250042,18.241576247522307,-1.5959311265019698
22.180862639990814,29,flow,0.42186706279076003,-0.01980944494866265,1.6442968514201612,-0.5376117632264767,18.261384396912106,-0.5961273271404394,18.670848932655666,-1.5084533620469918,18.241576247522307,-1.5959311265019698
22.190862639990815,29,flow,0.4377372603962281,-0.025284979128064572,1.529168969293581,-0.5576147472894992,18.26685853249483,-0.596250774556125,18.690749691485294,-1.5019639108910914,18.241576247522307,-1.5959311265019698
22.200862639990813,29,flow,0.45243958511995197,-0.030964046079195767,1.4107831044429096,-0.578310010438827,18.272535345927857,-0.5964104742761563,18.709696300847824,-1.495793762698541,18.241576247522307,-1.5959311265019698
22.210862639990815,29,flow,0.4659432389007201,-0.036853340451884195,1.2894913145954134,-0.5996540227761228,18.27842124636508,-0.5966101339974211,18.727686935475898,-1.4900083322202418,18.241576247522307,-1.5959311265019698
22.220862639990813,29,flow,0.4782208164887902,-0.042959183989632624,1.1656202328565282,-0.621615670494394,18.28452221926308,-0.5968537303452753,18.744722538016617,-1.4846688386978788,18.241576247522307,-1.5959311265019698
22.230862639990814,29,flow,0.48924805591494397,-0.049287647503228275,1.039472091798655,-0.6441757886279265,18.290843941930646,-0.5971455167299394,18.76080623213963,-1.4798320102153268,18.241576247522307,-1.5959311265019698
22.240862639990816,29,flow,0.4990036013969825,-0.055844667356211686,0.9113261640536705,-0.6673265382741516,18.297391892957602,-0.5974900347370918,18.775942771678537,-1.4755498598489236,18.241576247522307,-1.5959311265019698
22.250862639990814,29,flow,0.5074687821973742,-0.06263615512440672,0.7814404924754058,-0.6910706707156506,18.304171454068307,-0.5978921292090467,18.790138032984807,-1.4718695226101535,18.241576247522307,-1.5959311265019698
22.260862639990815,29,flow,0.5146274097776719,-0.06966809948340787,0.6500538032628568,-0.7154207143176239,18.311188003321227,-0.5983569671260407,18.803398555618248,-1.4688331426802381,18.241576247522307,-1.5959311265019698
22.270862639990813,29,flow,0.5204655946302953,-0.07694665970386079,0.5173875154985089,-0.7403981135553981,18.318446998885975,-0.5988900603543486,18.815731134808807,-1.4664778012540691,18.241576247522307,-1.5959311265019698
22.280862639990815,29,flow,0.5249715833977898,-0.08447825039690506,0.38364777925489313,-0.7660323434153105,18.325954052875574,-0.599497292289298,18.827142467780778,-1.464835476333438,18.241576247522307,-1.5959311265019698
22.290862639990813,29,flow,0.5281356162964242,-0.09226961735662476,0.24902749109542588,-0.7923600169401788,18.33371499489947,-0.6001849483863985,18.837638854996477,-1.4639330269515147,18.241576247522307,-1.5959311265019698
22.300862639990815,29,flow,0.5299498044229097,-0.10032790449982405,0.11370825012142188,-0.8194239989728104,18.341735925139314,-0.6009597505420092,18.847225956608487,-1.463792195507597,18.241576247522307,-1.5959311265019698
22.310862639990813,29,flow,0.5304080262159268,-0.10866071201371677,-0.022137770379908724,-0.8472725352192799,18.35002325684232,-0.6018288952553316,18.855908603859497,-1.4644296230971934,18.241576247522307,-1.5959311265019698
22.320862639990814,29,flow,0.5295058421451664,-0.11727614589658149,-0.15834605108931019,-0.8759584025940153,18.358583748183566,-0.6028000954748424,18.863690664791072,-1.4658568739055893,18.241576247522307,-1.5959311265019698
22.330862639990816,29,flow,0.5272404265829652,-0.1261828591240819,-0.29475806257060083,-0.9055380843315608,18.367424523477755,-0.603881626003612,18.87057496336972,-1.4680804658758495,18.241576247522307,-1.5959311265019698
22.340862639990814,29,flow,0.5236105157665065,-0.13539008469781505,-0.43121971151169397,-0.9360709715541381,18.37655308372616,-0.6050823723076689,18.876563250975614,-1.471101905948321,18.241576247522307,-1.5959311265019698
22.350862639990815,29,flow,0.5186163707497359,-0.14490766084398063,-0.5675798960147276,-0.967618591691987,18.38597730647673,-0.6064118825391042,18.881656229081624,-1.474917729200628,18.241576247522307,-1.5959311265019698
22.360862639990813,29,flow,0.5122597542714451,-0.1547460486291478,-0.7036891663476967,-1.000243863371043,18.395705434955403,-0.6078804225493772,18.88585362185342,-1.4795195421858158,18.241576247522307,-1.5959311265019698
22.370862639990815,29,flow,0.5045439205079892,-0.16491634225407661,-0.8393984864498878,-1.0340103769971365,18.40574605640197,-0.6094990336276477,18.88915429729202,-1.484894071675949,18.241576247522307,-1.5959311265019698
22.380862639990813,29,flow,0.49547361672742823,-0.1754302722784015,-0.9745580913769424,-1.0689817002205082,18.416108069517637,-0.6112795926530705,18.89155643539576,-1.4910232208674632,18.241576247522307,-1.5959311265019698
22.390862639990814,29,flow,0.48505509590702844,-0.18630020202180445,-1.1090164366021416,-1.1052207077070535,18.426800640907523,-0.6132348742983306,18.893057741617316,-1.4978841358917023,18.241576247522307,-1.5959311265019698
22.400862639990816,29,flow,0.47329613941037785,-0.19753911738378926,-1.2426192364915793,-1.1427889351224911,18.43783315038275,-0.6153786148639516,18.893655703615032,-1.5054492861956184,18.241576247522307,-1.5959311265019698
22.410862639990814,29,flow,0.46020608883795394,-0.2091606103264549,-1.3752085911947867,-1.1817459579096106,18.449215124976767,-0.6177255772591476,18.893347888931125,-1.5136865630070004,18.241576247522307,-1.5959311265019698
22.420862639990816,29,flow,0.4457958861612946,-0.22117885627449535,-1.5066222034988304,-1.22214879626666,18.460956161531055,-0.6202916165755245,18.892132280760258,-1.5225594006653937,18.241576247522307,-1.5959311265019698
22.430862639990814,29,flow,0.4300781212228336,-0.23360858570536652,-1.6366926897442307,-1.2640513486769636,18.473065837719187,-0.6230937456255559,18.89000764839214,-1.5320269260699497,18.241576247522307,-1.5959311265019698
22.440862639990815,29,flow,0.41306708562925115,-0.24646505023108972,-1.765246991551507,-1.307503857354099,18.48555361140655,-0.6261501997395928,18.886973948216433,-1.5420441418504915,18.241576247522307,-1.5959311265019698
22.450862639990813,29,flow,0.3947788319856038,-0.25976398351200625,-1.8921058977033194,-1.3525524100068873,18.49842870828773,-0.6294805000348193,18.883032750368702,-1.5525621490859622,18.241576247522307,-1.5959311265019698
22.460862639990815,29,flow,0.37523123731193153,-0.273521557391945,-2.017083687898886,-1.3992384833407114,18.511699997804957,-0.6331055142890224,18.87818768517789,-1.563528415449587,18.241576247522307,-1.5959311265019698
22.470862639990813,29,flow,0.3544440693566461,-0.28775433370315273,-2.1399879120560046,-1.4475985346345943,18.525375857429736,-0.6370475144736955,18.87244490256366,-1.574887094524477,18.241576247522307,-1.5959311265019698
22.480862639990814,29,flow,0.3324390543769608,-0.3024792122567035,-2.2606193201732547,-1.4976636484959873,18.539464025484417,-0.6413302299274921,18.865813536446947,-1.586579401677734,18.241576247522307,-1.5959311265019698
22.490862639990816,29,flow,0.30923994480323835,-0.317713375607974,-2.378771958255531,-1.5494592464173669,18.553971442790125,-0.6459788950852625,18.85830616511069,-1.5985440512767248,18.241576247522307,-1.5959311265019698
22.500862639990814,29,flow,0.2848725850510617,-0.33347423126429365,-2.4942334452131387,-1.6030048669530659,18.56890408354883,-0.6510202906226292,18.849939257321747,-1.610717759152387,18.241576247522307,-1.5959311265019698
22.510862639990815,29,flow,0.2593649736041087,-0.34977935207932376,-2.6067854437301747,-1.6583140241096337,18.584266775996532,-0.6564827768339027,18.840733592950134,-1.623035813041274,18.241576247522307,-1.5959311265019698
22.520862639990813,29,flow,0.23274731937687776,-0.3666464156514407,-2.716204334637368,-1.7153941508076251,18.600063013496815,-0.6623963180341016,18.830714645860905,-1.6354327122598167,18.241576247522307,-1.5959311265019698
22.529880144685148,29,pre_impact,0.20781990985118104,-0.38235283505061535,-2.8119973416827193,-1.7683859744106354,18.614680682947807,-0.6681417752665626,18.82100789353727,-1.6466248268164456,18.241576247522307,-1.5959311265019698
22.529880144685148,30,post_impact,-0.38235283505061535,0.20781990985118104,-0.15974884932376662,-1.1603463035105406,18.614680682947807,-0.6681417752665625,18.241576247522307,-1.5959311265019696,18.82100789353727,-1.6466248268164456
22.53988014468515,30,flow,-0.3833506277693074,0.19640034393540737,-0.039825653264568744,-1.1237516238236758,18.62586774485393,-0.6658494588693076,18.25183775385246,-1.5932660674285035,18.82100789353727,-1.6466248268164456
22.549880144685147,30,flow,-0.3831500347511795,0.18534124532526794,0.0798913880526973,-1.0882466799480977,18.636725948325314,-0.6637514043103241,18.262881998144195,-1.5912430220152918,18.82100789353727,-1.6466248268164456
22.55988014468515,30,flow,-0.38175423379565404,0.1746318951214168,0.1991780791209485,-1.0537964459568396,18.64726225037446,-0.6618342645739241,18.274713257631817,-1.5898467903549292,18.82100789353727,-1.6466248268164456
22.569880144685147,30,flow,-0.37916867551081246,0.16426190349102396,0.31780380331103003,-1.020370256101304,18.657483679166376,-0.6600855061026785,18.2873353594899,-1.5890581760132,18.82100789353727,-1.6466248268164456
22.57988014468515,30,flow,-0.37540115504442034,0.1542211624289729,0.4355300190087651,-0.9879425307480252,18.66739734149166,-0.65849335869075,18.300751564060494,-1.588853973663189,18.82100789353727,-1.6466248268164456
22.589880144685146,30,flow,-0.37046189880221037,0.14449979132043503,0.5521087710844944,-0.9564934883930842,18.677010441325336,-0.6570467683710942,18.3149644070669,-1.5892069847919301,18.82100789353727,-1.6466248268164456
22.599880144685148,30,flow,-0.36436366583777774,0.1350880755012267,0.6672812513529628,-0.9260098319099733,18.686330308920652,-0.655735353564341,18.329975501532758,-1.590086064620707,18.82100789353727,-1.6466248268164456
22.609880144685146,30,flow,-0.35712186321987893,0.12597639814444248,0.7807764505160675,-0.8964853943379815,18.695364439774302,-0.6545493647035512,18.345785300911945,-1.5914562040810063,18.82100789353727,-1.6466248268164456
22.619880144685148,30,flow,-0.3487546742095576,0.11715516596443867,0.8923099537966442,-0.867921726380706,18.704120542656728,-0.653479647497667,18.362392825854208,-1.593278651311215,18.82100789353727,-1.6466248268164456
22.62988014468515,30,flow,-0.3392831975068151,0.10861472942386548,1.0015829426468843,-0.8403286045050606,18.71260659572706,-0.6525176099464232,18.37979535809689,-1.5955110776369867,18.82100789353727,-1.6466248268164456
22.639880144685147,30,flow,-0.3287315951519141,0.10034529835685504,1.1082814749993812,-0.8137244352954452,18.72083090954555,-0.6516551931701101,18.397988106192365,-1.5981077933160743,18.82100789353727,-1.6466248268164456
22.64988014468515,30,flow,-0.31712724589459257,0.09233685417994544,1.2120761257278656,-0.788136528792081,18.728802195558576,-0.650884846068328,18.41696384914938,-1.6010200184037058,18.82100789353727,-1.6466248268164456
22.659880144685147,30,flow,-0.3045008999893334,0.08457906014708723,1.3126220762574001,-0.7636012112737207,18.736529638367024,-0.6501995037724202,18.436712565563838,-1.604196213858848,18.82100789353727,-1.6466248268164456
22.66988014468515,30,flow,-0.2908868304618443,0.07706117140750986,1.4095597463273108,-0.7401637467579424,18.74402296980676,-0.6495925698065695,18.4572210574008,-1.6075824773944758,18.82100789353727,-1.6466248268164456
22.679880144685146,30,flow,-0.2763229749604492,0.06977194693210266,1.502516060283287,-0.7178780368746297,18.751292542582558,-0.6490579018228082,18.478472579199313,-1.6111230075093017,18.82100789353727,-1.6466248268164456
22.689880144685148,30,flow,-0.2608510614109386,0.0626995656670147,1.5911064333736091,-0.6968060712381203,18.758349400922793,-0.6485898007260376,18.50044648501404,-1.6147606375689654,18.82100789353727,-1.6466248268164456
22.69988014468515,30,flow,-0.24451670990512903,0.05583154952899729,1.674937548817612,-0.6770171054969599,18.765205345484503,-0.6481830029574795,18.52311790676436,-1.6184374396976167,18.82100789353727,-1.6466248268164456
22.709880144685147,30,flow,-0.22736950265657732,0.0491546960476462,1.7536109726478633,-0.6585865522777733,18.771872989564603,-0.6478326756600618,18.546457478687753,-1.6220953955955668,18.82100789353727,-1.6466248268164456
22.71988014468515,30,flow,-0.20946301354629165,0.042655023554046684,1.8267276198028481,-0.6415945814747956,18.77836580359435,-0.6475344144085895,18.570431123130696,-1.625677128259936,18.82100789353727,-1.6466248268164456
22.729880144685147,30,flow,-0.19085478885444665,0.03631773178149714,1.8938930418333313,-0.6261244406941731,18.784698144941977,-0.6472842431529248,18.59499991278869,-1.6291266850538229,18.82100789353727,-1.6466248268164456
22.73988014468515,30,flow,-0.1716062713213555,0.030127180552698647,1.9547234552151105,-0.6122605236842928,18.790885270251962,-0.6470786159955495,18.620120023574167,-1.6323903588095032,18.82100789353727,-1.6466248268164456
22.749880144685147,30,flow,-0.15178266077250718,0.02406688885655413,2.008852372342761,-0.600086233361882,18.796943327931164,-0.646914420407575,18.645742790425636,-1.6354175298908178,18.82100789353727,-1.6466248268164456
22.759880144685148,30,flow,-0.13145270621426347,0.018119556055446462,2.055937638954254,-0.5896817052053944,18.802889328962557,-0.6467889814809465,18.671814875511707,-1.6381615086636203,18.82100789353727,-1.6466248268164456
22.769880144685146,30,flow,-0.11068842654682201,0.01226710621532238,2.0956686273999905,-0.581121474555989,18.80874109498253,-0.646700066820366,18.69827855444887,-1.6405803549531217,18.82100789353727,-1.6466248268164456
22.779880144685148,30,flow,-0.089564759778844,0.006490755640045644,2.1277732910139946,-0.5744721857145235,18.814517183472955,-0.6466458916968797,18.725072121462063,-1.6426376491335906,18.82100789353727,-1.6466248268164456
22.78988014468515,30,flow,-0.06815914373030839,0.0007711026628097421,2.152024757128113,-0.5697904496113185,18.820236790950876,-0.6466251241160892,18.752130409098783,-1.6443031887997912,18.82100789353727,-1.6466248268164456
22.799880144685147,30,flow,-0.04655103448419147,-0.004911762335370287,2.1682471303852204,-0.5671209585068235,18.82591963612295,-0.6466368894968137,18.779385412489933,-1.645553585738734,18.82100789353727,-1.6466248268164456
22.80988014468515,30,flow,-0.024821372055526956,-0.010578129768549256,2.176320197497421,-0.5664949595196083,18.831585826030395,-0.6466807747094435,18.80676700263969,-1.646372740269586,18.82100789353727,-1.6466248268164456
22.819880144685147,30,flow,-0.0030520056276700444,-0.016248530587082748,2.176182770309393,-0.5679291735194535,18.837255709158512,-0.6467568312852664,18.834203708268944,-1.646752173919706,18.82100789353727,-1.6466248268164456
22.82988014468515,30,flow,0.01867490699367522,-0.021943587710987623,2.167834473632913,-0.571425222852103,18.84294972024079,-0.6468655776764776,18.861623541767727,-1.6466912066686434,18.82100789353727,-1.6466248268164456
22.839880144685146,30,flow,0.040277509544518086,-0.027683864441018686,2.1513358723333447,-0.5769696022842062,18.848688221978346,-0.6470080005187916,18.88895484218808,-1.6461969712830233,18.82100789353727,-1.6466248268164456
22.849880144685148,30,flow,0.061674850367510914,-0.033489715316340624,2.126806930431087,-0.5845341951488793,18.854491349078046,-0.6471855549219253,18.91612710721382,-1.6452842641280978,18.82100789353727,-1.6466248268164456
22.859880144685146,30,flow,0.08278746207079316,-0.03938114474626276,2.0944238940550948,-0.5940773040243639,18.860378859870238,-0.6474001638852266,18.94307178672346,-1.643975238753371,18.82100789353727,-1.6466248268164456
22.869880144685148,30,flow,0.10353790285500442,-0.04537767828052319,2.0544147802736745,-0.6055451355655134,18.866370000303416,-0.6476542170036559,18.96972301288905,-1.6422989549827363,18.82100789353727,-1.6466248268164456
22.87988014468515,30,flow,0.12385124679918938,-0.05149825065504744,2.007053726544227,-0.618873655132375,18.872483384384495,-0.6479505686911862,18.996018245511845,-1.6402908017192772,18.82100789353727,-1.6466248268164456
22.889880144685147,30,flow,0.14365551319765954,-0.05776111381788884,1.952654505121076,-0.6339907104713887,18.87873689419989,-0.6482925362024962,19.02189881608447,-1.637991815843698,18.82100789353727,-1.6466248268164456
22.89988014468515,30,flow,0.1628820282284734,-0.06418376708598812,1.8915635301729088,-0.6508183159156706,18.885147601596074,-0.6486838977779923,19.047310359515198,-1.6354479222256124,18.82100789353727,-1.6466248268164456
22.909880144685147,30,flow,0.18146571551996996,-0.07078291049471654,1.8241526830692163,-0.6692749892326432,18.891731712506438,-0.6491288912706329,19.07220312807913,-1.6327091209220774,18.82100789353727,-1.6466248268164456
22.91988014468515,30,flow,0.19934531532900718,-0.07757442135833748,1.7508122564618747,-0.6892780413365065,18.8985045338623,-0.6496322136350174,19.096532187562104,-1.6298286471982861,18.82100789353727,-1.6466248268164456
22.929880144685146,30,flow,0.21646353485181236,-0.08457335312687687,1.6719442755952207,-0.7107457329127597,18.905480462086686,-0.6501990216695375,19.120257500391308,-1.6268621282815845,18.82100789353727,-1.6466248268164456
22.939880144685148,30,flow,0.23276713451256145,-0.09179395485086586,1.5879564019265426,-0.7335992295463792,18.912672991386696,-0.6508349344012558,19.143343904553678,-1.623866758042554,18.82100789353727,-1.6466248268164456
22.94988014468515,30,flow,0.24820695683601385,-0.09924970897678634,1.499256565896763,-0.7577643061498416,18.920094739460932,-0.6515460374912482,19.165761000149885,-1.6209005074139426,18.82100789353727,-1.6466248268164456
22.959880144685147,30,flow,0.2627379056885,-0.10695338479999256,1.4062484181232033,-0.7831727705208452,18.927757487829584,-0.6523388900163586,19.187482957480835,-1.6180213846358056,18.82100789353727,-1.6466248268164456
22.96988014468515,30,flow,0.2763188842959666,-0.11491710468910829,1.3093276357524393,-0.8097635932806846,18.935672233767296,-0.6532205339529544,19.2084882616627,-1.6152867556463328,18.82100789353727,-1.6466248268164456
22.979880144685147,30,flow,0.28891270058486,-0.12315242014500499,1.2088790761464139,-0.8374837462748115,18.943849250751544,-0.654198506650684,19.22875940902706,-1.6127527313617436,18.82100789353727,-1.6466248268164456
22.98988014468515,30,flow,0.30048594812982654,-0.13167039483958176,1.1052747350128598,-0.8662887632380344,18.952298154403337,-0.6552808565408805,19.248282570133757,-1.610473625381141,18.82100789353727,-1.6466248268164456
22.999880144685147,30,flow,0.31100887042909914,-0.14048169196269472,0.9988724408590476,-0.8961430450161042,18.961027971060876,-0.6564761622764766,19.267047233271324,-1.608501482925131,18.82100789353727,-1.6466248268164456
23.009880144685148,30,flow,0.32045521545999844,-0.1495966634581049,0.8900152016558857,-0.9270199370753758,18.97004720635906,-0.6577935554492778,19.285045841005328,-1.606885679624264,18.82100789353727,-1.6466248268164456
23.019880144685146,30,flow,0.32880208658001064,-0.1590254390225325,0.7790311116532197,-0.9589016098073965,18.979363911459796,-0.6592427469771766,19.302273430806228,-1.6056725871214192,18.82100789353727,-1.6466248268164456
23.029880144685148,30,flow,0.3360297949064799,-0.16877801305157816,0.6662337248763487,-0.9917787727381583,18.988985744866344,-0.6608340571990448,19.31872728916869,-1.6049053013120629,18.82100789353727,-1.6466248268164456
23.03988014468515,30,flow,0.3421217173874407,-0.17886432802330185,0.5519228053647416,-1.0256502527057962,18.998920028040164,-0.6625784496590351,19.334406627019582,-1.604623428365054,18.82100789353727,-1.6466248268164456
23.049880144685147,30,flow,0.34706416390926964,-0.18929435310066778,0.4363853711777762,-1.0605224638741557,19.00917379330767,-0.6644875685049633,19.349312282671864,-1.604862923378242,18.82100789353727,-1.6466248268164456
23.05988014468515,30,flow,0.350846256001192,-0.20007815699862921,0.319896958268694,-1.0964087945412402,19.019753822787646,-0.6665737793671792,19.363446457160826,-1.6056559765563412,18.82100789353727,-1.6466248268164456
23.069880144685147,30,flow,0.35345981900775786,-0.21122597439507965,0.20272304043628245,-1.13332893244162,19.030666677283083,-0.6688502135244935,19.37681248552084,-1.6070309420834585,18.82100789353727,-1.6466248268164456
23.07988014468515,30,flow,0.35489928901416135,-0.22274826536519104,0.08512055187394761,-1.171308146908931,19.041918714262344,-0.6713308151017352,19.389414646433277,-1.6090123053342413,18.82100789353727,-1.6466248268164456
23.089880144685146,30,flow,0.3551616353245916,-0.23465576748608533,-0.032660531248789454,-1.210376543060329,19.05351609420428,-0.6740303909786759,19.401258011693407,-1.6116206846682943,18.82100789353727,-1.6466248268164456
23.099880144685148,30,flow,0.3542462989044948,-0.24695954039570972,-0.15037558459560796,-1.2505683002162942,19.065464774703358,-0.6769646630216499,19.412348336093217,-1.6148728647330373,18.82100789353727,-1.6466248268164456
23.109880144685146,30,flow,0.3521551468950869,-0.25967100269768395,-0.26778373119385823,-1.2919209041805113,19.07777049182627,-0.6801503221760584,19.422691987578734,-1.6187818589187168,18.82100789353727,-1.6466248268164456
23.119880144685148,30,flow,0.34889244308108813,-0.27280196119035816,-0.3846462579481579,-1.3344743807481947,19.090438728288817,-0.6836050838801515,19.432295916896106,-1.6233569993331183,18.82100789353727,-1.6466248268164456
23.12988014468515,30,flow,0.3444648340302433,-0.2863646324604962,-0.5007250665397754,-1.378270535987431,19.1034746680797,-0.6873477441757742,19.441167665364116,-1.6286040533631634,18.82100789353727,-1.6466248268164456
23.139880144685147,30,flow,0.3388813505148392,-0.30037165693110063,-0.6157811672108678,-1.4233522073264222,19.116883137208216,-0.6913982358011733,19.449315408888793,-1.6345253665451094,18.82100789353727,-1.6466248268164456
23.14988014468515,30,flow,0.3321534237604495,-0.31483610548650115,-0.7295732200082421,-1.469762528319344,19.13066853029456,-0.6957776834526603,19.456748035844488,-1.6411200320546437,18.82100789353727,-1.6466248268164456
23.159880144685147,30,flow,0.3242949160378277,-0.32977147882208063,-0.8418561249259815,-1.517544209079455,19.14483472276224,-0.7005084572962357,19.463475255974544,-1.648384087637146,18.82100789353727,-1.6466248268164456
23.16988014468515,30,flow,0.3153221651122986,-0.34519169968249047,-0.9523796599145855,-1.5667388337253902,19.159384968435266,-0.7056142236968651,19.469507737001774,-1.6563107412126512,18.82100789353727,-1.6466248268164456
23.179880144685146,30,flow,0.3052540420854617,-0.36111109816327763,-1.0608871637713757,-1.6173861757381311,19.174321782392067,-0.7111199920121024,19.474857265177697,-1.6648906266967778,18.82100789353727,-1.6466248268164456
23.189880144685148,30,flow,0.2941120222019872,-0.37754439025822634,-1.1671142593567645,-1.6695235318283859,19.189646808987924,-0.7170521561686006,19.479536925538905,-1.6741120917661878,18.82100789353727,-1.6466248268164456
23.19988014468515,30,flow,0.28192026824656735,-0.39450664983969874,-1.270787611269377,-1.723185074726763,19.205360675030928,-0.723438529605482,19.48356129718132,-1.6839615193538453,18.82100789353727,-1.6466248268164456
23.209880144685147,30,flow,0.2687057262206427,-0.41201327426277584,-1.3716237109525613,-1.7784012251968193,19.221462828186798,-0.7303083720286666,19.486946658416578,-1.6944236845751093,18.82100789353727,-1.6466248268164456
23.21956253162694,30,pre_impact,0.25496442614029885,-0.429497351339732,-1.4662757027683497,-1.8333695708884918,19.237421752907032,-0.7374496524277135,19.48963273786349,-1.7051219208467754,18.82100789353727,-1.6466248268164456
23.21956253162694,31,post_impact,-0.429497351339732,0.25496442614029885,-0.02885114083637319,-1.201805736389246,19.237421752907032,-0.7374496524277134,18.82100789353727,-1.6466248268164456,19.48963273786349,-1.7051219208467754
23.229562531626943,31,flow,-0.4291426451850247,0.24315448422372316,0.09988033448440056,-1.160346980270693,19.24886722886161,-0.7345386067129164,18.83277588571101,-1.6438614284627764,19.48963273786349,-1.7051219208467754
23.23956253162694,31,flow,-0.4274983695174305,0.23175428645736476,0.22902421922081947,-1.119848361109693,19.259947476236384,-0.7318569617573779,18.845351872282823,-1.6418627228283622,19.48963273786349,-1.7051219208467754
23.249562531626943,31,flow,-0.4245615640773399,0.22075448166505382,0.35834692045186667,-1.080260488698844,19.270666880232778,-0.7293893995111143,18.858745570213415,-1.640608821139041,19.48963273786349,-1.7051219208467754
23.25956253162694,31,flow,-0.4203316328693494,0.21014619150050046,0.487608819633365,-1.0415383498721806,19.28102986043854,-0.7271214916392875,18.872966619502094,-1.6400751549740944,19.48963273786349,-1.7051219208467754
23.269562531626942,31,flow,-0.41481041532764834,0.19992096176159999,0.6165620762880852,-1.0036422950619863,19.291040870424723,-0.7250396435928791,18.88802443931164,-1.640232386272186,19.48963273786349,-1.7051219208467754
23.27956253162694,31,flow,-0.4080022798456873,0.19007070374670795,0.7449483551252764,-0.966539041978318,19.300704411980398,-0.7231310412154972,18.903928028930896,-1.6410463433290179,19.48963273786349,-1.7051219208467754
23.28956253162694,31,flow,-0.39991424030734707,0.18058762552882857,0.8724965042139299,-0.9302026863436996,19.310025063710473,-0.7213836002628191,18.92068571274152,-1.6424779872759379,19.48963273786349,-1.7051219208467754
23.29956253162694,31,flow,-0.39055609591881246,0.17146415314466273,0.9989202245928508,-0.8946157054141244,19.319007523618108,-0.7197859191378574,18.938304829153235,-1.644483414769367,19.48963273786349,-1.7051219208467754
23.30956253162694,31,flow,-0.37994059416241704,0.16269284186263402,1.1239157869344372,-0.8597699349822097,19.327656665145003,-0.7183272350753659,18.956791364486996,-1.6470139038543716,19.48963273786349,-1.7051219208467754
23.319562531626943,31,flow,-0.3680836160514042,0.15426627791557693,1.247159868481153,-0.8256674947290029,19.33597760594221,-0.7169973839415054,18.976149534064685,-1.6500160111343936,19.48963273786349,-1.7051219208467754
23.32956253162694,31,flow,-0.3550043820358318,0.14617697136709054,1.368307603060345,-0.7923216303013713,19.343975788382966,-0.7157867637498351,18.996381314350007,-1.6534317294067467,19.48963273786349,-1.7051219208467754
23.339562531626942,31,flow,-0.3407256758783231,0.1384172411310514,1.486990957793223,-0.7597574336032308,19.351657070501545,-0.7146863019315296,19.017485931908887,-1.6571987157127412,19.48963273786349,-1.7051219208467754
23.34956253162694,31,flow,-0.32527408257758417,0.13097909358346402,1.6028175709012114,-0.7280123959247548,19.359027825646375,-0.7136874263365434,19.03945931723232,-1.661250600183024,19.48963273786349,-1.7051219208467754
23.359562531626942,31,flow,-0.3086802349764205,0.12385409669154492,1.715370203950571,-0.6971367423111873,19.3660950486738,-0.7127820398837705,19.062293534074243,-1.6655173859936,19.48963273786349,-1.7051219208467754
23.36956253162694,31,flow,-0.29097906207966934,0.11703325212630948,1.824206976498384,-0.6671934908201007,19.372866465991926,-0.7119624987230078,19.08597619784692,-1.6699259500319226,19.48963273786349,-1.7051219208467754
23.37956253162694,31,flow,-0.2722100303841423,0.11050686840226129,1.9288625583207046,-0.6382581780647495,19.379350646210476,-0.7112215937210438,19.110489899680346,-1.6744006523468333,19.48963273786349,-1.7051219208467754
23.389562531626943,31,flow,-0.25241736777897156,0.1042644386702038,2.028850490637016,-0.6104181938809822,19.385557107593556,-0.7105525350400759,19.135811655824156,-1.6788640599743285,19.48963273786349,-1.7051219208467754
23.39956253162694,31,flow,-0.2316502579394059,0.09829452733355187,2.123666789215947,-0.5837716743335507,19.39149641799046,-0.7099489395406217,19.161912404917263,-1.6832377871810362,19.48963273786349,-1.7051219208467754
23.409562531626943,31,flow,-0.20996299177570082,0.0925846701095375,2.212794945465059,-0.5584259147380046,19.397180282489664,-0.7094048207147398,19.188756577973773,-1.6874434494998574,19.48963273786349,-1.7051219208467754
23.41956253162694,31,flow,-0.18741506160753996,0.08712129244911121,2.2957123840514466,-0.5344952837302458,19.402621613768055,-0.7089145808398626,19.21630176738194,-1.6914037231934334,19.48963273786349,-1.7051219208467754
23.429562531626942,31,flow,-0.16407118352663946,0.08188965129250536,2.371898356549889,-0.5120986458780803,19.407834580061557,-0.7084730050393031,19.244498521407653,-1.6950434951429796,19.48963273786349,-1.7051219208467754
23.43956253162694,31,flow,-0.14000123409357773,0.07687380490280565,2.4408431520181124,-0.49135633322421235,19.412834625932287,-0.7080752569419198,19.273290289268957,-1.6982910809445413,19.48963273786349,-1.7051219208467754
23.449562531626942,31,flow,-0.11528008926133172,0.07205661493108498,2.502058392580742,-0.4723867436910227,19.417638461607922,-0.7077168756487693,19.302613538507487,-1.7010794816823056,19.48963273786349,-1.7051219208467754
23.45956253162694,31,flow,-0.0899873563276494,0.06741978389121914,2.5550880640856737,-0.45530268346674185,19.42226401765284,-0.7073937737359611,19.332398060962046,-1.703347643063275,19.48963273786349,-1.7051219208467754
23.46956253162694,31,flow,-0.0642069937837742,0.06294392986361082,2.599519821062586,-0.4402076072376766,19.426730363094908,-0.7071022360466847,19.362567476181038,-1.7050416750623385,19.48963273786349,-1.7051219208467754
23.479562531626943,31,flow,-0.03802681900451107,0.05860869855279985,2.634996016153117,-0.4271919396279773,19.431057586828548,-0.7068389190475695,19.39303993187176,-1.7061159866877642,19.48963273786349,-1.7051219208467754
23.48956253162694,31,flow,-0.01153790952132343,0.0543929108914995,2.6612238517037436,-0.41632967859426817,19.435266644047072,-0.7066008505417246,19.42372899051825,-1.7065342896020699,19.48963273786349,-1.7051219208467754
23.499562531626943,31,flow,0.015166090293781185,0.05027474235483239,2.677984047725409,-0.40767548273035614,19.439379171484134,-0.7063854295408076,19.454544680391784,-1.7062704265977553,19.48963273786349,-1.7051219208467754
23.50956253162694,31,flow,0.04198973946086919,0.046231928200292906,2.685137473308715,-0.4012624270499619,19.44341727718919,-0.7061904261011837,19.48539467878536,-1.705308986510925,19.48963273786349,-1.7051219208467754
23.519562531626942,31,flow,0.06883662486214223,0.0422419871717499,2.6826292978190662,-0.3971005758415707,19.447403312235718,-0.7060139809267943,19.516185586470815,-1.7036456758678922,19.48963273786349,-1.7051219208467754
23.52956253162694,31,flow,0.09561021353397084,0.03828245495648015,2.670490375473008,-0.39517646934179734,19.451359633007236,-0.7058546045371393,19.546824245959264,-1.7012874288271158,19.48963273786349,-1.7051219208467754
23.53956253162694,31,flow,0.12221470449853593,0.03433111804023881,2.6488357666972573,-0.39545355831890006,19.455308363348646,-0.7057111758003932,19.577219053003066,-1.6982522498864907,19.48963273786349,-1.7051219208467754
23.54956253162694,31,flow,0.1485558518409242,0.030366238583229666,2.6178604999950683,-0.3978735544044347,19.45927116589261,-0.7055829396422117,19.607281211099238,-1.6945687972346908,19.48963273786349,-1.7051219208467754
23.55956253162694,31,flow,0.17454173275227744,0.026366761584375085,2.5778328665376558,-0.4023586014727529,19.463269031228577,-0.7054695037674846,19.636925882635097,-1.6902757273259943,19.48963273786349,-1.7051219208467754
23.569562531626943,31,flow,0.20008343799420564,0.02231249681919569,2.5290856947810996,-0.40881412164883996,19.46732209236839,-0.7053708342769273,19.666073197261245,-1.6854208321361543,19.48963273786349,-1.7051219208467754
23.57956253162694,31,flow,0.22509566728707156,0.018184269693810803,2.472006158847148,-0.4171321536703275,19.47144947031144,-0.7052872501230949,19.69464908732976,-1.6800600087509072,19.48963273786349,-1.7051219208467754
23.589562531626942,31,flow,0.24949721796078275,0.013964037083093671,2.40702472440354,-0.4271949839724183,19.475669154593987,-0.7052194164283317,19.72258593083523,-1.6742561059353043,19.48963273786349,-1.7051219208467754
23.59956253162694,31,flow,0.27321136125882084,0.00963496622667024,2.334603829857374,-0.43887887192640257,19.47999792070925,-0.7051683367747924,19.74982299321903,-1.6680776940068687,19.48963273786349,-1.7051219208467754
23.609562531626942,31,flow,0.2961661064290297,0.005181476668687509,2.2552268465027834,-0.45205768771749233,19.484451284379894,-0.7051353446669762,19.77630666970553,-1.6615978029247085,19.48963273786349,-1.7051219208467754
23.61956253162694,31,flow,0.3182943577455993,0.0005892469054617428,2.1693877714289878,-0.46660631033702366,19.489043490992128,-0.7051220944527281,19.801990538783976,-1.6548926695277655,19.48963273786349,-1.7051219208467754
23.62956253162694,31,flow,0.3395339736023444,-0.00415481124629498,2.077581996282468,-0.4824036692749972,19.493787537156088,-0.7051305520626052,19.826835244538692,-1.6480405289995295,19.48963273786349,-1.7051219208467754
23.639562531626943,31,flow,0.35982773966236237,-0.009062606576159067,1.9802983778159047,-0.4993353519987483,19.498695220386914,-0.7051629859846918,19.850808230533335,-1.6411204786549665,19.48963273786349,-1.7051219208467754
23.64956253162694,31,flow,0.3791232697421766,-0.014144946125060134,1.878012724686247,-0.5172957361762891,19.503777212307643,-0.705221958929235,19.873883350884448,-1.6342114347510912,19.48963273786349,-1.7051219208467754
23.659562531626943,31,flow,0.39737284875327233,-0.019411631728058473,1.7711827179416963,-0.5361896379179403,19.509043150527013,-0.7053103206539032,19.8960403852134,-1.627391195818924,19.48963273786349,-1.7051219208467754
23.66956253162694,31,flow,0.4145332317934317,-0.024871570682662613,1.6602442051538706,-0.555933493327247,19.514501744387136,-0.7054312024170568,19.917264483662546,-1.620735619456202,19.48963273786349,-1.7051219208467754
23.679562531626942,31,flow,0.4305654125812251,-0.03053289604458205,1.5456087519784518,-0.5764561097213478,19.52016089004109,-0.705588013505648,19.937545566478686,-1.6143179139023962,19.48963273786349,-1.7051219208467754
23.68956253162694,31,flow,0.4454343730702074,-0.036403092483424125,1.427662299239866,-0.5976990352131468,19.526027790740084,-0.7057844402497,19.956877700185206,-1.6082080411883781,19.48963273786349,-1.7051219208467754
23.699562531626942,31,flow,0.45910882445793566,-0.042489124154239666,1.3067647558722164,-0.6196166017388925,19.532109078720588,-0.7060244478906119,19.97525846943119,-1.6024722252389756,19.48963273786349,-1.7051219208467754
23.70956253162694,31,flow,0.47156094808117766,-0.048797561603000125,1.183250354730595,-0.6421756981795784,19.538410935630065,-0.706312285619599,19.99268836051073,-1.5971725559447454,19.48963273786349,-1.7051219208467754
23.71956253162694,31,flow,0.48276614298839027,-0.05533470528284359,1.0574286056809274,-0.6653553281766642,19.54493920897382,-0.706652495048808,20.009170169511357,-1.5923666787889093,19.48963273786349,-1.7051219208467754
23.729562531626943,31,flow,0.49270278539292356,-0.062106703783010905,0.9295856949643436,-0.6891460027378241,19.551699522574992,-0.7070499223238351,20.024708445233127,-1.5881075589661782,19.48963273786349,-1.7051219208467754
23.73956253162694,31,flow,0.5013520037917776,-0.06911966534439758,0.7999861985896253,-0.7135490117690988,19.55869737949573,-0.7075097340345801,20.039308974515418,-1.5844433089036416,19.48963273786349,-1.7051219208467754
23.749562531626943,31,flow,0.5086974723142436,-0.07637976164422644,0.6688749980272919,-0.7385756120606451,19.56593825625955,-0.708037437032937,20.052978315464674,-1.5814170685388873,19.48963273786349,-1.7051219208467754
23.75956253162694,31,flow,0.5147252238506049,-0.08389332317416728,0.5364793069811656,-0.7642461625946749,19.573427687540203,-0.7086389022214314,20.065723382302576,-1.579066928492664,19.48963273786349,-1.7051219208467754
23.769562531626942,31,flow,0.5194234836965901,-0.09166692581301167,0.40301073728429343,-0.7905892317497565,19.581171340741747,-0.7093203923366526,20.077551084133418,-1.5774258872797602,19.48963273786349,-1.7051219208467754
23.77956253162694,31,flow,0.5227825238180709,-0.09970746841179613,0.26866734926334596,-0.8176406953023049,19.589175080094122,-0.7100885937148448,20.088468018828326,-1.576521834842033,19.48963273786349,-1.7051219208467754
23.78956253162694,31,flow,0.5247945373707114,-0.1080222413730265,0.133635646861285,-0.8454428392080688,19.597445020034208,-0.7109506519935952,20.098480222397697,-1.5763775558928075,19.48963273786349,-1.7051219208467754
23.79956253162694,31,flow,0.5254535327766227,-0.11661898632422617,-0.0019075097113093048,-0.8740434770284937,19.605987567742734,-0.7119142116722176,20.107592973625252,-1.5770107477821669,19.48963273786349,-1.7051219208467754
23.80956253162694,31,flow,0.5247552464401033,-0.12550594706737508,-0.13779309094555095,-0.9034950885327863,19.614809454770022,-0.7129874594230718,20.11581065331835,-1.5784340487936341,19.48963273786349,-1.7051219208467754
23.819562531626943,31,flow,0.5226970730542146,-0.13469191203751893,-0.2738581939226325,-0.9338539834030941,19.623917757715983,-0.7141791710154768,20.123136657245112,-1.5806550739423404,19.48963273786349,-1.7051219208467754
23.82956253162694,31,flow,0.5192780123873966,-0.14418624853284395,-0.40994445055563267,-0.9651794920213771,19.6333199079394,-0.7154987616818449,20.129573361636478,-1.5836764564504446,19.48963273786349,-1.7051219208467754
23.839562531626942,31,flow,0.5144986314275999,-0.15399892899099366,-0.5458965475155333,-0.9975331839459287,19.643023690264336,-0.7169563397210403,20.135122139994625,-1.5874958941199464,19.48963273786349,-1.7051219208467754
23.84956253162694,31,flow,0.5083610407816505,-0.16414054958771485,-0.6815608545371156,-1.0309781138043972,19.653037230633252,-0.7185627630956263,20.139783429832857,-1.5921062008047882,19.48963273786349,-1.7051219208467754
23.859562531626942,31,flow,0.5008688842688386,-0.17462234142855854,-0.8167841564385886,-1.0655780938709332,19.66336897263181,-0.7203296987366862,20.143556847849194,-1.5974953641011125,19.48963273786349,-1.7051219208467754
23.86956253162694,31,flow,0.49202734069666626,-0.1854561745962262,-0.9514124838574692,-1.1013969924846776,19.67402764278403,-0.7222696842214796,20.146441351880277,-1.603646611227132,19.48963273786349,-1.7051219208467754
23.87956253162694,31,flow,0.48184313685472446,-0.19665455530840828,-1.0852900382236845,-1.138498057647889,19.685022204491727,-0.7243961914347575,20.148435447772556,-1.6105384858502445,19.48963273786349,-1.7051219208467754
23.889562531626943,31,flow,0.47032457080199136,-0.20823061643626486,-1.2182582076831538,-1.1769432655617529,19.696361800472694,-0.726723691763791,20.149537439026087,-1.6181449393351768,19.48963273786349,-1.7051219208467754
23.89956253162694,31,flow,0.4574815445475379,-0.2201981016341974,-1.350154672394006,-1.2167926944698437,19.708055683540486,-0.729267722310035,20.1497457166976,-1.6264354405264618,19.48963273786349,-1.7051219208467754
23.909562531626943,31,flow,0.44332560523026204,-0.23257134333895663,-1.4808125996949777,-1.2581039249402504,19.720113135567694,-0.7320449525271506,20.149059086582294,-1.6353751087315034,19.48963273786349,-1.7051219208467754
23.91956253162694,31,flow,0.42786999388689906,-0.24536523491171372,-1.6100599319465725,-1.3009314685855886,19.732543374486337,-0.7350732506165211,20.14747713012049,-1.6449248750231253,19.48963273786349,-1.7051219208467754
23.929562531626942,31,flow,0.4111297008576656,-0.2585951972213372,-1.7377187722225924,-1.3453262281521492,19.74535544920517,-0.738371748928477,20.145000594791963,-1.6550416773154142,19.48963273786349,-1.7051219208467754
23.93956253162694,31,flow,0.39312152681549634,-0.2722771400011848,-1.8636048753265684,-1.3913349928581753,19.758558122365905,-0.7419609075316449,20.141631808969564,-1.6656786948627553,19.48963273786349,-1.7051219208467754
23.949562531626942,31,flow,0.37386414831957004,-0.28642741835513125,-1.9875272536557538,-1.4389999737739132,19.772159740918966,-0.7458625750260046,20.137375115311396,-1.6767856278651734,19.48963273786349,-1.7051219208467754
23.95956253162694,31,flow,0.3533781866900689,-0.30106278484067694,-2.109287909050833,-1.4883583848526722,19.786168094575345,-0.7501000455895784,20.132237315792572,-1.688309027707156,19.48963273786349,-1.7051219208467754
23.96956253162694,31,flow,0.33168627888421187,-0.31620033761649685,-2.228681702752538,-1.5394420758747678,19.800590262282903,-0.7546981111666147,20.12622812043521,-1.7001926829849707,19.48963273786349,-1.7051219208467754
23.979562531626943,31,flow,0.3088131489309002,-0.331857465206714,-2.3454963757244505,-1.592277223979657,19.815432446982335,-0.759683107629296,20.119360590720444,-1.712378065862994,19.48963273786349,-1.7051219208467754
23.98956253162694,31,flow,0.28478567836237684,-0.3480517885016975,-2.459512730674346,-1.646884090554567,19.830699799017363,-0.7650829536779343,20.11165156759996,-1.7248048424198297,19.48963273786349,-1.7051219208467754
23.999562531626943,31,flow,0.2596329739778692,-0.36480110068168575,-2.5705049848972625,-1.703276849936655,19.846396228701686,-0.7709271811886327,20.103122073016888,-1.737411449483077,19.48963273786349,-1.7051219208467754
24.00956253162694,31,flow,0.23338643120009966,-0.382123305810556,-2.6782412993714884,-1.7614634955883774,19.862524208677883,-0.777246955674269,20.093797672957177,-1.7501357389996057,19.48963273786349,-1.7051219208467754
24.01531150432979,31,pre_impact,0.21781519439332733,-0.3923481195927601,-2.7386126770370307,-1.7957278891707928,19.87199189996045,-0.7811081378540583,20.08808885767297,-1.7574800469478173,19.48963273786349,-1.7051219208467754
24.01531150432979,32,post_impact,-0.3923481195927601,0.21781519439332733,-0.10800676408198556,-1.1614448887886772,19.87199189996045,-0.7811081378540584,19.48963273786349,-1.7051219208467754,20.08808885767297,-1.7574800469478173
24.025311504329792,32,flow,-0.3928167564758397,0.20639022122385745,0.01428043871859594,-1.123728419446181,19.883160783565128,-0.7787030118461296,19.500368636531796,-1.7025375057732677,20.08808885767297,-1.7574800469478173
24.03531150432979,32,flow,-0.3920628630056464,0.19533712001192186,0.13646181641440203,-1.0870638727126065,19.893991602925535,-0.7764977557215648,19.51189603739972,-1.7006205715883236,20.08808885767297,-1.7574800469478173
24.045311504329792,32,flow,-0.3900886314044322,0.18464556363188692,0.25830959316308677,-1.0514135184313615,19.90449072404655,-0.7744786607184312,19.524220334427838,-1.6993540203097837,20.08808885767297,-1.7574800469478173
24.05531150432979,32,flow,-0.3868985638636536,0.17430558024696716,0.37958927384693997,-1.0167441604624712,19.914664575563474,-0.7726328413495043,19.537346530719546,-1.698716581102641,20.08808885767297,-1.7574800469478173
24.06531150432979,32,flow,-0.38249954808016,0.16430750402913213,0.5000579732817645,-0.9830279239285998,19.924519656748217,-0.7709481840519261,19.551279106552187,-1.6986827860202722,20.08808885767297,-1.7574800469478173
24.07531150432979,32,flow,-0.37690094951563574,0.15464191804569002,0.6194627474013947,-0.9502430328427084,19.934062557371604,-0.7694132987898435,19.566021843120375,-1.6992229742898588,20.08808885767297,-1.7574800469478173
24.08531150432979,32,flow,-0.37011472019351954,0.14529958946747082,0.7375389611677429,-0.9183745658556822,19.943299988903856,-0.7680174738908271,19.581577602545178,-1.700303328769567,20.08808885767297,-1.7574800469478173
24.09531150432979,32,flow,-0.36215552345090724,0.13627139739220637,0.8540087380410982,-0.8874151745853741,19.952238826415932,-0.7667506343393787,19.59794806553425,-1.7018859490152174,20.08808885767297,-1.7574800469478173
24.10531150432979,32,flow,-0.353040873559317,0.12754825375006165,0.9685795470612564,-0.8573657453399518,19.960886160391322,-0.7656033036957772,19.615133429065054,-1.7039289661288288,20.08808885767297,-1.7574800469478173
24.115311504329792,32,flow,-0.34279128850824686,0.11912101796947057,1.080942995562499,-0.8282359811569541,19.96924935746774,-0.7645665697550812,19.633132067626804,-1.7063867051684123,20.08808885767297,-1.7574800469478173
24.12531150432979,32,flow,-0.33143045350438705,0.11098040633194634,1.1907739076758845,-0.8000448771481973,19.977336128899054,-0.7636320540086904,19.651940162908012,-1.7092099013151707,20.08808885767297,-1.7574800469478173
24.135311504329792,32,flow,-0.3189853918796966,0.10311689723337933,1.2977297801875307,-0.7728210584636364,19.985154605260615,-0.7627918849189785,19.67155130835458,-1.712345976147943,20.08808885767297,-1.7574800469478173
24.14531150432979,32,flow,-0.3054866391361117,0.09552063389208057,1.4014507168426917,-0.7466029471587775,19.99271341561978,-0.7620386749659422,19.691956096729218,-1.715739380184179,20.08808885767297,-1.7574800469478173
24.15531150432979,32,flow,-0.2909684148095455,0.08818132639158956,1.5015599483235114,-0.7214387223655753,20.00002176906713,-0.7613655013736197,19.71314170063402,-1.7193320072264158,20.08808885767297,-1.7574800469478173
24.16531150432979,32,flow,-0.27546878575351263,0.08108815530475824,1.597665046123381,-0.6973860380079736,20.00708953616612,-0.7607658903736119,19.73509145784265,-1.7230636849197387,20.08808885767297,-1.7574800469478173
24.17531150432979,32,flow,-0.25902981338415565,0.07422967949443826,1.6893599324628261,-0.6745114645048697,20.013927327550174,-0.7602338048140876,19.757784475123483,-1.726872744207033,20.08808885767297,-1.7574800469478173
24.185311504329793,32,flow,-0.24169767647412066,0.06759375099846085,1.776227773319045,-0.6528896260921255,20.02054656660307,-0.7597636348762165,19.781195265881646,-1.7306966680164855,20.08808885767297,-1.7574800469478173
24.19531150432979,32,flow,-0.2235227603311649,0.061167440149850406,1.8578448159244274,-0.6326020141030948,20.026959552933278,-0.7593501916173391,19.805293438237143,-1.7344728165192125,20.08808885767297,-1.7574800469478173
24.205311504329792,32,flow,-0.20455970276087285,0.054936974220325355,1.9337851946949465,-0.6137354690976724,20.033179513232255,-0.7589887030228484,19.830043450893903,-1.738139222696749,20.08808885767297,-1.7574800469478173
24.21531150432979,32,flow,-0.18486738720931115,0.04888769286740857,2.003626680452804,-0.5963803411107147,20.039220636129322,-0.7586748122182627,19.85540445413762,-1.741635447868538,20.08808885767297,-1.7574800469478173
24.22531150432979,32,flow,-0.1645088740223351,0.0430040234765315,2.066957288380831,-0.580628357028302,20.045098087857568,-0.7584045774708218,19.881330232335987,-1.744903482436186,20.08808885767297,-1.7574800469478173
24.23531150432979,32,flow,-0.14355126193304693,0.037269479090458774,2.1233825934545316,-0.5665702461658702,20.050828005955132,-0.7581744735973727,19.907769262249822,-1.747888672671761,20.08808885767297,-1.7574800469478173
24.24531150432979,32,flow,-0.12206547374738347,0.03166668099350191,2.1725335330067876,-0.5542931979005629,20.056427468859575,-0.7579813943932444,19.934664898212105,-1.7505406502512109,20.08808885767297,-1.7574800469478173
24.25531150432979,32,flow,-0.10012596273275214,0.026177407170508985,2.214074411070648,-0.5438782465643258,20.06191444010707,-0.7578226557056549,19.961955690808825,-1.7528142378000615,20.08808885767297,-1.7574800469478173
24.26531150432979,32,flow,-0.07781033934803014,0.020782666816969178,2.2477107657688533,-0.5353976962564279,20.06730768689597,-0.757695998794849,19.989575840236707,-1.754670301379896,20.08808885767297,-1.7574800469478173
24.275311504329792,32,flow,-0.055198921529860154,0.015462799888495055,2.273196726992866,-0.5289127092627168,20.072626673964997,-0.7575995936560347,20.01745577928998,-1.7560765199696866,20.08808885767297,-1.7574800469478173
24.28531150432979,32,flow,-0.032374215541581736,0.010197599421042976,2.290341483647828,-0.5244711841922269,20.07789143499416,-0.757532042014206,20.04552287433725,-1.7570080428671528,20.08808885767297,-1.7574800469478173
24.295311504329792,32,flow,-0.00942033811180401,0.00496645312164627,2.2990145022736046,-0.5221060423260584,20.083122424968106,-0.7574923797507723,20.073702226186835,-1.7574480086938378,20.08808885767297,-1.7574800469478173
24.30531150432979,32,flow,0.01357760607188289,-0.00025150037479012785,2.299149192965163,-0.5218340226864077,20.08834035804511,-0.7574800785740364,20.101917546945753,-1.757387904296766,20.08808885767297,-1.7574800469478173
24.31531150432979,32,flow,0.03653417479982441,-0.0054772060609692905,2.290744801359506,-0.5236550589232274,20.093566036348147,-0.757495046803435,20.130092084383506,-1.7568277480670926,20.08808885767297,-1.7574800469478173
24.32531150432979,32,flow,0.05936424830342656,-0.010731523965156062,2.27386641003684,-0.5275522765853636,20.098820175655568,-0.757537629198497,20.158149562372845,-1.7557760896235357,20.08808885767297,-1.7574800469478173
24.33531150432979,32,flow,0.08198367971641411,-0.016035063653985205,2.2486430492545213,-0.5334926108795457,20.104123234171134,-0.7576086058263524,20.186015104938072,-1.754249825876121,20.08808885767297,-1.7574800469478173
24.34531150432979,32,flow,0.10430991763619418,-0.021408027868643303,2.2152640333371854,-0.5414280066090933,20.109495250349507,-0.7577091900248033,20.213616112499068,-1.752273841550903,20.08808885767297,-1.7574800469478173
24.35531150432979,32,flow,0.12626258405890745,-0.026870070780560876,2.173973743718566,-0.5512971274077992,20.11495569520192,-0.7578410255800072,20.240883061839106,-1.7498804896800115,20.08808885767297,-1.7574800469478173
24.365311504329792,32,flow,0.14776399361602244,-0.032440175477393536,2.1250651625193946,-0.5630274739371975,20.120523343632282,-0.7580061832972688,20.267750205931044,-1.7471089337826071,20.08808885767297,-1.7574800469478173
24.37531150432979,32,flow,0.16873960337712235,-0.038136554187310406,2.0688725146654288,-0.5765377926979017,20.126216168252327,-0.758207157198483,20.29415615555496,-1.7440043780632974,20.08808885767297,-1.7574800469478173
24.385311504329792,32,flow,0.18911838620128205,-0.04397657351986592,2.005763399142039,-0.5917406494396267,20.13205125789485,-0.7584468606287985,20.32004433110481,-1.740617214704442,20.08808885767297,-1.7574800469478173
24.39531150432979,32,flow,0.20883312441012342,-0.0499767057453933,1.9361307820607596,-0.6085450435312763,20.13804476178724,-0.7587286225963292,20.345363279572446,-1.737002118191168,20.08808885767297,-1.7574800469478173
24.40531150432979,32,flow,0.2278206241316752,-0.05615250594704283,1.8603851902343491,-0.6268589506361084,20.144211859157455,-0.7590561847007391,20.37006685791753,-1.7332171157255303,20.08808885767297,-1.7574800469478173
24.41531150432979,32,flow,0.2460218537974317,-0.06251861383576958,1.7789473906236657,-0.6465916984492831,20.150566752996983,-0.7594336990281019,20.394114289485735,-1.7293226604408296,20.08808885767297,-1.7574800469478173
24.42531150432979,32,flow,0.26338201281022594,-0.06908877817056426,1.6922417760474298,-0.6676561015766814,20.15712268585124,-0.7598657273999002,20.41747010455492,-1.7253807306879536,20.08808885767297,-1.7574800469478173
24.435311504329793,32,flow,0.2798505382596277,-0.07587590110054639,1.6006906084844565,-0.6899703043880615,20.16389197487413,-0.760357242363253,20.440103979333646,-1.721453974535648,20.08808885767297,-1.7574800469478173
24.44531150432979,32,flow,0.29538105873722587,-0.08289209934546818,1.504709204626712,-0.7134593027277766,20.170886062973146,-0.7609136302978879,20.461990489795543,-1.7176049141948428,20.08808885767297,-1.7574800469478173
24.455311504329792,32,flow,0.30993130484605963,-0.09014877894111396,1.4047020889259494,-0.7380561350967787,20.178115582668713,-0.7615406969939454,20.483108797691234,-1.7138952206825913,20.08808885767297,-1.7574800469478173
24.46531150432979,32,flow,0.3234629859960123,-0.09765672026719073,1.3010600902828868,-0.7637027503005612,20.185590429268487,-0.7622446760247352,20.50344228609221,-1.7103850649512446,20.08808885767297,-1.7574800469478173
24.47531150432979,32,flow,0.33594164264154935,-0.10542617021128785,1.1941583211289095,-0.7903505711141345,20.19331984007702,-0.7630322402016421,20.52297816107987,-1.70713254811049,20.08808885767297,-1.7574800469478173
24.48531150432979,32,flow,0.34733648236763176,-0.11346693856469071,1.0843549519230422,-0.8179607822331096,20.201312476586075,-0.7639105163561125,20.54170703490214,-1.7041932103736142,20.08808885767297,-1.7574800469478173
24.49531150432979,32,flow,0.35762020727617544,-0.12178849605726434,0.9719906789995778,-0.8465043759816975,20.209576506883355,-0.7648871036476269,20.559622504272664,-1.701619616007331,20.08808885767297,-1.7574800469478173
24.50531150432979,32,flow,0.36676883906759883,-0.130400071786645,0.8573887776065459,-0.8759619914642423,20.218119685846016,-0.7659700955481192,20.576720735654185,-1.6994610098458858,20.08808885767297,-1.7574800469478173
24.51531150432979,32,flow,0.37476154713020565,-0.1393107481548195,0.7408556329518259,-0.9063235827025737,20.22694943102249,-0.7671681056035544,20.593000067484745,-1.6977630397965033,20.08808885767297,-1.7574800469478173
24.525311504329792,32,flow,0.38158048390540256,-0.14852955177242794,0.6226816481930846,-0.9375879494305678,20.23607289243262,-0.7684902970230493,20.608460637478125,-1.6965675391424346,20.08808885767297,-1.7574800469478173
24.53531150432979,32,flow,0.38721063083147195,-0.15806553911349008,0.5031424378106603,-0.9697621612013313,20.245497014817186,-0.7699464160954489,20.623104041428327,-1.6959123622586403,20.08808885767297,-1.7574800469478173
24.545311504329792,32,flow,0.3916396573089613,-0.16792787599184295,0.38250022620027196,-1.0028609017963663,20.255228591135033,-0.7715468293827372,20.636933028415168,-1.695831267508066,20.08808885767297,-1.7574800469478173
24.55531150432979,32,flow,0.39485779438949953,-0.1781259101809366,0.26100538343616503,-1.0369057570040967,20.265274306335026,-0.7733025645888547,20.64995123596291,-1.6963538415025834,20.08808885767297,-1.7574800469478173
24.56531150432979,32,flow,0.39685772426955973,-0.18866923670975977,0.13889804211145507,-1.0719244649513497,20.275640770620225,-0.7752253549509679,20.662162967547374,-1.6975054595193202,20.08808885767297,-1.7574800469478173
24.57531150432979,32,flow,0.3976344861665625,-0.19956775554102799,0.016409750361478438,-1.1079501445292037,20.28633454157431,-0.7773276869473474,20.673573013867184,-1.6993072775979652,20.08808885767297,-1.7574800469478173
24.58531150432979,32,flow,0.3971853987571845,-0.21083172147645382,-0.1062348737528897,-1.1450205141816931,20.297362134639528,-0.7796228510609746,20.684186518471424,-1.70177625265589,20.08808885767297,-1.7574800469478173
24.59531150432979,32,flow,0.39550999905437817,-0.22247178624215777,-0.2288165125665581,-1.1831771104864952,20.308730021525136,-0.7821249952799834,20.694008887643875,-1.7049251878039433,20.08808885767297,-1.7574800469478173
24.60531150432979,32,flow,0.3926099973771012,-0.234499032788943,-0.3511195625270677,-1.2224645135827892,20.32044461619039,-0.7848491809540454,20.703045743855682,-1.708762800893294,20.08808885767297,-1.7574800469478173
24.615311504329792,32,flow,0.38848924791110934,-0.2469250019032435,-0.4729306039292344,-1.262929584560179,20.332512248092996,-0.7878114405592322,20.711302921587883,-1.7132938151473653,20.08808885767297,-1.7574800469478173
24.62531150432979,32,flow,0.38315373425804045,-0.259761711267251,-0.5940369344754288,-1.3046207184140612,20.344939122425362,-0.7910288368515049,20.718786503865523,-1.7185190715118672,20.08808885767297,-1.7574800469478173
24.635311504329792,32,flow,0.3766115693115748,-0.27302166713706055,-0.7142251707205282,-1.3475871150243182,20.357731267084322,-0.7945195228104869,20.725502897415645,-1.7244356630744582,20.08808885767297,-1.7574800469478173
24.64531150432979,32,flow,0.36887300877359724,-0.2867178688277952,-0.8332799186385019,-1.3918780697904782,20.37089446613773,-0.798302801689738,20.731458943940957,-1.7310370925499412,20.08808885767297,-1.7574800469478173
24.65531150432979,32,flow,0.35995047762186466,-0.3008638062080198,-0.9509825124763477,-1.4375422849992034,20.384434179568895,-0.8023991863970467,20.736662064575636,-1.7383134543851344,20.08808885767297,-1.7574800469478173
24.66531150432979,32,flow,0.3498586088568908,-0.3154734504146348,-1.0671098195689628,-1.4846272026553478,20.398355449100087,-0.806830457328067,20.741120434146794,-1.7462516434985362,20.08808885767297,-1.7574800469478173
24.67531150432979,32,flow,0.33861429388469066,-0.33056123800572385,-1.1814331077111178,-1.5331783593240573,20.41266278992333,-0.8116197176689437,20.74484318139916,-1.7548355930224955,20.08808885767297,-1.7574800469478173
24.685311504329793,32,flow,0.3262367439303173,-0.34614204877386456,-1.2937169708627279,-1.583238763458487,20.427360068203118,-0.8167914450686357,20.747840610848264,-1.7640465436486708,20.08808885767297,-1.7574800469478173
24.69531150432979,32,flow,0.3127475619229418,-0.3622311774470804,-1.4037183082542528,-1.63484829567873,20.442450364264207,-0.8223715384599574,20.750124441412233,-1.7738633472797236,20.08808885767297,-1.7574800469478173
24.705311504329792,32,flow,0.29817082434615444,-0.3788442995093208,-1.5111853512255755,-1.6880431324786447,20.457935821441104,-0.8283873586806599,20.751708056441817,-1.7842628076501823,20.08808885767297,-1.7574800469478173
24.71531150432979,32,flow,0.282533172608055,-0.3959974313771151,-1.6158567312537895,-1.7428551938282948,20.47381748064591,-0.8348677614132054,20.752606759235896,-1.795220060386491,20.08808885767297,-1.7574800469478173
24.72531150432979,32,flow,0.2658639135565267,-0.4137068851734548,-1.7174605815002049,-1.7993116150749995,20.490095100810183,-0.8418431208255116,20.752838027613265,-1.806708994620906,20.08808885767297,-1.7574800469478173
24.732776577986236,32,pre_impact,0.2527667324091684,-0.4272996576086014,-1.791140326502126,-1.8425419439268795,20.502503624460445,-0.8473919187599573,20.75258735477937,-1.815616132374641,20.08808885767297,-1.7574800469478173
24.732776577986236,33,post_impact,-0.4272996576086014,0.2527667324091684,0.0004134246897891103,-1.1846013772187551,20.502503624460445,-0.8473919187599572,20.08808885767297,-1.7574800469478173,20.75258735477937,-1.815616132374641
24.742776577986238,33,flow,-0.4266512440198631,0.24112814944325864,0.12934692443881374,-1.1432765847359656,20.5137890654537,-0.8445469396725278,20.099964499252447,-1.7549035886889146,20.75258735477937,-1.815616132374641
24.752776577986236,33,flow,-0.4247115506583739,0.22989805890354512,0.25863081584420033,-1.1028944562531395,20.524709089048468,-0.8419265021497544,20.112651112977282,-1.7530841308595835,20.75258735477937,-1.815616132374641
24.762776577986237,33,flow,-0.4214782388938852,0.2190672807056984,0.3880311327859373,-1.0634063644093157,20.535268064872863,-0.8395155605919319,20.126158294236724,-1.7520007361263332,20.75258735477937,-1.815616132374641
24.772776577986235,33,flow,-0.4169513405903418,0.20862709890592457,0.517307382808367,-1.0247682711945467,20.545470390682883,-0.8372999446400948,20.14049552542841,-1.751627762499817,20.75258735477937,-1.815616132374641
24.782776577986237,33,flow,-0.4111333343032498,0.1985692108912716,0.6462103467670729,-0.9869417143531285,20.555320495444935,-0.8352663038907834,20.15567201919048,-1.75193478018278,20.75258735477937,-1.815616132374641
24.792776577986235,33,flow,-0.40402924384993466,0.18888566662476838,0.7744798086816079,-0.9498948085093852,20.564822856926913,-0.8334020552273954,20.17169650637581,-1.7528865154018844,20.75258735477937,-1.815616132374641
24.802776577986236,33,flow,-0.3956467598091119,0.17956879784961216,0.9018422460956766,-0.9136032500701932,20.573982033500332,-0.8316953331174995,20.18857696813422,-1.754442825983312,20.75258735477937,-1.815616132374641
24.812776577986234,33,flow,-0.3859963841392102,0.1706111372871695,1.02800852444577,-0.8780513106029654,20.582802709742996,-0.8301349431529121,20.20632031231377,-1.75655871466676,20.75258735477937,-1.815616132374641
24.822776577986236,33,flow,-0.3750915975937218,0.1620053280417718,1.1526716545692643,-0.8432327982130485,20.591289755273294,-0.8287103190400665,20.224931995464793,-1.7591843873665822,20.75258735477937,-1.815616132374641
24.832776577986237,33,flow,-0.36294904893281904,0.15374402365913334,1.2755046903770118,-0.8091519605105915,20.599448296034605,-0.8274114831815863,20.244415593074944,-1.762265364720919,20.75258735477937,-1.815616132374641
24.842776577986236,33,flow,-0.3495887640629586,0.1458197795815828,1.396158863412302,-0.7758242962239394,20.60728379697445,-0.8262290109255933,20.26477232232049,-1.765742656239151,20.75258735477937,-1.815616132374641
24.852776577986237,33,flow,-0.3350343721660688,0.13822493710683256,1.5142620716596384,-0.7432772356782157,20.614802154722724,-0.8251539984970501,20.28600052361504,-1.7695530070633052,20.75258735477937,-1.815616132374641
24.862776577986235,33,flow,-0.3193133446040894,0.13095150138860515,1.6294178601938656,-0.7115506436755139,20.622009798465726,-0.824178034565626,20.30809510957858,-1.7736292276771448,20.75258735477937,-1.815616132374641
24.872776577986237,33,flow,-0.3024572409164488,0.1239910155124237,1.741205049125697,-0.6806970924442538,20.628913796741653,-0.8232931753479017,20.331046992712547,-1.7779006166856943,20.75258735477937,-1.815616132374641
24.882776577986235,33,flow,-0.2845019546035245,0.11733443322596242,1.849178177225863,-0.6507818481350357,20.635521967361377,-0.8224919230892788,20.354842505985047,-1.7822934858935349,20.75258735477937,-1.815616132374641
24.892776577986236,33,flow,-0.2654879496730037,0.11097199347860993,1.9528689344283054,-0.6218825128869132,20.641842987106774,-0.8217672077242205,20.37946283358534,-1.7867317951770811,20.75258735477937,-1.815616132374641
24.902776577986238,33,flow,-0.2454604772171806,0.10489310049606336,2.051788749527424,-0.5940882669655676,20.647886497310754,-0.8211123714740919,20.404883472118016,-1.7911379019356242,20.75258735477937,-1.815616132374641
24.912776577986236,33,flow,-0.22446975972317146,0.09908621363739538,2.145432677103181,-0.5674986631019944,20.653663200923695,-0.8205211561116014,20.43107374522862,-1.795433426120226,20.75258735477937,-1.815616132374641
24.922776577986237,33,flow,-0.20257112956573686,0.09353875169707028,2.233284686764874,-0.5422219390056434,20.65918494627646,-0.8199876926011198,20.457996396775115,-1.7995402269501173,20.75258735477937,-1.815616132374641
24.932776577986235,33,flow,-0.17982510739240695,0.08823701655679109,2.314824396068336,-0.5183728347739276,20.664464792526516,-0.8195064928158261,20.48560728882674,-1.8033814815060984,20.75258735477937,-1.815616132374641
24.942776577986237,33,flow,-0.1562974060936669,0.08316614109201241,2.3895352057698296,-0.49606992959750934,20.669517051790233,-0.819072443035687,20.51385523060917,-1.8068828486432582,20.75258735477937,-1.815616132374641
24.952776577986235,33,flow,-0.1320588469560823,0.07831006592978965,2.4569136950698844,-0.4754325458671397,20.674357303286367,-0.818680798943529,20.542681962672077,-1.8099736944462208,20.75258735477937,-1.815616132374641
24.962776577986237,33,flow,-0.10718517657931345,0.07365154898721805,2.5164800212367284,-0.4565773064936536,20.67900237549393,-0.8183271818575095,20.572022316764926,-1.8125883482692018,20.75258735477937,-1.815616132374641
24.972776577986235,33,flow,-0.0817567762760581,0.06917221066815724,2.5677889521560164,-0.43961446974650037,20.683470293387156,-0.818007575963608,20.601804566048017,-1.8146673519043095,20.75258735477937,-1.815616132374641
24.982776577986236,33,flow,-0.05585825993113305,0.06485261617277178,2.6104410547147725,-0.42464420097430644,20.68778018923802,-0.8177183263371208,20.631950972422537,-1.8161586593314214,20.75258735477937,-1.815616132374641
24.992776577986238,33,flow,-0.02957796149797571,0.06067239463776882,2.6440934810609815,-0.41175296739587147,20.691952177215327,-0.8174561375632994,20.662378528270597,-1.81701874154971,20.75258735477937,-1.815616132374641
25.002776577986236,33,flow,-0.0030073191369996773,0.056610392881361875,2.6684697529318653,-0.40101025606123875,20.696007193952813,-0.8172180727807529,20.69299987934883,-1.817213550799965,20.75258735477937,-1.815616132374641
25.012776577986237,33,flow,0.02375983099409533,0.0526448595234582,2.683367952685066,-0.392465812382524,20.69996680925975,-0.8170015529751522,20.723724404795753,-1.8167193014693699,20.75258735477937,-1.815616132374641
25.022776577986235,33,flow,0.05062803266498211,0.04875365337231577,2.6886667942979936,-0.3861475753863193,20.703853013023675,-0.8168043563459243,20.75445942018429,-1.8155230312260398,20.75258735477937,-1.815616132374641
25.032776577986237,33,flow,0.07750103583759921,0.044914468380523,2.6843291663376188,-0.38206044672698414,20.707687985939476,-0.8166246175569327,20.785111461233804,-1.8136229151850423,20.75258735477937,-1.815616132374641
25.042776577986235,33,flow,0.10428264462625336,0.04110506637219911,2.6704029025432465,-0.3801859765158173,20.71149386279742,-0.816460826670503,20.81558760013663,-1.8110283175160238,20.75258735477937,-1.815616132374641
25.052776577986236,33,flow,0.130877558799193,0.037303508216957514,2.6470187264888767,-0.38048298597473773,20.715292497587342,-0.8163118275570211,20.845796744043888,-1.807759577898313,20.75258735477937,-1.815616132374641
25.062776577986234,33,flow,0.1571921811133784,0.033488374255160276,2.614385513718908,-0.38288908170258085,20.719105239547833,-0.8161768155776569,20.875650866372943,-1.803847543463187,20.75258735477937,-1.815616132374641
25.072776577986236,33,flow,0.18313536513972295,0.029638965538092282,2.572783195011029,-0.38732295642642145,20.722952728532512,-0.8160553343602284,20.905066126145904,-1.7993328691436214,20.75258735477937,-1.815616132374641
25.082776577986237,33,flow,0.20861908222717152,0.025735478750732045,2.5225537682389167,-0.39368732301431975,20.72685471676626,-0.8159472715307682,20.93396383800949,-1.794265119624043,20.75258735477937,-1.815616132374641
25.092776577986236,33,flow,0.23355899144233155,0.021759149390338267,2.464090980018752,-0.40187229679282416,20.730829922364972,-0.8158528533256787,20.96227126512423,-1.788701713561323,20.75258735477937,-1.815616132374641
25.102776577986237,33,flow,0.2578749021687747,0.0176923597058744,2.3978292760018887,-0.41175902787035756,20.73489591806825,-0.8157726380881118,20.989922217766587,-1.7827067550072397,20.75258735477937,-1.815616132374641
25.112776577986235,33,flow,0.28149112499956924,0.013518709877944486,2.3242326024030615,-0.4232233896282622,20.739069056667464,-0.8157075087413823,21.016857451258613,-1.7763497979575462,20.75258735477937,-1.815616132374641
25.122776577986237,33,flow,0.3043367121076651,0.009223052770756444,2.2437835798389765,-0.43613954903482394,20.74336443276743,-0.8156586644243478,21.04302486683119,-1.7697045879818663,20.75258735477937,-1.815616132374641
25.132776577986235,33,flow,0.32634559304155414,0.004791494186517274,2.1569734768004065,-0.450383274761303,20.74779587892702,-0.8156276115609487,21.06837952754901,-1.7628478205072167,20.75258735477937,-1.815616132374641
25.142776577986236,33,flow,0.34745661561867824,0.00021136181402086913,2.0642932987171667,-0.46583487546351293,20.752375992966922,-0.815616154711549,21.092883508043364,-1.7558579492391413,20.75258735477937,-1.815616132374641
25.152776577986238,33,flow,0.36761350417091576,-0.004528853050384822,1.9662261934396033,-0.4823816984885743,20.757116192348256,-0.8156263876120885,21.116505601338645,-1.7488140711492957,20.75258735477937,-1.815616132374641
25.162776577986236,33,flow,0.38676474885664397,-0.009439576415279196,1.8632412663730806,-0.4999201549191224,20.762026791008747,-0.8156606848452665,21.139220908572703,-1.7417949071236292,20.75258735477937,-1.815616132374641
25.172776577986237,33,flow,0.404863440210318,-0.01453025036370508,1.7557888063582865,-0.5183572676236362,20.767117093857596,-0.8157216946051739,21.16101033812477,-1.734877890319853,20.75258735477937,-1.815616132374641
25.182776577986235,33,flow,0.42186706273218555,-0.019809444997550794,1.6442968510195057,-0.5376117633496561,20.772395504218046,-0.8158123330140788,21.181860039908166,-1.7281383679446152,20.75258735477937,-1.815616132374641
25.192776577986237,33,flow,0.43773726033367183,-0.02528497917820305,1.5291689688979626,-0.5576147474164084,20.777869639802013,-0.8159357804300638,21.20176079873582,-1.7216489167915474,20.75258735477937,-1.815616132374641
25.202776577986235,33,flow,0.45243958505346676,-0.03096404613062255,1.4107831040528263,-0.5783100105696044,20.78354645323632,-0.8160954801504197,21.22070740809649,-1.7154787686018689,20.75258735477937,-1.815616132374641
25.212776577986237,33,flow,0.46594323883036365,-0.036853340504638774,1.289491314211312,-0.5996540229109321,20.78943235367486,-0.8162951398720361,21.238698042722824,-1.7096933381264656,20.75258735477937,-1.815616132374641
25.222776577986235,33,flow,0.47822081641462433,-0.042959184043756225,1.1656202324788116,-0.6216156706334208,20.795533326574215,-0.8165387362202708,21.255733645261905,-1.7043538446070055,20.75258735477937,-1.815616132374641
25.232776577986236,33,flow,0.48924805583703435,-0.04928764755876407,1.0394720914276923,-0.6441757887713747,20.801855049243176,-0.8168305226053467,21.27181733938339,-1.6995170161273487,20.75258735477937,-1.815616132374641
25.242776577986238,33,flow,0.49900360131539856,-0.055844667413204964,0.9113261636898031,-0.6673265384222412,20.808403000271568,-0.8171750406129441,21.28695387892087,-1.695234865763818,20.75258735477937,-1.815616132374641
25.252776577986236,33,flow,0.5074687821121885,-0.06263615518290507,0.7814404921189572,-0.6910706708686134,20.815182561383754,-0.8175771350853795,21.301149140225803,-1.6915545285278837,20.75258735477937,-1.815616132374641
25.262776577986237,33,flow,0.5146274096889598,-0.0696680995434612,0.6500538029141381,-0.7154207144757015,20.822199110638195,-0.8180419730028923,21.314409662857994,-1.6885181486007546,20.75258735477937,-1.815616132374641
25.272776577986235,33,flow,0.5204655945381361,-0.07694665976552151,0.5173875151578258,-0.7403981137188393,20.829458106204513,-0.8185750662317596,21.32674224204739,-1.6861628071773094,20.75258735477937,-1.815616132374641
25.282776577986237,33,flow,0.5249715833022652,-0.08447825046022805,0.3836477789225514,-0.7660323435843686,20.83696516019573,-0.8191822981673123,21.338153575018275,-1.6845204822593278,20.75258735477937,-1.815616132374641
25.292776577986235,33,flow,0.5281356161976193,-0.09226961742166748,0.24902749077173664,-0.792360017115109,20.844726102221298,-0.8198699542650626,21.348649962232965,-1.683618032879969,20.75258735477937,-1.815616132374641
25.302776577986236,33,flow,0.5299498043209124,-0.10032790456664648,0.11370824980670563,-0.8194239991538684,20.85274703246286,-0.8206447564213732,21.35823706384403,-1.6834772014385198,20.75258735477937,-1.815616132374641
25.312776577986234,33,flow,0.5304080261108285,-0.1086607120823815,-0.022137770685317033,-0.8472725354067198,20.861034364167644,-0.8215139011354492,21.366919711094162,-1.6841146290304787,20.75258735477937,-1.815616132374641
25.322776577986236,33,flow,0.5295058420370622,-0.11727614596715355,-0.15834605138505836,-0.8759584027880875,20.869594855510716,-0.822485101355771,21.37470177202492,-1.6855418798411221,20.75258735477937,-1.815616132374641
25.332776577986237,33,flow,0.5272404264719533,-0.12618285919662886,-0.2947580628563154,-0.9055380845325108,20.878435630806788,-0.823566631885413,21.38158607060282,-1.6877654718135062,20.75258735477937,-1.815616132374641
25.342776577986236,33,flow,0.5236105156526895,-0.13539008477240694,-0.4312197117869777,-0.9360709717622047,20.88756419105713,-0.8247673781904082,21.387574358208017,-1.6907869118879701,20.75258735477937,-1.815616132374641
25.352776577986237,33,flow,0.5186163706332199,-0.14490766092068968,-0.5675798962791567,-0.9676185919074006,20.896988413809698,-0.8260968884228521,21.392667336313398,-1.6946027351421302,20.75258735477937,-1.815616132374641
25.362776577986235,33,flow,0.5122597541523408,-0.15474604870804864,-0.7036891666008186,-1.0002438635940252,20.90671654229042,-0.8275654284342093,21.396864729084623,-1.6992045481290265,20.75258735477937,-1.815616132374641
25.372776577986237,33,flow,0.5045439203864123,-0.16491634233524602,-0.8393984866912187,-1.0340103772278981,20.9167571637391,-0.8291840395136444,21.400165404522724,-1.7045790776207168,20.75258735477937,-1.815616132374641
25.382776577986235,33,flow,0.49547361660349903,-0.17543027236191824,-0.974558091605966,-1.0689817004592481,20.927119176856934,-0.830964598540318,21.40256754262603,-1.7107082268136327,20.75258735477937,-1.815616132374641
25.392776577986236,33,flow,0.4850550957808728,-0.18630020210774928,-1.1090164368183066,-1.1052207079539589,20.937811748249043,-0.8329198801869209,21.40406884884723,-1.7175691418391135,20.75258735477937,-1.815616132374641
25.402776577986238,33,flow,0.47329613928212727,-0.19753911747224467,-1.2426192366942992,-1.1427889353777352,20.94884425772655,-0.8350636207539828,21.404666810844677,-1.725134292144109,20.75258735477937,-1.815616132374641
25.412776577986236,33,flow,0.46020608870774604,-0.2091606104175051,-1.3752085913834369,-1.1817459581733527,20.960226232322896,-0.8374105831507243,21.40435899616059,-1.7333715689564066,20.75258735477937,-1.815616132374641
25.422776577986237,33,flow,0.4457958860292733,-0.22117885636822612,-1.5066222036727492,-1.2221487965390443,20.971967268879563,-0.8399766224687583,21.403143387989648,-1.742244406615552,20.75258735477937,-1.815616132374641
25.432776577986235,33,flow,0.4300781210891496,-0.2336085858018649,-1.6366926899027179,-1.2640513489581187,20.984076945070125,-0.8427787515205654,21.401018755621568,-1.7517119320206975,20.75258735477937,-1.815616132374641
25.442776577986237,33,flow,0.4130670854940625,-0.2464650503304439,-1.7652469916938234,-1.3075038576441387,20.996564718759966,-0.8458352056365042,21.39798505544603,-1.7617291478016703,20.75258735477937,-1.815616132374641
25.452776577986235,33,flow,0.39477883184907603,-0.2597639836143057,-1.8921058978286878,-1.3525524103059094,21.009439815643656,-0.8491655059337663,21.394043857598604,-1.7722471550374186,20.75258735477937,-1.815616132374641
25.462776577986237,33,flow,0.3752312371742382,-0.2735215574972799,-2.017083688006491,-1.399238483648798,21.022711105163438,-0.852790520190147,21.389198792408255,-1.7832134214011746,20.75258735477937,-1.815616132374641
25.472776577986235,33,flow,0.35444406921796906,-0.2877543338116141,-2.1399879121449947,-1.4475985349518121,21.0363869647908,-0.8567325203771479,21.383456009794667,-1.79457210047606,20.75258735477937,-1.815616132374641
25.482776577986236,33,flow,0.33243905423749065,-0.30247921236838293,-2.26061932024274,-1.4976636488223884,21.05047513284809,-0.8610152358334312,21.376824643678784,-1.806264407629189,20.75258735477937,-1.815616132374641
25.492776577986238,33,flow,0.30923994466317467,-0.31771337572296365,-2.37877195830459,-1.5494592467529886,21.064982550156422,-0.8656639009938558,21.369317272343565,-1.8182290572279443,20.75258735477937,-1.815616132374641
25.502776577986236,33,flow,0.2848725849106135,-0.33347423138268567,-2.494233445240816,-1.603004867297932,21.07991519091776,-0.8707052965340534,21.36095036455589,-1.8304027651032821,20.75258735477937,-1.815616132374641
25.512776577986237,33,flow,0.25936497346349474,-0.34977935220121076,-2.606785443735484,-1.6583140244637562,21.0952778833681,-0.8761677827483433,21.35174470018579,-1.8427208189917776,20.75258735477937,-1.815616132374641
25.522776577986235,33,flow,0.2327473192363268,-0.3666464157769152,-2.716204334619294,-1.7153941511710042,21.11107412087101,-0.8820813239517536,21.341725753098338,-1.855117718209887,20.75258735477937,-1.815616132374641
25.531794082621822,33,pre_impact,0.20781990987608454,-0.38235283507551904,-2.8119973410278805,-1.7683859744324413,21.125691790227975,-0.8878267811485254,21.332019000841807,-1.8663098326932703,20.75258735477937,-1.815616132374641
25.531794082621822,34,post_impact,-0.38235283507551904,0.20781990987608454,-0.15974884925907207,-1.1603463035234407,21.125691790227975,-0.8878267811485254,20.75258735477937,-1.815616132374641,21.332019000841807,-1.8663098326932703
25.541794082621823,34,flow,-0.38335062779353557,0.1964003439601958,-0.039825653194100294,-1.1237516238337786,21.136878852134156,-0.8855344647509694,20.762848861110218,-1.8129510733011032,21.332019000841807,-1.8663098326932703
25.55179408262182,34,flow,-0.3831500347746728,0.1853412453499696,0.07989138812924199,-1.0882466799553325,21.14773705560557,-0.8834364101917009,20.773893105402664,-1.8109280278878859,21.332019000841807,-1.8663098326932703
25.561794082621823,34,flow,-0.38175423381835033,0.17463189514606076,0.19917807920386704,-1.0537964459611286,21.15827335765473,-0.8815192704550306,20.78572436489102,-1.80953179622758,21.332019000841807,-1.8663098326932703
25.57179408262182,34,flow,-0.37916867553264644,0.16426190351564013,0.31780380340061526,-1.0203702561025614,21.168494786446626,-0.8797705119835285,20.79834646674987,-1.8087431818859685,21.332019000841807,-1.8663098326932703
25.581794082621823,34,flow,-0.37540115506532384,0.15422116245359205,0.4355300191053044,-0.9879425307461572,21.17840844877187,-0.8781783645713565,20.811762671321254,-1.8085389795361313,21.332019000841807,-1.8663098326932703
25.59179408262182,34,flow,-0.3704618988221125,0.1444997913450889,0.5521087711882694,-0.9564934883879904,21.188021548605473,-0.8767317742514691,20.825975514328483,-1.8088919906650993,21.332019000841807,-1.8663098326932703
25.601794082621822,34,flow,-0.36436366585660485,0.1350880755259481,0.6672812514642471,-0.9260098319015464,21.197341416200693,-0.8754203594444951,20.84098660879521,-1.809771070494152,21.332019000841807,-1.8663098326932703
25.61179408262182,34,flow,-0.3571218632375545,0.12597639816926529,0.7807764506351256,-0.8964853943261082,21.206375547054215,-0.8742343705834946,20.856796408175295,-1.8111412099547708,21.332019000841807,-1.8663098326932703
25.621794082621822,34,flow,-0.3487546742260026,0.11715516598939793,0.8923099539237285,-0.8679217263652684,21.215131649936477,-0.873164653377409,20.873403933118503,-1.8129636571853374,21.332019000841807,-1.8663098326932703
25.631794082621823,34,flow,-0.3392831975219482,0.10861472944899743,1.0015829427822323,-0.840328604485937,21.223617703006614,-0.8722026158259721,20.89080646536217,-1.815196083511499,21.332019000841807,-1.8663098326932703
25.64179408262182,34,flow,-0.32873159516565137,0.10034529838219719,1.1082814751432124,-0.8137244352725115,21.231842016824874,-0.8713401990494736,20.908999213458685,-1.8177927991910026,21.332019000841807,-1.8663098326932703
25.651794082621823,34,flow,-0.3171272459068483,0.09233685420553649,1.2120761258803763,-0.7881365287652119,21.239813302837632,-0.8705698519475122,20.92797495641679,-1.8207050242790683,21.332019000841807,-1.8663098326932703
25.66179408262182,34,flow,-0.3045009000000199,0.08457906017296717,1.3126220764187604,-0.7636012112427922,21.24754074564577,-0.8698845096514312,20.94772367283239,-1.823881219734655,21.332019000841807,-1.8663098326932703
25.671794082621822,34,flow,-0.2908868304708724,0.07706117143371989,1.4095597464976575,-0.7401637467228332,21.255034077085167,-0.8692775756854121,20.96823216467056,-1.8272674832707292,21.332019000841807,-1.8663098326932703
25.68179408262182,34,flow,-0.2763229749677284,0.06977194695868516,1.5025160604627192,-0.7178780368352234,21.262303649860577,-0.8687429077014862,20.989483686470326,-1.8308080133859939,21.332019000841807,-1.8663098326932703
25.691794082621822,34,flow,-0.26085106141637776,0.06269956569401319,1.5911064335621823,-0.6968060711943078,21.269360508200386,-0.8682748066045539,21.01145759228638,-1.834445643446079,21.332019000841807,-1.8663098326932703
25.701794082621824,34,flow,-0.2445167099086367,0.055831549556456354,1.6749375490153318,-0.6770171054486409,21.276216452761624,-0.8678680088358366,21.034129014038076,-1.8381224455751246,21.332019000841807,-1.8663098326932703
25.71179408262182,34,flow,-0.2273695026580622,0.049154696075611355,1.7536109728546798,-0.6585865522248592,21.282884096841208,-0.8675176815382605,21.057468585962912,-1.841780401473431,21.332019000841807,-1.8663098326932703
25.721794082621823,34,flow,-0.2094630135456633,0.04265502358256429,1.8267276200186504,-0.6415945814172109,21.2893769108704,-0.8672194202866302,21.081442230407358,-1.8453621341381075,21.332019000841807,-1.8663098326932703
25.73179408262182,34,flow,-0.19085478885161608,0.0363177318106142,1.8938930420579432,-0.6261244406318575,21.295709252217414,-0.8669692490308067,21.10601102006691,-1.8488116909322416,21.332019000841807,-1.8663098326932703
25.741794082621823,34,flow,-0.17160627131623574,0.030127180582462713,1.9547234554482864,-0.6122605236172025,21.30189637752675,-0.8667636218732707,21.131131130853994,-1.8520753646880987,21.332019000841807,-1.8663098326932703
25.75179408262182,34,flow,-0.15178266076501415,0.02406688888701309,2.0088523725841836,-0.6000862332899907,21.30795443520525,-0.8665994262851326,21.15675389770713,-1.8551025357695083,21.332019000841807,-1.8663098326932703
25.761794082621822,34,flow,-0.13145270620431657,0.018119556086648385,2.0559376392035342,-0.5896817051286931,21.313900436235897,-0.8664739873583367,21.18282598279491,-1.8578465145423142,21.332019000841807,-1.8663098326932703
25.77179408262182,34,flow,-0.11068842653434491,0.012267106247315338,2.095668627656665,-0.5811214744744869,21.319752202255078,-0.8663850726975831,21.20928966173382,-1.860265360831717,21.332019000841807,-1.8663098326932703
25.781794082621822,34,flow,-0.08956475976376536,0.006490755672877524,2.1277732912775345,-0.5744721856282464,21.325528290744657,-0.8663308975739176,21.236083228748782,-1.8623226550119771,21.332019000841807,-1.8663098326932703
25.791794082621823,34,flow,-0.06815914371256247,0.0007711026965281035,2.152024757397923,-0.5697904495203072,21.331247898221694,-0.8663101299929399,21.263141516387307,-1.8639881946778505,21.332019000841807,-1.8663098326932703
25.80179408262182,34,flow,-0.046551034463718784,-0.00491176230071836,2.16824713066065,-0.567120958411132,21.336930743392838,-0.8663218953734683,21.290396519780273,-1.865238591616341,21.332019000841807,-1.8663098326932703
25.811794082621823,34,flow,-0.02482137203227477,-0.010578129732917278,2.176320197777769,-0.5664949594193005,21.3425969332993,-0.8663657805858913,21.31777810993184,-1.8660577461466108,21.332019000841807,-1.8663098326932703
25.82179408262182,34,flow,-0.0030520056015928554,-0.0162485305504249,2.1761827705939196,-0.5679291734146004,21.348266816426396,-0.8664418371614956,21.345214815562905,-1.8664371797960146,21.332019000841807,-1.8663098326932703
25.831794082621823,34,flow,0.018674907022615383,-0.021943587673258828,2.167834473920852,-0.5714252227427783,21.353960827507606,-0.8665505835524744,21.37263464906348,-1.8663762125441,21.332019000841807,-1.8663098326932703
25.84179408262182,34,flow,0.04027750957635144,-0.027683864402174595,2.1513358726239122,-0.5769696021704834,21.35969932924405,-0.866693006394541,21.399965949485598,-1.865881977157491,21.332019000841807,-1.8663098326932703
25.851794082621822,34,flow,0.061674850402259784,-0.03348971527633761,2.126806930723493,-0.584534195030827,21.3655024563426,-0.8668705607974105,21.42713821451306,-1.8649692700014415,21.332019000841807,-1.8663098326932703
25.86179408262182,34,flow,0.08278746210847202,-0.03938114470505784,2.0944238943485547,-0.5940773039020429,21.371389967133602,-0.867085169760429,21.454082894024374,-1.8636602446254575,21.332019000841807,-1.8663098326932703
25.871794082621822,34,flow,0.10353790289561993,-0.04537767823807392,2.0544147805674187,-0.6055451354389724,21.377381107565544,-0.867339222878555,21.480734120191578,-1.8619839608534376,21.332019000841807,-1.8663098326932703
25.881794082621823,34,flow,0.12385124684274063,-0.0514982506113118,2.0070537268375093,-0.6188736550016481,21.383494491645354,-0.8676355745657596,21.507029352815923,-1.8599758075884707,21.332019000841807,-1.8663098326932703
25.89179408262182,34,flow,0.14365551324413825,-0.057761113772825085,1.9526545054131799,-0.6339907103364933,21.389748001459438,-0.8679775420767194,21.53290992339002,-1.8576768217112671,21.332019000841807,-1.8663098326932703
25.901794082621823,34,flow,0.16288202827786438,-0.06418376703955457,1.8915635304631526,-0.6508183157766051,21.396158708854273,-0.8683689036518388,21.558321466822136,-1.8551329280914497,21.332019000841807,-1.8663098326932703
25.91179408262182,34,flow,0.18146571557225138,-0.0707829104468714,1.824152683356957,-0.6692749890893853,21.40274281976325,-0.8688138971440738,21.583214235387366,-1.852394126786083,21.332019000841807,-1.8663098326932703
25.921794082621822,34,flow,0.19934531538415098,-0.07757442130903863,1.7508122567465088,-0.6892780411890138,21.409515641117686,-0.8693172195080217,21.60754329487154,-1.8495136530603704,21.332019000841807,-1.8663098326932703
25.93179408262182,34,flow,0.21646353490978457,-0.08457335307608169,1.671944275876183,-0.7107457327609689,21.41649156934061,-0.8698840275420713,21.631268607701852,-1.8465471341416673,21.332019000841807,-1.8663098326932703
25.941794082621822,34,flow,0.23276713457332268,-0.09179395479853093,1.5879564022033057,-0.7335992293902066,21.423684098639118,-0.8705199402732833,21.654355011865224,-1.8435517639005656,21.332019000841807,-1.8663098326932703
25.951794082621824,34,flow,0.24820695689951963,-0.09924970892286734,1.4992565661688337,-0.757764305989184,21.431105846711816,-0.8712310433627302,21.676772107462327,-1.8405855132698234,21.332019000841807,-1.8663098326932703
25.96179408262182,34,flow,0.2627379057547011,-0.10695338474444409,1.4062484183901183,-0.7831727703555817,21.438768595078887,-0.8720238958872535,21.698494064794065,-1.8377063904895063,21.332019000841807,-1.8663098326932703
25.971794082621823,34,flow,0.2763188843648093,-0.11491710463188358,1.3093276360137605,-0.8097635931106776,21.446683341014985,-0.8729055398232175,21.719499368976624,-1.8349717614978145,21.332019000841807,-1.8663098326932703
25.98179408262182,34,flow,0.2889127006562862,-0.12315242008605587,1.2088790764017225,-0.8374837460999084,21.45486035799758,-0.8738835125202673,21.739770516341558,-1.8324377372109768,21.332019000841807,-1.8663098326932703
25.991794082621823,34,flow,0.30048594820377406,-0.13167039477885847,1.1052747352617516,-0.86628876305807,21.463309261647677,-0.8749658624097328,21.759293677448728,-1.8301586312281057,21.332019000841807,-1.8663098326932703
26.00179408262182,34,flow,0.3110088705055018,-0.1404816919001457,0.9988724411011262,-0.8961430448309021,21.472039078303478,-0.8761611681445433,21.778058340586664,-1.8281864887698167,21.332019000841807,-1.8663098326932703
26.011794082621822,34,flow,0.32045521553878614,-0.14959666339367692,0.8900152018907566,-0.927019936884751,21.481058313599885,-0.8774785613165001,21.796056948320928,-1.8265706854666683,21.332019000841807,-1.8663098326932703
26.02179408262182,34,flow,0.32880208666110944,-0.15902543895617033,0.7790311118804848,-0.9589016096111568,21.49037501869881,-0.8789277528434924,21.813284538121994,-1.8253575929615478,21.332019000841807,-1.8663098326932703
26.031794082621822,34,flow,0.3360297949898116,-0.1687780129832247,0.6662337250956004,-0.9917787725361066,21.4999968521035,-0.8805190630643877,21.82973839648452,-1.8245903071499279,21.332019000841807,-1.8663098326932703
26.041794082621823,34,flow,0.3421217174729232,-0.17886432795289794,0.5519228055755576,-1.025650252497732,21.50993113527542,-0.8822634555233342,21.845417734335363,-1.8243084342006748,21.332019000841807,-1.8663098326932703
26.05179408262182,34,flow,0.3470641639968163,-0.18929435302815234,0.4363853713797138,-1.0605224636598776,21.52018490054099,-0.884172574368143,21.86032338998751,-1.8245479292116438,21.332019000841807,-1.8663098326932703
26.061794082621823,34,flow,0.3508462560907116,-0.20007815692393907,0.3198969584612851,-1.0964087943205474,21.530764930018982,-0.8862587852291596,21.874457564476227,-1.8253409823875542,21.332019000841807,-1.8663098326932703
26.07179408262182,34,flow,0.3534598190991546,-0.21122597431814968,0.20272304061902885,-1.133328932214314,21.541677784512398,-0.8885352193851891,21.8878235928359,-1.8267159479125175,21.332019000841807,-1.8663098326932703
26.081794082621823,34,flow,0.3548992891073341,-0.22274826528595415,0.08512055204631627,-1.1713081466748165,21.552929821489602,-0.8910158209610557,21.900425753747903,-1.8286973111611848,21.332019000841807,-1.8663098326932703
26.09179408262182,34,flow,0.3551616354194337,-0.23465576740447244,-0.03266053108737092,-1.2103765428192172,21.564527201429442,-0.8937153968365249,21.912269119007494,-1.8313056904931626,21.332019000841807,-1.8663098326932703
26.101794082621822,34,flow,0.35424629900089377,-0.24695954031164996,-0.1503755844457559,-1.2505682999680028,21.576475881926385,-0.8966496688779256,21.923359443406657,-1.8345578705558736,21.332019000841807,-1.8663098326932703
26.11179408262182,34,flow,0.35215514699292383,-0.2596710026111046,-0.26778373105623715,-1.2919209039248671,21.58878159904713,-0.8998353280306528,21.933703094891424,-1.8384668647395652,21.332019000841807,-1.8663098326932703
26.121794082621822,34,flow,0.3488924431802371,-0.272801961101185,-0.38464625782348494,-1.334474380485034,21.601449835507477,-0.9032900897329502,21.943307024207943,-1.8430420051520222,21.332019000841807,-1.8663098326932703
26.131794082621823,34,flow,0.3444648341305711,-0.2863646323686531,-0.5007250664288249,-1.3782705357166025,21.61448577529613,-0.9070327500266563,21.952178772674984,-1.8482890591801655,21.332019000841807,-1.8663098326932703
26.14179408262182,34,flow,0.3388813506162044,-0.3003716568365104,-0.6157811671144753,-1.4233522070477873,21.627894244422396,-0.9110832416500111,21.960326516198577,-1.85421037236025,21.332019000841807,-1.8663098326932703
26.151794082621823,34,flow,0.332153423862702,-0.31483610538908496,-0.7295732199273093,-1.469762528032779,21.641679637506467,-0.9154626892993191,21.96775914315306,-1.86080503786796,21.332019000841807,-1.8663098326932703
26.16179408262182,34,flow,0.3242949161408082,-0.32977147872175866,-0.8418561248614813,-1.5175442087848519,21.65584582997186,-0.9201934631405734,21.974486363281777,-1.86806909344867,21.332019000841807,-1.8663098326932703
26.171794082621822,34,flow,0.31532216521583767,-0.3451916995791819,-0.9523796598675662,-1.5667388334226593,21.67039607564259,-0.9252992295387326,21.980518844307532,-1.875995747022409,21.332019000841807,-1.8663098326932703
26.18179408262182,34,flow,0.30525404218937885,-0.3611110980569007,-1.0608871637429673,-1.6173861754272023,21.685332889597085,-0.9308049978513426,21.98586837248183,-1.8845756325047873,21.332019000841807,-1.8663098326932703
26.191794082621822,34,flow,0.2941120223060903,-0.3775443901486989,-1.1671142593481836,-1.6695235315092094,21.700657916190647,-0.9367371620050492,21.99054803284126,-1.8937970975724578,21.332019000841807,-1.8663098326932703
26.201794082621824,34,flow,0.2819202683506518,-0.3945066497269382,-1.270787611281933,-1.723185074399312,21.716371782231366,-0.943123535438967,21.994572404481737,-1.9036465251583738,21.332019000841807,-1.8663098326932703
26.21179408262182,34,flow,0.2687057263244901,-0.41201327414669936,-1.3716237109876626,-1.778401224861091,21.73247393538497,-0.949993377859008,21.997957765714872,-1.9141086903778808,21.332019000841807,-1.8663098326932703
26.221476469631128,34,pre_impact,0.2549644261447055,-0.4294973513441384,-1.466275703475809,-1.8333695709332538,21.748432860215573,-0.9571346583063731,22.000643845176295,-1.9248069267243237,21.332019000841807,-1.8663098326932703
26.221476469631128,35,post_impact,-0.4294973513441384,0.2549644261447055,-0.028851140704487577,-1.2018057363416634,21.748432860215573,-0.9571346583063731,21.332019000841807,-1.8663098326932703,22.000643845176295,-1.9248069267243237
26.23147646963113,35,flow,-0.4291426451880996,0.24315448422860894,0.09988033461882086,-1.1603469802224262,21.759878336169674,-0.9542236125916411,21.343786993016277,-1.8635464343402217,22.000643845176295,-1.9248069267243237
26.241476469631127,35,flow,-0.42749836951914866,0.23175428646273705,0.22902421935773154,-1.119848361060648,21.77095858354396,-0.9515419676361602,21.356362979588834,-1.8615477287064324,22.000643845176295,-1.9248069267243237
26.25147646963113,35,flow,-0.42456156407767665,0.22075448167092082,0.3583469205912253,-1.0802604886489255,21.781677987539858,-0.9490744053899473,21.36975667752019,-1.8602938270177352,22.000643845176295,-1.9248069267243237
26.261476469631127,35,flow,-0.4203316328682805,0.21014619150687144,0.4876088197751202,-1.0415383498212925,21.792040967745113,-0.9468064975181648,21.383977726809643,-1.859760160853408,22.000643845176295,-1.9248069267243237
26.27147646963113,35,flow,-0.4148104153251502,0.1999209617684851,0.6165620764321819,-1.0036422950100325,21.80205197773078,-0.9447246494717947,21.39903554661998,-1.8599173921521084,22.000643845176295,-1.9248069267243237
26.281476469631126,35,flow,-0.4080022798417368,0.1900707037541183,0.7449483552716506,-0.966539041925204,21.811715519285926,-0.9428160470944456,21.41493913624005,-1.8607313492095336,22.000643845176295,-1.9248069267243237
26.291476469631128,35,flow,-0.39991424030192174,0.18058762553677624,0.8724965043625093,-0.9302026862893328,21.821036171015457,-0.941068606141795,21.4316968200515,-1.862162993157026,22.000643845176295,-1.9248069267243237
26.301476469631126,35,flow,-0.39055609591189067,0.1714641531531607,0.9989202247435504,-0.8946157053584143,21.830018630922538,-0.9394709250168557,21.449315936464068,-1.8641684206510005,22.000643845176295,-1.9248069267243237
26.311476469631128,35,flow,-0.37994059415397813,0.1626928418716962,1.1239157870871588,-0.8597699349250698,21.838667772448865,-0.9380122409543821,21.467802471798695,-1.8666989097365176,22.000643845176295,-1.9248069267243237
26.32147646963113,35,flow,-0.3680836160414284,0.15426627792521802,1.247159868635781,-0.8256674946703515,21.84698871324549,-0.9366823898205351,21.487160641377272,-1.8697010170170127,22.000643845176295,-1.9248069267243237
26.331476469631127,35,flow,-0.3550043820243008,0.146176971377326,1.3683076032167458,-0.7923216302411322,21.854986895685645,-0.9354717696288742,21.5073924216635,-1.873116735289794,22.000643845176295,-1.9248069267243237
26.34147646963113,35,flow,-0.34072567586521985,0.13841724114189746,1.4869909579512421,-0.7597574335413346,21.86266817780361,-0.9343713078105744,21.5284970392233,-1.876883721596165,22.000643845176295,-1.9248069267243237
26.351476469631127,35,flow,-0.3252740825628934,0.1309790935949376,1.6028175710606694,-0.7280123958611396,21.870038932947804,-0.9333724322155903,21.55047042454767,-1.8809356060667657,22.000643845176295,-1.9248069267243237
26.36147646963113,35,flow,-0.30868023496012886,0.12385409670366346,1.7153702041112628,-0.6971367422458002,21.877106155974577,-0.932467045762816,21.573304641390543,-1.8852023918775949,22.000643845176295,-1.9248069267243237
26.371476469631126,35,flow,-0.2909790620617655,0.11703325213909097,1.8242069766600768,-0.6671934907528982,21.883877573292036,-0.9316475046020486,21.596987305164184,-1.8896109559160998,22.000643845176295,-1.9248069267243237
26.381476469631128,35,flow,-0.27221003036461766,0.110506868415724,1.928862558483137,-0.6382581779956977,21.8903617535099,-0.9309065996000768,21.621501006998578,-1.8940856582311159,22.000643845176295,-1.9248069267243237
26.39147646963113,35,flow,-0.25241736775782,0.10426443868436637,2.0288504907998965,-0.6104181938100581,21.896568214892273,-0.9302375409190982,21.646822763143355,-1.8985490658586333,22.000643845176295,-1.9248069267243237
26.401476469631127,35,flow,-0.23165025791662466,0.09829452734843311,2.1236667893789543,-0.5837716742607417,21.902507525288456,-0.9296339454196304,21.672923512237432,-1.9029227930652752,22.000643845176295,-1.9248069267243237
26.41147646963113,35,flow,-0.20996299175129032,0.09258467012515625,2.2127949456278433,-0.5584259146633086,21.908191389786914,-0.9290898265937321,21.699767685294898,-1.9071284553839374,22.000643845176295,-1.9248069267243237
26.421476469631127,35,flow,-0.18741506158150428,0.08712129246548632,2.2957123842136324,-0.53449528365367,21.91363272106455,-0.9285995867188358,21.727312874704015,-1.9110887290772574,22.000643845176295,-1.9248069267243237
26.43147646963113,35,flow,-0.16407118349898658,0.08188965130965559,2.3718983567110774,-0.5120986457996409,21.91884568735727,-0.9281580109182543,21.755509628730646,-1.9147285010264476,22.000643845176295,-1.9248069267243237
26.441476469631127,35,flow,-0.14000123406431966,0.07687380492074951,2.4408431521778873,-0.4913563331439323,21.9238457332272,-0.9277602628208462,21.78430139659284,-1.9179760868275506,22.000643845176295,-1.9248069267243237
26.451476469631128,35,flow,-0.11528008923048474,0.07205661494984071,2.5020583927386757,-0.47238674360893024,21.928649568902017,-0.927401881527668,21.813624645832224,-1.9207644875647525,22.000643845176295,-1.9248069267243237
26.461476469631126,35,flow,-0.08998735629523409,0.06741978391080473,2.5550880642413336,-0.45530268338286783,21.9332751249461,-0.9270787796148289,21.84340916828759,-1.9230326489450558,22.000643845176295,-1.9248069267243237
26.471476469631128,35,flow,-0.06420699374981544,0.06294392988404392,2.599519821215543,-0.4402076071520519,21.93774147038732,-0.9267872419255183,21.87357858350734,-1.9247266809433512,22.000643845176295,-1.9248069267243237
26.48147646963113,35,flow,-0.03802681896903803,0.058608698574097846,2.634996016302955,-0.42719193954062984,21.94206869412009,-0.9265239249263654,21.904051039198745,-1.9258009925679087,22.000643845176295,-1.9248069267243237
26.491476469631127,35,flow,-0.011537909484369252,0.0543929109136795,2.661223851850066,-0.4163296785052198,21.94627775133773,-0.9262858564204788,21.934740097845857,-1.9262192954812503,22.000643845176295,-1.9248069267243237
26.50147646963113,35,flow,0.015166090332179468,0.05027474237791132,2.677984047867849,-0.40767548263961984,21.950390278773888,-0.9260704354195158,21.965555787719932,-1.925955432475881,22.000643845176295,-1.9248069267243237
26.511476469631127,35,flow,0.04198973950067106,0.04623192822428763,2.6851374734469435,-0.401262426957539,21.954428384478025,-0.9258754319798409,21.996405786113964,-1.9249939923879114,22.000643845176295,-1.9248069267243237
26.52147646963113,35,flow,0.06883662490330411,0.042241987196677336,2.682629297952796,-0.39710057574744834,21.958414419523617,-0.9256989868053954,22.02719669379978,-1.923330681743662,22.000643845176295,-1.9248069267243237
26.531476469631126,35,flow,0.09561021357644653,0.03828245498235742,2.6704903756019993,-0.3951764692459469,21.962370740294183,-0.9255396104156781,22.057835353288493,-1.9209724347015997,22.000643845176295,-1.9248069267243237
26.541476469631128,35,flow,0.12221470454227705,0.03433111806708341,2.648835766821321,-0.39545355822127565,21.96631947063462,-0.9253961816788631,22.088230160332454,-1.917937255759628,22.000643845176295,-1.9248069267243237
26.551476469631126,35,flow,0.1485558518858807,0.030366238611059637,2.617860500114068,-0.3978735543049725,21.9702822731776,-0.9252679455206051,22.11829231842869,-1.9142538031064302,22.000643845176295,-1.9248069267243237
26.561476469631128,35,flow,0.17454173279839824,0.026366761613209198,2.577832866651503,-0.402358601371371,21.974280138512558,-0.9251545096457932,22.1479369899645,-1.9099607331962938,22.000643845176295,-1.9248069267243237
26.57147646963113,35,flow,0.20008343804143897,0.02231249684905363,2.5290856948897553,-0.4088141215454392,21.978333199651345,-0.9250558401551418,22.177084304590487,-1.905105838004981,22.000643845176295,-1.9248069267243237
26.581476469631127,35,flow,0.2250956673353655,0.018184269724713313,2.4720061589506157,-0.4171321535647923,21.98246057759335,-0.9249722560012051,22.205660194658744,-1.8997450146182384,22.000643845176295,-1.9248069267243237
26.59147646963113,35,flow,0.2494972180100856,0.013964037115062748,2.407024724501863,-0.4271949838646181,21.986680261874824,-0.9249044223063265,22.233597038163843,-1.8939411118011253,22.000643845176295,-1.9248069267243237
26.601476469631127,35,flow,0.27321136130908147,0.009634966259729236,2.334603829950624,-0.4388788718161938,21.991009027988994,-0.9248533426526593,22.260834100547175,-1.887762699871174,22.000643845176295,-1.9248069267243237
26.61147646963113,35,flow,0.29616610648019787,0.005181476702861277,2.255226846591059,-0.4520576876047201,21.995462391658524,-0.9248203505447016,22.287317777033103,-1.8812828087875002,22.000643845176295,-1.9248069267243237
26.621476469631126,35,flow,0.31829435779762577,0.0005892469407767311,2.1693877715124046,-0.46660631022152377,22.000054598269617,-0.9248071003302973,22.313001646110877,-1.8745776753890533,22.000643845176295,-1.9248069267243237
26.631476469631128,35,flow,0.33953397365518134,-0.004154811209810643,2.0775819963611517,-0.4824036691565984,22.00479864443241,-0.924815557940002,22.337846351864833,-1.867725534859329,22.000643845176295,-1.9248069267243237
26.64147646963113,35,flow,0.359827739715963,-0.009062606538475512,1.9802983778899852,-0.4993353518772736,22.009706327662037,-0.9248479918618987,22.361819337858627,-1.8608054845132997,22.000643845176295,-1.9248069267243237
26.651476469631127,35,flow,0.3791232697964955,-0.014144946086145697,1.8780127247558531,-0.5172957360515581,22.014788319581537,-0.9249069648062329,22.384894458208805,-1.8538964406079854,22.000643845176295,-1.9248069267243237
26.66147646963113,35,flow,0.3973728488082654,-0.019411631687879682,1.77118271800695,-0.53618963778977,22.020054257799647,-0.9249953265306716,22.40705149253674,-1.8470762016744104,22.000643845176295,-1.9248069267243237
26.671476469631127,35,flow,0.41453323184905605,-0.024871570641184153,1.6602442052148834,-0.5559334931954538,22.025512851658473,-0.9251162082935737,22.428275590984793,-1.8404206253103155,22.000643845176295,-1.9248069267243237
26.68147646963113,35,flow,0.43056541263743875,-0.030532896001766778,1.5456087520353192,-0.576456109585748,22.031171997311098,-0.9252730193818893,22.448556673799775,-1.8340029197551748,22.000643845176295,-1.9248069267243237
26.691476469631127,35,flow,0.4454343731269694,-0.036403092439233065,1.4276622992926666,-0.5976990350735577,22.037038898008724,-0.92546944612564,22.46788880750507,-1.8278930470398622,22.000643845176295,-1.9248069267243237
26.701476469631128,35,flow,0.4591088245152056,-0.04248912410863201,1.3067647559210085,-0.619616601595133,22.043120185987824,-0.925709453766223,22.486269576749766,-1.8221572310892076,22.000643845176295,-1.9248069267243237
26.711476469631126,35,flow,0.47156094813891564,-0.048797561555933275,1.1832503547754143,-0.6421756980314693,22.04942204289586,-0.9259972914948515,22.50369946782796,-1.816857561793769,22.000643845176295,-1.9248069267243237
26.721476469631128,35,flow,0.48276614304655663,-0.055334705234273154,1.0574286057217859,-0.665355328024029,22.055950316238125,-0.9263375009236702,22.520181276827184,-1.8120516846367687,22.000643845176295,-1.9248069267243237
26.73147646963113,35,flow,0.49270278545147866,-0.06210670373289076,0.9295856950012291,-0.6891460025804889,22.062710629837774,-0.9267349281982727,22.535719552547498,-1.8077925648129187,22.000643845176295,-1.9248069267243237
26.741476469631127,35,flow,0.5013520038506815,-0.06911966529267988,0.7999861986224993,-0.7135490116068921,22.06970848675694,-0.9271947399085565,22.550320081828282,-1.8041283147493083,22.000643845176295,-1.9248069267243237
26.75147646963113,35,flow,0.5086974723734559,-0.07637976159086161,0.6688749980560901,-0.7385756118933989,22.076949363519144,-0.9277224429064133,22.563989422775983,-1.8011020743835249,22.000643845176295,-1.9248069267243237
26.761476469631127,35,flow,0.5147252239100845,-0.08389332311910412,0.5364793070057967,-0.7642461624222238,22.084438794798135,-0.9283239080943657,22.57673448961228,-1.7987519343363167,22.000643845176295,-1.9248069267243237
26.77147646963113,35,flow,0.5194234837562947,-0.09166692575619728,0.40301073730463877,-0.7905892315719381,22.092182447997974,-0.9290053982090002,22.588562191441476,-1.797110893122472,22.000643845176295,-1.9248069267243237
26.781476469631126,35,flow,0.5227825238779569,-0.09970746835317607,0.2686673492792595,-0.8176406951189596,22.100186187348598,-0.9297735995865579,22.599479126134685,-1.7962068406838454,22.000643845176295,-1.9248069267243237
26.791476469631128,35,flow,0.5247945374307336,-0.1080222413125447,0.1336356468725926,-0.8454428390190404,22.108456127286882,-0.9306356578646229,22.609491329702315,-1.796062561733762,22.000643845176295,-1.9248069267243237
26.801476469631126,35,flow,0.5254535328367341,-0.11661898626182503,-0.0019075097048102951,-0.874043476833628,22.116998674993557,-0.9315992175425052,22.61860408092808,-1.7966957536223023,22.000643845176295,-1.9248069267243237
26.811476469631128,35,flow,0.5247552465002546,-0.12550594700299547,-0.13779309094409214,-0.9034950883319328,22.12582056201895,-0.9326724652925614,22.626821760619336,-1.798119054632988,22.000643845176295,-1.9248069267243237
26.82147646963113,35,flow,0.5226970731143543,-0.13469191197110023,-0.27385819392647515,-0.9338539831961049,22.134928864962973,-0.9338641768841061,22.634147764544213,-1.800340079780947,22.000643845176295,-1.9248069267243237
26.831476469631127,35,flow,0.5192780124474702,-0.14418624846432412,-0.40994445056506823,-0.9651794918081069,22.144331015184395,-0.9351837675495479,22.64058446893363,-1.8033614622883358,22.000643845176295,-1.9248069267243237
26.84147646963113,35,flow,0.5144986314875497,-0.1539989289203091,-0.5458965475308841,-0.9975331837262356,22.154034797507293,-0.9366413455877464,22.64613324728977,-1.8071808999571513,22.000643845176295,-1.9248069267243237
26.851476469631127,35,flow,0.5083610408414159,-0.16414054951480067,-0.6815608545587357,-1.030978113578142,22.164048337874124,-0.93824776896126,22.650794537125936,-1.8117912066413315,22.000643845176295,-1.9248069267243237
26.86147646963113,35,flow,0.5008688843283547,-0.17462234135334842,-0.8167841564668648,-1.0655780936379795,22.17438007987055,-0.9400147046011678,22.654567955140134,-1.8171803699370153,22.000643845176295,-1.9248069267243237
26.871476469631126,35,flow,0.49202734075586474,-0.1854561745186525,-0.951412483892822,-1.1013969922448923,22.18503875002059,-0.9419546900847238,22.65745245916901,-1.8233316170624096,22.000643845176295,-1.9248069267243237
26.881476469631128,35,flow,0.48184313691353214,-0.19665455522840197,-1.0852900382665684,-1.138498057401142,22.196033311726065,-0.9440811972966735,22.659446555059006,-1.830223491684908,22.000643845176295,-1.9248069267243237
26.89147646963113,35,flow,0.4703245708603306,-0.20823061635375575,-1.2182582077340591,-1.1769432653079175,22.207372907704773,-0.9464086976242824,22.66054854631017,-1.8378299451692302,22.000643845176295,-1.9248069267243237
26.901476469631127,35,flow,0.4574815446053258,-0.22019810154911398,-1.3501546724534605,-1.2167926942087959,22.219066790770263,-0.9489527281689992,22.66075682397922,-1.846120446359902,22.000643845176295,-1.9248069267243237
26.91147646963113,35,flow,0.44332560528741033,-0.2325713432512262,-1.4808125997635455,-1.2581039246718697,22.23112424279513,-0.9517299583844788,22.660070193861355,-1.855060114564318,22.000643845176295,-1.9248069267243237
26.921476469631127,35,flow,0.4278699939433136,-0.2453652348212623,-1.6100599320248576,-1.300931468309758,22.243554481711396,-0.9547582564720978,22.658488237396877,-1.8646098808552938,22.000643845176295,-1.9248069267243237
26.93147646963113,35,flow,0.4111297009132461,-0.2585951971280897,-1.737718772311239,-1.345326227868754,22.256366556427828,-0.9580567547821799,22.65601170206557,-1.8747266831469047,22.000643845176295,-1.9248069267243237
26.941476469631127,35,flow,0.39312152687013574,-0.272277139905065,-1.8636048754262622,-1.391334992567105,22.26956922958613,-0.9616459133833442,22.652642916240257,-1.8853637006935235,22.000643845176295,-1.9248069267243237
26.951476469631128,35,flow,0.3738641483731543,-0.286427418256062,-1.9875272537672228,-1.43899997347506,22.283170848136734,-0.9655475808755632,22.648386222579045,-1.8964706336951622,22.000643845176295,-1.9248069267243237
26.961476469631126,35,flow,0.35337818674247634,-0.3010627847385798,-2.1092879091748507,-1.4883583845459312,22.297179201790644,-0.9697850514368513,22.64324842305704,-1.9079940335362924,22.000643845176295,-1.9248069267243237
26.971476469631128,35,flow,0.33168627893531305,-0.3162003375112925,-2.228681702889923,-1.5394420755600373,22.31160136949572,-0.974383117011449,22.637239227696345,-1.9198776888131643,22.000643845176295,-1.9248069267243237
26.98147646963113,35,flow,0.30881314898055706,-0.331857465098322,-2.3454963758760714,-1.5922772236568385,22.32644355419266,-0.9793681134715303,22.630371697978077,-1.932063071690136,22.000643845176295,-1.9248069267243237
26.991476469631127,35,flow,0.28478567841044244,-0.3480517883900365,-2.4595127308411215,-1.6468840902235653,22.341710906225202,-0.9847679595173988,22.622662674853927,-1.94448984824579,22.000643845176295,-1.9248069267243237
27.00147646963113,35,flow,0.2596329740241873,-0.3648011005666734,-2.570504985080165,-1.7032768495973787,22.357407335907048,-0.9906121870251487,22.614133180267014,-1.9570964553077022,22.000643845176295,-1.9248069267243237
27.011476469631127,35,flow,0.2333864312445038,-0.3821233056921091,-2.6782412995715497,-1.7614634952407375,22.373535315880783,-0.9969319615076495,22.604808780203278,-1.9698207448227167,22.000643845176295,-1.9248069267243237
27.017225442370076,35,pre_impact,0.21781519433769142,-0.39234811953712423,-2.738612677622809,-1.7957278890353208,22.383003007221845,-1.0007931437103337,22.599099964880047,-1.9771650528161153,22.000643845176295,-1.9248069267243237
27.017225442370076,36,post_impact,-0.39234811953712423,0.21781519433769142,-0.10800676435513878,-1.1614448887823177,22.383003007221845,-1.0007931437103337,22.000643845176295,-1.9248069267243237,22.599099964880047,-1.9771650528161153
27.027225442370078,36,flow,-0.39281675642299896,0.20639022116825448,0.014280438432616768,-1.123728419445991,22.394171890826627,-0.9983880177030329,22.01137974384211,-1.9222225116503981,22.599099964880047,-1.9771650528161153
27.037225442370076,36,flow,-0.39206286295573206,0.19533711995628905,0.13646181611500666,-1.087063872718799,22.405002710187183,-0.9961827615790646,22.022907144707496,-1.9203055774648954,22.599099964880047,-1.9771650528161153
27.047225442370078,36,flow,-0.3900886313575813,0.18464556357615933,0.2583095928497025,-1.0514135184441655,22.415501831308404,-0.9941636665764977,22.035231441733025,-1.9190390261856662,22.599099964880047,-1.9771650528161153
27.057225442370076,36,flow,-0.38689856382000887,0.17430558019107747,0.379589273519013,-1.0167441604821303,22.42567568282559,-0.9923178472081097,22.048357638022082,-1.9184015869777142,22.599099964880047,-1.9771650528161153
27.067225442370077,36,flow,-0.3824995480398694,0.1643075039730105,0.500057972938763,-0.9830279239553712,22.435530764010657,-0.9906331899110443,22.062290213852005,-1.9183677918944284,22.599099964880047,-1.9771650528161153
27.077225442370075,36,flow,-0.3769009494788526,0.15464191798926397,0.6194627470428108,-0.9502430328768612,22.44507366463443,-0.9890983046494505,22.0770329504174,-1.9189079801630036,22.599099964880047,-1.9771650528161153
27.087225442370077,36,flow,-0.3701147201604021,0.14529958941066518,0.7375389607930979,-0.9183745658974957,22.45431109616714,-0.9877024797509002,22.092588709839337,-1.9199883346416193,22.599099964880047,-1.9771650528161153
27.097225442370075,36,flow,-0.3621555234216185,0.1362713973349431,0.8540087376499486,-0.8874151746351351,22.46324993367974,-0.9864356401998975,22.10895917282545,-1.9215709548861128,22.599099964880047,-1.9771650528161153
27.107225442370076,36,flow,-0.3530408735340239,0.12754825369225978,0.9685795466532003,-0.8573657453979523,22.47189726765573,-0.9852883095567228,22.126144536353195,-1.9236139719985195,22.599099964880047,-1.9771650528161153
27.117225442370078,36,flow,-0.34279128848712037,0.11912101791104628,1.080942995137184,-0.8282359812234875,22.480260464732822,-0.9842515756164361,22.144143174911786,-1.9260717110368681,22.599099964880047,-1.9771650528161153
27.127225442370076,36,flow,-0.33143045348760125,0.11098040627281283,1.1907739072330172,-0.8000448772235553,22.4883472361649,-0.9833170598704392,22.16295127018973,-1.9288949071823813,22.599099964880047,-1.9771650528161153
27.137225442370077,36,flow,-0.3189853918674283,0.10311689717344692,1.297729779726887,-0.7728210585481041,22.496165712527304,-0.9824768907811074,22.18256241563292,-1.9320309820139192,22.599099964880047,-1.9771650528161153
27.147225442370075,36,flow,-0.30548663912853935,0.09552063383125678,1.4014507163641279,-0.7466029472526302,22.5037245228874,-0.9817236808284391,22.20296720400406,-1.9354243860489533,22.599099964880047,-1.9771650528161153
27.157225442370077,36,flow,-0.29096841480684865,0.08818132632977924,1.501559947826977,-0.7214387224690724,22.511032876335772,-0.9810505072364742,22.22415280790525,-1.939017013090044,22.599099964880047,-1.9771650528161153
27.167225442370075,36,flow,-0.27546878575587075,0.08108815524186372,1.5976650456089314,-0.6973860381213548,22.518100643435883,-0.9804508962368155,22.246102565110142,-1.942748690782301,22.599099964880047,-1.9771650528161153
27.177225442370077,36,flow,-0.25902981339174713,0.0742296794303596,1.689359931930634,-0.6745114646283499,22.524938434821152,-0.9799188106776334,22.268795582387124,-1.9465577500686344,22.599099964880047,-1.9771650528161153
27.187225442370078,36,flow,-0.24169767648712157,0.06759375093309611,1.7762277727694133,-0.6528896262258902,22.53155767387536,-0.9794486407400995,22.292206373141312,-1.9503816738772568,22.599099964880047,-1.9771650528161153
27.197225442370076,36,flow,-0.2235227603497475,0.06116744008309595,1.8578448153578007,-0.6326020142472953,22.53797066020698,-0.9790351974815564,22.316304545492724,-1.9541578223793108,22.599099964880047,-1.9771650528161153
27.207225442370078,36,flow,-0.2045597027852043,0.054936974152076226,1.93378519411192,-0.613735469252423,22.544190620507475,-0.9786737088873988,22.3410545581453,-1.9578242285563565,22.599099964880047,-1.9771650528161153
27.217225442370076,36,flow,-0.18486738723955182,0.048887692797558856,2.003626679854129,-0.5963803412760892,22.55023174340616,-0.9783598180831472,22.366415561384734,-1.961320453727864,22.599099964880047,-1.9771650528161153
27.227225442370077,36,flow,-0.164508874058637,0.04300402340497476,2.066957287767421,-0.5806283572043325,22.556109195136134,-0.9780895833360435,22.392341339578742,-1.9645884882954623,22.599099964880047,-1.9771650528161153
27.237225442370075,36,flow,-0.14355126197555218,0.037269479017088485,2.12338259282746,-0.5665702463525462,22.561839113235525,-0.9778594794629367,22.418780369488143,-1.9675736785312443,22.599099964880047,-1.9771650528161153
27.247225442370077,36,flow,-0.12206547379622272,0.031666680918211836,2.1725335323672827,-0.5542931980978331,22.5674385761419,-0.9776664002591586,22.445676005445954,-1.9702256561111784,22.599099964880047,-1.9771650528161153
27.257225442370075,36,flow,-0.10012596278804291,0.02617740709319359,2.2140744104200865,-0.5438782467721004,22.57292554739143,-0.9775076615719293,22.472966798038172,-1.972499243660809,22.599099964880047,-1.9771650528161153
27.267225442370076,36,flow,-0.07781033940987558,0.020782666737524016,2.247710765108744,-0.5353976964745832,22.578318794182472,-0.9773810046614959,22.500586947461553,-1.9743553072417357,22.599099964880047,-1.9771650528161153
27.277225442370078,36,flow,-0.05519892159834771,0.015462799806817064,2.2731967263248305,-0.5289127094911016,22.58363778125374,-0.9772845995230697,22.528466886510333,-1.975761525832943,22.599099964880047,-1.9771650528161153
27.287225442370076,36,flow,-0.03237421561678218,0.010197599337030693,2.29034148297358,-0.5244711844306692,22.588902542285243,-0.9772170478816472,22.556533981553173,-1.9766930487321601,22.599099964880047,-1.9771650528161153
27.297225442370078,36,flow,-0.00942033819377061,0.004966453035200039,2.299014501594923,-0.5221060425743748,22.594133532261626,-0.977177385618641,22.58471333339839,-1.977133014560934,22.599099964880047,-1.9771650528161153
27.307225442370076,36,flow,0.013577605983114884,-0.00025150046376812133,2.2991491922838656,-0.5218340229444125,22.599351465341165,-0.9771650844423568,22.61292865415305,-1.9770729101662914,22.599099964880047,-1.9771650528161153
27.317225442370077,36,flow,0.03653417470423796,-0.005477206152575025,2.290744800677419,-0.5236550591907423,22.604577143646825,-0.9771800526722348,22.641103191586662,-1.9765127539393839,22.599099964880047,-1.9771650528161153
27.327225442370075,36,flow,0.05936424820102286,-0.010731524059483815,2.2738664093557714,-0.5275522768622269,22.609831282956968,-0.9772226350678072,22.669160669572022,-1.9754610954989213,22.599099964880047,-1.9771650528161153
27.337225442370077,36,flow,0.08198367960721217,-0.016035063751127752,2.2486430485762336,-0.5334926111656224,22.61513434147534,-0.977293611696208,22.69702621213344,-1.9739348317549195,22.599099964880047,-1.9771650528161153
27.347225442370075,36,flow,0.10430991752023036,-0.021408027968692248,2.215264032663372,-0.5414280069042827,22.62050635765661,-0.9773941958952429,22.724627219690838,-1.9719588474334169,22.599099964880047,-1.9771650528161153
27.357225442370076,36,flow,0.1262625839362346,-0.026870070883607017,2.1739737430508326,-0.5512971277120423,22.625966802512004,-0.9775260314510738,22.751894169027494,-1.9695654955665258,22.599099964880047,-1.9771650528161153
27.367225442370078,36,flow,0.14776399348670896,-0.032440175583527305,2.1250651618592453,-0.5630274742504823,22.631534450945434,-0.9776911891690092,22.77876131311629,-1.966793939673386,22.599099964880047,-1.9771650528161153
27.377225442370076,36,flow,0.16873960324125115,-0.03813655429662237,2.068872514014253,-0.5765377930202669,22.637227275568634,-0.9778921630709487,22.805167262737324,-1.9636893839585814,22.599099964880047,-1.9771650528161153
27.387225442370077,36,flow,0.18911838605894934,-0.04397657363244728,2.0057633985011094,-0.591740649771164,22.643062365214398,-0.9781318665020459,22.83105543828456,-1.960302220604447,22.599099964880047,-1.9771650528161153
27.397225442370075,36,flow,0.20883312426143752,-0.049976705861336485,1.936130781431233,-0.6085450438721322,22.64905586911011,-0.9784136284704192,22.856374386749863,-1.9566871240960833,22.599099964880047,-1.9771650528161153
27.407225442370077,36,flow,0.22782062397675543,-0.05615250606644199,1.860385189617266,-0.6268589509864816,22.65522296648374,-0.9787411905757382,22.881077965092896,-1.9529021216355187,22.599099964880047,-1.9771650528161153
27.417225442370075,36,flow,0.24602185363640722,-0.06251861395872106,1.778947390019961,-0.6465916988094238,22.661577860326773,-0.9791187049040816,22.90512539665935,-1.9490076663560263,22.599099964880047,-1.9771650528161153
27.427225442370077,36,flow,0.26338201264323485,-0.06908877829716721,1.692241775457943,-0.6676561019468876,22.668133793184612,-0.9795507332769381,22.928481211727064,-1.9450657366084672,22.599099964880047,-1.9771650528161153
27.437225442370078,36,flow,0.27985053808681604,-0.07587590123090311,1.6006906079099452,-0.6899703047686755,22.674903082211188,-0.9800422482414324,22.951115086504615,-1.94113898046156,22.599099964880047,-1.9771650528161153
27.447225442370076,36,flow,0.29538105855874686,-0.08289209947968468,1.5047092040678658,-0.7134593031191799,22.681897170313977,-0.9805986361772987,22.973001596965624,-1.9372899201262097,22.599099964880047,-1.9771650528161153
27.457225442370078,36,flow,0.30993130466207314,-0.09014877907930016,1.4047020883834045,-0.7380561354993881,22.689126690013413,-0.9812257028746839,22.994119904860714,-1.9335802266194442,22.599099964880047,-1.9771650528161153
27.467225442370076,36,flow,0.32346298580668437,-0.0976567204094609,1.3010600897572437,-0.7637027507148232,22.696601536617152,-0.9819296819069048,23.014453393261363,-1.9300700708935925,22.599099964880047,-1.9771650528161153
27.477225442370077,36,flow,0.33594164244705194,-0.10542617035776085,1.1941583206207478,-0.7903505715405199,22.704330947429757,-0.9827172460853535,23.033989268248984,-1.926817554058319,22.599099964880047,-1.9771650528161153
27.487225442370075,36,flow,0.34733648216814245,-0.11346693871549021,1.084354951432935,-0.8179607826721096,22.71232358394298,-0.9835955222414845,23.052718142071466,-1.9238782163268913,22.599099964880047,-1.9771650528161153
27.497225442370077,36,flow,0.35762020707187775,-0.12178849621251903,0.9719906785281068,-0.8465043764338182,22.720587614244533,-0.9845721095347865,23.07063361144247,-1.9213046219660042,22.599099964880047,-1.9771650528161153
27.507225442370075,36,flow,0.3667688388586821,-0.13040007194648864,0.8573887771543158,-0.87596199193,22.729130793211578,-0.9856551014372018,23.087731842824724,-1.9191460158098863,22.599099964880047,-1.9771650528161153
27.517225442370076,36,flow,0.37476154691686553,-0.1393107483193911,0.7408556325194764,-0.9063235831824916,22.737960538392542,-0.9868531114947049,23.104011174656264,-1.917448045765747,22.599099964880047,-1.9771650528161153
27.527225442370078,36,flow,0.38158048368784125,-0.14852955194187173,0.6226816477813029,-0.9375879499251706,22.747083999807273,-0.9881753029164222,23.119471744650863,-1.9162525451168246,22.599099964880047,-1.9771650528161153
27.537225442370076,36,flow,0.3872106306098988,-0.1580655392879555,0.5031424374201915,-0.9697621617111426,22.756508122196554,-0.9896314219912091,23.134115148602525,-1.915597368238068,22.599099964880047,-1.9771650528161153
27.547225442370078,36,flow,0.39163965708359333,-0.16792787617148466,0.38250022583193005,-1.0028609023219044,22.76623969851922,-0.9912318352810605,23.147944135591054,-1.9155162734924134,22.599099964880047,-1.9771650528161153
27.557225442370076,36,flow,0.3948577941605625,-0.1781259103659145,0.26100538309084215,-1.0369057575458718,22.776285413724153,-0.9929875704899281,23.160962343140717,-1.9160388474917234,22.599099964880047,-1.9771650528161153
27.567225442370077,36,flow,0.3968577240372886,-0.18866923690023868,0.13889804179013082,-1.07192446550986,22.7866518780144,-0.9949103608549905,23.173174074727328,-1.9171904655131207,22.599099964880047,-1.9771650528161153
27.577225442370075,36,flow,0.39763448593120254,-0.19956775573717772,0.016409750065228455,-1.1079501451049338,22.797345648973643,-0.9970126928545313,23.18458412104952,-1.9189922835962894,22.599099964880047,-1.9771650528161153
27.587225442370077,36,flow,0.3971853985189923,-0.2108317216784489,-0.10623487402288537,-1.1450205147751094,22.808373242044127,-0.9993078569715448,23.195197625656373,-1.9214612586585986,22.599099964880047,-1.9771650528161153
27.597225442370075,36,flow,0.39550999881362264,-0.2224717864501773,-0.22881651280900683,-1.183177111098044,22.819741128935103,-1.001810001194179,23.205019994831673,-1.924610193810897,22.599099964880047,-1.9771650528161153
27.607225442370076,36,flow,0.39260999713406475,-0.23449903300317046,-0.35111956274055617,-1.2224645142128947,22.83145572360583,-1.0045341868721205,23.21405685104658,-1.9284478069043551,22.599099964880047,-1.9771650528161153
27.617225442370078,36,flow,0.3884892476660891,-0.2469250021238665,-0.47293060411222054,-1.2629295852092395,22.843523355514,-1.0074964464814555,23.222314028782126,-1.9329788211624002,22.599099964880047,-1.9771650528161153
27.627225442370076,36,flow,0.38315373401134983,-0.2597617114944609,-0.5940369346262333,-1.304620719082447,22.855950229852024,-1.010713842778162,23.229797611063383,-1.9382040775307487,22.599099964880047,-1.9771650528161153
27.637225442370077,36,flow,0.3766115690635446,-0.2730216673710524,-0.7142251708373263,-1.3475871157123684,22.86874237451672,-1.014204528741879,23.236514004617394,-1.9441206690970687,22.599099964880047,-1.9771650528161153
27.647225442370075,36,flow,0.3688730085245772,-0.2867178690687671,-0.8332799187193141,-1.3918780704984992,22.88190557357594,-1.0179878076261841,23.242470051146896,-1.950722098576175,22.599099964880047,-1.9771650528161153
27.657225442370077,36,flow,0.35995047737222524,-0.3008638064561728,-0.9509825125190305,-1.4375422857274645,22.89544528701298,-1.0220841923388835,23.24767317178608,-1.9579984604149012,22.599099964880047,-1.9771650528161153
27.667225442370075,36,flow,0.3498586086070248,-0.3154734506701726,-1.0671098195711994,-1.4846272034040788,22.90936655655009,-1.0265154632756497,23.252131541362065,-1.9659366495317645,22.599099964880047,-1.9771650528161153
27.677225442370077,36,flow,0.3386142936350149,-0.3305612382688521,-1.181433107670406,-1.5331783600934468,22.923673897379288,-1.0313047236226462,23.255854288619616,-1.9745205990591355,22.599099964880047,-1.9771650528161153
27.687225442370078,36,flow,0.3262367436812746,-0.3461420490447907,-1.2937169707763703,-1.5832387642486778,22.93837117566505,-1.036476451028851,23.25885171807429,-1.9837315496886996,22.599099964880047,-1.9771650528161153
27.697225442370076,36,flow,0.3127475616750029,-0.36223117772601277,-1.4037183081193432,-1.6348482964898163,22.953461471732115,-1.0420565444270982,23.26113554864423,-1.9935483533231488,22.599099964880047,-1.9771650528161153
27.707225442370078,36,flow,0.2981708240998204,-0.3788442997964687,-1.5111853510389863,-1.6880431333106696,22.968946928914967,-1.0480723646551589,23.262719163680213,-2.0039478136970477,22.599099964880047,-1.9771650528161153
27.717225442370076,36,flow,0.2825331723638591,-0.3959974316726879,-1.615856731012156,-1.7428551946812456,22.984828588125684,-1.0545527673955144,23.263617866481155,-2.0149050664368793,22.599099964880047,-1.9771650528161153
27.727225442370077,36,flow,0.26586391331503745,-0.41370688547766143,-1.7174605811999097,-1.7993116159488045,23.001106208295802,-1.0615281268161025,23.26384913486588,-2.0263940006749466,22.599099964880047,-1.9771650528161153
27.734690515875197,36,pre_impact,0.2527667324411349,-0.42729965764056804,-1.7911403246817053,-1.842541943930386,23.013514731696613,-1.0670769246415028,23.263598462046485,-2.035301138248192,22.599099964880047,-1.9771650528161153
27.734690515875197,37,post_impact,-0.42729965764056804,0.2527667324411349,0.00041342466941500793,-1.1846013772953645,23.013514731696613,-1.0670769246415026,22.599099964880047,-1.977165052816115,23.263598462046485,-2.035301138248192
27.7446905158752,37,flow,-0.4266512440520172,0.24112814947447328,0.1293469244218041,-1.1432765848097242,23.024800172690504,-1.0642319455535327,22.61097560645998,-1.9745885945566133,23.263598462046485,-2.035301138248192
27.754690515875197,37,flow,-0.424711550690679,0.22989805893403653,0.2586308158311016,-1.1028944563240268,23.035720196285894,-1.061611508030254,22.623662220185274,-1.9727691367267715,23.263598462046485,-2.035301138248192
27.7646905158752,37,flow,-0.4214782389262996,0.2190672807354954,0.38803113277729334,-1.0634063644773013,23.046279172110893,-1.0592005664719584,22.637169401445178,-1.9716857419930987,23.263598462046485,-2.035301138248192
27.774690515875196,37,flow,-0.416951340622818,0.20862709893505638,0.5173073828047215,-1.0247682712595885,23.0564814979215,-1.0569849505196798,22.651506632637332,-1.9713127683662501,23.263598462046485,-2.035301138248192
27.784690515875198,37,flow,-0.41113333433573523,0.19856921091976792,0.6462103467689714,-0.9869417144151726,23.066331602684116,-1.0549513097699559,22.66668312639988,-1.97161978604897,23.263598462046485,-2.035301138248192
27.794690515875196,37,flow,-0.4040292438823712,0.18888566665265952,0.7744798086895979,-0.9498948085683663,23.075833964166634,-1.0530870611061833,22.682707613585706,-1.9725715212679207,23.263598462046485,-2.035301138248192
27.804690515875198,37,flow,-0.39564675984143577,0.1795687978769291,0.9018422461103095,-0.9136032501260329,23.08499314074057,-1.0513803389959295,22.69958807534463,-1.9741278318492843,23.263598462046485,-2.035301138248192
27.814690515875196,37,flow,-0.38599638417135224,0.1706111373139441,1.0280085244676005,-0.8780513106555735,23.093813816983726,-1.0498199490310092,22.717331419524722,-1.976243720532756,23.263598462046485,-2.035301138248192
27.824690515875197,37,flow,-0.3750915976256072,0.16200532806803694,1.1526716545988505,-0.8432327982623222,23.10230086251449,-1.0483953249178541,22.73594310267632,-1.9788693932326882,23.263598462046485,-2.035301138248192
27.8346905158752,37,flow,-0.3629490489643675,0.15374402368492288,1.2755046904149125,-0.8091519605564165,23.110459403276238,-1.0470964890590868,22.75542670028708,-1.9819503705872188,23.263598462046485,-2.035301138248192
27.844690515875197,37,flow,-0.3495887640940841,0.14581977960693185,1.3961588634590756,-0.7758242962661906,23.118294904216484,-1.0459140168028278,22.77578342953328,-1.9854276621057245,23.263598462046485,-2.035301138248192
27.8546905158752,37,flow,-0.3350343721966799,0.13822493713177753,1.514262071715838,-0.7432772357167591,23.125813261965135,-1.0448390043740383,22.79701163082854,-1.9892380129302287,23.263598462046485,-2.035301138248192
27.864690515875196,37,flow,-0.31931334463408906,0.1309515014131838,1.6294178602600349,-0.7115506437102075,23.133020905708474,-1.0438630404423865,22.819106216792846,-1.9933142335444882,23.263598462046485,-2.035301138248192
27.874690515875198,37,flow,-0.30245724094573473,0.12399101553667527,1.7412050492023645,-0.6806970924749507,23.139924903984703,-1.042978181224452,22.84205809992764,-1.9975856225535213,23.263598462046485,-2.035301138248192
27.884690515875196,37,flow,-0.28450195463198913,0.11733443324992762,1.8491781773135332,-0.6507818481615861,23.146533074604694,-1.0421769289656355,22.865853613201043,-2.0019784917619026,23.263598462046485,-2.035301138248192
27.894690515875197,37,flow,-0.2654879497005347,0.110971993502331,1.9528689345274504,-0.6218825129091682,23.152854094350314,-1.0414522136003987,22.890473940802316,-2.0064168010460355,23.263598462046485,-2.035301138248192
27.9046905158752,37,flow,-0.2454604772436609,0.10489310051958396,2.0517887496384724,-0.5940882669833822,23.158897604554475,-1.0407973773501056,22.91589457933605,-2.010822907805203,23.263598462046485,-2.035301138248192
27.914690515875197,37,flow,-0.2244697597484802,0.0990862136607606,2.1454326772265087,-0.5674986631152323,23.164674308167562,-1.0402061619874639,22.942084852447813,-2.015118431990455,23.263598462046485,-2.035301138248192
27.9246905158752,37,flow,-0.20257112958974963,0.09353875172032655,2.2332846869007894,-0.542221939014181,23.170196053520424,-1.039672698476843,22.969007503995556,-2.019225232821009,23.263598462046485,-2.035301138248192
27.934690515875197,37,flow,-0.17982510741499663,0.08823701657998594,2.314824396217069,-0.518372834777658,23.175475899770525,-1.0391914986914212,22.99661839604852,-2.0230664873776534,23.263598462046485,-2.035301138248192
27.944690515875198,37,flow,-0.15629740611470452,0.08316614111519435,2.3895352059315194,-0.4960699295963472,23.18052815903425,-1.0387574489111637,23.024866337832403,-2.02656785451546,23.263598462046485,-2.035301138248192
27.954690515875196,37,flow,-0.13205884697543807,0.07831006595300792,2.456913695244569,-0.47543254586102485,23.185368410530337,-1.0383658048188966,23.05369306989686,-2.0296587003190396,23.263598462046485,-2.035301138248192
27.964690515875198,37,flow,-0.10718517659685764,0.0736515490105224,2.5164800214243335,-0.456577306482555,23.190013482737804,-1.0380121877327755,23.083033423991356,-2.032273354142591,23.263598462046485,-2.035301138248192
27.974690515875196,37,flow,-0.08175677629166239,0.06917221069159749,2.5677889523563473,-0.4396144697304184,23.194481400630888,-1.0376925818387792,23.1128156732762,-2.0343523577782063,23.263598462046485,-2.035301138248192
27.984690515875197,37,flow,-0.05585825994467168,0.06485261619639765,2.610441054927512,-0.4246442009532747,23.19879129648156,-1.037403332212203,23.14296207965256,-2.0358436652057477,23.263598462046485,-2.035301138248192
27.9946905158752,37,flow,-0.029577961509326667,0.06067239466162948,2.644093481285689,-0.4117529673699574,23.202963284458626,-1.0371411434382973,23.17338963550255,-2.0367037474243723,23.263598462046485,-2.035301138248192
28.004690515875197,37,flow,-0.003007319146046075,0.056610392905505666,2.668469753167978,-0.4010102560305426,23.207018301195824,-1.03690307865567,23.20401098658279,-2.036898556674855,23.263598462046485,-2.035301138248192
28.0146905158752,37,flow,0.023759830987464522,0.05264485954793238,2.683367952931909,-0.3924658123471762,23.210977916502426,-1.0366865588499912,23.2347355120318,-2.036404307344366,23.263598462046485,-2.035301138248192
28.024690515875196,37,flow,0.05062803266087003,0.04875365339716598,2.6886667945547886,-0.3861475753464779,23.21486412026597,-1.0364893622206863,23.265470527422476,-2.03520803710101,23.263598462046485,-2.035301138248192
28.034690515875198,37,flow,0.07750103583610121,0.04491446840579335,2.6843291666035007,-0.382060446682829,23.218699093181346,-1.0363096234316185,23.296122568474182,-2.033307921059844,23.263598462046485,-2.035301138248192
28.044690515875196,37,flow,0.10428264462745578,0.04110506639793175,2.67040290281728,-0.3801859764675449,23.222504970038823,-1.0361458325451116,23.326598707379233,-2.0307133233905073,23.263598462046485,-2.035301138248192
28.054690515875198,37,flow,0.1308775588031724,0.03730350824319261,2.6470187267700758,-0.38048298592255453,23.226303604828242,-1.0359968334315508,23.356807851288735,-2.0274445837723234,23.263598462046485,-2.035301138248192
28.064690515875196,37,flow,0.15719218112020142,0.03348837428193589,2.6143855140062553,-0.38288908164669677,23.23011634678819,-1.0358618214521045,23.38666197362004,-2.023532549336567,23.263598462046485,-2.035301138248192
28.074690515875197,37,flow,0.18313536514944592,0.029638965565444382,2.5727831953034976,-0.38732295636704306,23.23396383577229,-1.03574034023459,23.416077233395242,-2.019017875016212,23.263598462046485,-2.035301138248192
28.0846905158752,37,flow,0.20861908223984055,0.025735478778694573,2.5225537685354893,-0.3936873229516443,23.23786582400542,-1.0356322774050388,23.44497494526105,-2.0139501254956897,23.263598462046485,-2.035301138248192
28.094690515875197,37,flow,0.23355899145798267,0.021759149418943274,2.464090980318435,-0.40187229672703334,23.241841029603492,-1.0355378591998523,23.473282372377977,-2.0083867194318743,23.263598462046485,-2.035301138248192
28.1046905158752,37,flow,0.2578749021874342,0.0176923597351522,2.3978292763037294,-0.41175902780161316,23.245907025306092,-1.035457643962181,23.500933325022473,-2.0023917608765505,23.263598462046485,-2.035301138248192
28.114690515875196,37,flow,0.2814911250212542,0.01351870990792392,2.3242326027061577,-0.42322338955670197,23.250080163904602,-1.0353925146153387,23.527868558516584,-1.9960348038254787,23.263598462046485,-2.035301138248192
28.124690515875198,37,flow,0.3043367121323838,0.009223052801465088,2.2437835801424866,-0.43613954896055895,23.25437554000384,-1.035343670298182,23.55403597409118,-1.9893895938482933,23.263598462046485,-2.035301138248192
28.134690515875196,37,flow,0.32634559306930677,0.00479149421798174,2.156973477103554,-0.4503832746844157,23.258806986162668,-1.0353126174346505,23.579390634810945,-1.9825328263720214,23.263598462046485,-2.035301138248192
28.144690515875197,37,flow,0.34745661564945757,0.000211361846267082,2.064293299019242,-0.46583487538405643,23.26338710020179,-1.035301160585107,23.603894615307173,-1.9755429551022186,23.263598462046485,-2.035301138248192
28.1546905158752,37,flow,0.36761350420470784,-0.004528853017331309,1.966226193739965,-0.48238169840657275,23.268127299582318,-1.03531139348549,23.62751670860424,-1.9684990770105528,23.263598462046485,-2.035301138248192
28.164690515875197,37,flow,0.38676474889342866,-0.00943957638139293,1.8632412666711522,-0.499920154834571,23.27303789824198,-1.0353456907184977,23.650232015840004,-1.9614799129829854,23.263598462046485,-2.035301138248192
28.1746905158752,37,flow,0.4048634402500698,-0.014530250328960428,1.755788806653553,-0.5183572675365035,23.27812820108997,-1.0354067004782201,23.672021445393682,-1.954562896177241,23.263598462046485,-2.035301138248192
28.184690515875197,37,flow,0.42186706277487407,-0.019809444961921687,1.6442968513115088,-0.5376117632598851,23.283406611449543,-1.0354973388869242,23.692871147178607,-1.9478233737999813,23.263598462046485,-2.035301138248192
28.194690515875198,37,flow,0.4377372603792623,-0.025284979141662712,1.5291689691862949,-0.5576147473239191,23.288880747032604,-1.0356207863026912,23.7127719060077,-1.9413339226448494,23.263598462046485,-2.035301138248192
28.204690515875196,37,flow,0.45243958510192067,-0.030964046093143318,1.4107831043371246,-0.578310010474296,23.294557560465975,-1.0357804860228104,23.731718515369725,-1.9351637744530774,23.263598462046485,-2.035301138248192
28.214690515875198,37,flow,0.4659432388816389,-0.03685334046619186,1.2894913144912508,-0.5996540228126854,23.300443460903555,-1.0359801457441706,23.749709149997326,-1.9293783439755638,23.263598462046485,-2.035301138248192
28.224690515875196,37,flow,0.47822081646867604,-0.0429591840043116,1.1656202327540968,-0.6216156705321005,23.306544433801925,-1.0362237420921279,23.7667447525376,-1.924038850453988,23.263598462046485,-2.035301138248192
28.234690515875197,37,flow,0.48924805589381454,-0.049287647518290255,1.0394720916980553,-0.644175788666832,23.31286615646987,-1.0365155284769036,23.7828284466602,-1.9192020219722212,23.263598462046485,-2.035301138248192
28.2446905158752,37,flow,0.49900360137485666,-0.05584466737166895,0.9113261639549948,-0.6673265383143161,23.319414107497213,-1.0368600464841768,23.79796498619872,-1.9149198716065972,23.263598462046485,-2.035301138248192
28.254690515875197,37,flow,0.5074687821742717,-0.0626361551402722,0.781440492378742,-0.6910706707571369,23.32619366860832,-1.037262140956262,23.81216024750463,-1.9112395343685957,23.263598462046485,-2.035301138248192
28.2646905158752,37,flow,0.514627409753613,-0.06966809949969507,0.6500538031682892,-0.7154207143604974,23.33321021786165,-1.0377269788733967,23.82542077013773,-1.9082031544394362,23.263598462046485,-2.035301138248192
28.274690515875196,37,flow,0.5204655946053015,-0.07694665972058395,0.5173875154061206,-0.7403981135997262,23.340469213426825,-1.0382600721018562,23.837753349327976,-1.9058478130140055,23.263598462046485,-2.035301138248192
28.284690515875198,37,flow,0.5249715833718835,-0.08447825041407904,0.3836477791647669,-0.7660323434611619,23.347976267416865,-1.0388673040369696,23.84916468229965,-1.9042054880940933,23.263598462046485,-2.035301138248192
28.294690515875196,37,flow,0.5281356162696285,-0.09226961737426516,0.24902749100764615,-0.7923600169876228,23.355737209441216,-1.0395549601342462,23.85966106951508,-1.9033030387128653,23.263598462046485,-2.035301138248192
28.304690515875198,37,flow,0.5299498043952482,-0.10032790451794715,0.11370825003607564,-0.8194239990219163,23.363758139681526,-1.0403297622900467,23.86924817112683,-1.9031622072696173,23.263598462046485,-2.035301138248192
28.314690515875196,37,flow,0.5304080261874244,-0.10866071203233953,-0.02213777046273087,-0.8472725352701167,23.37204547138501,-1.0411989070035732,23.877930818377603,-1.9037996348598538,23.263598462046485,-2.035301138248192
28.324690515875197,37,flow,0.5295058421158488,-0.11727614591572155,-0.15834605116951253,-0.8759584026466508,23.380605962726754,-1.042170107223304,23.885712879308958,-1.9052268856688594,23.263598462046485,-2.035301138248192
28.3346905158752,37,flow,0.5272404265528592,-0.12618285914375757,-0.2947580626480822,-0.9055380843860616,23.38944673802145,-1.0432516377523102,23.8925971778874,-1.9074504776396957,23.263598462046485,-2.035301138248192
28.344690515875197,37,flow,0.5236105157356399,-0.13539008471804537,-0.43121971158634653,-0.9360709716105691,23.398575298270384,-1.0444523840566218,23.898585465493106,-1.9104719177127074,23.263598462046485,-2.035301138248192
28.3546905158752,37,flow,0.5186163707181373,-0.14490766086478515,-0.5675798960864366,-0.9676185917504105,23.407999521021495,-1.0457818942883306,23.903678443598945,-1.9142877409655168,23.263598462046485,-2.035301138248192
28.364690515875196,37,flow,0.5122597542391446,-0.15474604865054675,-0.7036891664163392,-1.0002438634315192,23.417727649500723,-1.0472504342988977,23.907875836370586,-1.9188895539511686,23.263598462046485,-2.035301138248192
28.374690515875198,37,flow,0.5045439204750182,-0.16491634227609084,-0.8393984865153326,-1.0340103770597227,23.427768270947862,-1.0488690453774838,23.91117651180905,-1.9242640834417233,23.263598462046485,-2.035301138248192
28.384690515875196,37,flow,0.49547361669381923,-0.17543027230105235,-0.9745580914390496,-1.0689817002852582,23.43813028406412,-1.050649604403246,23.913578649912672,-1.9303932326336182,23.263598462046485,-2.035301138248192
28.394690515875197,37,flow,0.48505509587281564,-0.1863002020451138,-1.1090164366607616,-1.1052207077740177,23.44882285545461,-1.0526048860488704,23.915079956134136,-1.937254147658194,23.263598462046485,-2.035301138248192
28.4046905158752,37,flow,0.47329613937559695,-0.19753911740777952,-1.2426192365465532,-1.1427889351917169,23.459855364930455,-1.0547486266148822,23.915677918131777,-1.9448192979624028,23.263598462046485,-2.035301138248192
28.414690515875197,37,flow,0.46020608880264224,-0.2091606103511489,-1.3752085912459446,-1.1817459579811411,23.4712373395251,-1.0570955890104972,23.915370103447817,-1.953056574774033,23.263598462046485,-2.035301138248192
28.4246905158752,37,flow,0.4457958861254912,-0.2211788562999164,-1.5066222035459933,-1.2221487963405344,23.482978376080034,-1.0596616283273237,23.914154495276932,-1.9619294124326305,23.263598462046485,-2.035301138248192
28.434690515875197,37,flow,0.4300781211865793,-0.23360858573153823,-1.6366926897872087,-1.2640513487532166,23.495088052268827,-1.0624637573778366,23.912029862908824,-1.9713969378373464,23.263598462046485,-2.035301138248192
28.444690515875198,37,flow,0.41306708559258876,-0.24646505025803597,-1.7652469915900995,-1.3075038574327615,23.507575825956863,-1.0655202114923894,23.908996162733164,-1.981414153618005,23.263598462046485,-2.035301138248192
28.454690515875196,37,flow,0.39477883194857827,-0.2597639835397513,-1.8921058977373153,-1.3525524100879862,23.52045092283872,-1.068850511788168,23.905054964885515,-1.9919321608535512,23.263598462046485,-2.035301138248192
28.464690515875198,37,flow,0.37523123727458996,-0.2735215574205133,-2.0170836879280643,-1.3992384834242686,23.53372221235664,-1.0724755260429617,23.900209899694826,-2.0028984272172115,23.263598462046485,-2.035301138248192
28.474690515875196,37,flow,0.35444406931903777,-0.28775433373256903,-2.139987912080135,-1.447598534720628,23.547398071982123,-1.076417526228266,23.894467117080776,-2.0142571062921,23.263598462046485,-2.035301138248192
28.484690515875197,37,flow,0.33243905433913745,-0.30247921228699254,-2.2606193201920957,-1.4976636485845116,23.56148624003751,-1.0807002416827372,23.887835750964285,-2.0259494134453226,23.263598462046485,-2.035301138248192
28.4946905158752,37,flow,0.309239944765254,-0.3177133756391609,-2.3787719582688323,-1.549459246508392,23.57599365734393,-1.0853489068412274,23.88032837962831,-2.0379140630442496,23.263598462046485,-2.035301138248192
28.504690515875197,37,flow,0.28487258501297313,-0.3334742312964033,-2.494233445220641,-1.603004867046598,23.590926298103348,-1.0903903023793617,23.87196147183971,-2.050087770919824,23.263598462046485,-2.035301138248192
28.5146905158752,37,flow,0.2593649735659752,-0.3497793521123813,-2.6067854437316114,-1.6583140242056762,23.606288990551768,-1.0958527885914533,23.86275580746851,-2.0624058248086046,23.263598462046485,-2.035301138248192
28.524690515875196,37,flow,0.2327473193387614,-0.3666464156854712,-2.7162043346324625,-1.715394150906178,23.62208522805276,-1.1017663297925233,23.85273686037976,-2.07480272402703,23.263598462046485,-2.035301138248192
28.533708020553597,37,pre_impact,0.20781990985793647,-0.38235283505737083,-2.8119973415051214,-1.7683859744165529,23.636702897478255,-1.1075117870153055,23.843030108074327,-2.0859948385637948,23.263598462046485,-2.035301138248192
28.533708020553597,38,post_impact,-0.38235283505737083,0.20781990985793647,-0.15974884930621303,-1.1603463035140384,23.636702897478255,-1.1075117870153055,23.263598462046485,-2.035301138248192,23.843030108074327,-2.0859948385637948
28.5437080205536,38,flow,-0.3833506277758796,0.1964003439421316,-0.03982565324544886,-1.1237516238264147,23.647889959384393,-1.1052194706179688,23.27385996837683,-2.0326360791747065,23.843030108074327,-2.0859948385637948
28.553708020553596,38,flow,-0.38315003475755227,0.1853412453319686,0.07989138807346552,-1.0882466799500587,23.658748162855783,-1.103121416058908,23.284904212668756,-2.0306130337614934,23.843030108074327,-2.0859948385637948
28.563708020553598,38,flow,-0.38175423380181056,0.17463189512810182,0.19917807914344582,-1.0537964459580016,23.669284464904933,-1.1012042763224348,23.296735472156573,-2.0292168021011463,23.843030108074327,-2.0859948385637948
28.573708020553596,38,flow,-0.37916867551673505,0.16426190349770142,0.3178038033353358,-1.0203702561016434,23.67950589369684,-1.0994555178511196,23.309357574014868,-2.028428187759449,23.843030108074327,-2.0859948385637948
28.583708020553598,38,flow,-0.3754011550500905,0.1542211624356512,0.4355300190349573,-0.9879425307475169,23.689419556022116,-1.097863370439125,23.322773778585674,-2.0282239854094852,23.843030108074327,-2.0859948385637948
28.593708020553596,38,flow,-0.3704618988076088,0.14449979132712276,0.5521087711126492,-0.9564934883917009,23.699032655855774,-1.0964167801194065,23.336986621592306,-2.0285769965382876,23.843030108074327,-2.0859948385637948
28.603708020553597,38,flow,-0.36436366584288454,0.13508807550793278,0.6672812513831546,-0.9260098319076859,23.70835252345106,-1.0951053653125933,23.351997716058396,-2.0294560763671394,23.843030108074327,-2.0859948385637948
28.613708020553595,38,flow,-0.3571218632246734,0.1259763981511761,0.7807764505483679,-0.896485394334759,23.71738665430468,-1.0939193764517463,23.36780751543783,-2.0308262158275254,23.843030108074327,-2.0859948385637948
28.623708020553597,38,flow,-0.3487546742140181,0.11715516597120931,0.892309953831122,-0.8679217263765167,23.726142757187063,-1.0928496592458075,23.38441504038035,-2.0326486630578313,23.843030108074327,-2.0859948385637948
28.6337080205536,38,flow,-0.3392831975109198,0.10861472943068297,1.0015829426836036,-0.8403286044998715,23.734628810257338,-1.0918876216945113,23.401817572623294,-2.034881089383709,23.843030108074327,-2.0859948385637948
28.643708020553596,38,flow,-0.3287315951556401,0.10034529836372959,1.1082814750384018,-0.8137244352892226,23.74285312407577,-1.091025204918148,23.420010320719058,-2.037477805062909,23.843030108074327,-2.0859948385637948
28.653708020553598,38,flow,-0.31712724589791663,0.0923368541868875,1.2120761257692405,-0.7881365287847906,23.75082441008872,-1.0902548578163171,23.438986063676364,-2.0403900301506583,23.843030108074327,-2.0859948385637948
28.663708020553596,38,flow,-0.3045008999922317,0.08457906015410768,1.3126220763011758,-0.7636012112653291,23.758551852897085,-1.0895695155203624,23.45873478009113,-2.0435662256059213,23.843030108074327,-2.0859948385637948
28.673708020553597,38,flow,-0.29088683046429276,0.07706117141461989,1.4095597463735243,-0.7401637467484168,23.76604518433673,-1.088962581554466,23.479243271928425,-2.04695248914167,23.843030108074327,-2.0859948385637948
28.683708020553595,38,flow,-0.2763229749624231,0.06977194693931374,1.502516060331965,-0.7178780368639385,23.77331475711242,-1.0884279135706603,23.500494793727274,-2.0504930192566153,23.843030108074327,-2.0859948385637948
28.693708020553597,38,flow,-0.2608510614124133,0.06269956567433865,1.5911064334247667,-0.696806071226234,23.78037161545254,-1.0879598124738457,23.522468699542365,-2.0541306493163933,23.843030108074327,-2.0859948385637948
28.7037080205536,38,flow,-0.2445167099060798,0.05583154953644619,1.6749375488712506,-0.6770171054838512,23.787227560014124,-1.0875530147052443,23.54514012129306,-2.0578074514451514,23.843030108074327,-2.0859948385637948
28.713708020553597,38,flow,-0.2273695026569793,0.049154696055232386,1.7536109727039693,-0.658586552263418,23.79389520409408,-1.0872026874077836,23.56847969321684,-2.0614654073431984,23.843030108074327,-2.0859948385637948
28.723708020553598,38,flow,-0.20946301354612037,0.04265502356178275,1.8267276198613915,-0.6415945814591735,23.80038801812368,-1.0869044261562686,23.592453337660192,-2.0650471400076507,23.843030108074327,-2.0859948385637948
28.733708020553596,38,flow,-0.19085478885367796,0.03631773178939583,1.8938930418942643,-0.6261244406772676,23.80672035947114,-1.0866542549005607,23.61702212731861,-2.0684966968016045,23.843030108074327,-2.0859948385637948
28.743708020553598,38,flow,-0.1716062713199658,0.030127180560772866,1.9547234552783668,-0.6122605236660922,23.812907484780947,-1.0864486277431418,23.64214223810452,-2.0717603705573326,23.843030108074327,-2.0859948385637948
28.753708020553596,38,flow,-0.15178266077047364,0.024066888864816866,2.008852372408254,-0.6000862333423791,23.81896554245996,-1.0862844321551228,23.667765004956443,-2.074787541638673,23.843030108074327,-2.0859948385637948
28.763708020553597,38,flow,-0.13145270621156427,0.018119556063910754,2.0559376390218786,-0.5896817051845866,23.82491154349115,-1.086158993228449,23.693837090042976,-2.0775315204114766,23.843030108074327,-2.0859948385637948
28.773708020553595,38,flow,-0.11068842654343641,0.012267106224001265,2.095668627469621,-0.581121474533879,23.83076330951091,-1.0860700785678215,23.720300768980614,-2.079950366700951,23.843030108074327,-2.0859948385637948
28.783708020553597,38,flow,-0.08956475977475264,0.006490755648952113,2.1277732910854876,-0.5744721856911182,23.836539398001104,-1.0860159034442867,23.747094335994287,-2.0820076608813634,23.843030108074327,-2.0859948385637948
28.7937080205536,38,flow,-0.06815914372549346,0.0007711026719566948,2.152024757201307,-0.569790449586629,23.842259005478788,-1.0859951358634454,23.774152623631498,-2.083673200547475,23.843030108074327,-2.0859948385637948
28.803708020553596,38,flow,-0.04655103447863683,-0.004911762325970076,2.168247130459939,-0.5671209584808644,23.84794185065061,-1.0860069012441167,23.801407627023142,-2.0849235974862954,23.843030108074327,-2.0859948385637948
28.813708020553598,38,flow,-0.024821372049218297,-0.010578129758883179,2.1763201975734736,-0.5664949594923969,23.853608040557784,-1.0860507864566904,23.828789217173384,-2.0857427520169893,23.843030108074327,-2.0859948385637948
28.823708020553596,38,flow,-0.0030520056205950302,-0.016248530577138372,2.176182770386579,-0.5679291734910092,23.859277923685625,-1.086126843032454,23.856225922803134,-2.086122185666915,23.843030108074327,-2.0859948385637948
28.833708020553598,38,flow,0.018674907001526894,-0.021943587700752727,2.1678344737110247,-0.5714252228224457,23.864971934767613,-1.0862355894236022,23.883645756302403,-2.0860612184156215,23.843030108074327,-2.0859948385637948
28.843708020553596,38,flow,0.04027750955315462,-0.027683864430481233,2.151335872412169,-0.576969602253356,23.87071043650487,-1.086378012265849,23.910977056723233,-2.085566983029733,23.843030108074327,-2.0859948385637948
28.853708020553597,38,flow,0.06167485037693835,-0.03348971530548878,2.12680693051041,-0.5845341951168546,23.876513563604256,-1.086555566668911,23.938149321749442,-2.084654275874503,23.843030108074327,-2.0859948385637948
28.863708020553595,38,flow,0.08278746208101544,-0.03938114473508487,2.094423894134703,-0.5940773039911812,23.882401074396125,-1.0867701756321355,23.965094001259533,-2.0833452504994345,23.843030108074327,-2.0859948385637948
28.873708020553597,38,flow,0.10353790286602332,-0.04537767826900774,2.0544147803533597,-0.6055451355311859,23.88839221482897,-1.0870242287504825,23.99174522742556,-2.081668966728424,23.843030108074327,-2.0859948385637948
28.8837080205536,38,flow,0.12385124681100466,-0.05149825064318303,2.0070537266237864,-0.618873655096912,23.894505598909703,-1.0873205804379245,24.01804046004878,-2.079660813464556,23.843030108074327,-2.0859948385637948
28.893708020553596,38,flow,0.14365551321026898,-0.05776111380566415,1.9526545052003157,-0.6339907104347948,23.900759108724742,-1.0876625479491395,24.0439210306218,-2.077361827588536,23.843030108074327,-2.0859948385637948
28.903708020553598,38,flow,0.16288202824187284,-0.06418376707339182,1.8915635302516436,-0.6508183158779456,23.90716981612056,-1.0880539095245334,24.069332574052908,-2.074817933969981,23.843030108074327,-2.0859948385637948
28.913708020553596,38,flow,0.18146571553415347,-0.07078291048173732,1.8241526831472719,-0.6692749891937808,23.913753927030548,-1.0884989030170642,24.094225342617193,-2.072079132665949,23.843030108074327,-2.0859948385637948
28.923708020553597,38,flow,0.19934531534396718,-0.07757442134496391,1.7508122565390871,-0.6892780412964954,23.920526748386024,-1.0890022253813303,24.11855440210049,-2.0691986589416365,23.843030108074327,-2.0859948385637948
28.933708020553595,38,flow,0.2164635348675396,-0.08457335311309738,1.671944275671437,-0.7107457328715826,23.92750267661001,-1.0895690334157226,24.142279714929995,-2.0662321400243915,23.843030108074327,-2.0859948385637948
28.943708020553597,38,flow,0.23276713452904527,-0.09179395483666866,1.5879564020016195,-0.7335992295040136,23.934695205909616,-1.0902049461473036,24.16536611909264,-2.0632367697847993,23.843030108074327,-2.0859948385637948
28.9537080205536,38,flow,0.24820695685324215,-0.09924970896215941,1.4992565659705668,-0.7577643061062592,23.942116953983433,-1.090916049237148,24.187783214689084,-2.06027051915561,23.843030108074327,-2.0859948385637948
28.963708020553597,38,flow,0.26273790570645944,-0.1069533847849236,1.4062484181956085,-0.7831727704760134,23.949779702351655,-1.0917089017620991,24.209505172020247,-2.0573913963768815,23.843030108074327,-2.0859948385637948
28.973708020553598,38,flow,0.27631888431464263,-0.11491710467358461,1.3093276358233268,-0.8097635932345659,23.957694448288933,-1.0925905456985237,24.23051047620231,-2.054656767386807,23.843030108074327,-2.0859948385637948
28.983708020553596,38,flow,0.2889127006042369,-0.12315242012901352,1.2088790762156703,-0.8374837462273647,23.96587146527273,-1.0935685183960686,24.25078162356682,-2.0521227431016076,23.843030108074327,-2.0859948385637948
28.993708020553598,38,flow,0.30048594814988727,-0.13167039482310902,1.1052747350803753,-0.8662887631892146,23.97432036892406,-1.094650868286067,24.27030478467364,-2.0498436371203894,23.843030108074327,-2.0859948385637948
29.003708020553596,38,flow,0.3110088704498259,-0.1404816919457267,0.9988724409247148,-0.8961430449658635,23.98305018558113,-1.09584617402145,24.28906944781131,-2.0478714946637613,23.843030108074327,-2.0859948385637948
29.013708020553597,38,flow,0.3204552154813721,-0.1495966634406272,0.8900152017195977,-0.9270199370236639,23.99206942087883,-1.097163567194022,24.307068055545383,-2.0462556913622754,23.843030108074327,-2.0859948385637948
29.023708020553595,38,flow,0.32880208660201127,-0.1590254390045301,0.7790311117148685,-0.9589016097541615,24.001386125979078,-1.098612758721675,24.324295645346332,-2.0450425988588137,23.843030108074327,-2.0859948385637948
29.033708020553597,38,flow,0.33602979492908625,-0.16877801303303555,0.6662337249358236,-0.9917787726833467,24.011007959385122,-1.1002040689432793,24.340749503708814,-2.044275313048843,23.843030108074327,-2.0859948385637948
29.0437080205536,38,flow,0.34212171741063047,-0.178864328004203,0.551922805421928,-1.0256502526493536,24.020942242558426,-1.1019484614029862,24.35642884155969,-2.043993440101225,23.843030108074327,-2.0859948385637948
29.053708020553596,38,flow,0.3470641639330193,-0.18929435308099615,0.43638537123255394,-1.0605224638160273,24.031196007825407,-1.103857580248611,24.371334497211933,-2.0442329351138118,23.843030108074327,-2.0859948385637948
29.063708020553598,38,flow,0.35084625602547687,-0.20007815697836762,0.31989695832093623,-1.0964087944813719,24.041776037304846,-1.1059437911105015,24.38546867170083,-2.045025988291317,23.843030108074327,-2.0859948385637948
29.073708020553596,38,flow,0.3534598190325519,-0.21122597437421042,0.20272304048585396,-1.1333289323799576,24.052688891799733,-1.108220225267467,24.39883470006075,-2.04640095381785,23.843030108074327,-2.0859948385637948
29.083708020553598,38,flow,0.3548992890394371,-0.22274826534369602,0.08512055192070385,-1.1713081468454214,24.06394092877844,-1.110700826844336,24.411436860973073,-2.048382317068059,23.843030108074327,-2.0859948385637948
29.093708020553596,38,flow,0.3551616353503202,-0.23465576746394573,-0.032660531205003784,-1.2103765429949211,24.075538308719803,-1.1134004027208775,24.423280226233054,-2.050990696401549,23.843030108074327,-2.0859948385637948
29.103708020553597,38,flow,0.3542462989306457,-0.24695954037290632,-0.15037558455496003,-1.2505683001489387,24.087486989218302,-1.1163346747634246,24.43437055063269,-2.0542428764657403,23.843030108074327,-2.0859948385637948
29.113708020553595,38,flow,0.35215514692162786,-0.25967100267419707,-0.26778373115652826,-1.2919209041111614,24.099792706340626,-1.119520333917377,24.444714202118,-2.058151870650881,23.843030108074327,-2.0859948385637948
29.123708020553597,38,flow,0.34889244310798495,-0.2728019611661677,-0.3846462579143405,-1.3344743806768056,24.112460942802574,-1.122975095620983,24.45431813143514,-2.062727011064755,23.843030108074327,-2.0859948385637948
29.1337080205536,38,flow,0.34446483405745987,-0.2863646324355814,-0.5007250665096806,-1.3782705359139618,24.125496882592856,-1.1267177559160857,24.46318987990289,-2.067974065094284,23.843030108074327,-2.0859948385637948
29.143708020553596,38,flow,0.33888135054233715,-0.3003716569054406,-0.6157811671847222,-1.4233522072508356,24.138905351720762,-1.1307682475409302,24.471337623427274,-2.0738953782757252,23.843030108074327,-2.0859948385637948
29.153708020553598,38,flow,0.3321534237881881,-0.3148361054600745,-0.7295732199862902,-1.469762528241606,24.15269074480649,-1.1351476951918262,24.478770250382638,-2.0804900437847644,23.843030108074327,-2.0859948385637948
29.163708020553596,38,flow,0.3242949160657637,-0.32977147879486574,-0.8418561249084875,-1.5175442089995363,24.166856937273547,-1.1398784690347719,24.485497470512332,-2.087754099366781,23.843030108074327,-2.0859948385637948
29.173708020553597,38,flow,0.31532216514038613,-0.3451916996544653,-0.9523796599018337,-1.5667388336432668,24.18140718294595,-1.1449842354347313,24.49152995153916,-2.095680752941807,23.843030108074327,-2.0859948385637948
29.183708020553595,38,flow,0.3052540421136517,-0.3611110981344201,-1.0608871637636728,-1.617386175653784,24.196343996902126,-1.1504900037492558,24.496879479714643,-2.104260638425459,23.843030108074327,-2.0859948385637948
29.193708020553597,38,flow,0.2941120222302276,-0.3775443902285141,-1.1671142593544404,-1.6695235317418011,24.21166902349736,-1.1564221679049966,24.501559140075372,-2.1134821034943974,23.843030108074327,-2.0859948385637948
29.2037080205536,38,flow,0.28192026827480277,-0.3945066498091095,-1.2707876112727867,-1.7231850746379334,24.227382889539744,-1.1628085413410743,24.50558351171726,-2.123331531081582,23.843030108074327,-2.0859948385637948
29.213708020553597,38,flow,0.2687057262488137,-0.41201327423128703,-1.371623710962087,-1.7784012251057442,24.243485042695,-1.1696783837634057,24.50896887295194,-2.1337936963023694,23.843030108074327,-2.0859948385637948
29.223390407513705,38,pre_impact,0.2549644261414942,-0.42949735134092704,-1.4662757029602687,-1.833369570900634,24.259443967445176,-1.1768196641755604,24.51165495240279,-2.144491932594321,23.843030108074327,-2.0859948385637948
29.223390407513705,39,post_impact,-0.42949735134092704,0.2549644261414942,-0.02885114080059772,-1.2018057363763384,24.259443967445176,-1.1768196641755604,23.843030108074327,-2.0859948385637948,24.51165495240279,-2.144491932594321
29.233390407513706,39,flow,-0.4291426451858586,0.24315448422504848,0.09988033452086369,-1.1603469802575996,24.27088944339962,-1.1739086184607808,23.85479810024826,-2.0832314402102936,24.51165495240279,-2.144491932594321
29.243390407513704,39,flow,-0.4274983695178963,0.2317542864588221,0.22902421925795832,-1.1198483610963883,24.28196969077426,-1.171226973505258,23.867374086820277,-2.0812327345760493,24.51165495240279,-2.144491932594321
29.253390407513706,39,flow,-0.424561564077431,0.22075448166664535,0.3583469204896693,-1.0802604886853027,24.292689094770523,-1.168759411259008,23.88076778475108,-2.0799788328868973,24.51165495240279,-2.144491932594321
29.263390407513704,39,flow,-0.4203316328690592,0.21014619150222869,0.48760881967181763,-1.0415383498583763,24.303052074976147,-1.1664915033871934,23.894988834039967,-2.0794451667221185,24.51165495240279,-2.144491932594321
29.273390407513705,39,flow,-0.4148104153269705,0.1999209617634677,0.6165620763271731,-1.0036422950478927,24.31306308496219,-1.1644096553407954,23.910046653849726,-2.0796023980203753,24.51165495240279,-2.144491932594321
29.283390407513703,39,flow,-0.40800227984461557,0.19007070374871815,0.7449483551649819,-0.9665390419639096,24.32272662651772,-1.1625010529634223,23.925950243469202,-2.080416355077368,24.51165495240279,-2.144491932594321
29.293390407513705,39,flow,-0.3999142403058752,0.18058762553098456,0.8724965042542338,-0.9302026863289513,24.33204727824765,-1.1607536120107518,23.94270792728005,-2.081847999024444,24.51165495240279,-2.144491932594321
29.303390407513703,39,flow,-0.3905560959169346,0.171464153146968,0.9989202246337295,-0.8946157053990117,24.341029738155132,-1.1591559308857962,23.960327043691997,-2.083853426518021,24.51165495240279,-2.144491932594321
29.313390407513705,39,flow,-0.37994059416012765,0.16269284186509236,1.1239157869758645,-0.8597699349667091,24.349678879681875,-1.1576972468233095,23.978813579025996,-2.0863839156031645,24.51165495240279,-2.144491932594321
29.323390407513706,39,flow,-0.36808361604869794,0.15426627791819233,1.2471598685230973,-0.8256674947130924,24.357999820478927,-1.1563673956894527,23.998171748603927,-2.0893860228833145,24.51165495240279,-2.144491932594321
29.333390407513704,39,flow,-0.3550043820327037,0.14617697136986715,1.3683076031027699,-0.7923216302850301,24.36599800291952,-1.155156775497785,24.018403528889493,-2.092801741155784,24.51165495240279,-2.144491932594321
29.343390407513706,39,flow,-0.3407256758747685,0.13841724113399365,1.4869909578360874,-0.75975743358644,24.37367928503793,-1.154056313679481,24.03950814644862,-2.0965687274618805,24.51165495240279,-2.144491932594321
29.353390407513704,39,flow,-0.32527408257359897,0.13097909358657653,1.6028175709444659,-0.7280123959074976,24.381050040182586,-1.1530574380844953,24.06148153177231,-2.1006206119322495,24.51165495240279,-2.144491932594321
29.363390407513705,39,flow,-0.30868023497200103,0.12385409669483238,1.7153702039941603,-0.6971367422934495,24.388117263209832,-1.152152051631722,24.084315748614486,-2.1048873977428944,24.51165495240279,-2.144491932594321
29.373390407513703,39,flow,-0.2909790620748125,0.11703325212977678,1.8242069765422448,-0.6671934908018704,24.39488868052778,-1.151332510470958,24.10799841238743,-2.109295961781266,24.51165495240279,-2.144491932594321
29.383390407513705,39,flow,-0.27221003037884584,0.11050686840591337,1.928862558364766,-0.6382581780460174,24.401372860746147,-1.150591605468992,24.132512114221118,-2.1137706640962053,24.51165495240279,-2.144491932594321
29.393390407513706,39,flow,-0.25241736777323376,0.10426443867404572,2.028850490681199,-0.6104181938617422,24.40757932212903,-1.1499225467880212,24.157833870365188,-2.118234071723707,24.51165495240279,-2.144491932594321
29.403390407513704,39,flow,-0.23165025793322602,0.09829452733758878,2.123666789260165,-0.5837716743137994,24.41351863252574,-1.149318951288563,24.183934619458558,-2.1226077989303964,24.51165495240279,-2.144491932594321
29.413390407513706,39,flow,-0.20996299176907898,0.09258467011377446,2.212794945509216,-0.5584259147177415,24.41920249702474,-1.148774832462677,24.210778792515327,-2.1268134612491747,24.51165495240279,-2.144491932594321
29.423390407513704,39,flow,-0.18741506160047725,0.08712129245355336,2.2957123840954416,-0.5344952837094727,24.42464382830293,-1.1482845925877947,24.238323981923756,-2.1307737349426814,24.51165495240279,-2.144491932594321
29.433390407513706,39,flow,-0.1640711835191381,0.08188965129715776,2.3718983565936127,-0.5120986458568016,24.42985679459622,-1.147843016787229,24.266520735949715,-2.134413506892131,24.51165495240279,-2.144491932594321
29.443390407513704,39,flow,-0.1400012340856409,0.07687380490767333,2.440843152061452,-0.4913563332024344,24.434856840466733,-1.147445268689839,24.29531250381126,-2.137661092693568,24.51165495240279,-2.144491932594321
29.453390407513705,39,flow,-0.11528008925296394,0.07205661493617291,2.5020583926235824,-0.4723867436687531,24.439660676142143,-1.147086887396681,24.324635753050018,-2.1404494934311797,24.51165495240279,-2.144491932594321
29.463390407513703,39,flow,-0.08998735631885617,0.0674197838965322,2.5550880641278972,-0.45530268344398894,24.444286232186837,-1.1467637854838646,24.3544202755048,-2.142717654811969,24.51165495240279,-2.144491932594321
29.473390407513705,39,flow,-0.0642069937745623,0.06294392986915379,2.599519821104076,-0.44020760721444885,24.448752577628674,-1.1464722477945788,24.384589690724,-2.144411686810824,24.51165495240279,-2.144491932594321
29.483390407513706,39,flow,-0.03802681899488841,0.05860869855857745,2.6349960161937616,-0.4271919396042822,24.453079801362076,-1.1462089307954533,24.4150621464149,-2.1454859984360137,24.51165495240279,-2.144491932594321
29.493390407513704,39,flow,-0.01153790951129902,0.05439291089751636,2.6612238517434346,-0.41632967857011166,24.457288858580363,-1.1459708622895972,24.445751205061566,-2.145904301350058,24.51165495240279,-2.144491932594321
29.503390407513706,39,flow,0.015166090304197279,0.0502747423610931,2.677984047764046,-0.4076754827057417,24.46140138601718,-1.1457554412886677,24.476566894935246,-2.145640438345457,24.51165495240279,-2.144491932594321
29.513390407513704,39,flow,0.04198973947166599,0.046231928206802046,2.68513747334621,-0.4012624270248899,24.465439491721988,-1.14556043784903,24.507416893328948,-2.144678998258318,24.51165495240279,-2.144491932594321
29.523390407513705,39,flow,0.06883662487330795,0.04224198717851206,2.682629297855341,-0.3971005758160377,24.46942552676826,-1.1453839926746254,24.538207801014497,-2.1430156876149553,24.51165495240279,-2.144491932594321
29.533390407513703,39,flow,0.09561021354549296,0.03828245496349998,2.670490375507998,-0.39517646931579553,24.47338184753952,-1.1452246162849535,24.568846460503018,-2.14065744057383,24.51165495240279,-2.144491932594321
29.543390407513705,39,flow,0.1222147045104013,0.03433111804752106,2.6488357667309104,-0.395453558292417,24.477330577880664,-1.1450811875481888,24.599241267546862,-2.1376222616328397,24.51165495240279,-2.144491932594321
29.553390407513703,39,flow,0.1485558518531192,0.030366238590779214,2.617860500027348,-0.39787355437745303,24.48129338042436,-1.1449529513899863,24.62930342564305,-2.1339388089806604,24.51165495240279,-2.144491932594321
29.563390407513705,39,flow,0.1745417327647883,0.02636676159219703,2.577832866568538,-0.40235860144525043,24.485291245760056,-1.1448395155152364,24.658948097178897,-2.1296457390715737,24.51165495240279,-2.144491932594321
29.573390407513706,39,flow,0.20008343800701825,0.02231249682729538,2.5290856948105738,-0.4088141216207898,24.489344306899593,-1.1447408460246535,24.688095411805,-2.124790843881334,24.51165495240279,-2.144491932594321
29.583390407513704,39,flow,0.2250956673001719,0.018184269702193855,2.4720061588752142,-0.41713215364169826,24.49347168484236,-1.1446572618707926,24.716671301873447,-2.119430020495681,24.51165495240279,-2.144491932594321
29.593390407513706,39,flow,0.24949721797415675,0.013964037091766055,2.407024724430211,-0.42719498394317457,24.497691369124613,-1.1445894281759983,24.744608145378816,-2.1136261176796687,24.51165495240279,-2.144491932594321
29.603390407513704,39,flow,0.2732113612724547,0.009634966235638294,2.334603829882669,-0.4388788718965054,24.50202013523958,-1.144538348522424,24.77184520776249,-2.107447705750822,24.51165495240279,-2.144491932594321
29.613390407513705,39,flow,0.2961661064429097,0.005181476677957974,2.255226846526729,-0.45205768768689975,24.506473498909923,-1.1445053564145695,24.798328884248836,-2.100967814668251,24.51165495240279,-2.144491932594321
29.623390407513703,39,flow,0.31829435775971215,0.0005892469150417937,2.1693877714516154,-0.46660631030569116,24.511065705521847,-1.1444921062002793,24.8240127533271,-2.0942626812709,24.51165495240279,-2.144491932594321
29.633390407513705,39,flow,0.3395339736166771,-0.004154811236397712,2.0775819963038122,-0.48240366924287836,24.515809751685488,-1.1445005638101096,24.848857459081607,-2.08741054074226,24.51165495240279,-2.144491932594321
29.643390407513706,39,flow,0.3598277396769022,-0.009062606565936479,1.9802983778360004,-0.49933535196579504,24.52071743491599,-1.1445329977321446,24.87283044507602,-2.0804904903972994,24.51165495240279,-2.144491932594321
29.653390407513704,39,flow,0.3791232697569113,-0.014144946114503636,1.8780127247051288,-0.5172957361424525,24.525799426836386,-1.1445919706766312,24.89590556542688,-2.073581446493034,24.51165495240279,-2.144491932594321
29.663390407513706,39,flow,0.39737284876818985,-0.019411631717158984,1.7711827179593975,-0.5361896378831706,24.531065365055415,-1.144680332401237,24.918062599755554,-2.066761207560485,24.51165495240279,-2.144491932594321
29.673390407513704,39,flow,0.4145332318085205,-0.02487157067141055,1.6602442051704214,-0.5559334932914946,24.536523958915186,-1.1448012141643225,24.939286698204405,-2.0601056311973904,24.51165495240279,-2.144491932594321
29.683390407513706,39,flow,0.43056541259647374,-0.03053289603296734,1.5456087519938781,-0.5764561096845626,24.542183104568778,-1.1449580252528389,24.95956778102023,-2.0536879256432226,24.51165495240279,-2.144491932594321
29.693390407513704,39,flow,0.4454343730856048,-0.036403092471436194,1.4276622992541892,-0.5976990351752794,24.548050005267402,-1.145154451996809,24.97889991472642,-2.047578052928853,24.51165495240279,-2.144491932594321
29.703390407513705,39,flow,0.4591088244734708,-0.042489124141867445,1.3067647558854525,-0.6196166016998939,24.554131293247526,-1.145394459637632,24.997280683972054,-2.0418422369791114,24.51165495240279,-2.144491932594321
29.713390407513703,39,flow,0.4715609480968398,-0.04879756159023206,1.1832503547427533,-0.6421756981393998,24.560433150156612,-1.1456822973665217,25.01471057505123,-2.036542567684553,24.51165495240279,-2.144491932594321
29.723390407513705,39,flow,0.48276614300416865,-0.05533470526966763,1.0574286056920115,-0.6653553281352577,24.56696142349996,-1.146022506795625,25.031192384051476,-2.031736690528401,24.51165495240279,-2.144491932594321
29.733390407513706,39,flow,0.4927027854088073,-0.062106703769414545,0.9295856949743497,-0.6891460026951427,24.573721737100723,-1.1464199340705368,25.04673065977285,-2.0274775707053667,24.51165495240279,-2.144491932594321
29.743390407513704,39,flow,0.501352003807756,-0.06911966533036784,0.7999861985985435,-0.7135490117250959,24.58071959402103,-1.1468797457811566,25.06133118905473,-2.023813320642539,24.51165495240279,-2.144491932594321
29.753390407513706,39,flow,0.5086974723303055,-0.07637976162974987,0.6688749980351044,-0.7385756120152751,24.587960470784413,-1.1474074487793777,25.075000530003564,-2.020787080277505,24.51165495240279,-2.144491932594321
29.763390407513704,39,flow,0.5147252238667394,-0.08389332315923002,0.536479306987848,-0.7642461625478928,24.595449902064615,-1.1480089139677252,25.08774559684103,-2.0184369402310147,24.51165495240279,-2.144491932594321
29.773390407513705,39,flow,0.5194234837127856,-0.09166692579759934,0.4030107372898133,-0.7905892317015183,24.603193555265698,-1.148690404082787,25.09957329867143,-2.016795899017856,24.51165495240279,-2.144491932594321
29.783390407513703,39,flow,0.5227825238343154,-0.09970746839589396,0.26866734926766367,-0.8176406952525673,24.6111972946176,-1.1494586054608074,25.110490233365876,-2.0158918465798847,24.51165495240279,-2.144491932594321
29.793390407513705,39,flow,0.5247945373869929,-0.10802224135661928,0.1336356468643533,-0.8454428391567896,24.61946723455719,-1.1503206637393717,25.12050243693477,-2.0157475676304264,24.51165495240279,-2.144491932594321
29.803390407513703,39,flow,0.5254535327929284,-0.11661898630729828,-0.0019075097095452437,-0.874043476975631,24.628009782265217,-1.1512842234177934,25.129615188161843,-2.0163807595195635,24.51165495240279,-2.144491932594321
29.813390407513705,39,flow,0.5247552464564198,-0.12550594704991047,-0.13779309094515405,-0.9034950884782993,24.636831669291993,-1.1523574711684312,25.137832867854442,-2.017804060530819,24.51165495240279,-2.144491932594321
29.823390407513706,39,flow,0.522697073070528,-0.13469191201950112,-0.2738581939236737,-0.9338539833469426,24.64593997223743,-1.1535491827606026,25.145158871780694,-2.0200250856793223,24.51165495240279,-2.144491932594321
29.833390407513704,39,flow,0.519278012403692,-0.14418624851425615,-0.40994445055819106,-0.9651794919635216,24.6553421224603,-1.1548687734267196,25.151595576171527,-2.023046468187233,24.51165495240279,-2.144491932594321
29.843390407513706,39,flow,0.5144986314438617,-0.15399892897181863,-0.5458965475196962,-0.9975331838863308,24.665045904784687,-1.1563263514656446,25.157144354529134,-2.0268659058565484,24.51165495240279,-2.144491932594321
29.853390407513704,39,flow,0.5083610407978623,-0.16414054956793495,-0.6815608545429792,-1.0309781137430192,24.67505944515304,-1.1579327748399395,25.161805644366805,-2.0314762125412105,24.51165495240279,-2.144491932594321
29.863390407513705,39,flow,0.5008688842849828,-0.17462234140815583,-0.8167841564462576,-1.065578093807738,24.685391187151016,-1.159699710480687,25.16557906238256,-2.036865375837361,24.51165495240279,-2.144491932594321
29.873390407513703,39,flow,0.4920273407127243,-0.18545617457518235,-0.9514124838670578,-1.1013969924196292,24.696049857302643,-1.1616396959651447,25.168463566413042,-2.043016622963211,24.51165495240279,-2.144491932594321
29.883390407513705,39,flow,0.48184313687067654,-0.19665455528670447,-1.085290038235316,-1.138498057580952,24.707044419009737,-1.1637662031780622,25.170457662304702,-2.0499084975861566,24.51165495240279,-2.144491932594321
29.893390407513706,39,flow,0.4703245708178164,-0.2082306164138821,-1.218258207696961,-1.176943265492893,24.718384014990093,-1.1660937035067094,25.17155965355759,-2.0575149510709236,24.51165495240279,-2.144491932594321
29.903390407513704,39,flow,0.4574815445632135,-0.22019810161111628,-1.3501546724101323,-1.2167926943990273,24.730077898057264,-1.1686377340525391,25.171767931228437,-2.065805452262042,24.51165495240279,-2.144491932594321
29.913390407513706,39,flow,0.44332560524576414,-0.23257134331515747,-1.480812599713576,-1.2581039248674448,24.742135350083835,-1.1714149642692107,25.171081301112437,-2.074745120466914,24.51165495240279,-2.144491932594321
29.923390407513704,39,flow,0.4278699939022021,-0.2453652348871764,-1.6100599319678066,-1.3009314685107618,24.75456558900183,-1.174443262358106,25.16949934464991,-2.0842948867583604,24.51165495240279,-2.144491932594321
29.933390407513706,39,flow,0.4111297008727425,-0.25859519719604135,-1.7377187722466372,-1.3453262280752702,24.767377663720016,-1.1777417606695537,25.167022809320628,-2.0944116890504656,24.51165495240279,-2.144491932594321
29.943390407513704,39,flow,0.393121526830318,-0.2722771399751097,-1.86360487535361,-1.3913349927792145,24.78058033688009,-1.181330919272178,25.163654023497436,-2.1050487065976107,24.51165495240279,-2.144491932594321
29.953390407513705,39,flow,0.3738641483341055,-0.2864274183282561,-1.9875272536859898,-1.438999973692841,24.79418195543248,-1.1852325867659572,25.15939732983844,-2.1161556395998176,24.51165495240279,-2.144491932594321
29.963390407513703,39,flow,0.3533781867042851,-0.3010627848129803,-2.1092879090844727,-1.48835838476946,24.808190309088193,-1.189470057328911,25.15425953031876,-2.1276790394415688,24.51165495240279,-2.144491932594321
29.973390407513705,39,flow,0.3316862788980737,-0.3162003375879573,-2.2286817027898036,-1.539442075789388,24.82261247679508,-1.1940681229052856,25.148250334960494,-2.1395626947191277,24.51165495240279,-2.144491932594321
29.983390407513706,39,flow,0.30881314894437034,-0.33185746517730974,-2.345496375765578,-1.592277223892083,24.837454661493837,-1.1990531193672616,25.141382805244778,-2.1517480775968654,24.51165495240279,-2.144491932594321
29.993390407513704,39,flow,0.28478567837541535,-0.3480517884714064,-2.4595127307195845,-1.6468840904647728,24.852722013528187,-1.2044529654151486,25.133673782123296,-2.164174854153381,24.51165495240279,-2.144491932594321
30.003390407513706,39,flow,0.2596329739904336,-0.36480110065048554,-2.570504984946876,-1.7032768498446162,24.868418443211837,-1.210297192925047,25.125144287539182,-2.1767814612162657,24.51165495240279,-2.144491932594321
30.013390407513704,39,flow,0.23338643121214495,-0.38212330577842407,-2.6782412994257565,-1.7614634954940702,24.884546423187366,-1.2166169674098328,25.11581988747838,-2.189505750732384,24.51165495240279,-2.144491932594321
30.01913938022635,39,pre_impact,0.2178151943782341,-0.3923481195776673,-2.7386126771959347,-1.7957278891340418,24.894014114485802,-1.220478149595833,25.11011107218359,-2.1968500586928537,24.51165495240279,-2.144491932594321
30.01913938022635,40,post_impact,-0.3923481195776673,0.2178151943782341,-0.10800676415608841,-1.1614448887869528,24.894014114485802,-1.220478149595833,24.51165495240279,-2.144491932594321,25.11011107218359,-2.1968500586928537
30.02913938022635,40,flow,-0.3928167564615051,0.20639022120877315,0.014280438641013547,-1.1237284194461303,24.90518299809051,-1.2180730235880746,24.52239085107042,-2.1419075175207,25.11011107218359,-2.1968500586928537
30.03913938022635,40,flow,-0.39206286299210563,0.19533711999682948,0.13646181633318005,-1.0870638727142874,24.916013817450956,-1.2158677674636718,24.533918251937653,-2.1399905833356043,25.11011107218359,-2.1968500586928537
30.04913938022635,40,flow,-0.39008863139172256,0.18464556361676882,0.25830959307806983,-1.051413518434836,24.926512938572028,-1.2138486724606918,24.546242548965072,-2.1387240320568774,25.11011107218359,-2.1968500586928537
30.05913938022635,40,flow,-0.3868985638518138,0.17430558023180506,0.37958927375797763,-1.0167441604678054,24.936686790089023,-1.2120028530919111,24.55936874525606,-2.138086592849515,25.11011107218359,-2.1968500586928537
30.06913938022635,40,flow,-0.3824995480692301,0.16430750401390712,0.5000579731887128,-0.9830279239358634,24.946541871273855,-1.2103181957944722,24.573301321087964,-2.138052797766898,25.11011107218359,-2.1968500586928537
30.079139380226348,40,flow,-0.3769009495056573,0.15464191803038238,0.6194627473041158,-0.9502430328519743,24.956084771897345,-1.208783310532522,24.58804405765539,-2.13859298603621,25.11011107218359,-2.1968500586928537
30.08913938022635,40,flow,-0.3701147201845355,0.1452995894520602,0.737538961066107,-0.9183745658670264,24.96532220342972,-1.2073874856336322,24.60359981707942,-2.1396733405156216,25.11011107218359,-2.1968500586928537
30.099139380226347,40,flow,-0.3621555234429619,0.1362713973766716,0.8540087379349847,-0.8874151745988743,24.97426104094194,-1.2061206460823046,24.61997028006769,-2.141255960760958,25.11011107218359,-2.1968500586928537
30.10913938022635,40,flow,-0.3530408735524556,0.12754825373438072,0.9685795469505566,-0.8573657453556873,24.982908374917493,-1.204973315438819,24.637155643597662,-2.1432989778742426,25.11011107218359,-2.1968500586928537
30.11913938022635,40,flow,-0.34279128850251583,0.11912101795362078,1.080942995447117,-0.8282359811750044,24.99127157199409,-1.2039365814982341,24.655154282158552,-2.1457567169134917,25.11011107218359,-2.1968500586928537
30.12913938022635,40,flow,-0.3314304534998336,0.11098040631590414,1.190773907555741,-0.8000448771686416,24.999358343425616,-1.2030020657519498,24.67396237743888,-2.148579913059912,25.11011107218359,-2.1968500586928537
30.13913938022635,40,flow,-0.31898539187636865,0.10311689721712038,1.2977297800625645,-0.7728210584865519,25.007176819787407,-1.202161896662341,24.69357352288453,-2.151715987892349,25.11011107218359,-2.1968500586928537
30.149139380226348,40,flow,-0.3054866391340577,0.0955206338755798,1.401450716712864,-0.7466029471842391,25.01473563014682,-1.2014086867094047,24.71397831125822,-2.155109391928259,25.11011107218359,-2.1968500586928537
30.15913938022635,40,flow,-0.29096841480881425,0.08818132637482116,1.5015599481888082,-0.7214387223936533,25.022043983594447,-1.2007355131171793,24.73516391516204,-2.1587020189701853,25.11011107218359,-2.1968500586928537
30.169139380226348,40,flow,-0.27546878575415273,0.08108815528769571,1.597665045983818,-0.697386038038733,25.029111750693744,-1.2001359021172662,24.75711367236966,-2.1624336966632187,25.11011107218359,-2.1968500586928537
30.17913938022635,40,flow,-0.2590298133862154,0.07422967947705449,1.6893599323184496,-0.6745114645383687,25.03594954207813,-1.1996038165578349,24.779806689649448,-2.1662427559502526,25.11011107218359,-2.1968500586928537
30.18913938022635,40,flow,-0.2416976764776479,0.06759375098072817,1.7762277731699374,-0.6528896261284145,25.04256878113138,-1.199133646620055,24.80321748040653,-2.17006667975948,25.11011107218359,-2.1968500586928537
30.19913938022635,40,flow,-0.22352276033620636,0.061167440131740705,1.8578448157707093,-0.6326020141422148,25.04898176746197,-1.1987202033612685,24.82731565276092,-2.1738428282620244,25.11011107218359,-2.1968500586928537
30.20913938022635,40,flow,-0.2045597027674739,0.054936974201810165,1.9337851945367797,-0.6137354691396546,25.05520172776136,-1.1983587147668682,24.852065665416546,-2.1775092344394276,25.11011107218359,-2.1968500586928537
30.21913938022635,40,flow,-0.18486738721751528,0.04888769284845916,2.0036266802903917,-0.5963803411555789,25.061242850658864,-1.1980448239623729,24.877426668659098,-2.18100545961114,25.11011107218359,-2.1968500586928537
30.22913938022635,40,flow,-0.1645088740321836,0.04300402345711899,2.0669572882144216,-0.5806283570760572,25.067120302387583,-1.1977745892150236,24.903352446856285,-2.1842734941787745,25.11011107218359,-2.1968500586928537
30.239139380226348,40,flow,-0.14355126194457823,0.03726947907055428,2.1233825932844157,-0.5665702462165134,25.072850220485638,-1.1975444853416672,24.929791476768912,-2.187258684414406,25.11011107218359,-2.1968500586928537
30.24913938022635,40,flow,-0.1220654737606331,0.0316666809730766,2.1725335328332984,-0.55429319795408,25.078449683390605,-1.197351406137634,24.956687112729984,-2.189910661993987,25.11011107218359,-2.1968500586928537
30.259139380226348,40,flow,-0.10012596274775201,0.026177407149534218,2.2140744108941592,-0.543878246620693,25.083936654638652,-1.1971926674501423,24.98397790532548,-2.1921842495430495,25.11011107218359,-2.1968500586928537
30.26913938022635,40,flow,-0.07781033936480819,0.020782666795416627,2.247710765589775,-0.5353976963156111,25.089329901428133,-1.1970660105394373,25.011598054752145,-2.19404031312318,25.11011107218359,-2.1968500586928537
30.27913938022635,40,flow,-0.05519892154844012,0.015462799866336764,2.273196726811637,-0.5289127093246752,25.09464888849777,-1.1969696054007284,25.039477993804198,-2.195446531713355,25.11011107218359,-2.1968500586928537
30.28913938022635,40,flow,-0.03237421556198282,0.010197599398251418,2.2903414834649136,-0.5244711842569136,25.09991364952757,-1.1969020537590098,25.067545088850267,-2.1963780546112965,25.11011107218359,-2.1968500586928537
30.29913938022635,40,flow,-0.009420338134040649,0.004966453098194407,2.299014502089487,-0.5221060423934237,25.105144639502175,-1.1968623914956922,25.095724440698667,-2.196818020438548,25.11011107218359,-2.1968500586928537
30.30913938022635,40,flow,0.013577606047801116,-0.0002515003989288303,2.2991491927803365,-0.5218340227564013,25.110362572579866,-1.1968500903190789,25.12393976145643,-2.1967579160421353,25.11011107218359,-2.1968500586928537
30.31913938022635,40,flow,0.036534174773892876,-0.005477206085820871,2.2907448011744647,-0.5236550589958011,25.115588250883615,-1.1968650585486076,25.15211429889306,-2.196197759813212,25.11011107218359,-2.1968500586928537
30.329139380226348,40,flow,0.059364248275645605,-0.010731523990746094,2.2738664098520753,-0.5275522766604733,25.120842390191775,-1.1969076409438077,25.18017177688132,-2.195146101370495,25.11011107218359,-2.1968500586928537
30.33913938022635,40,flow,0.08198367968678888,-0.016035063680338857,2.248643049070511,-0.533492610957155,25.1261454487081,-1.1969786175718111,25.208037319445513,-2.1936198376240057,25.11011107218359,-2.1968500586928537
30.349139380226347,40,flow,0.10430991760473454,-0.021408027895785428,2.2152640331543885,-0.5414280066891747,25.13151746488726,-1.1970792017704206,25.235638327005532,-2.191643853299796,25.11011107218359,-2.1968500586928537
30.35913938022635,40,flow,0.12626258402562776,-0.026870070808516108,2.173973743537419,-0.5512971274903369,25.13697790974048,-1.1972110373257947,25.26290527634465,-2.18925050142999,25.11011107218359,-2.1968500586928537
30.36913938022635,40,flow,0.14776399358094122,-0.0324401755061864,2.1250651623403054,-0.563027474022188,25.142545558171676,-1.197376195043239,25.28977242043574,-2.1864789455337426,25.11011107218359,-2.1968500586928537
30.37913938022635,40,flow,0.16873960334026214,-0.03813655421696549,2.068872514488773,-0.5765377927853558,25.148238382792577,-1.19757716894465,25.31617837005887,-2.183374389815655,25.11011107218359,-2.1968500586928537
30.38913938022635,40,flow,0.18911838616266893,-0.043976573550407946,2.0057633989681625,-0.591740649529569,25.15407347243598,-1.1978168723751774,25.342066545608013,-2.17998722645808,25.11011107218359,-2.1968500586928537
30.399139380226348,40,flow,0.20883312436978677,-0.04997670577684736,1.9361307818899767,-0.6085450436237467,25.16006697632927,-1.1980986343429367,25.367385494075016,-2.176372129946138,25.11011107218359,-2.1968500586928537
30.40913938022635,40,flow,0.22782062408964737,-0.05615250597943446,1.8603851900669421,-0.6268589507311608,25.166234073700412,-1.1984261964475933,25.39208907241954,-2.1725871274818767,25.11011107218359,-2.1968500586928537
30.419139380226348,40,flow,0.24602185375374772,-0.06251861386912493,1.778947390459888,-0.6465916985469854,25.172588967540893,-1.198803710775222,25.41613650398728,-2.168692672198589,25.11011107218359,-2.1968500586928537
30.42913938022635,40,flow,0.2633820127649233,-0.0690887782049102,1.6922417758875092,-0.6676561016771143,25.179144900396118,-1.1992357391473076,25.43949231905606,-2.1647507424471555,25.11011107218359,-2.1968500586928537
30.43913938022635,40,flow,0.279850538212746,-0.0758759011359107,1.6006906083285988,-0.6899703044913179,25.18591418942001,-1.19972725411097,25.462126193834468,-2.1608239862963146,25.11011107218359,-2.1968500586928537
30.44913938022635,40,flow,0.29538105868880665,-0.08289209938187961,1.504709204475104,-0.71345930283396,25.19290827752005,-1.2002836420459388,25.484012704296124,-2.156974925956989,25.11011107218359,-2.1968500586928537
30.45913938022635,40,flow,0.30993130479614633,-0.09014877897860232,1.4047020887787638,-0.7380561352060021,25.20013779721667,-1.2009107087423567,25.505131012191654,-2.1532652324462256,25.11011107218359,-2.1968500586928537
30.46913938022635,40,flow,0.3234629859446499,-0.09765672030578702,1.3010600901402865,-0.7637027504129459,25.207612643817516,-1.2016146877735348,25.525464500592538,-2.14975507671637,25.11011107218359,-2.1968500586928537
30.47913938022635,40,flow,0.33594164258878456,-0.10542617025102433,1.1941583209910516,-0.790350571229808,25.215342054627154,-1.20240225195086,25.54500037558019,-2.146502559877102,25.11011107218359,-2.1968500586928537
30.489139380226348,40,flow,0.3473364823135127,-0.1134669386056009,1.0843549517900823,-0.8179607823522053,25.22333469113734,-1.2032805281057808,25.563729249402517,-2.1435632221417045,25.11011107218359,-2.1968500586928537
30.49913938022635,40,flow,0.35762020722075194,-0.12178849609938319,0.971990678871674,-0.8465043761043527,25.231598721435777,-1.2042571153977801,25.58164471877317,-2.140989627776885,25.11011107218359,-2.1968500586928537
30.509139380226348,40,flow,0.3667688390109223,-0.1304000718300088,0.8573887774838619,-0.8759619915905971,25.24014190039963,-1.2053401072987942,25.598742950154893,-2.138831021616885,25.11011107218359,-2.1968500586928537
30.51913938022635,40,flow,0.37476154707232906,-0.13931074819946596,0.7408556328345354,-0.90632358283277,25.24897164557732,-1.2065381173547904,25.615022281985716,-2.137133051568925,25.11011107218359,-2.1968500586928537
30.52913938022635,40,flow,0.3815804838463809,-0.14852955181839617,0.6226816480813738,-0.9375879495647478,25.258095106988698,-1.207860308774888,25.630482851979426,-2.1359375509162524,25.11011107218359,-2.1968500586928537
30.53913938022635,40,flow,0.38721063077136186,-0.15806553916082058,0.5031424377047314,-0.9697621613396373,25.267519229374546,-1.2093164278479354,25.645126255930027,-2.1352823740338245,25.11011107218359,-2.1968500586928537
30.54913938022635,40,flow,0.39163965724782174,-0.1679278760405777,0.382500226100346,-1.002860901938939,25.277250805693697,-1.210916841135919,25.658955242917322,-2.135201279284585,25.11011107218359,-2.1968500586928537
30.55913938022635,40,flow,0.39485779432739176,-0.178125910231119,0.2610053833424837,-1.0369057571510745,25.287296520895033,-1.2126725763427828,25.671973450465586,-2.135723853280403,25.11011107218359,-2.1968500586928537
30.56913938022635,40,flow,0.39685772420654747,-0.18866923676143454,0.13889804202428432,-1.0719244651028674,25.2976629851816,-1.214595366705696,25.684185182050634,-2.1368754712984037,25.11011107218359,-2.1968500586928537
30.579139380226348,40,flow,0.3976344861027123,-0.19956775559424117,0.016409750281110046,-1.107950144685393,25.308356756137083,-1.2166976987029332,25.69559522837109,-2.1386772893782764,25.11011107218359,-2.1968500586928537
30.58913938022635,40,flow,0.39718539869256597,-0.21083172153125276,-0.10623487382613564,-1.1450205143426806,25.31938434920373,-1.2189928628174789,25.70620873297604,-2.14114626443739,25.11011107218359,-2.1968500586928537
30.599139380226347,40,flow,0.3955099989890642,-0.2224717862985911,-0.22881651263233094,-1.1831771106524018,25.330752236090795,-1.221495007037471,25.716031102149262,-2.1442951995865953,25.11011107218359,-2.1968500586928537
30.60913938022635,40,flow,0.39260999731116847,-0.23449903284706045,-0.35111956258498395,-1.2224645137537302,25.342466830757534,-1.2242191927125856,25.72506795836191,-2.1481328126770602,25.11011107218359,-2.1968500586928537
30.61913938022635,40,flow,0.3884892478446384,-0.24692500196309602,-0.4729306039788757,-1.2629295847362623,25.35453446266165,-1.227181452318898,25.73332513609502,-2.15266382693221,25.11011107218359,-2.1968500586928537
30.62913938022635,40,flow,0.38315373419111637,-0.2597617113288905,-0.5940369345163397,-1.304620718595387,25.36696133699555,-1.2303988486123734,25.740808718373643,-2.157889083297755,25.11011107218359,-2.1968500586928537
30.63913938022635,40,flow,0.37661156924428735,-0.2730216672005399,-0.7142251707522136,-1.3475871152109788,25.379753481656067,-1.23388953457264,25.747525111924816,-2.163805674861358,25.11011107218359,-2.1968500586928537
30.649139380226348,40,flow,0.3688730087060412,-0.2867178688931681,-0.8332799186604247,-1.391878069982557,25.39291668071105,-1.237672813453262,25.753481158451265,-2.1704071043378232,25.11011107218359,-2.1968500586928537
30.65913938022635,40,flow,0.3599504775541406,-0.3008638062753409,-0.9509825124879264,-1.4375422851967727,25.40645639414381,-1.2417691981620331,25.758684279087166,-2.177683466173975,25.11011107218359,-2.1968500586928537
30.669139380226348,40,flow,0.34985860878910524,-0.31547345048395925,-1.067109819569569,-1.4846272028584706,25.420377663676607,-1.2462004690946125,25.763142648659635,-2.1856216552883163,25.11011107218359,-2.1968500586928537
30.67913938022635,40,flow,0.33861429381695674,-0.33056123807710747,-1.1814331077000728,-1.5331783595327844,25.434685004501468,-1.2509897294371493,25.766865395913406,-2.194205604813201,25.11011107218359,-2.1968500586928537
30.68913938022635,40,flow,0.32623674386275514,-0.34614204884736366,-1.2937169708392997,-1.5832387636728569,25.449382282782874,-1.2561614568386081,25.769862825364022,-2.2034165554402954,25.11011107218359,-2.1968500586928537
30.69913938022635,40,flow,0.3127475618556791,-0.3622311775227514,-1.4037183082176532,-1.6348482958987685,25.464472578845584,-1.2617415502318086,25.77214665592961,-2.21323335907227,25.11011107218359,-2.1968500586928537
30.70913938022635,40,flow,0.2981708242793271,-0.3788442995872206,-1.5111853511749556,-1.6880431327043637,25.479958036024097,-1.2677573704545073,25.773730270960932,-2.2236328194436616,25.11011107218359,-2.1968500586928537
30.71913938022635,40,flow,0.2825331725418077,-0.39599743145730054,-1.6158567311882368,-1.7428551940596908,25.495839695230508,-1.2742377731891716,25.774628973756872,-2.234590072180926,25.11011107218359,-2.1968500586928537
30.72913938022635,40,flow,0.26586391349101374,-0.4137068852559824,-1.717460581418738,-1.7993116153120527,25.512117315396367,-1.2812131326037246,25.77486024213624,-2.2460790064163323,25.11011107218359,-2.1968500586928537
30.736604453841743,40,pre_impact,0.25276673241784064,-0.4272996576172736,-1.7911403260082672,-1.8425419439278312,25.524525838978956,-1.2867619305085876,25.774609569306275,-2.2549861441211023,25.11011107218359,-2.1968500586928537
30.736604453841743,41,post_impact,-0.4272996576172736,0.25276673241784064,0.0004134246842625089,-1.1846013772395385,25.524525838978956,-1.2867619305085873,25.11011107218359,-2.1968500586928537,25.774609569306275,-2.2549861441211023
30.746604453841744,41,flow,-0.4266512440285862,0.24112814945172692,0.12934692443419982,-1.1432765847559754,25.535811279972382,-1.2839169514210114,25.12198671376319,-2.1942736004337884,25.774609569306275,-2.2549861441211023
30.756604453841742,41,flow,-0.424711550667138,0.2298980589118172,0.2586308158406475,-1.1028944562723706,25.546731303567316,-1.2812965138981007,25.134673327488144,-2.1924541426043187,25.774609569306275,-2.2549861441211023
30.766604453841744,41,flow,-0.4214782389026789,0.2190672807137821,0.388031132783593,-1.0634063644277596,25.55729027939188,-1.2788855723401502,25.148180508747718,-2.191370747870954,25.774609569306275,-2.2549861441211023
30.776604453841742,41,flow,-0.41695134059915223,0.20862709891382777,0.5173073828073786,-1.0247682712121922,25.56749260520206,-1.2766699563881931,25.16251773993953,-2.1909977742443476,25.774609569306275,-2.2549861441211023
30.786604453841743,41,flow,-0.41113333431206267,0.19856921089900242,0.6462103467675886,-0.9869417143699607,25.577342709964263,-1.27463631563877,25.17769423370173,-2.1913047919272444,25.774609569306275,-2.2549861441211023
30.79660445384174,41,flow,-0.40402924385873434,0.188885666632335,0.7744798086837762,-0.9498948085253864,25.586845071446387,-1.2727720669752776,25.193718720887194,-2.192256527146307,25.774609569306275,-2.2549861441211023
30.806604453841743,41,flow,-0.395646759817881,0.179568797857023,0.901842246099647,-0.913603250085342,25.596004248019945,-1.2710653448652844,25.21059918264574,-2.1938128377277173,25.774609569306275,-2.2549861441211023
30.81660445384174,41,flow,-0.38599638414792997,0.1706111372944332,1.028008524451693,-0.8780513106172375,25.604824924262743,-1.2695049549006068,25.22834252682544,-2.1959287264111715,25.774609569306275,-2.2549861441211023
30.826604453841743,41,flow,-0.3750915976023719,0.16200532804889733,1.1526716545772915,-0.843232798226416,25.613311969793166,-1.2680803307876771,25.246954209976618,-2.198554399111024,25.774609569306275,-2.2549861441211023
30.836604453841744,41,flow,-0.36294904894137775,0.15374402366612983,1.2755046903872946,-0.8091519605230232,25.621470510554598,-1.266781494929119,25.266437807586936,-2.201635376465413,25.774609569306275,-2.2549861441211023
30.846604453841742,41,flow,-0.3495887640714025,0.1458197795884598,1.3961588634249924,-0.7758242962354016,25.629306011494553,-1.265599022673054,25.28679453683266,-2.2051126679837196,25.774609569306275,-2.2549861441211023
30.856604453841744,41,flow,-0.3350343721743732,0.13822493711359995,1.5142620716748856,-0.7432772356886719,25.636824369242927,-1.264524010244444,25.3080227381274,-2.208923018807969,25.774609569306275,-2.2549861441211023
30.86660445384174,41,flow,-0.3193133446122278,0.13095150139527315,1.6294178602118174,-0.7115506436849256,25.644032012986024,-1.263548046312958,25.33011732409115,-2.2129992394219222,25.774609569306275,-2.2549861441211023
30.876604453841743,41,flow,-0.30245724092439363,0.12399101551900295,1.741205049146497,-0.6806970924525813,25.65093601126203,-1.2626631870951768,25.35306920722534,-2.2172706284306027,25.774609569306275,-2.2549861441211023
30.88660445384174,41,flow,-0.2845019546112465,0.11733443323246398,1.849178177249648,-0.6507818481422383,25.65754418188183,-1.2618619348365012,25.376864720498087,-2.2216634976385903,25.774609569306275,-2.2549861441211023
30.896604453841743,41,flow,-0.2654879496804724,0.11097199348504526,1.9528689344552037,-0.6218825128929505,25.663865201627285,-1.2611372194713946,25.401485048098646,-2.2261018069222955,25.774609569306275,-2.2549861441211023
30.906604453841744,41,flow,-0.2454604772243642,0.10489310050244431,2.0517887495575513,-0.5940882669704002,25.66990871183131,-1.2604823832212213,25.426905686631603,-2.230507913681008,25.774609569306275,-2.2549861441211023
30.916604453841742,41,flow,-0.22446975973003722,0.09908621364373418,2.14543267713664,-0.5674986631055854,25.675685415444296,-1.2598911678586897,25.453095959742527,-2.234803437865786,25.774609569306275,-2.2549861441211023
30.926604453841744,41,flow,-0.202571129572251,0.09353875170337954,2.233284686801748,-0.5422219390079592,25.681207160797086,-1.2593577043481705,25.48001861128936,-2.2389102386958575,25.774609569306275,-2.2549861441211023
30.936604453841742,41,flow,-0.17982510739853502,0.08823701656308368,2.3148243961086874,-0.5183728347749393,25.686487007047152,-1.258876504562842,25.507629503341345,-2.2427514932520185,25.774609569306275,-2.2549861441211023
30.946604453841744,41,flow,-0.1562974060993739,0.08316614109830149,2.3895352058136963,-0.49606992959719376,25.691539266310873,-1.2584424547826707,25.53587744512417,-2.2462528603893537,25.774609569306275,-2.2549861441211023
30.95660445384174,41,flow,-0.13205884696133302,0.0783100659360886,2.4569136951172768,-0.4754325458654805,25.696379517806992,-1.258050810690483,25.564704177187497,-2.2493437061924837,25.774609569306275,-2.2549861441211023
30.966604453841743,41,flow,-0.10718517658407269,0.07365154899354036,2.5164800212876255,-0.4565773064906424,25.70102459001453,-1.2576971936044363,25.594044531280794,-2.2519583600156197,25.774609569306275,-2.2549861441211023
30.97660445384174,41,flow,-0.08175677628029104,0.06917221067451641,2.5677889522103654,-0.4396144697421372,25.705492507907717,-1.257377587710509,25.62382678056436,-2.254037363650865,25.774609569306275,-2.2549861441211023
30.986604453841743,41,flow,-0.05585825993480559,0.06485261617918132,2.6104410547724872,-0.4246442009686005,25.70980240375853,-1.2570883380839977,25.653973186939382,-2.255528671078093,25.774609569306275,-2.2549861441211023
30.996604453841744,41,flow,-0.029577961501054746,0.060672394644242046,2.6440934811219434,-0.411752967388841,25.713974391735775,-1.2568261493101534,25.684400742787968,-2.2563887532964726,25.774609569306275,-2.2549861441211023
31.006604453841742,41,flow,-0.003007319139453437,0.05661039288791192,2.6684697529959207,-0.4010102560529109,25.71802940847318,-1.2565880845275847,25.71502209386674,-2.2565835625467896,25.774609569306275,-2.2549861441211023
31.016604453841744,41,flow,0.02375983099229667,0.05264485953009784,2.683367952752032,-0.3924658123729345,25.721989023780026,-1.256371564721963,25.745746619314232,-2.2560893132162234,25.774609569306275,-2.2549861441211023
31.026604453841742,41,flow,0.05062803266386691,0.04875365337905749,2.6886667943676588,-0.3861475753755107,25.725875227543845,-1.2561743680927142,25.776481634703348,-2.254893042972886,25.774609569306275,-2.2549861441211023
31.036604453841743,41,flow,0.07750103583719321,0.04491446838737871,2.6843291664097486,-0.3820604467150054,25.729710200459532,-1.2559946293037019,25.807133675753455,-2.2529929269318427,25.774609569306275,-2.2549861441211023
31.04660445384174,41,flow,0.10428264462657995,0.04110506637918023,2.6704029026175875,-0.38018597650272173,25.733516077317347,-1.2558308384172512,25.837609814656886,-2.2503983292627376,25.774609569306275,-2.2549861441211023
31.056604453841743,41,flow,0.13087755880027294,0.037303508224074945,2.6470187265651615,-0.38048298596058133,25.737314712107136,-1.2556818393037479,25.867818958564754,-2.247129589644899,25.774609569306275,-2.2549861441211023
31.06660445384174,41,flow,0.15719218111522978,0.03348837426242434,2.6143855137968606,-0.38288908168742053,25.74112745406748,-1.2555468273243615,25.89767308089442,-2.243217555209602,25.774609569306275,-2.2549861441211023
31.076604453841743,41,flow,0.18313536514236103,0.02963896554551273,2.572783195090371,-0.3873229564103132,25.744974943052,-1.2554253461069096,25.927088340667986,-2.2387028808898224,25.774609569306275,-2.2549861441211023
31.086604453841744,41,flow,0.20861908223060885,0.025735478758318088,2.522553768319372,-0.3936873229973171,25.74887693128558,-1.2553172832774249,25.955986052532175,-2.233635131369988,25.774609569306275,-2.2549861441211023
31.096604453841742,41,flow,0.23355899144657785,0.021759149398098598,2.4640909801000506,-0.4018722967749763,25.752852136884123,-1.255222865072309,25.984293479647512,-2.2280717253069704,25.774609569306275,-2.2549861441211023
31.106604453841744,41,flow,0.2578749021738371,0.017692359713817243,2.3978292760837725,-0.41175902785170837,25.756918132587217,-1.2551426498347138,26.01194443229045,-2.2220767667525507,25.774609569306275,-2.2549861441211023
31.11660445384174,41,flow,0.28149112500545237,0.013518709886077666,2.3242326024852864,-0.42322338960884914,25.76109127118624,-1.2550775204879536,26.03887966578304,-2.2157198097024833,25.774609569306275,-2.2549861441211023
31.126604453841743,41,flow,0.3043367121143712,0.009223052779087446,2.2437835799213133,-0.43613954901467705,25.765386647286004,-1.255028676170886,26.065047081356163,-2.209074599726395,25.774609569306275,-2.2549861441211023
31.13660445384174,41,flow,0.3263455930490833,0.004791494195053319,2.156973476882645,-0.4503832747404446,25.769818093445387,-1.254997623307451,26.090401742074512,-2.2022178322513053,25.774609569306275,-2.2549861441211023
31.146604453841743,41,flow,0.3474566156270285,0.00021136182276899115,2.0642932987991145,-0.4658348754419574,25.77439820748508,-1.2549861664580124,26.114905722569375,-2.195227960982761,25.774609569306275,-2.2549861441211023
31.156604453841744,41,flow,0.3676135041800834,-0.004528853041417695,1.9662261935210865,-0.4823816984663282,25.779138406866196,-1.2549963993585094,26.13852781586514,-2.188184082892422,25.774609569306275,-2.2549861441211023
31.166604453841742,41,flow,0.3867647488666234,-0.009439576406086154,1.8632412664539426,-0.4999201548961844,25.784049005526462,-1.2550306965916411,26.161243123099663,-2.18116491886624,25.774609569306275,-2.2549861441211023
31.176604453841744,41,flow,0.4048634402211024,-0.014530250354279165,1.7557888064383878,-0.5183572675999979,25.789139308375077,-1.2550917063514984,26.18303255265216,-2.1742479020619294,25.774609569306275,-2.2549861441211023
31.186604453841742,41,flow,0.4218670627437666,-0.019809444987884936,1.6442968510987215,-0.537611763325302,25.79441771873529,-1.2551823447603487,26.203882254435975,-2.167508379686143,25.774609569306275,-2.2549861441211023
31.196604453841744,41,flow,0.4377372603460401,-0.02528497916828998,1.5291689689761827,-0.5576147473913168,25.79989185431901,-1.2553057921762745,26.22378301326402,-2.161018928532515,25.774609569306275,-2.2549861441211023
31.20660445384174,41,flow,0.4524395850666119,-0.030964046120454763,1.4107831041299523,-0.578310010543748,25.805568667753064,-1.2554654918965662,26.24272962262506,-2.154848780342269,25.774609569306275,-2.2549861441211023
31.216604453841743,41,flow,0.4659432388442742,-0.03685334049420847,1.2894913142872555,-0.5996540228842785,25.811454568191344,-1.2556651516181132,26.260720257251734,-2.149063349866293,25.774609569306275,-2.2549861441211023
31.22660445384174,41,flow,0.47822081642928804,-0.042959184033055244,1.1656202325534926,-0.6216156706059333,25.81755554109043,-1.2559087479662727,26.27775585979114,-2.1437238563462593,25.774609569306275,-2.2549861441211023
31.236604453841743,41,flow,0.4892480558524383,-0.04928764754778388,1.0394720915010378,-0.644175788743013,25.823877263759115,-1.256200534351267,26.293839553912925,-2.13888702786603,25.774609569306275,-2.2549861441211023
31.246604453841744,41,flow,0.49900360133152893,-0.05584466740193661,0.9113261637617458,-0.6673265383929619,25.830425214787223,-1.2565450523587764,26.308976093450685,-2.134604877501931,25.774609569306275,-2.2549861441211023
31.256604453841742,41,flow,0.507468782129031,-0.06263615517133912,0.7814404921894329,-0.6910706708383706,25.837204775899117,-1.2569471468311169,26.323171354755885,-2.130924540265436,25.774609569306275,-2.2549861441211023
31.266604453841744,41,flow,0.5146274097064996,-0.06966809953158783,0.6500538029830855,-0.7154207144444474,25.844221325153256,-1.257411984748527,26.336431877388325,-2.127888160337756,25.774609569306275,-2.2549861441211023
31.276604453841742,41,flow,0.5204655945563573,-0.07694665975333033,0.5173875152251846,-0.7403981136865248,25.851480320719265,-1.2579450779772838,26.34876445657795,-2.1255328189137725,25.774609569306275,-2.2549861441211023
31.286604453841743,41,flow,0.5249715833211519,-0.08447825044770822,0.38364777898826097,-0.7660323435509434,25.858987374710164,-1.2585523099127172,26.36017578954905,-2.123890493995267,25.774609569306275,-2.2549861441211023
31.29660445384174,41,flow,0.5281356162171547,-0.09226961740880764,0.2490274908357354,-0.792360017080523,25.8667483167354,-1.259239966010339,26.37067217676394,-2.122988044615401,25.774609569306275,-2.2549861441211023
31.306604453841743,41,flow,0.529949804341079,-0.10032790455343478,0.11370824986893024,-0.819423999118071,25.874769246976623,-1.2600147681665113,26.38025927837519,-2.122847213173464,25.774609569306275,-2.2549861441211023
31.31660445384174,41,flow,0.5304080261316081,-0.10866071206880552,-0.0221377706249328,-0.8472725353696605,25.883056578681053,-1.260883912880438,26.3889419256255,-2.1234846407649552,25.774609569306275,-2.2549861441211023
31.326604453841743,41,flow,0.5295058420584362,-0.11727614595320048,-0.15834605132658422,-0.8759584027497169,25.891617070023766,-1.2618551131005997,26.396723986556417,-2.1249118915751546,25.774609569306275,-2.2549861441211023
31.336604453841744,41,flow,0.5272404264939023,-0.1261828591822853,-0.29475806279982514,-0.9055380844927804,25.900457845319465,-1.2629366436300693,26.403608285134464,-2.127135483547119,25.774609569306275,-2.2549861441211023
31.346604453841742,41,flow,0.523610515675193,-0.13539008475765907,-0.43121971173254975,-0.9360709717210672,25.909586405569424,-1.264137389934879,26.4095965727398,-2.130156923621189,25.774609569306275,-2.2549861441211023
31.356604453841744,41,flow,0.518616370656257,-0.14490766090552323,-0.5675798962268749,-0.9676185918648106,25.919010628321594,-1.2654669001671235,26.414689550845303,-2.1339727468749827,25.774609569306275,-2.2549861441211023
31.36660445384174,41,flow,0.5122597541758899,-0.15474604869244882,-0.7036891665507724,-1.0002438635499387,25.928738756801916,-1.2669354401782664,26.418886943616645,-2.1385745598615413,25.774609569306275,-2.2549861441211023
31.376604453841743,41,flow,0.50454392041045,-0.16491634231919763,-0.8393984866435038,-1.0340103771822735,25.938779378250175,-1.2685540512574711,26.42218761905484,-2.1439490893529234,25.774609569306275,-2.2549861441211023
31.38660445384174,41,flow,0.49547361662800193,-0.17543027234540573,-0.9745580915606844,-1.068981700412046,25.949141391367583,-1.2703346102838975,26.424589757158234,-2.1500782385455626,25.774609569306275,-2.2549861441211023
31.396604453841743,41,flow,0.4850550958058159,-0.18630020209075668,-1.1090164367755675,-1.1052207079051422,25.95983396275925,-1.2722898919302348,26.426091063379506,-2.1569391535707974,25.774609569306275,-2.2549861441211023
31.406604453841744,41,flow,0.47329613930748454,-0.1975391174547557,-1.2426192366542181,-1.14278893532727,25.970866472236306,-1.2744336324970118,26.426689025377005,-2.16450430387558,25.774609569306275,-2.2549861441211023
31.416604453841742,41,flow,0.4602060887334903,-0.2091606103995031,-1.3752085913461378,-1.181745958121207,25.98224844683219,-1.2767805948934479,26.426381210692952,-2.1727415806876964,25.774609569306275,-2.2549861441211023
31.426604453841744,41,flow,0.445795886055376,-0.22117885634969411,-1.5066222036383625,-1.22214879648519,25.99398948338839,-1.2793466342111541,26.42516560252203,-2.181614418346693,25.774609569306275,-2.2549861441211023
31.436604453841742,41,flow,0.4300781211155811,-0.2336085857827857,-1.6366926898713825,-1.26405134890253,26.006099159578472,-1.2821487632626103,26.423040970153938,-2.191081943751722,25.774609569306275,-2.2549861441211023
31.446604453841744,41,flow,0.41306708552079147,-0.24646505031080013,-1.7652469916656852,-1.3075038575867934,26.018586933267823,-1.285205217378173,26.420007269978367,-2.2010991595326095,25.774609569306275,-2.2549861441211023
31.45660445384174,41,flow,0.3947788318760698,-0.25976398359407954,-1.8921058978039003,-1.3525524102467883,26.031462030151015,-1.2885355176750326,26.416066072130878,-2.2116171667683027,25.774609569306275,-2.2549861441211023
31.466604453841743,41,flow,0.37523123720146245,-0.2735215574764536,-2.0170836879852154,-1.3992384835878846,26.044733319670293,-1.2921605319309828,26.41122100694044,-2.222583433132033,25.774609569306275,-2.2549861441211023
31.47660445384174,41,flow,0.35444406924538774,-0.2877543337901697,-2.1399879121273995,-1.447598534889093,26.058409179297144,-1.2961025321175232,26.405478224326725,-2.233942112206919,25.774609569306275,-2.2549861441211023
31.486604453841743,41,flow,0.33243905426506615,-0.3024792123463022,-2.2606193202290017,-1.4976636487578534,26.072497347353917,-1.300385247573315,26.39884685821068,-2.2456344193600737,25.774609569306275,-2.2549861441211023
31.496604453841744,41,flow,0.3092399446908675,-0.3177133757002284,-2.37877195829489,-1.5494592466866306,26.08700476466173,-1.305033912733215,26.391339486875257,-2.257599068958876,25.774609569306275,-2.2549861441211023
31.506604453841742,41,flow,0.2848725849383824,-0.3334742313592777,-2.4942334452353436,-1.6030048672297463,26.10193740542255,-1.3100753082728527,26.38297257908733,-2.2697727768342775,25.774609569306275,-2.2549861441211023
31.516604453841744,41,flow,0.2593649734912964,-0.3497793521771117,-2.6067854437344344,-1.6583140243937402,26.11730009787237,-1.3155377944865463,26.37376691471693,-2.2820908307228507,25.774609569306275,-2.2549861441211023
31.526604453841742,41,flow,0.23274731926411596,-0.3666464157521068,-2.7162043346228675,-1.715394151099158,26.133096335374756,-1.3214513356893216,26.363747967629124,-2.2944877299410456,25.774609569306275,-2.2549861441211023
31.535621958488942,41,pre_impact,0.20781990987116056,-0.3823528350705952,-2.8119973411573533,-1.7683859744281298,26.147714004750313,-1.3271967928931496,26.354041215359327,-2.3056798444389104,25.774609569306275,-2.2549861441211023
31.535621958488942,42,post_impact,-0.3823528350705952,0.20781990987116056,-0.15974884927186253,-1.1603463035208896,26.147714004750313,-1.3271967928931496,25.774609569306275,-2.2549861441211023,26.354041215359327,-2.3056798444389104
31.545621958488944,42,flow,-0.38335062778874524,0.19640034395529457,-0.039825653208032316,-1.1237516238317806,26.158901066656483,-1.3249044764956532,25.784871075636985,-2.2523210850475786,26.354041215359327,-2.3056798444389104
31.555621958488942,42,flow,-0.38315003477002774,0.18534124534508553,0.07989138811410856,-1.0882466799539017,26.16975927012789,-1.3228064219364408,25.795915319929293,-2.2502980396343624,26.354041215359327,-2.3056798444389104
31.565621958488943,42,flow,-0.38175423381386286,0.1746318951411881,0.19917807918747343,-1.0537964459602804,26.180295572177048,-1.3208892821998242,25.807746579417504,-2.2489018079740455,26.354041215359327,-2.3056798444389104
31.57562195848894,42,flow,-0.37916867552832945,0.16426190351077294,0.3178038033829034,-1.0203702561023125,26.19051700096895,-1.3191405237283726,25.820368681276204,-2.2481131936324106,26.354041215359327,-2.3056798444389104
31.585621958488943,42,flow,-0.37540115506119087,0.1542211624487243,0.43553001908621775,-0.9879425307465262,26.2004306632942,-1.3175483763162488,25.83378488584743,-2.247908991282539,26.354041215359327,-2.3056798444389104
31.59562195848894,42,flow,-0.3704618988181775,0.14449979134021426,0.552108771167752,-0.9564934883889972,26.210043763127818,-1.3161017859964073,25.847997728854498,-2.248262002411462,26.354041215359327,-2.3056798444389104
31.605621958488943,42,flow,-0.36436366585288243,0.1350880755210601,0.6672812514422451,-0.9260098319032122,26.219363630723056,-1.3147903711894768,25.86300882332105,-2.2491410822404605,26.354041215359327,-2.3056798444389104
31.61562195848894,42,flow,-0.35712186323405976,0.1259763981643573,0.7807764506115865,-0.8964853943284553,26.228397761576602,-1.313604382328518,25.87881862270096,-2.2505112217010157,26.354041215359327,-2.3056798444389104
31.625621958488942,42,flow,-0.34875467422275114,0.11715516598446296,0.8923099538986025,-0.8679217263683204,26.2371538644589,-1.3125346651224723,25.89542614764398,-2.2523336689315117,26.354041215359327,-2.3056798444389104
31.635621958488944,42,flow,-0.33928319751895614,0.10861472944402831,1.0015829427554723,-0.8403286044897179,26.245639917529072,-1.3115726275710737,25.91282867988745,-2.2545660952575965,26.354041215359327,-2.3056798444389104
31.64562195848894,42,flow,-0.32873159516293526,0.1003452983771865,1.1082814751147751,-0.8137244352770456,26.25386423134738,-1.3107102107946118,25.93102142798376,-2.2571628109370176,26.354041215359327,-2.3056798444389104
31.655621958488943,42,flow,-0.31712724590442515,0.09233685420047659,1.212076125850223,-0.7881365287705242,26.26183551736019,-1.3099398636926858,25.94999717094165,-2.2600750360249973,26.354041215359327,-2.3056798444389104
31.66562195848894,42,flow,-0.30450089999790697,0.08457906016785015,1.3126220763868572,-0.7636012112489071,26.26956296016839,-1.309254521396639,25.96974588735702,-2.2632512314804965,26.354041215359327,-2.3056798444389104
31.675621958488943,42,flow,-0.29088683046908737,0.0770611714285376,1.4095597464639777,-0.7401637467297749,26.277056291607853,-1.3086475874306531,25.990254379194955,-2.2666374950164823,26.354041215359327,-2.3056798444389104
31.68562195848894,42,flow,-0.27632297496628905,0.06977194695342924,1.5025160604272432,-0.7178780368430147,26.28432586438334,-1.3081129194467598,26.011505900994475,-2.27017802513166,26.354041215359327,-2.3056798444389104
31.695621958488942,42,flow,-0.26085106141530223,0.06269956568867503,1.5911064335248988,-0.6968060712029702,26.29138272272323,-1.3076448183498595,26.033479806810263,-2.2738156551916617,26.354041215359327,-2.3056798444389104
31.705621958488944,42,flow,-0.24451670990794305,0.055831549551027135,1.6749375489762401,-0.6770171054581944,26.298238667284565,-1.3072380205811736,26.056151228561692,-2.2774924573206294,26.354041215359327,-2.3056798444389104
31.715621958488942,42,flow,-0.22736950265776845,0.04915469607008207,1.7536109728137896,-0.6585865522353211,26.304906311364253,-1.3068876932836289,26.07949080048624,-2.2811504132188656,26.354041215359327,-2.3056798444389104
31.725621958488944,42,flow,-0.2094630135457874,0.042655023576925764,1.8267276199759837,-0.6415945814285964,26.31139912539355,-1.30658943203203,26.10346444493039,-2.2847321458834813,26.354041215359327,-2.3056798444389104
31.73562195848894,42,flow,-0.19085478885217558,0.03631773180485716,1.8938930420135347,-0.6261244406441783,26.31773146674069,-1.3063392607762379,26.128033234589633,-2.2881817026775666,26.354041215359327,-2.3056798444389104
31.745621958488943,42,flow,-0.17160627131724784,0.03012718057657774,1.9547234554021844,-0.6122605236304673,26.323918592050152,-1.3061336336187335,26.153153345376403,-2.291445376433389,26.354041215359327,-2.3056798444389104
31.75562195848894,42,flow,-0.15178266076649546,0.02406688888099073,2.008852372536451,-0.6000862333042047,26.32997664972879,-1.305969438030628,26.178776112229205,-2.2944725475147796,26.354041215359327,-2.3056798444389104
31.765621958488943,42,flow,-0.13145270620628305,0.01811955608047913,2.055937639154248,-0.5896817051438583,26.335922650759585,-1.3058439991038648,26.204848197316647,-2.2972165262875848,26.354041215359327,-2.3056798444389104
31.77562195848894,42,flow,-0.11068842653681164,0.012267106240989683,2.095668627605917,-0.5811214744906013,26.34177441677892,-1.3057550844431456,26.231311876255212,-2.299635372577007,26.354041215359327,-2.3056798444389104
31.785621958488942,42,flow,-0.08956475976674647,0.006490755666386,2.1277732912254286,-0.5744721856453049,26.34755050526867,-1.3057009093195155,26.25810544326983,-2.3016926667573085,26.354041215359327,-2.3056798444389104
31.795621958488944,42,flow,-0.06815914371607094,0.0007711026898613031,2.152024757344577,-0.5697904495383018,26.353270112745882,-1.3056801417385748,26.285163730907993,-2.3033582064232467,26.354041215359327,-2.3056798444389104
31.805621958488942,42,flow,-0.046551034467766386,-0.004911762307569741,2.1682471306061926,-0.5671209584300521,26.358952957917207,-1.305691907119142,26.3124187343006,-2.3046086033618263,26.354041215359327,-2.3056798444389104
31.815621958488943,42,flow,-0.024821372036871944,-0.010578129739962432,2.17632019772234,-0.5664949594391333,26.364619147823866,-1.305735792331606,26.339800324451808,-2.305427757892211,26.354041215359327,-2.3056798444389104
31.82562195848894,42,flow,-0.003052005606748563,-0.01624853055767289,2.1761827705376646,-0.5679291734353319,26.370289030951163,-1.3058118489072532,26.367237030082517,-2.3058071915417564,26.354041215359327,-2.3056798444389104
31.835621958488943,42,flow,0.018674907016893606,-0.021943587680718562,2.167834473863922,-0.571425222764394,26.375983042032583,-1.3059205952982782,26.394656863582735,-2.3057462242900106,26.354041215359327,-2.3056798444389104
31.84562195848894,42,flow,0.04027750957005763,-0.027683864409854847,2.1513358725664626,-0.5769696021929688,26.38172154376925,-1.3060630181403936,26.421988164004503,-2.305251988903597,26.354041215359327,-2.3056798444389104
31.855621958488943,42,flow,0.061674850395389516,-0.033489715284247004,2.1268069306656794,-0.5845341950541684,26.387524670868025,-1.3062405725433155,26.44916042903163,-2.3043392817477697,26.354041215359327,-2.3056798444389104
31.86562195848894,42,flow,0.08278746210102243,-0.03938114471320488,2.0944238942905327,-0.5940773039262282,26.393412181659265,-1.3064551815063898,26.476105108542612,-2.3030302563720344,26.354041215359327,-2.3056798444389104
31.875621958488942,42,flow,0.10353790288758973,-0.04537767824646699,2.0544147805093407,-0.6055451354639922,26.399403322091448,-1.3067092346245759,26.502756334709492,-2.3013539726002885,26.354041215359327,-2.3056798444389104
31.885621958488944,42,flow,0.12385124683412997,-0.05149825061995922,2.0070537267795223,-0.6188736550274956,26.40551670617151,-1.3070055863118448,26.529051567333536,-2.2993458193356195,26.354041215359327,-2.3056798444389104
31.89562195848894,42,flow,0.1436555132349488,-0.057761113781735096,1.9526545053554256,-0.6339907103631649,26.411770215985854,-1.3073475538228738,26.55493213790734,-2.297046833458737,26.354041215359327,-2.3056798444389104
31.905621958488943,42,flow,0.16288202826809908,-0.06418376704873542,1.891563530405766,-0.650818315804101,26.418180923380955,-1.3077389153980676,26.58034368133918,-2.294502939839262,26.354041215359327,-2.3056798444389104
31.91562195848894,42,flow,0.18146571556191463,-0.07078291045633134,1.8241526833000654,-0.6692749891177103,26.424765034290207,-1.3081839088903828,26.605236449904154,-2.2917641385342575,26.354041215359327,-2.3056798444389104
31.925621958488943,42,flow,0.19934531537324826,-0.077574421318786,1.7508122566902315,-0.6892780412181762,26.431537855644926,-1.308687231254417,26.629565509388094,-2.2888836648089246,26.354041215359327,-2.3056798444389104
31.93562195848894,42,flow,0.21646353489832262,-0.08457335308612492,1.6719442758206318,-0.7107457327909812,26.438513783868135,-1.3092540392885597,26.65329082221818,-2.2859171458906173,26.354041215359327,-2.3056798444389104
31.945621958488942,42,flow,0.23276713456130932,-0.0917939548088786,1.5879564021485844,-0.7335992294210854,26.44570631316694,-1.309889952019872,26.676377226381355,-2.2829217756499256,26.354041215359327,-2.3056798444389104
31.955621958488944,42,flow,0.24820695688696362,-0.09924970893352822,1.49925656611504,-0.7577643060209495,26.453128061239944,-1.3106010551094265,26.698794321978284,-2.2799555250196044,26.354041215359327,-2.3056798444389104
31.965621958488942,42,flow,0.26273790574161215,-0.10695338475542714,1.4062484183373443,-0.7831727703882578,26.460790809607328,-1.311393907634066,26.720516279309866,-2.277076402239718,26.354041215359327,-2.3056798444389104
31.975621958488944,42,flow,0.27631888435119806,-0.11491710464319806,1.3093276359620922,-0.8097635931442915,26.468705555543746,-1.312275551570155,26.74152158349229,-2.2743417732484654,26.354041215359327,-2.3056798444389104
31.98562195848894,42,flow,0.2889127006421642,-0.12315242009771131,1.2088790763512431,-0.8374837461344905,26.476882572526666,-1.313253524267339,26.76179273085711,-2.2718077489620723,26.354041215359327,-2.3056798444389104
31.995621958488943,42,flow,0.3004859481891535,-0.13167039479086468,1.105274735212541,-0.8662887630936528,26.485331476177098,-1.3143358741569493,26.781315891964184,-2.2695286429796497,26.354041215359327,-2.3056798444389104
32.005621958488945,42,flow,0.31100887049039583,-0.14048169191251292,0.9988724410532624,-0.8961430448675205,26.494061292833244,-1.315531179891915,26.80008055510205,-2.2675565005218115,26.354041215359327,-2.3056798444389104
32.01562195848894,42,flow,0.3204552155232086,-0.14959666340641564,0.8900152018443179,-0.9270199369224416,26.503080528130003,-1.3168485730640387,26.818079162836263,-2.265940697219114,26.354041215359327,-2.3056798444389104
32.02562195848894,42,flow,0.328802086645075,-0.1590254389692915,0.7790311118355501,-0.9589016096499575,26.512397233229283,-1.3182977645912102,26.835306752637294,-2.264727604714443,26.354041215359327,-2.3056798444389104
32.035621958488946,42,flow,0.3360297949733357,-0.16877801299673958,0.66623372505225,-0.9917787725760566,26.522019066634343,-1.319889074812298,26.851760610999808,-2.263960318903271,26.354041215359327,-2.3056798444389104
32.045621958488944,42,flow,0.34212171745602205,-0.17886432796681825,0.551922805533875,-1.0256502525388709,26.53195334980664,-1.3216334672714507,26.867439948850663,-2.2636784459544614,26.354041215359327,-2.3056798444389104
32.05562195848894,42,flow,0.347064163979507,-0.18929435304249018,0.43638537133978655,-1.060522463702245,26.54220711507259,-1.323542586116481,26.88234560450283,-2.2639179409658694,26.354041215359327,-2.3056798444389104
32.06562195848894,42,flow,0.3508462560730123,-0.20007815693870687,0.3198969584232058,-1.0964087943641831,26.552787144550976,-1.3256287969777345,26.8964797789916,-2.264710994142212,26.354041215359327,-2.3056798444389104
32.075621958488945,42,flow,0.3534598190810841,-0.21122597433336035,0.20272304058289595,-1.133328932259257,26.563699999044793,-1.3279052311340183,26.909845807351342,-2.2660859596676017,26.354041215359327,-2.3056798444389104
32.08562195848894,42,flow,0.3548992890889124,-0.22274826530162092,0.08512055201223524,-1.1713081467211057,26.574952036022403,-1.3303858327101565,26.92244796826343,-2.268067322916687,26.354041215359327,-2.3056798444389104
32.09562195848894,42,flow,0.35516163540068196,-0.23465576742060903,-0.03266053111928696,-1.21037654286689,26.586549415962654,-1.3330854085859167,26.934291333523124,-2.270675702249075,26.354041215359327,-2.3056798444389104
32.10562195848894,42,flow,0.35424629898183424,-0.24695954032827033,-0.15037558447538504,-1.250568300017095,26.59849809646002,-1.3360196806276288,26.945381657922415,-2.2739278823121882,26.354041215359327,-2.3056798444389104
32.115621958488944,42,flow,0.35215514697357997,-0.2596710026282231,-0.2677837310834481,-1.2919209039754131,26.610803813581196,-1.3392053397806882,26.955725309407335,-2.2778368764962726,26.354041215359327,-2.3056798444389104
32.12562195848894,42,flow,0.34889244316063384,-0.2728019611188163,-0.3846462578481357,-1.3344743805370662,26.623472050041975,-1.3426601014833408,26.965329238724017,-2.282412016909114,26.354041215359327,-2.3056798444389104
32.13562195848894,42,flow,0.34446483411073475,-0.28636463238681237,-0.5007250664507625,-1.3782705357701508,26.63650798983107,-1.3464027617774257,26.974200987191253,-2.2876590709376337,26.354041215359327,-2.3056798444389104
32.145621958488945,42,flow,0.3388813505961629,-0.30037165685521283,-0.6157811671335345,-1.4233522071028792,26.649916458957783,-1.3504532534011848,26.98234873071506,-2.293580384118086,26.354041215359327,-2.3056798444389104
32.15562195848894,42,flow,0.33215342384248514,-0.3148361054083461,-0.7295732199433119,-1.4697625280894386,26.6637018520423,-1.3548327010509236,26.98978135766978,-2.300175049626157,26.354041215359327,-2.3056798444389104
32.16562195848894,42,flow,0.32429491612044736,-0.32977147874159435,-0.841856124874235,-1.517544208843101,26.67786804450815,-1.3595634748926368,26.996508577798767,-2.307439105207221,26.354041215359327,-2.3056798444389104
32.17562195848894,42,flow,0.31532216519536643,-0.345191699599608,-0.9523796598768636,-1.5667388334825154,26.69241829017933,-1.3646692412912844,27.00254105882481,-2.3153657587813097,26.354041215359327,-2.3056798444389104
32.185621958488944,42,flow,0.3052540421688328,-0.36111109807793357,-1.060887163748585,-1.6173861754886794,26.707355104134283,-1.3701750096044139,27.00789058699943,-2.3239456442640334,26.354041215359327,-2.3056798444389104
32.19562195848894,42,flow,0.2941120222855075,-0.3775443901703546,-1.1671142593498811,-1.6695235315723171,26.722680130728296,-1.3761071737586725,27.012570247359214,-2.333167109332048,26.354041215359327,-2.3056798444389104
32.20562195848894,42,flow,0.28192026833007267,-0.3945066497492332,-1.2707876112794512,-1.7231850744640556,26.738393996769467,-1.3824935471931763,27.01659461900007,-2.343016536918308,26.354041215359327,-2.3056798444389104
32.215621958488946,42,flow,0.2687057263039578,-0.41201327416965,-1.371623710980723,-1.7784012249274712,26.754496149923522,-1.3893633896138387,27.01997998023363,-2.3534787021381627,26.354041215359327,-2.3056798444389104
32.2253043454849,42,pre_impact,0.25496442614383447,-0.4294973513432674,-1.4662757033359317,-1.8333695709244042,26.7704550747323,-1.3965046700516506,27.02266605969218,-2.3641769384698206,26.354041215359327,-2.3056798444389104
32.2253043454849,43,post_impact,-0.4294973513432674,0.25496442614383447,-0.02885114073056272,-1.2018057363510715,26.7704550747323,-1.3965046700516504,26.354041215359327,-2.3056798444389104,27.02266605969218,-2.3641769384698206
32.2353043454849,43,flow,-0.42914264518749184,0.2431544842276432,0.0998803345922448,-1.1603469802319695,26.781900550686494,-1.3935936243369054,26.365809207533648,-2.3029164460857388,27.02266605969218,-2.3641769384698206
32.245304345484904,43,flow,-0.4274983695188091,0.23175428646167515,0.22902421933066303,-1.119848361070345,26.792980798060878,-1.390911979381413,26.378385194106063,-2.300917740451826,27.02266605969218,-2.3641769384698206
32.2553043454849,43,flow,-0.42456156407761025,0.2207544816697611,0.35834692056367307,-1.080260488658795,26.803700202056877,-1.3884444171351902,26.39177889203727,-2.2996638387630055,27.02266605969218,-2.3641769384698206
32.2653043454849,43,flow,-0.420331632868492,0.21014619150561212,0.4876088197470944,-1.0415383498313535,26.81406318226223,-1.3861765092633989,26.405999941326566,-2.299130172598556,27.02266605969218,-2.3641769384698206
32.2753043454849,43,flow,-0.4148104153256442,0.19992096176712412,0.6165620764036932,-1.0036422950203046,26.824074192248002,-1.3840946612170213,26.42105776113675,-2.299287403897136,27.02266605969218,-2.3641769384698206
32.2853043454849,43,flow,-0.40800227984251797,0.1900707037526535,0.7449483552427117,-0.9665390419357052,26.83373773380325,-1.3821860588396657,26.436961350756658,-2.300101360954444,27.02266605969218,-2.3641769384698206
32.2953043454849,43,flow,-0.3999142403029944,0.1805876255352052,0.8724965043331343,-0.9302026863000815,26.84305838553289,-1.3804386178870096,26.453719034567943,-2.301533004901823,27.02266605969218,-2.3641769384698206
32.3053043454849,43,flow,-0.3905560959132592,0.17146415315148086,0.9989202247137564,-0.8946157053694286,26.85204084544008,-1.378840936762066,26.47133815098034,-2.3035384323956896,27.02266605969218,-2.3641769384698206
32.315304345484904,43,flow,-0.37994059415564657,0.16269284186990482,1.123915787056965,-0.8597699349363668,26.860689986966516,-1.3773822526995887,26.489824686314797,-2.3060689214811054,27.02266605969218,-2.3641769384698206
32.3253043454849,43,flow,-0.3680836160434006,0.15426627792331218,1.2471598686052103,-0.8256674946819473,26.86901092776326,-1.3760524015657392,26.5091828558932,-2.3090710287615073,27.02266605969218,-2.3641769384698206
32.3353043454849,43,flow,-0.3550043820265805,0.14617697137530267,1.3683076031858248,-0.7923216302530419,26.87700911020353,-1.3748417813740765,26.529414636179247,-2.3124867470342036,27.02266605969218,-2.3641769384698206
32.3453043454849,43,flow,-0.3407256758678104,0.13841724113975343,1.486990957920001,-0.7597574335535718,26.884690392321616,-1.3737413195557755,26.550519253738866,-2.3162537333405,27.02266605969218,-2.3641769384698206
32.3553043454849,43,flow,-0.3252740825657978,0.1309790935926695,1.6028175710291435,-0.7280123958737168,26.892061147465938,-1.372742443960791,26.57249263906305,-2.320305617811038,27.02266605969218,-2.3641769384698206
32.3653043454849,43,flow,-0.3086802349633498,0.12385409670126785,1.7153702040794931,-0.6971367422587278,26.89912837049284,-1.3718370575080168,26.59532685590574,-2.324572403621817,27.02266605969218,-2.3641769384698206
32.3753043454849,43,flow,-0.29097906206530516,0.11703325213656428,1.824206976628109,-0.6671934907661846,26.905899787810434,-1.3710175163472504,26.61900951967919,-2.328980967660286,27.02266605969218,-2.3641769384698206
32.3853043454849,43,flow,-0.2722100303684777,0.11050686841306262,1.928862558451023,-0.6382581780093497,26.912383968028433,-1.3702766113452802,26.64352322151339,-2.3334556699752813,27.02266605969218,-2.3641769384698206
32.3953043454849,43,flow,-0.2524173677620017,0.10426443868156662,2.028850490767694,-0.6104181938240802,26.918590429410944,-1.3696075526643037,26.668844977657976,-2.3379190776027947,27.02266605969218,-2.3641769384698206
32.4053043454849,43,flow,-0.23165025792112862,0.09829452734549128,2.1236667893467263,-0.5837716742751364,26.92452973980727,-1.3690039571648385,26.69494572675186,-2.3422928048094493,27.02266605969218,-2.3641769384698206
32.4153043454849,43,flow,-0.20996299175611638,0.09258467012206861,2.2127949455956593,-0.5584259146780765,26.930213604305877,-1.3684598383389435,26.721789899809142,-2.346498467128143,27.02266605969218,-2.3641769384698206
32.4253043454849,43,flow,-0.18741506158665167,0.08712129246224914,2.295712384181567,-0.5344952836688095,26.935654935583656,-1.367969598464051,26.749335089218064,-2.3504587408215136,27.02266605969218,-2.3641769384698206
32.4353043454849,43,flow,-0.16407118350445377,0.08188965130626516,2.3718983566792087,-0.5120986458151487,26.940867901876533,-1.3675280226634738,26.777531843244518,-2.3540985127707743,27.02266605969218,-2.3641769384698206
32.4453043454849,43,flow,-0.14000123407010417,0.07687380491720217,2.4408431521462983,-0.491356333159804,26.94586794774662,-1.3671302745660707,26.80632361110653,-2.357346098571968,27.02266605969218,-2.3641769384698206
32.4553043454849,43,flow,-0.1152800892365834,0.07205661494613287,2.502058392707451,-0.47238674362516025,26.9506717834216,-1.3667718932728978,26.835646860345747,-2.3601344993092805,27.02266605969218,-2.3641769384698206
32.4653043454849,43,flow,-0.08998735630164278,0.06741978390693283,2.5550880642105582,-0.45530268339945,26.95529733946585,-1.366448791360065,26.865431382800956,-2.3624026606897157,27.02266605969218,-2.3641769384698206
32.4753043454849,43,flow,-0.06420699375652929,0.06294392988000447,2.599519821185303,-0.44020760716898016,26.959763684907234,-1.3661572536707611,26.895600798020553,-2.3640966926881632,27.02266605969218,-2.3641769384698206
32.4853043454849,43,flow,-0.03802681897605125,0.0586086985698874,2.634996016273332,-0.42719193955789864,26.964090908640177,-1.3658939366716156,26.926073253711824,-2.3651710043128924,27.02266605969218,-2.3641769384698206
32.495304345484904,43,flow,-0.011537909491675269,0.05439291090929469,2.6612238518211386,-0.41632967852282465,26.96829996585799,-1.3656558681657374,26.956762312358816,-2.3655893072264247,27.02266605969218,-2.3641769384698206
32.5053043454849,43,flow,0.015166090324587987,0.05027474237334881,2.6779840478396895,-0.4076754826575582,26.97241249329433,-1.3654404471647834,26.987578002232784,-2.3653254442212637,27.02266605969218,-2.3641769384698206
32.5153043454849,43,flow,0.04198973949280213,0.04623192821954407,2.6851374734196165,-0.40126242697581077,26.97645059899865,-1.3652454437251187,27.018428000626727,-2.3643640041335194,27.02266605969218,-2.3641769384698206
32.5253043454849,43,flow,0.06883662489516629,0.04224198719174937,2.682629297926358,-0.39710057576605606,26.980436634044427,-1.3650689985506843,27.049218908312472,-2.3627006934895105,27.02266605969218,-2.3641769384698206
32.5353043454849,43,flow,0.09561021356804898,0.03828245497724168,2.6704903755764984,-0.3951764692648963,26.98439295481518,-1.364909622160979,27.07985756780113,-2.3603424464477025,27.02266605969218,-2.3641769384698206
32.5453043454849,43,flow,0.1222147045336293,0.034331118061776425,2.6488357667967946,-0.3954535582405757,26.98834168515581,-1.3647661934241777,27.11025237484506,-2.357307267505997,27.02266605969218,-2.3641769384698206
32.5553043454849,43,flow,0.14855585187699266,0.030366238605557844,2.617860500090542,-0.3978735543246359,26.992304487698984,-1.3646379572659348,27.140314532941286,-2.3536238148530755,27.02266605969218,-2.3641769384698206
32.565304345484904,43,flow,0.17454173278928006,0.026366761607508893,2.5778328666289965,-0.4023586013914139,26.996302353034142,-1.3645245213911399,27.169959204477106,-2.3493307449432237,27.02266605969218,-2.3641769384698206
32.5753043454849,43,flow,0.20008343803210082,0.022312496843150915,2.529085694868275,-0.4088141215658812,27.000355414173132,-1.3644258519005068,27.199106519103122,-2.344475849752202,27.02266605969218,-2.3641769384698206
32.5853043454849,43,flow,0.22509566732581768,0.018184269718604092,2.472006158930162,-0.4171321535856562,27.004482792115343,-1.3643422677465908,27.227682409171432,-2.3391150263657554,27.02266605969218,-2.3641769384698206
32.5953043454849,43,flow,0.2494972180003383,0.01396403710874267,2.4070247244824263,-0.4271949838859298,27.00870247639703,-1.364274434051735,27.255619252676603,-2.3333111235489405,27.02266605969218,-2.3641769384698206
32.6053043454849,43,flow,0.27321136129914486,0.009634966253193683,2.3346038299321905,-0.4388788718379816,27.013031242511417,-1.364223354398093,27.282856315060027,-2.327132711619289,27.02266605969218,-2.3641769384698206
32.6153043454849,43,flow,0.2961661064700818,0.005181476696105339,2.255226846573609,-0.45205768762701465,27.017484606181167,-1.3641903622901634,27.309339991546068,-2.3206528205359143,27.02266605969218,-2.3641769384698206
32.6253043454849,43,flow,0.3182943577873401,0.0005892469337951804,2.169387771495915,-0.46660631024435756,27.022076812792484,-1.3641771120757902,27.335023860623977,-2.313947687137765,27.02266605969218,-2.3641769384698206
32.6353043454849,43,flow,0.3395339736447354,-0.0041548112170233685,2.077581996345598,-0.4824036691800052,27.026820858955507,-1.3641855696855287,27.359868566378083,-2.3070955466083345,27.02266605969218,-2.3641769384698206
32.6453043454849,43,flow,0.3598277397053661,-0.009062606545925316,1.9802983778753418,-0.49933535190128847,27.031728542185373,-1.364218003607463,27.383841552372044,-2.3001754962625953,27.02266605969218,-2.3641769384698206
32.6553043454849,43,flow,0.37912326978575667,-0.014144946093838841,1.8780127247420944,-0.5172957360762167,27.036810534105115,-1.3642769765518385,27.406916672722403,-2.2932664523575657,27.02266605969218,-2.3641769384698206
32.6653043454849,43,flow,0.3973728487973933,-0.01941163169582278,1.7711827179940518,-0.5361896378151085,27.042076472323473,-1.3643653382763228,27.42907370705054,-2.286446213424269,27.02266605969218,-2.3641769384698206
32.6753043454849,43,flow,0.4145332318380592,-0.024871570649384188,1.6602442052028237,-0.5559334932215085,27.047535066182558,-1.3644862200392742,27.450297805498813,-2.279790637060445,27.02266605969218,-2.3641769384698206
32.6853043454849,43,flow,0.4305654126263254,-0.030532896010231094,1.545608752024079,-0.5764561096125553,27.053194211835443,-1.3646430311276445,27.470578888314023,-2.2733729315055684,27.02266605969218,-2.3641769384698206
32.6953043454849,43,flow,0.44543437311574763,-0.03640309244796936,1.4276622992822305,-0.5976990351011536,27.059061112533342,-1.3648394578714549,27.489911022019562,-2.267263058790512,27.02266605969218,-2.3641769384698206
32.7053043454849,43,flow,0.4591088245038834,-0.04248912411764836,1.3067647559113649,-0.6196166016235533,27.06514240051272,-1.3650794655121028,27.50829179126451,-2.2615272428401045,27.02266605969218,-2.3641769384698206
32.7153043454849,43,flow,0.47156094812750093,-0.048797561565238096,1.183250354766556,-0.6421756980607496,27.07144425742104,-1.3653673032408022,27.52572168234297,-2.256227573544905,27.02266605969218,-2.3641769384698206
32.7253043454849,43,flow,0.4827661430350574,-0.055334705243875223,1.0574286057137108,-0.6653553280542038,27.0779725307636,-1.365707512669698,27.542203491342473,-2.251421696388135,27.02266605969218,-2.3641769384698206
32.7353043454849,43,flow,0.49270278543990254,-0.062106703742799196,0.9295856949939393,-0.6891460026115929,27.08473284436355,-1.3661049399443845,27.557741767063074,-2.2471625765645062,27.02266605969218,-2.3641769384698206
32.745304345484904,43,flow,0.5013520038390364,-0.06911966530290413,0.7999861986160025,-0.7135490116389592,27.091730701283026,-1.3665647516547597,27.572342296344157,-2.243498326501108,27.02266605969218,-2.3641769384698206
32.7553043454849,43,flow,0.5086974723617499,-0.07637976160141151,0.6688749980503991,-0.7385756119264623,27.09897157804555,-1.367092454652715,27.586011637292163,-2.2404720861355276,27.02266605969218,-2.3641769384698206
32.7653043454849,43,flow,0.5147252238983256,-0.08389332312998977,0.5364793070009296,-0.764246162456316,27.106461009324867,-1.3676939198407747,27.59875670412878,-2.2381219460885147,27.02266605969218,-2.3641769384698206
32.7753043454849,43,flow,0.5194234837444914,-0.09166692576742916,0.4030107373006189,-0.7905892316070916,27.114204662525047,-1.3683754099555252,27.610584405958303,-2.2364809048748557,27.02266605969218,-2.3641769384698206
32.7853043454849,43,flow,0.5227825238661177,-0.09970746836476492,0.26866734927611585,-0.8176406951552059,27.122208401876016,-1.3691436113332083,27.621501340651847,-2.235576852436407,27.02266605969218,-2.3641769384698206
32.7953043454849,43,flow,0.5247945374188674,-0.1080222413245016,0.13363564687035948,-0.8454428390564102,27.130478341814655,-1.370005669611409,27.63151354421982,-2.2354325734864933,27.02266605969218,-2.3641769384698206
32.8053043454849,43,flow,0.5254535328248503,-0.11661898627416137,-0.00190750970609279,-0.8740434768721519,27.139020889521696,-1.3709692292894373,27.640626295445937,-2.236065765375195,27.02266605969218,-2.3641769384698206
32.815304345484904,43,flow,0.524755246488363,-0.12550594701572293,-0.1377930909443782,-0.9034950883716405,27.147842776547467,-1.3720424770396513,27.648843975137563,-2.2374890663860354,27.02266605969218,-2.3641769384698206
32.8253043454849,43,flow,0.522697073102465,-0.1346919119842308,-0.2738581939257132,-0.9338539832370255,27.15695107949187,-1.3732341886313661,27.656169979062806,-2.2397100915341426,27.02266605969218,-2.3641769384698206
32.8353043454849,43,flow,0.5192780124355939,-0.14418624847787007,-0.4099444505632007,-0.9651794918502692,27.166353229713685,-1.374553779296991,27.66260668345261,-2.2427314740416726,27.02266605969218,-2.3641769384698206
32.8453043454849,43,flow,0.5144986314756981,-0.15399892893428302,-0.545896547527847,-0.9975331837696675,27.17605701203699,-1.3760113573353867,27.66815546180915,-2.2465509117106235,27.02266605969218,-2.3641769384698206
32.8553043454849,43,flow,0.5083610408296005,-0.16414054952921536,-0.6815608545544594,-1.030978113622871,27.18607055240423,-1.3776177807091123,27.672816751645723,-2.2511612183949348,27.02266605969218,-2.3641769384698206
32.8653043454849,43,flow,0.5008688843165887,-0.17462234136821703,-0.8167841564612726,-1.065578093684033,27.19640229440108,-1.3793847163492479,27.676590169660344,-2.256550381690745,27.02266605969218,-2.3641769384698206
32.8753043454849,43,flow,0.49202734074416155,-0.18545617453398838,-0.9514124838858307,-1.1013969922922964,27.207060964551548,-1.3813247018330486,27.679474673689658,-2.2627016288162634,27.02266605969218,-2.3641769384698206
32.8853043454849,43,flow,0.4818431369019063,-0.19665455524421876,-1.0852900382580881,-1.1384980574499224,27.218055526257462,-1.3834512090452606,27.6814687695801,-2.269593503438883,27.02266605969218,-2.3641769384698206
32.8953043454849,43,flow,0.4703245708487973,-0.20823061637006732,-1.2182582077239932,-1.176943265358099,27.229395122236618,-1.385778709373151,27.682570760831734,-2.2771999569233254,27.02266605969218,-2.3641769384698206
32.9053043454849,43,flow,0.4574815445939016,-0.22019810156593445,-1.3501546724417044,-1.2167926942604035,27.241089005302562,-1.38832273991817,27.68277903850127,-2.2854904581141184,27.02266605969218,-2.3641769384698206
32.9153043454849,43,flow,0.4433256052761126,-0.23257134326856996,-1.480812599749988,-1.2581039247249268,27.253146457327894,-1.391099970133973,27.682092408383912,-2.2944301263186584,27.02266605969218,-2.3641769384698206
32.9253043454849,43,flow,0.42786999393216096,-0.24536523483914402,-1.610059932009379,-1.3009314683642879,27.26557669624463,-1.3941282682219382,27.680510451919965,-2.3039798926097617,27.02266605969218,-2.3641769384698206
32.9353043454849,43,flow,0.4111297009022583,-0.25859519714652424,-1.7377187722937122,-1.3453262279247795,27.278388770961538,-1.3974267665323907,27.678033916589207,-2.3140966949015067,27.02266605969218,-2.3641769384698206
32.9453043454849,43,flow,0.3931215268593341,-0.2722771399240673,-1.863604875406551,-1.391334992624648,27.291591444120318,-1.4010159251339513,27.67466513076447,-2.3247337124482685,27.02266605969218,-2.3641769384698206
32.9553043454849,43,flow,0.37386414836256116,-0.28642741827564744,-1.9875272537451838,-1.4389999735341417,27.305193062671407,-1.4049175926265933,27.67040843710386,-2.335840645450061,27.02266605969218,-2.3641769384698206
32.9653043454849,43,flow,0.35337818673211585,-0.30106278475876386,-2.1092879091503307,-1.488358384606572,27.319201416325807,-1.4091550631883334,27.665270637582484,-2.34736404529136,27.02266605969218,-2.3641769384698206
32.9753043454849,43,flow,0.33168627892521085,-0.31620033753209076,-2.2286817028627603,-1.5394420756222575,27.333623584031372,-1.413753128763413,27.659261442222444,-2.3592477005684183,27.02266605969218,-2.3641769384698206
32.9853043454849,43,flow,0.3088131489707404,-0.33185746511975045,-2.3454963758460945,-1.5922772237206577,27.348465768728808,-1.4187381252240086,27.652393912504873,-2.3714330834455977,27.02266605969218,-2.3641769384698206
32.995304345484904,43,flow,0.2847856784009404,-0.34805178841211115,-2.4595127308081484,-1.6468840902890023,27.36373312076184,-1.4241379712704245,27.64468488938145,-2.3838598600014853,27.02266605969218,-2.3641769384698206
33.0053043454849,43,flow,0.2596329740150307,-0.3648011005894107,-2.570504985044004,-1.7032768496644515,27.379429550444172,-1.4299821987787573,27.63615539479529,-2.3964664670636613,27.02266605969218,-2.3641769384698206
33.0153043454849,43,flow,0.23338643123572564,-0.38212330571552533,-2.678241299531996,-1.761463495309464,27.395557530418397,-1.436301973261878,27.62683099473235,-2.409190756578975,27.02266605969218,-2.3641769384698206
33.021053318216715,43,pre_impact,0.21781519434869034,-0.39234811954812326,-2.738612677507002,-1.7957278890621036,27.405025221747895,-1.440163155460036,27.621122179416837,-2.416535064563441,27.02266605969218,-2.3641769384698206
33.021053318216715,44,post_impact,-0.39234811954812326,0.21781519434869034,-0.10800676430113826,-1.1614448887835758,27.405025221747895,-1.440163155460036,27.02266605969218,-2.3641769384698206,27.621122179416837,-2.416535064563441
33.03105331821671,44,flow,-0.3928167564334453,0.20639022117924685,0.01428043848915287,-1.1237284194460297,27.41619410535266,-1.437758029452611,27.033401958358493,-2.3615925233959776,27.621122179416837,-2.416535064563441
33.04105331821672,44,flow,-0.3920628629655999,0.19533711996728734,0.13646181617419503,-1.0870638727175759,27.427024924713184,-1.435552773328525,27.044929359224376,-2.3596755892105854,27.621122179416837,-2.416535064563441
33.05105331821672,44,flow,-0.3900886313668436,0.18464556358717635,0.25830959291165645,-1.0514135184416356,27.437524045834365,-1.4335336783258459,27.05725365625042,-2.358409037931492,27.621122179416837,-2.416535064563441
33.061053318216715,44,flow,-0.3868985638286373,0.1743055802021265,0.3795892735838419,-1.016744160478245,27.447697897351503,-1.4316878589573514,27.070379852540004,-2.3577715987237005,27.621122179416837,-2.416535064563441
33.07105331821671,44,flow,-0.38249954804783476,0.1643075039841054,0.5000579730065718,-0.9830279239500798,27.457552978536505,-1.4300032016601847,27.084312428370463,-2.357737803640596,27.621122179416837,-2.416535064563441
33.08105331821672,44,flow,-0.37690094948612457,0.15464191800041904,0.6194627471137002,-0.9502430328701105,27.467095879160198,-1.4284683163984941,27.099055164936406,-2.358277991909371,27.621122179416837,-2.416535064563441
33.091053318216716,44,flow,-0.3701147201669494,0.1452995894218953,0.7375389608671625,-0.9183745658892305,27.476333310692816,-1.4270724914998518,27.114610924358907,-2.359358346388203,27.621122179416837,-2.416535064563441
33.101053318216714,44,flow,-0.36215552342740887,0.1362713973462637,0.8540087377272763,-0.8874151746252988,27.485272148205315,-1.425805651948761,27.130981387345606,-2.3609409666329246,27.621122179416837,-2.416535064563441
33.11105331821672,44,flow,-0.35304087353902447,0.12754825370368683,0.9685795467338703,-0.8573657453864871,27.493919482181187,-1.4246583213055017,27.14816675087396,-2.3629839837455693,27.621122179416837,-2.416535064563441
33.12105331821672,44,flow,-0.3427912884912972,0.11912101792259638,1.080942995221266,-0.8282359812103353,27.502282679258144,-1.4236215873651343,27.166165389433175,-2.3654417227841624,27.621122179416837,-2.416535064563441
33.131053318216715,44,flow,-0.33143045349091993,0.11098040628450312,1.1907739073205692,-0.8000448772086585,27.51036945069007,-1.4226870716190594,27.184973484711765,-2.368264918929922,27.621122179416837,-2.416535064563441
33.14105331821671,44,flow,-0.31898539186985386,0.10311689718529514,1.297729779817953,-0.7728210585314063,27.51818792705231,-1.4218469025296527,27.20458463015562,-2.371400993761704,27.621122179416837,-2.416535064563441
33.15105331821672,44,flow,-0.30548663913003654,0.09552063384328122,1.4014507164587366,-0.7466029472340769,27.52574673741222,-1.4210936925769115,27.224989418527453,-2.3747943977969754,27.621122179416837,-2.416535064563441
33.161053318216716,44,flow,-0.290968414807382,0.0881813263419987,1.5015599479251382,-0.7214387224486124,27.53305509086039,-1.420420518984876,27.246175022429355,-2.378387024838293,27.621122179416837,-2.416535064563441
33.171053318216714,44,flow,-0.2754687857554048,0.08108815525429751,1.5976650457106345,-0.697386038098941,27.54012285796028,-1.419820907985148,27.26812477963499,-2.38211870253076,27.621122179416837,-2.416535064563441
33.18105331821671,44,flow,-0.2590298133902465,0.07422967944302748,1.6893599320358446,-0.6745114646039394,27.54696064934531,-1.4192888224258984,27.29081779691273,-2.3859277618172836,27.621122179416837,-2.416535064563441
33.19105331821672,44,flow,-0.24169767648455154,0.06759375094601822,1.7762277728780718,-0.6528896261994466,27.55357988839926,-1.418818652488298,27.314228587667706,-2.3897516856260705,27.621122179416837,-2.416535064563441
33.201053318216715,44,flow,-0.22352276034607402,0.06116744009629278,1.857844815469819,-0.6326020142187886,27.5599928747306,-1.4184052092296886,27.338326760019925,-2.393527834128257,27.621122179416837,-2.416535064563441
33.21105331821671,44,flow,-0.2045597027803943,0.05493697416556854,1.9337851942271804,-0.6137354692218305,27.566212835030793,-1.4180437206354652,27.363076772673327,-2.3971942403054003,27.621122179416837,-2.416535064563441
33.22105331821672,44,flow,-0.18486738723357357,0.04888769281136759,2.0036266799724833,-0.5963803412433965,27.57225395792916,-1.4177298298311478,27.38843777591361,-2.4006904654769636,27.621122179416837,-2.416535064563441
33.231053318216716,44,flow,-0.1645088740514605,0.043004023419120956,2.066957287888689,-0.5806283571695332,27.57813140965879,-1.4174595950839772,27.414363554108476,-2.4039585000445713,27.621122179416837,-2.416535064563441
33.241053318216714,44,flow,-0.14355126196714926,0.0372694790315932,2.1233825929514283,-0.5665702463156425,27.58386132775782,-1.4172294912108028,27.440802584018755,-2.4069436902803125,27.621122179416837,-2.416535064563441
33.25105331821671,44,flow,-0.1220654737865676,0.03166668093309607,2.1725335324937096,-0.5542931980588349,27.589460790663814,-1.4170364120069556,27.467698219977454,-2.4095956678601507,27.621122179416837,-2.416535064563441
33.26105331821672,44,flow,-0.10012596277711235,0.026177407108478212,2.214074410548699,-0.5438782467310258,27.594947761912945,-1.4168776733196549,27.49498901257056,-2.4118692554096275,27.621122179416837,-2.416535064563441
33.271053318216715,44,flow,-0.07781033939764921,0.020782666753229668,2.2477107652392436,-0.5353976964314563,27.60034100870356,-1.416751016409148,27.52260916199483,-2.413725318990338,27.621122179416837,-2.416535064563441
33.28105331821671,44,flow,-0.05519892158480823,0.01546279982296412,2.2731967264568973,-0.5289127094459526,27.605659995774385,-1.416654611270645,27.5504891010445,-2.4151315375812654,27.621122179416837,-2.416535064563441
33.29105331821672,44,flow,-0.03237421560191559,0.010197599353639215,2.290341483106875,-0.524471184383532,27.610924756805428,-1.4165870596291423,27.578556196088215,-2.4160630604801363,27.621122179416837,-2.416535064563441
33.30105331821672,44,flow,-0.009420338177566394,0.004966453052289723,2.2990145017290944,-0.5221060425252855,27.616155746781324,-1.4165473973660516,27.606735547934292,-2.4165030263084972,27.621122179416837,-2.416535064563441
33.311053318216715,44,flow,0.013577606000663697,-0.0002515004461779354,2.2991491924185548,-0.5218340228934079,27.621373679860362,-1.416535096189678,27.634950868689792,-2.4164429219133745,27.621122179416837,-2.416535064563441
33.32105331821671,44,flow,0.03653417472313475,-0.005477206134465364,2.290744800812264,-0.5236550591378575,27.626599358165507,-1.4165500644194613,27.663125406124227,-2.41588276568592,27.621122179416837,-2.416535064563441
33.33105331821672,44,flow,0.05936424822126737,-0.01073152404083604,2.2738664094904153,-0.5275522768074941,27.63185349747511,-1.4165926468149328,27.691182884110372,-2.4148311072448463,27.621122179416837,-2.416535064563441
33.341053318216716,44,flow,0.08198367962880067,-0.016035063731923524,2.2486430487103273,-0.5334926111090681,27.637156555992927,-1.4166636234432257,27.719048426672543,-2.4133048435001694,27.621122179416837,-2.416535064563441
33.351053318216714,44,flow,0.10430991754315565,-0.02140802794891346,2.215264032796581,-0.541428006845927,27.642528572173624,-1.4167642076421452,27.74664943423065,-2.411328859177932,27.621122179416837,-2.416535064563441
33.36105331821672,44,flow,0.12626258396048623,-0.02687007086323572,2.1739737431828394,-0.5512971276518969,27.64798901702843,-1.416896043197852,27.77391638356798,-2.4089355073102503,27.621122179416837,-2.416535064563441
33.37105331821672,44,flow,0.1477639935122734,-0.03244017556254561,2.1250651619897534,-0.5630274741885493,27.653556665461256,-1.4170612009156542,27.800783527657398,-2.4061639514162674,27.621122179416837,-2.416535064563441
33.381053318216715,44,flow,0.16873960326811205,-0.038136554275012384,2.068872514142987,-0.5765377929565388,27.65924949008383,-1.4172621748174503,27.827189477279,-2.403059395700572,27.621122179416837,-2.416535064563441
33.39105331821671,44,flow,0.18911838608708764,-0.04397657361019097,2.005763398627818,-0.5917406497056229,27.66508457972895,-1.417501878248393,27.85307765282675,-2.3996722323455044,27.621122179416837,-2.416535064563441
33.40105331821672,44,flow,0.20883312429083178,-0.04997670583841559,1.9361307815556867,-0.6085450438047489,27.67107808362401,-1.4177836402165997,27.87839660129252,-2.3960571358361697,27.621122179416837,-2.416535064563441
33.411053318216716,44,flow,0.2278206240073821,-0.05615250604283788,1.8603851897392596,-0.6268589509172169,27.677245180996966,-1.418111202321739,27.903100179635956,-2.392272133374602,27.621122179416837,-2.416535064563441
33.421053318216714,44,flow,0.24602185366824073,-0.06251861393441471,1.7789473901393098,-0.6465916987382282,27.6836000748393,-1.4184887166498887,27.927147611202752,-2.3883776780940806,27.621122179416837,-2.416535064563441
33.43105331821671,44,flow,0.26338201267624795,-0.069088778272139,1.6922417755744807,-0.6676561018737023,27.690156007696434,-1.418920745022536,27.950503426270757,-2.38443574834547,27.621122179416837,-2.416535064563441
33.44105331821672,44,flow,0.27985053812097976,-0.07587590120513282,1.6006906080235221,-0.6899703046934325,27.69692529672228,-1.4194122599868044,27.973137301048542,-2.3805089921974956,27.621122179416837,-2.416535064563441
33.451053318216715,44,flow,0.29538105859403097,-0.08289209945315133,1.5047092041783456,-0.7134593030418039,27.703919384824324,-1.4199686479224274,27.99502381150973,-2.376659931861067,27.621122179416837,-2.416535064563441
33.46105331821671,44,flow,0.3099313046984461,-0.09014877905198206,1.4047020884906616,-0.7380561354197966,27.711148904522997,-1.4205957146195503,28.016142119404936,-2.372950238353217,27.621122179416837,-2.416535064563441
33.47105331821672,44,flow,0.32346298584411326,-0.09765672038133542,1.3010600898611595,-0.7637027506329281,27.718623751125953,-1.4212996936514881,28.036475607805652,-2.369440082626279,27.621122179416837,-2.416535064563441
33.481053318216716,44,flow,0.33594164248550284,-0.10542617032880454,1.1941583207212074,-0.7903505714562282,27.72635316193775,-1.422087257829632,28.05601148279328,-2.3661875657899216,27.621122179416837,-2.416535064563441
33.491053318216714,44,flow,0.3473364822075802,-0.1134669386856786,1.0843549515298252,-0.8179607825853241,27.73434579845015,-1.4229655339854348,28.07474035661572,-2.3632482280574174,27.621122179416837,-2.416535064563441
33.50105331821671,44,flow,0.3576202071122661,-0.12178849618182667,0.9719906786213128,-0.8465043763444389,27.742609828750858,-1.4239421212783832,28.09265582598663,-2.360674633695463,27.621122179416837,-2.416535064563441
33.51105331821672,44,flow,0.3667688388999836,-0.1304000719148891,0.857388777243718,-0.8759619918379248,27.751153007717036,-1.4250251131804186,28.109754057368736,-2.3585160275382924,27.621122179416837,-2.416535064563441
33.521053318216715,44,flow,0.37476154695904146,-0.13931074828685688,0.7408556326049484,-0.9063235830876171,27.759982752897113,-1.4262231232375129,28.12603338920008,-2.3568180574931166,27.621122179416837,-2.416535064563441
33.53105331821671,44,flow,0.3815804837308517,-0.14852955190837433,0.6226816478627085,-0.9375879498273929,27.769106214310934,-1.4275453146587909,28.14149395919444,-2.355622556843177,27.621122179416837,-2.416535064563441
33.54105331821672,44,flow,0.38721063065370237,-0.15806553925346536,0.5031424374973839,-0.9697621616103586,27.778530336699284,-1.4290014337331058,28.156137363145813,-2.354967379963424,27.621122179416837,-2.416535064563441
33.55105331821672,44,flow,0.3916396571281471,-0.16792787613597124,0.3825002259047481,-1.0028609022180113,27.788261913020996,-1.4306018470224502,28.169966350134008,-2.3548862852167964,27.621122179416837,-2.416535064563441
33.561053318216715,44,flow,0.39485779420582184,-0.1781259103293462,0.26100538315910954,-1.0369057574387688,27.798307628224954,-1.4323575822307744,28.182984557683294,-2.3554088592151596,27.621122179416837,-2.416535064563441
33.57105331821671,44,flow,0.3968577240832071,-0.18866923686258288,0.13889804185365373,-1.0719244653994486,27.808674092514202,-1.4342803725952538,28.195196289269482,-2.3565604772356354,27.621122179416837,-2.416535064563441
33.58105331821672,44,flow,0.39763448597773166,-0.19956775569840085,0.016409750123794364,-1.107950144991118,27.819367863472426,-1.4363827045941695,28.206606335591204,-2.3583622953179098,27.621122179416837,-2.416535064563441
33.591053318216716,44,flow,0.3971853985660813,-0.2108317216385165,-0.1062348739695097,-1.1450205146577972,27.83039545654187,-1.4386778687105135,28.21721984019754,-2.360831270379352,27.621122179416837,-2.416535064563441
33.601053318216714,44,flow,0.39550999886121846,-0.22247178640905396,-0.228816512761077,-1.1831771109771472,27.841763343431783,-1.4411800129324313,28.227042209372275,-2.3639802055308117,27.621122179416837,-2.416535064563441
33.61105331821672,44,flow,0.3926099971821115,-0.23449903296081986,-0.3511195626983516,-1.2224645140883297,27.853477938101427,-1.4439041986096055,28.236079065586566,-2.3678178186234575,27.621122179416837,-2.416535064563441
33.62105331821672,44,flow,0.38848924771452803,-0.2469250020802516,-0.47293060407604604,-1.2629295850809272,27.8655455700085,-1.4468664582181208,28.244336243321456,-2.372348832880717,27.621122179416837,-2.416535064563441
33.631053318216715,44,flow,0.38315373406011904,-0.25976171144954385,-0.5940369345964209,-1.3046207189503143,27.877972444345406,-1.4500838545139505,28.251819825602,-2.3775740892483053,27.621122179416837,-2.416535064563441
33.64105331821671,44,flow,0.3766115691125786,-0.27302166732479455,-0.7142251708142368,-1.3475871155763484,27.890764589008967,-1.4535745404767315,28.25853621915524,-2.383490680813888,27.621122179416837,-2.416535064563441
33.65105331821672,44,flow,0.3688730085738069,-0.2867178690211294,-0.8332799187033387,-1.3918780703585312,27.903927788067037,-1.4573578193600376,28.264492265683913,-2.390092110292278,27.621122179416837,-2.416535064563441
33.661053318216716,44,flow,0.3599504774215774,-0.3008638064071155,-0.9509825125105932,-1.4375422855834952,27.917467501502912,-1.4614542040716714,28.2696953863222,-2.3973684721303057,27.621122179416837,-2.416535064563441
33.671053318216714,44,flow,0.34985860865642177,-0.31547345061965537,-1.0671098195707578,-1.4846272032560628,27.931388771038854,-1.4658854750073016,28.274153755897235,-2.4053066612464846,27.621122179416837,-2.416535064563441
33.68105331821671,44,flow,0.33861429368437423,-0.33056123821683425,-1.1814331076784552,-1.5331783599413469,27.945696111866877,-1.470674735353088,28.27787650315376,-2.413890610773181,27.621122179416837,-2.416535064563441
33.69105331821672,44,flow,0.3262367437305088,-0.34614204899123135,-1.293716970793443,-1.5832387640924654,27.960393390151456,-1.4758464627580055,28.280873932607335,-2.423101561402075,27.621122179416837,-2.416535064563441
33.701053318216715,44,flow,0.3127475617240189,-0.3622311776708707,-1.403718308146014,-1.634848296329473,27.97548368621734,-1.4814265561548836,28.283157763176092,-2.4329183650358535,27.621122179416837,-2.416535064563441
33.71105331821671,44,flow,0.29817082414851914,-0.37884429973970246,-1.5111853510758737,-1.6880431331461871,27.990969143399017,-1.4874423763814895,28.284741378210814,-2.4433178254090717,27.621122179416837,-2.416535064563441
33.72105331821672,44,flow,0.28253317241213516,-0.3959974316142562,-1.615856731059925,-1.7428551945126263,28.006850802608565,-1.4939227791203011,28.2856400810104,-2.454275078148207,27.621122179416837,-2.416535064563441
33.731053318216716,44,flow,0.26586391336277837,-0.4137068854175229,-1.717460581259276,-1.7993116157760622,28.023128422777525,-1.5008981385392521,28.285871349393666,-2.4657640123855527,27.621122179416837,-2.416535064563441
33.738518391751754,44,pre_impact,0.25276673243481607,-0.4272996576342489,-1.7911403250415863,-1.8425419439296942,28.035536946227655,-1.5064469363862096,28.28562067657141,-2.4746711499944793,27.621122179416837,-2.416535064563441
33.738518391751754,45,post_impact,-0.4272996576342489,0.25276673243481607,0.00041342467344662737,-1.1846013772802189,28.035536946227655,-1.5064469363862096,27.621122179416837,-2.416535064563441,28.28562067657141,-2.4746711499944793
33.74851839175175,45,flow,-0.4266512440456609,0.2411281494683031,0.12934692442517082,-1.143276584795142,28.046822387221418,-1.5036019572983468,27.63299782099668,-2.4139586063040577,28.28562067657141,-2.4746711499944793
33.75851839175176,45,flow,-0.42471155068429284,0.2298980589280093,0.25863081583369524,-1.1028944563100125,28.057742410816687,-1.5009815197751677,27.645684434721886,-2.4121391484743167,28.28562067657141,-2.4746711499944793
33.768518391751755,45,flow,-0.42147823891989167,0.21906728072960543,0.3880311327790065,-1.0634063644638603,28.068301386641565,-1.4985705782169658,27.659191615981698,-2.411055753740728,28.28562067657141,-2.4746711499944793
33.77851839175175,45,flow,-0.4169513406163978,0.20862709892929795,0.5173073828054467,-1.0247682712467296,28.078503712452058,-1.4963549622647743,27.67352884717376,-2.4106827801139445,28.28562067657141,-2.4746711499944793
33.78851839175175,45,flow,-0.4111333343293132,0.19856921091413515,0.6462103467686006,-0.9869417144029062,28.08835381721456,-1.494321321515132,27.688705340936213,-2.4109897977967125,28.28562067657141,-2.4746711499944793
33.798518391751756,45,flow,-0.4040292438759588,0.18888566664714637,0.7744798086880231,-0.9498948085567053,28.097856178696972,-1.4924570728514355,27.70472982812194,-2.4119415330156935,28.28562067657141,-2.4746711499944793
33.808518391751754,45,flow,-0.3956467598350456,0.17956879787152946,0.9018422461074216,-0.9136032501149929,28.107015355270807,-1.4907503507412525,27.721610289880765,-2.41349784359707,28.28562067657141,-2.4746711499944793
33.81851839175175,45,flow,-0.385996384164998,0.17061113730865168,1.0280085244632897,-0.8780513106451722,28.115836031513865,-1.4891899607763979,27.73935363406075,-2.415613732280537,28.28562067657141,-2.4746711499944793
33.82851839175176,45,flow,-0.3750915976193036,0.16200532806284526,1.1526716545930067,-0.84323279825258,28.124323077044536,-1.487765336663304,27.757965317212232,-2.418239404980447,28.28562067657141,-2.4746711499944793
33.838518391751755,45,flow,-0.3629490489581305,0.1537440236798252,1.2755046904074252,-0.8091519605473559,28.1324816178062,-1.4864665008045934,27.777448914822877,-2.42132038233494,28.28562067657141,-2.4746711499944793
33.84851839175175,45,flow,-0.34958876408793066,0.1458197796019213,1.3961588634498345,-0.7758242962578367,28.140317118746367,-1.485284028548387,27.797805644068944,-2.4247976738533916,28.28562067657141,-2.4746711499944793
33.85851839175175,45,flow,-0.3350343721906281,0.1382249371268469,1.5142620717047337,-0.7432772357091378,28.14783547649494,-1.4842090161196462,27.81903384536406,-2.4286080246778265,28.28562067657141,-2.4746711499944793
33.868518391751756,45,flow,-0.3193133446281581,0.13095150140832557,1.6294178602469598,-0.7115506437033473,28.155043120238215,-1.4832330521880395,27.84112843132822,-2.432684245292003,28.28562067657141,-2.4746711499944793
33.878518391751754,45,flow,-0.3024572409399448,0.12399101553188172,1.741205049187214,-0.6806970924688804,28.161947118514384,-1.4823481929701465,27.86408031446285,-2.4369556343009404,28.28562067657141,-2.4746711499944793
33.88851839175175,45,flow,-0.2845019546263615,0.1173344332451907,1.8491781772962077,-0.6507818481563354,28.16855528913432,-1.4815469407113682,27.88787582773607,-2.4413485035092144,28.28562067657141,-2.4746711499944793
33.89851839175175,45,flow,-0.26548794969509154,0.11097199349764236,1.9528689345078567,-0.6218825129047666,28.1748763088799,-1.4808222253461667,27.912496155337152,-2.445786812793232,28.28562067657141,-2.4746711499944793
33.908518391751755,45,flow,-0.24546047723842543,0.10489310051493497,2.0517887496165255,-0.5940882669798584,28.180919819084025,-1.4801673890959062,27.937916793870677,-2.450192919552276,28.28562067657141,-2.4746711499944793
33.91851839175175,45,flow,-0.22446975974347627,0.09908621365614236,2.1454326772021344,-0.5674986631126132,28.18669652269708,-1.4795761737332942,27.96410706698221,-2.4544884437373993,28.28562067657141,-2.4746711499944793
33.92851839175175,45,flow,-0.20257112958500179,0.09353875171572987,2.2332846868739265,-0.5422219390124909,28.192218268049924,-1.479042710222701,27.991029718529706,-2.4585952445678227,28.28562067657141,-2.4746711499944793
33.93851839175176,45,flow,-0.1798251074105301,0.08823701657540142,2.3148243961876727,-0.5183728347769182,28.197498114300018,-1.4785615104373044,28.01864061058241,-2.4624364991243355,28.28562067657141,-2.4746711499944793
33.948518391751755,45,flow,-0.15629740611054474,0.08316614111061242,2.389535205899562,-0.49606992959657453,28.20255037356374,-1.4781274606570705,28.046888552366003,-2.4659378662620144,28.28562067657141,-2.4746711499944793
33.95851839175175,45,flow,-0.13205884697161072,0.07831006594841883,2.456913695210043,-0.47543254586223116,28.207390625059833,-1.4777358165648247,28.07571528443015,-2.4690287120654717,28.28562067657141,-2.4746711499944793
33.96851839175175,45,flow,-0.10718517659338832,0.07365154900591632,2.516480021387253,-0.4565773064847464,28.21203569726732,-1.4773821994787237,28.105055638524323,-2.4716433658889105,28.28562067657141,-2.4746711499944793
33.978518391751756,45,flow,-0.0817567762885765,0.06917221068696457,2.567788952316751,-0.4396144697335949,28.216503615160434,-1.4770625935847463,28.134837887808818,-2.4737223695244257,28.28562067657141,-2.4746711499944793
33.988518391751754,45,flow,-0.05585825994199407,0.06485261619172807,2.610441054885462,-0.42464420095742966,28.220813511011144,-1.4767733439581878,28.16498429418482,-2.475213676951882,28.28562067657141,-2.4746711499944793
33.99851839175175,45,flow,-0.029577961507081474,0.0606723946569135,2.6440934812412733,-0.4117529673750775,28.224985498988257,-1.4765111551842987,28.195411850034425,-2.47607375917044,28.28562067657141,-2.4746711499944793
34.00851839175176,45,flow,-0.0030073191442563903,0.05661039290073375,2.668469753121307,-0.4010102560366079,28.22904051572551,-1.4762730904016874,28.22603320111427,-2.4762685684208776,28.28562067657141,-2.4746711499944793
34.018518391751755,45,flow,0.023759830988776695,0.052644859543095175,2.683367952883117,-0.39246581235416106,28.23300013103218,-1.476056570596024,28.256757726562867,-2.475774319090368,28.28562067657141,-2.4746711499944793
34.02851839175175,45,flow,0.05062803266168436,0.04875365339225447,2.688666794504029,-0.38614757535435107,28.2368863347958,-1.4758593739667343,28.28749274195312,-2.474578048847017,28.28562067657141,-2.4746711499944793
34.03851839175175,45,flow,0.07750103583639883,0.04491446840079882,2.684329166550944,-0.3820604466915548,28.24072130771126,-1.4756796351776815,28.318144783004392,-2.472677932805884,28.28562067657141,-2.4746711499944793
34.048518391751756,45,flow,0.10428264462721959,0.04110506639284586,2.6704029027631124,-0.3801859764770846,28.244527184568827,-1.47551584429119,28.348620921909003,-2.4700833351366103,28.28562067657141,-2.4746711499944793
34.058518391751754,45,flow,0.1308775588023873,0.037303508238007425,2.6470187267144913,-0.3804829859328673,28.248325819358346,-1.4753668451776445,28.37883006581806,-2.4668145955185197,28.28562067657141,-2.4746711499944793
34.06851839175175,45,flow,0.15719218111885425,0.03348837427664388,2.614385513949456,-0.38288908165774105,28.2521385613184,-1.4752318331982146,28.408684188148918,-2.4629025610828874,28.28562067657141,-2.4746711499944793
34.07851839175176,45,flow,0.18313536514752551,0.02963896556003844,2.5727831952456857,-0.38732295637877806,28.255986050302617,-1.4751103519807172,28.43809944792368,-2.458387886762689,28.28562067657141,-2.4746711499944793
34.088518391751755,45,flow,0.20861908223733777,0.025735478773167994,2.522553768476866,-0.393687322964031,28.25988803853587,-1.4750022891511838,28.46699715978905,-2.453320137242353,28.28562067657141,-2.4746711499944793
34.09851839175175,45,flow,0.23355899145489048,0.021759149413289724,2.464090980259196,-0.4018722967400357,28.26386324413407,-1.4749078709460166,28.495304586905544,-2.447756731178754,28.28562067657141,-2.4746711499944793
34.10851839175175,45,flow,0.2578749021837473,0.017692359729365684,2.3978292762440634,-0.41175902781519924,28.267929239836803,-1.4748276557083657,28.522955539549617,-2.4417617726236753,28.28562067657141,-2.4746711499944793
34.118518391751756,45,flow,0.2814911250169692,0.013518709901998735,2.3242326026462434,-0.4232233895708447,28.272102378435452,-1.474762526361546,28.549890773043316,-2.4354048155728765,28.28562067657141,-2.4746711499944793
34.128518391751754,45,flow,0.3043367121274991,0.009223052795395788,2.24378358008249,-0.43613954897523627,28.27639775453483,-1.4747136820444133,28.576058188617512,-2.4287596055959884,28.28562067657141,-2.4746711499944793
34.13851839175175,45,flow,0.3263455930638223,0.004791494211763062,2.1569734770436293,-0.45038327469961126,28.280829200693812,-1.4746826291809079,28.601412849336896,-2.421902838120037,28.28562067657141,-2.4746711499944793
34.14851839175175,45,flow,0.34745661564337477,0.00021136183989390873,2.0642932989595293,-0.4658348753997598,28.285409314733087,-1.474671172331393,28.62591682983275,-2.4149129668505758,28.28562067657141,-2.4746711499944793
34.158518391751755,45,flow,0.36761350419802946,-0.004528853023864033,1.9662261936805911,-0.48238169842277906,28.290149514113775,-1.474681405231807,28.649538923129466,-2.40786908875927,28.28562067657141,-2.4746711499944793
34.16851839175175,45,flow,0.3867647488861587,-0.009439576388090239,1.863241266612231,-0.49992015485128116,28.2950601127736,-1.4747157024648483,28.672254230364892,-2.4008499247320785,28.28562067657141,-2.4746711499944793
34.17851839175175,45,flow,0.4048634402422133,-0.014530250335827378,1.755788806595186,-0.5183572675537239,28.30015041562176,-1.4747767122246072,28.69404365991825,-2.3939329079267226,28.28562067657141,-2.4746711499944793
34.18851839175176,45,flow,0.42186706276643704,-0.019809444968963433,1.644296851253787,-0.5376117632776268,28.305428825981505,-1.474867350633351,28.714893361702874,-2.3871933855498626,28.28562067657141,-2.4746711499944793
34.198518391751755,45,flow,0.4377372603702517,-0.025284979148884557,1.5291689691292987,-0.5576147473421982,28.310902961564747,-1.474990798049161,28.73479412053168,-2.3807039343951386,28.28562067657141,-2.4746711499944793
34.20851839175175,45,flow,0.45243958509234405,-0.03096404610055072,1.4107831042809258,-0.5783100104931321,28.316579774998303,-1.475150497769327,28.75374072989344,-2.3745337862037807,28.28562067657141,-2.4746711499944793
34.21851839175175,45,flow,0.46594323887150463,-0.03685334047379051,1.2894913144359137,-0.5996540228321022,28.322465675436074,-1.475350157490738,28.77173136452079,-2.368748355726684,28.28562067657141,-2.4746711499944793
34.228518391751756,45,flow,0.47822081645799286,-0.042959184012107424,1.1656202326996796,-0.6216156705521247,28.328566648334636,-1.47559375383875,28.788766967060827,-2.3634088622055263,28.28562067657141,-2.4746711499944793
34.238518391751754,45,flow,0.489248055882592,-0.04928764752628949,1.0394720916446112,-0.6441757886874933,28.33488837100278,-1.4758855402235853,28.804850661183206,-2.358572033724177,28.28562067657141,-2.4746711499944793
34.24851839175175,45,flow,0.49900360136310473,-0.05584466737987811,0.9113261639025728,-0.6673265383356457,28.341436322030333,-1.4762300582309225,28.81998720072152,-2.3542898833589665,28.28562067657141,-2.4746711499944793
34.25851839175176,45,flow,0.5074687821620008,-0.06263615514869811,0.781440492327389,-0.6910706707791685,28.348215883141652,-1.4766321527030768,28.834182462027236,-2.350609546121374,28.28562067657141,-2.4746711499944793
34.268518391751755,45,flow,0.5146274097408341,-0.06966809950834496,0.6500538031180497,-0.7154207143832657,28.355232432395205,-1.4770969906202862,28.84744298466016,-2.347573166192616,28.28562067657141,-2.4746711499944793
34.27851839175175,45,flow,0.5204655945920261,-0.07694665972946535,0.5173875153570386,-0.740398113623267,28.362491427960606,-1.4776300838488263,28.85977556385024,-2.3452178247675772,28.28562067657141,-2.4746711499944793
34.28851839175175,45,flow,0.5249715833581231,-0.08447825042319987,0.38364777911688674,-0.7660323434855116,28.369998481950876,-1.4782373157840263,28.871186896821754,-2.3435754998480465,28.28562067657141,-2.4746711499944793
34.298518391751756,45,flow,0.5281356162553955,-0.09226961738363368,0.24902749096101234,-0.7923600170128184,28.377759423975466,-1.4789249718813966,28.881683284037035,-2.342673050467188,28.28562067657141,-2.4746711499944793
34.308518391751754,45,flow,0.5299498043805553,-0.100327904527572,0.11370824999073453,-0.8194239990479946,28.385780354216024,-1.479699774037298,28.891270385648653,-2.3425322190242954,28.28562067657141,-2.4746711499944793
34.31851839175175,45,flow,0.5304080261722848,-0.10866071204222971,-0.02213777050673099,-0.8472725352971141,28.39406768591977,-1.4805689187509332,28.8999530328993,-2.343169646614873,28.28562067657141,-2.4746711499944793
34.32851839175176,45,flow,0.5295058421002761,-0.11727614592588645,-0.15834605121212117,-0.8759584026746036,28.40262817726177,-1.4815401189707809,28.90773509383053,-2.344596897424202,28.28562067657141,-2.4746711499944793
34.338518391751755,45,flow,0.5272404265368676,-0.12618285915420693,-0.2947580626892453,-0.905538084415005,28.411468952556742,-1.4826216494999127,28.91461939240887,-2.3468204893953444,28.28562067657141,-2.4746711499944793
34.34851839175175,45,flow,0.5236105157192441,-0.13539008472878927,-0.4312197116260071,-0.9360709716405373,28.42059751280595,-1.4838223958043593,28.920607680014477,-2.349841929468643,28.28562067657141,-2.4746711499944793
34.35851839175175,45,flow,0.5186163707013527,-0.14490766087583398,-0.5675798961245333,-0.967618591781437,28.43002173555735,-1.4851519060362133,28.925700658120224,-2.3536577527217193,28.28562067657141,-2.4746711499944793
34.368518391751756,45,flow,0.5122597542219872,-0.15474604866191127,-0.7036891664528071,-1.0002438634636357,28.439749864036877,-1.4866204460469366,28.929898050891786,-2.358259565707617,28.28562067657141,-2.4746711499944793
34.378518391751754,45,flow,0.5045439204575045,-0.1649163422877821,-0.8393984865501021,-1.0340103770929598,28.449790485484318,-1.4882390571256905,28.933198726330176,-2.363634095198396,28.28562067657141,-2.4746711499944793
34.38851839175175,45,flow,0.49547361667596673,-0.1754302723130817,-0.9745580914720461,-1.0689817003196445,28.460152498600888,-1.490019616151633,28.935600864433738,-2.369763244390493,28.28562067657141,-2.4746711499944793
34.39851839175175,45,flow,0.48505509585464246,-0.18630020205749293,-1.1090164366919057,-1.1052207078095801,28.470845069991697,-1.4919748977974505,28.937102170655148,-2.3766241594152477,28.28562067657141,-2.4746711499944793
34.408518391751755,45,flow,0.47329613935712184,-0.19753911742052024,-1.2426192365757605,-1.1427889352284806,28.48187757946787,-1.4941186383636698,28.93770013265275,-2.384189309719612,28.28562067657141,-2.4746711499944793
34.41851839175175,45,flow,0.46020608878388514,-0.2091606103642634,-1.3752085912731253,-1.181745958019129,28.493259554062853,-1.4964656007595076,28.937392317968765,-2.392426586531374,28.28562067657141,-2.4746711499944793
34.42851839175175,45,flow,0.44579588610647275,-0.22117885631341697,-1.5066222035710517,-1.2221487963797668,28.50500059061813,-1.4990316400765726,28.93617670979787,-2.40129942419008,28.28562067657141,-2.4746711499944793
34.43851839175176,45,flow,0.4300781211673213,-0.23360858574543739,-1.6366926898100442,-1.2640513487937126,28.517110266807272,-1.5018337691273413,28.934052077429765,-2.4107669495948807,28.28562067657141,-2.4746711499944793
34.448518391751755,45,flow,0.41306708557311406,-0.2464650502723465,-1.7652469916106055,-1.3075038574745372,28.529598040495664,-1.5048902232421681,28.93101837725413,-2.4207841653756015,28.28562067657141,-2.4746711499944793
34.45851839175175,45,flow,0.39477883192891056,-0.25976398355448593,-1.8921058977553802,-1.3525524101310555,28.542473137377883,-1.50822052353824,28.927077179406524,-2.4313021726111876,28.28562067657141,-2.4746711499944793
34.46851839175175,45,flow,0.3752312372547543,-0.27352155743568524,-2.0170836879435705,-1.3992384834686435,28.555744426896172,-1.5118455377933473,28.922232114215902,-2.4422684389748666,28.28562067657141,-2.4746711499944793
34.478518391751756,45,flow,0.3544440692990604,-0.2877543337481912,-2.1399879120929595,-1.447598534766318,28.569420286522025,-1.515787537978987,28.91648933160194,-2.453627118049755,28.28562067657141,-2.4746711499944793
34.488518391751754,45,flow,0.33243905431904575,-0.3024792123030783,-2.2606193202021103,-1.4976636486315245,28.58350845457779,-1.5200702534338162,28.909857965485575,-2.4653194252029587,28.28562067657141,-2.4746711499944793
34.49851839175175,45,flow,0.30923994474507677,-0.31771337565572333,-2.3787719582759044,-1.549459246556733,28.598015871884588,-1.5247189185926886,28.90235059414975,-2.4772840748018514,28.28562067657141,-2.4746711499944793
34.50851839175176,45,flow,0.28487258499274043,-0.3334742313134558,-2.494233445224634,-1.6030048670962707,28.612948512644383,-1.5297603141312308,28.89398368636133,-2.4894577826773787,28.28562067657141,-2.4746711499944793
34.518518391751755,45,flow,0.2593649735457185,-0.3497793521299372,-2.6067854437323814,-1.658314024256682,28.628311205093183,-1.535222800343757,28.884778021990346,-2.501775836566104,28.28562067657141,-2.4746711499944793
34.52851839175175,45,flow,0.23274731931851372,-0.36664641570354384,-2.7162043346298645,-1.7153941509585173,28.644107442594557,-1.5411363415452894,28.874759074901856,-2.5141727357844665,28.28562067657141,-2.4746711499944793
34.537535896421694,45,pre_impact,0.20781990986152188,-0.3823528350609565,-2.8119973414108,-1.7683859744196893,28.658725112006504,-1.5468817987629304,28.865052322606086,-2.52536485031068,28.28562067657141,-2.4746711499944793
34.537535896421694,46,post_impact,-0.3823528350609565,0.20781990986152188,-0.15974884929690278,-1.1603463035158967,28.658725112006504,-1.5468817987629304,28.28562067657141,-2.4746711499944793,28.865052322606086,-2.52536485031068
34.54753589642169,46,flow,-0.38335062777936807,0.19640034394570044,-0.03982565323530732,-1.1237516238278704,28.66991217391265,-1.5445894823655504,28.29588218290185,-2.472006090920983,28.865052322606086,-2.52536485031068
34.5575358964217,46,flow,-0.38315003476093495,0.18534124533552498,0.07989138808448179,-1.0882466799511017,28.680770377384047,-1.5424914278064485,28.30692642719388,-2.469983045507769,28.865052322606086,-2.52536485031068
34.567535896421695,46,flow,-0.38175423380507856,0.17463189513164987,0.19917807915537972,-1.0537964459586207,28.6913066794332,-1.5405742880699362,28.31875768668181,-2.46858681384743,28.865052322606086,-2.52536485031068
34.57753589642169,46,flow,-0.379168675519879,0.16426190350124545,0.31780380334822955,-1.020370256101826,28.701528108225105,-1.5388255295985842,28.331379788540207,-2.46779819950575,28.865052322606086,-2.52536485031068
34.58753589642169,46,flow,-0.3754011550531005,0.15422116243919562,0.43553001904885225,-0.9879425307472496,28.711441770550373,-1.5372333821865545,28.34479599311113,-2.467593997155811,28.865052322606086,-2.52536485031068
34.5975358964217,46,flow,-0.3704618988104747,0.14449979133067214,0.552108771127586,-0.956493488390969,28.72105487038402,-1.5357867918668027,28.35900883611788,-2.4679470082846464,28.865052322606086,-2.52536485031068
34.607535896421695,46,flow,-0.36436366584559576,0.13508807551149185,0.6672812513991728,-0.9260098319064741,28.730374737979297,-1.5344753770599575,28.374019930584097,-2.4688260881135378,28.865052322606086,-2.52536485031068
34.61753589642169,46,flow,-0.3571218632272187,0.12597639815474976,0.7807764505655055,-0.8964853943330512,28.739408868832893,-1.5332893881990803,28.389829729963658,-2.47019622757397,28.865052322606086,-2.52536485031068
34.6275358964217,46,flow,-0.34875467421638634,0.1171551659748026,0.892309953849415,-0.8679217263742957,28.74816497171525,-1.5322196709931126,28.406437254906315,-2.472018674804327,28.865052322606086,-2.52536485031068
34.637535896421696,46,flow,-0.3392831975130992,0.10861472943430112,1.0015829427030867,-0.8403286044971198,28.7566510247855,-1.5312576334417884,28.423839787149404,-2.4742511011302604,28.865052322606086,-2.52536485031068
34.647535896421694,46,flow,-0.3287315951576185,0.10034529836737797,1.1082814750591061,-0.8137244352859222,28.764875338603897,-1.5303952166653985,28.44203253524531,-2.4768478168095207,28.865052322606086,-2.52536485031068
34.65753589642169,46,flow,-0.3171272458996818,0.09233685419057172,1.2120761257911945,-0.7881365287809238,28.77284662461681,-1.529624869563542,28.46100827820278,-2.479760041897333,28.865052322606086,-2.52536485031068
34.6675358964217,46,flow,-0.304500899993771,0.08457906015783347,1.3126220763244039,-0.7636012112608779,28.780574067425132,-1.5289395272675623,28.48075699461771,-2.48293623735266,28.865052322606086,-2.52536485031068
34.677535896421695,46,flow,-0.2908868304655933,0.07706117141839317,1.4095597463980463,-0.7401637467433637,28.788067398864726,-1.5283325933016416,28.50126548645518,-2.486322500888473,28.865052322606086,-2.52536485031068
34.68753589642169,46,flow,-0.27632297496347197,0.06977194694314062,1.5025160603577954,-0.7178780368582667,28.795336971640364,-1.527797925317812,28.52251700825421,-2.489863031003481,28.865052322606086,-2.52536485031068
34.69753589642169,46,flow,-0.2608510614131973,0.0626995656782254,1.5911064334519132,-0.6968060712199277,28.80239382998042,-1.527329824220974,28.54449091406949,-2.4935006610633192,28.865052322606086,-2.52536485031068
34.707535896421696,46,flow,-0.24451670990658567,0.05583154954039924,1.674937548899714,-0.6770171054768961,28.809249774541936,-1.5269230264523501,28.56716233582038,-2.4971774631921346,28.865052322606086,-2.52536485031068
34.717535896421694,46,flow,-0.22736950265719402,0.04915469605925829,1.7536109727337428,-0.6585865522558013,28.815917418621822,-1.5265726991548665,28.590501907744372,-2.5008354190902327,28.865052322606086,-2.52536485031068
34.72753589642169,46,flow,-0.20946301354603086,0.04265502356588817,1.8267276198924587,-0.6415945814508843,28.822410232651336,-1.5262744379033286,28.614475552187937,-2.50441715175473,28.865052322606086,-2.52536485031068
34.7375358964217,46,flow,-0.19085478885327142,0.03631773179358754,1.8938930419266,-0.6261244406682973,28.82874257399871,-1.5260242666475978,28.639044341846578,-2.5078667085487187,28.865052322606086,-2.52536485031068
34.747535896421695,46,flow,-0.1716062713192297,0.030127180565057716,1.9547234553119355,-0.6122605236564345,28.834929699308425,-1.525818639490156,28.664164452632722,-2.511130382304473,28.865052322606086,-2.52536485031068
34.75753589642169,46,flow,-0.1517826607693959,0.024066888869201743,2.0088523724430103,-0.60008623333203,28.840987756987335,-1.5256544439021136,28.689787219484884,-2.514157553385827,28.865052322606086,-2.52536485031068
34.76753589642169,46,flow,-0.13145270621013325,0.018119556068402584,2.055937639057766,-0.5896817051735452,28.84693375801842,-1.5255290049754155,28.715859304571666,-2.5169015321586308,28.865052322606086,-2.52536485031068
34.777535896421696,46,flow,-0.11068842654164114,0.012267106228606967,2.095668627506573,-0.5811214745221462,28.85278552403806,-1.5254400903147631,28.742322983509553,-2.519320378448091,28.865052322606086,-2.52536485031068
34.787535896421694,46,flow,-0.08956475977258285,0.006490755653678583,2.127773291123428,-0.5744721856786981,28.858561612528135,-1.5253859151912024,28.769116550523478,-2.521377672628473,28.865052322606086,-2.52536485031068
34.79753589642169,46,flow,-0.06815914372293967,0.0007711026768107798,2.15202475724015,-0.5697904495735274,28.86428122000569,-1.525365147610334,28.79617483816095,-2.523043212294538,28.865052322606086,-2.52536485031068
34.8075358964217,46,flow,-0.04655103447569047,-0.004911762320981597,2.1682471304995907,-0.5671209584670891,28.869964065177378,-1.525376912990977,28.823429841552855,-2.524293609233293,28.865052322606086,-2.52536485031068
34.817535896421695,46,flow,-0.0248213720458718,-0.010578129753753614,2.1763201976138338,-0.566494959477957,28.875630255084413,-1.525420798203521,28.85081143170336,-2.525112763763903,28.865052322606086,-2.52536485031068
34.82753589642169,46,flow,-0.003052005616841807,-0.016248530571861132,2.176182770427541,-0.5679291734759149,28.881300138212108,-1.5254968547792533,28.87824813733337,-2.525492197413726,28.865052322606086,-2.52536485031068
34.83753589642169,46,flow,0.01867490700569227,-0.02194358769532131,2.1678344737524786,-0.5714252228067077,28.88699414929394,-1.5256056011703678,28.905667970832894,-2.525431230162309,28.865052322606086,-2.52536485031068
34.8475358964217,46,flow,0.04027750955773653,-0.027683864424889265,2.1513358724540015,-0.5769696022369847,28.89273265103104,-1.5257480240125794,28.932999271253983,-2.524936994776279,28.865052322606086,-2.52536485031068
34.857535896421695,46,flow,0.06167485038194,-0.03348971529972998,2.1268069305525072,-0.5845341950998599,28.89853577813026,-1.5259255784156034,28.960171536280438,-2.524024287620887,28.865052322606086,-2.52536485031068
34.86753589642169,46,flow,0.08278746208643889,-0.03938114472915304,2.0944238941769524,-0.594077303973572,28.904423288921958,-1.5261401873787872,28.987116215790774,-2.522715262245638,28.865052322606086,-2.52536485031068
34.8775358964217,46,flow,0.10353790287186958,-0.04537767826289678,2.0544147803956503,-0.6055451355129692,28.91041442935462,-1.5263942404970905,29.01376744195703,-2.521038978474428,28.865052322606086,-2.52536485031068
34.887535896421696,46,flow,0.12385124681727358,-0.05149825063688688,2.0070537266660113,-0.6188736550780926,28.916527813435174,-1.5266905921844856,29.040062674580472,-2.5190308252103426,28.865052322606086,-2.52536485031068
34.897535896421694,46,flow,0.14365551321695935,-0.057761113799176804,1.9526545052423707,-0.6339907104153754,28.922781323250025,-1.52703255969565,29.065943245153704,-2.5167318393340885,28.865052322606086,-2.52536485031068
34.90753589642169,46,flow,0.1628820282489825,-0.0641837670667073,1.891563530293431,-0.6508183158579256,28.92919203064565,-1.52742392127099,29.09135478858501,-2.5141879457152845,28.865052322606086,-2.52536485031068
34.9175358964217,46,flow,0.1814657155416793,-0.07078291047484958,1.8241526831886994,-0.6692749891731574,28.935776141555436,-1.527868914763462,29.11624755714948,-2.5114491444109888,28.865052322606086,-2.52536485031068
34.927535896421695,46,flow,0.19934531535190514,-0.07757442133786689,1.7508122565800677,-0.6892780412752623,28.942548962910706,-1.5283722371276651,29.140576616632952,-2.508568670686399,28.865052322606086,-2.52536485031068
34.93753589642169,46,flow,0.2164635348758848,-0.08457335310578495,1.6719442757118892,-0.7107457328497309,28.949524891134484,-1.52893904516199,29.164301929462617,-2.5056021517688665,28.865052322606086,-2.52536485031068
34.94753589642169,46,flow,0.23276713453779202,-0.09179395482913458,1.5879564020414672,-0.733599229481531,28.956717420433872,-1.529574957893498,29.187388333625403,-2.5026067815289763,28.865052322606086,-2.52536485031068
34.957535896421696,46,flow,0.2482069568623841,-0.0992497089543973,1.499256566009739,-0.7577643060831311,28.96413916850747,-1.530286060983264,29.209805429221984,-2.4996405308994802,28.865052322606086,-2.52536485031068
34.967535896421694,46,flow,0.26273790571598943,-0.10695338477692691,1.4062484182340387,-0.7831727704522223,28.971801916875464,-1.5310789135081304,29.23152738655326,-2.4967614081204377,28.865052322606086,-2.52536485031068
34.97753589642169,46,flow,0.276318884324553,-0.1149171046653466,1.3093276358609518,-0.8097635932100921,28.979716662812507,-1.5319605574444641,29.252532690735414,-2.494026779130044,28.865052322606086,-2.52536485031068
34.9875358964217,46,flow,0.2889127006145192,-0.1231524201205273,1.2088790762524295,-0.8374837462021859,28.98789367979607,-1.5329385301419114,29.272803838100014,-2.491492754844521,28.865052322606086,-2.52536485031068
34.997535896421695,46,flow,0.30048594816053265,-0.13167039481436735,1.1052747351162109,-0.8662887631633073,28.996342583447156,-1.5340208800318043,29.292326999206903,-2.489213648862976,28.865052322606086,-2.52536485031068
35.00753589642169,46,flow,0.3110088704608247,-0.14048169193672222,0.9988724409595695,-0.8961430449392023,29.005072400103973,-1.535216185767074,29.311091662344626,-2.48724150640602,28.865052322606086,-2.52536485031068
35.01753589642169,46,flow,0.3204552154927144,-0.14959666343135217,0.8900152017534146,-0.9270199369962221,29.014091635401417,-1.5365335789395247,29.329090270078733,-2.4856257031042053,28.865052322606086,-2.52536485031068
35.027535896421696,46,flow,0.32880208661368626,-0.15902543899497662,0.7790311117475903,-0.9589016097259114,29.023408340501405,-1.537982770467047,29.346317859879708,-2.4844126106004154,28.865052322606086,-2.52536485031068
35.037535896421694,46,flow,0.3360297949410827,-0.16877801302319545,0.6662337249673919,-0.99177877265426,29.033030173907182,-1.5395740806885114,29.3627717182422,-2.4836453247901193,28.865052322606086,-2.52536485031068
35.04753589642169,46,flow,0.3421217174229367,-0.17886432799406773,0.5519228054522819,-1.0256502526194013,29.04296445708021,-1.5413184731480682,29.378451056093066,-2.4833634518421785,28.865052322606086,-2.52536485031068
35.0575358964217,46,flow,0.3470641639456228,-0.1892943530705569,0.43638537126162974,-1.0605224637851804,29.053218222346914,-1.5432275919935317,29.39335671174529,-2.4836029468544454,28.865052322606086,-2.52536485031068
35.067535896421695,46,flow,0.3508462560383644,-0.2000781569676153,0.31989695834866655,-1.0964087944496015,29.063798251826068,-1.5453138028552496,29.407490886234154,-2.4843960000316354,28.865052322606086,-2.52536485031068
35.07753589642169,46,flow,0.35345981904570967,-0.21122597436313567,0.202723040512167,-1.133328932347235,29.074711106320663,-1.5475902370120305,29.420856914594026,-2.4857709655578586,28.865052322606086,-2.52536485031068
35.08753589642169,46,flow,0.3548992890528506,-0.22274826533228917,0.08512055194552291,-1.171308146811719,29.08596314329907,-1.550070838588701,29.433459075506285,-2.4877523288077628,28.865052322606086,-2.52536485031068
35.0975358964217,46,flow,0.35516163536397405,-0.23465576745219685,-0.03266053118176111,-1.2103765429602116,29.097560523240137,-1.5527704144650307,29.445302440766188,-2.4903607081409542,28.865052322606086,-2.52536485031068
35.107535896421695,46,flow,0.35424629894452375,-0.2469595403608052,-0.15037558453338257,-1.2505683001131955,29.109509203738327,-1.5557046865073514,29.456392765165727,-2.4936128882048534,28.865052322606086,-2.52536485031068
35.11753589642169,46,flow,0.3521551469357129,-0.25967100266173315,-0.26778373113671167,-1.2919209040743596,29.12181492086034,-1.5588903456610619,29.466736416650935,-2.4975218823897074,28.865052322606086,-2.52536485031068
35.1275358964217,46,flow,0.348892443122259,-0.2728019611533304,-0.38464625789638784,-1.3344743806389217,29.134483157321974,-1.5623451073644095,29.476340345967955,-2.5020970228033015,28.865052322606086,-2.52536485031068
35.137535896421696,46,flow,0.34446483407190365,-0.28636463242235977,-0.5007250664937035,-1.3782705358749738,29.147519097111932,-1.5660877676592362,29.485212094435564,-2.507344076832557,28.865052322606086,-2.52536485031068
35.147535896421694,46,flow,0.33888135055693025,-0.30037165689182355,-0.6157811671708409,-1.4233522072107239,29.160927566239515,-1.5701382592837865,29.49335983795979,-2.5132653900137303,28.865052322606086,-2.52536485031068
35.15753589642169,46,flow,0.33215342380290896,-0.3148361054460506,-0.7295732199746345,-1.4697625282003528,29.17471295932491,-1.5745177069343685,29.500792464914976,-2.519860055522507,28.865052322606086,-2.52536485031068
35.1675358964217,46,flow,0.3242949160805895,-0.32977147878042357,-0.8418561248991975,-1.517544208957126,29.188879151791642,-1.5792484807769802,29.50751968504448,-2.527124111104265,28.865052322606086,-2.52536485031068
35.177535896421695,46,flow,0.3153221651552924,-0.3451916996395932,-0.9523796598950602,-1.5667388335996861,29.203429397463715,-1.584354247176584,29.513552166071097,-2.5350507646790366,28.865052322606086,-2.52536485031068
35.18753589642169,46,flow,0.3052540421286124,-0.36111109811910636,-1.0608871637595785,-1.617386175609023,29.21836621141956,-1.5898600154907303,29.518901694246345,-2.5436306501624375,28.865052322606086,-2.52536485031068
35.19753589642169,46,flow,0.2941120222452151,-0.3775443902127467,-1.1671142593532007,-1.6695235316958532,29.233691238014462,-1.5957921796460692,29.523581354606815,-2.552852115231125,28.865052322606086,-2.52536485031068
35.207535896421696,46,flow,0.2819202682897876,-0.3945066497928767,-1.2707876112745897,-1.7231850745907944,29.249405104056518,-1.60217855308172,29.527605726248424,-2.5627015428180595,28.865052322606086,-2.52536485031068
35.217535896421694,46,flow,0.2687057262637645,-0.41201327421457684,-1.3716237109671356,-1.7784012250574137,29.265507257211446,-1.6090483955035992,29.530991087482803,-2.5731637080385936,28.865052322606086,-2.52536485031068
35.22721828339152,46,pre_impact,0.25496442614212916,-0.42949735134156203,-1.4662757030621123,-1.83336957090708,29.28146618197751,-1.6161896759227097,29.53367716693574,-2.58386194434131,28.865052322606086,-2.52536485031068
35.22721828339152,47,post_impact,-0.42949735134156203,0.25496442614212916,-0.02885114078160669,-1.201805736369488,29.28146618197751,-1.6161896759227095,28.865052322606086,-2.5253648503106794,29.53367716693574,-2.58386194434131
35.23721828339152,47,flow,-0.42914264518630185,0.24315448422575245,0.09988033454021998,-1.1603469802506505,29.29291165793189,-1.6132786302079394,28.876820314780126,-2.522601451957268,29.53367716693574,-2.58386194434131
35.247218283391526,47,flow,-0.4274983695181442,0.2317542864595961,0.22902421927767366,-1.1198483610893273,29.303991905306457,-1.6105969852524247,28.889396301352246,-2.5206027463231133,29.53367716693574,-2.58386194434131
35.25721828339152,47,flow,-0.42456156407747997,0.22075448166749057,0.358346920509737,-1.0802604886781155,29.31471130930265,-1.608129423006182,28.902789999283158,-2.519348844634051,29.53367716693574,-2.58386194434131
35.26721828339152,47,flow,-0.4203316328689058,0.2101461915031465,0.48760881969223063,-1.041538349851049,29.325074289508198,-1.6058615151343738,28.917011048572157,-2.518815178469362,29.53367716693574,-2.58386194434131
35.27721828339152,47,flow,-0.41481041532661117,0.19992096176445953,0.6165620763479233,-1.0036422950404122,29.33508529949417,-1.6037796670879814,28.932068868382036,-2.518972409767706,29.53367716693574,-2.58386194434131
35.287218283391525,47,flow,-0.4080022798440471,0.1900707037497856,0.7449483551860603,-0.9665390419562621,29.344748841049622,-1.601871064710613,28.947972458001626,-2.519786366824784,29.53367716693574,-2.58386194434131
35.29721828339152,47,flow,-0.3999142403050943,0.18058762553212934,0.8724965042756294,-0.9302026863211234,29.354069492779473,-1.6001236237579464,28.964730141812595,-2.521218010771942,29.53367716693574,-2.58386194434131
35.30721828339152,47,flow,-0.3905560959159383,0.17146415314819202,0.9989202246554307,-0.8946157053909902,29.363051952686877,-1.5985259426329939,28.982349258224662,-2.523223438265598,29.53367716693574,-2.58386194434131
35.317218283391526,47,flow,-0.3799405941589129,0.16269284186639763,1.1239157869978569,-0.8597699349584819,29.371701094213535,-1.59706725857051,29.00083579355878,-2.525753927350815,29.53367716693574,-2.58386194434131
35.327218283391524,47,flow,-0.3680836160472618,0.15426627791958097,1.2471598685453644,-0.8256674947046474,29.380022035010505,-1.595737407436655,29.020193963136844,-2.5287560346310336,29.53367716693574,-2.58386194434131
35.33721828339152,47,flow,-0.35500438203104356,0.1461769713713414,1.368307603125293,-0.7923216302763564,29.388020217451007,-1.5945267872449886,29.04042574342254,-2.5321717529035643,29.53367716693574,-2.58386194434131
35.34721828339152,47,flow,-0.340725675872882,0.1384172411355558,1.486990957858843,-0.7597574335775277,29.395701499569334,-1.5934263254266856,29.061530360981802,-2.5359387392097155,29.53367716693574,-2.58386194434131
35.357218283391525,47,flow,-0.3252740825714839,0.13097909358822904,1.6028175709674286,-0.7280123958983378,29.403072254713898,-1.5924274498317001,29.083503746305624,-2.53999062368013,29.53367716693574,-2.58386194434131
35.36721828339152,47,flow,-0.3086802349696554,0.12385409669657774,1.7153702040173007,-0.6971367422840345,29.41013947774105,-1.5915220633789267,29.106337963147944,-2.5442574094908115,29.53367716693574,-2.58386194434131
35.37721828339152,47,flow,-0.29097906207223473,0.1170332521316176,1.8242069765655293,-0.6671934907921941,29.4169108950589,-1.5907025222181619,29.13002062692102,-2.5486659735292094,29.53367716693574,-2.58386194434131
35.38721828339152,47,flow,-0.27221003037603464,0.11050686840785229,1.9288625583881571,-0.6382581780360749,29.423395075277167,-1.5899616172161948,29.15453432875485,-2.553140675844164,29.53367716693574,-2.58386194434131
35.397218283391524,47,flow,-0.2524173677701883,0.10426443867608541,2.0288504907046545,-0.6104181938515302,29.429601536659952,-1.5892925585352224,29.179856084899058,-2.5576040834716687,29.53367716693574,-2.58386194434131
35.40721828339152,47,flow,-0.23165025792994592,0.09829452733973193,2.123666789283638,-0.5837716743033158,29.435540847056558,-1.5886889630357626,29.20595683399257,-2.561977810678349,29.53367716693574,-2.58386194434131
35.41721828339152,47,flow,-0.20996299176556427,0.09258467011602382,2.2127949455326577,-0.5584259147069861,29.441224711555453,-1.5881448442098738,29.232801007049478,-2.5661834729971043,29.53367716693574,-2.58386194434131
35.427218283391525,47,flow,-0.1874150615967285,0.08712129245591162,2.295712384118797,-0.5344952836984468,29.446666042833527,-1.5876546043349888,29.260346196458034,-2.570143746690574,29.53367716693574,-2.58386194434131
35.43721828339152,47,flow,-0.16407118351515648,0.08188965129962762,2.371898356616825,-0.5120986458455076,29.451879009126706,-1.5872130285344201,29.288542950484132,-2.5737835186399725,29.53367716693574,-2.58386194434131
35.44721828339152,47,flow,-0.14000123408142817,0.07687380491025747,2.440843152084461,-0.4913563331908752,29.456879054997103,-1.5868152804370266,29.3173347183458,-2.5770311044413434,29.53367716693574,-2.58386194434131
35.45721828339152,47,flow,-0.11528008924852234,0.07205661493887394,2.502058392646327,-0.4723867436569329,29.4616828906724,-1.5864568991438643,29.346657967584687,-2.579819505178874,29.53367716693574,-2.58386194434131
35.467218283391524,47,flow,-0.08998735631418874,0.06741978389935273,2.555088064150314,-0.45530268343191216,29.46630844671697,-1.5861337972310434,29.37644249003958,-2.582087666559567,29.53367716693574,-2.58386194434131
35.47721828339152,47,flow,-0.0642069937696726,0.06294392987209634,2.5995198211261044,-0.4402076072021198,29.470774792158686,-1.5858422595417527,29.406611905258888,-2.5837816985583117,29.53367716693574,-2.58386194434131
35.48721828339152,47,flow,-0.038026818989780636,0.05860869856164454,2.634996016215341,-0.42719193959170493,29.475102015891963,-1.585578942542622,29.437084360949893,-2.584856010183377,29.53367716693574,-2.58386194434131
35.497218283391526,47,flow,-0.011537909505977847,0.054392910900710474,2.661223851764509,-0.4163296785572891,29.47931107311012,-1.5853408740367598,29.467773419596647,-2.585274313097282,29.53367716693574,-2.58386194434131
35.50721828339152,47,flow,0.015166090309726541,0.05027474236441669,2.677984047784562,-0.40767548269267584,29.483423600546807,-1.5851254530358236,29.4985891094704,-2.5850104500925295,29.53367716693574,-2.58386194434131
35.51721828339152,47,flow,0.041989739477397495,0.04623192821025751,2.6851374733661197,-0.40126242701158116,29.487461706251484,-1.5849304495961785,29.52943910786417,-2.584049010005226,29.53367716693574,-2.58386194434131
35.52721828339152,47,flow,0.0688366248792353,0.04224198718210182,2.6826292978746027,-0.3971005758024842,29.491447741297623,-1.5847540044217658,29.560230015549774,-2.582385699361688,29.53367716693574,-2.58386194434131
35.537218283391525,47,flow,0.09561021355160952,0.03828245496722651,2.6704903755265774,-0.39517646930199324,29.495404062068747,-1.584594628032085,29.590868675038333,-2.580027452320378,29.53367716693574,-2.58386194434131
35.54721828339152,47,flow,0.12221470451670013,0.034331118051386875,2.6488357667487805,-0.39545355827835926,29.499352792409752,-1.5844511992953103,29.6212634820822,-2.5769922733791932,29.53367716693574,-2.58386194434131
35.55721828339152,47,flow,0.14855585185959314,0.03036623859478693,2.617860500044488,-0.39787355436313065,29.503315594953307,-1.584322963137097,29.6513256401784,-2.5733088207268127,29.53367716693574,-2.58386194434131
35.567218283391526,47,flow,0.1745417327714299,0.02636676159634934,2.577832866584936,-0.40235860143065166,29.507313460288856,-1.5842095272623347,29.680970311714237,-2.5690157508175187,29.53367716693574,-2.58386194434131
35.577218283391524,47,flow,0.20008343801382011,0.02231249683159512,2.529085694826224,-0.4088141216059003,29.511366521428243,-1.5841108577717384,29.710117626340317,-2.564160855627067,29.53367716693574,-2.58386194434131
35.58721828339152,47,flow,0.22509566730712652,0.01818426970664402,2.472006158890118,-0.4171321536265014,29.51549389937086,-1.5840272736178627,29.738693516408727,-2.558800032241199,29.53367716693574,-2.58386194434131
35.59721828339152,47,flow,0.24949721798125668,0.013964037096369807,2.4070247244443737,-0.4271949839276516,29.51971358365296,-1.5839594399230514,29.76663035991404,-2.552996129424969,29.53367716693574,-2.58386194434131
35.607218283391525,47,flow,0.2732113612796926,0.009634966240398994,2.334603829896101,-0.43887887188063557,29.524042349767768,-1.5839083602694592,29.793867422297648,-2.546817717495904,29.53367716693574,-2.58386194434131
35.61721828339152,47,flow,0.2961661064502783,0.005181476682879199,2.255226846539445,-0.45205768767066085,29.52849571343795,-1.5838753681615843,29.820351098783913,-2.540337826413115,29.53367716693574,-2.58386194434131
35.62721828339152,47,flow,0.3182943577672044,0.0005892469201273576,2.1693877714636316,-0.46660631028905936,29.53308792004971,-1.5838621179472712,29.846034967862078,-2.5336326930155475,29.53367716693574,-2.58386194434131
35.63721828339152,47,flow,0.3395339736242861,-0.004154811231143764,2.0775819963151463,-0.4824036692258291,29.537831966213187,-1.5838705755570768,29.870879673616482,-2.5267805524866933,29.53367716693574,-2.58386194434131
35.647218283391524,47,flow,0.3598277396846212,-0.009062606560509842,1.9802983778466716,-0.4993353519483028,29.542739649443515,-1.5839030094790845,29.89485265961077,-2.5198605021415217,29.53367716693574,-2.58386194434131
35.65721828339152,47,flow,0.37912326976473376,-0.014144946108899752,1.878012724715156,-0.5172957361244913,29.547821641363733,-1.5839619824235407,29.91792777996149,-2.5129514582370485,29.53367716693574,-2.58386194434131
35.66721828339152,47,flow,0.3973728487761095,-0.019411631711373036,1.7711827179687976,-0.5361896378647141,29.553087579582577,-1.5840503441481135,29.94008481429002,-2.5061312193042964,29.53367716693574,-2.58386194434131
35.677218283391525,47,flow,0.41453323181653107,-0.024871570665437447,1.660244205179211,-0.5559334932725163,29.558546173442164,-1.5841712259111627,29.961308912738716,-2.4994756429410043,29.53367716693574,-2.58386194434131
35.68721828339152,47,flow,0.4305654126045692,-0.030532896026801738,1.5456087520020707,-0.5764561096650362,29.564205319095564,-1.5843280369996395,29.981589995554373,-2.493057937386644,29.53367716693574,-2.58386194434131
35.69721828339152,47,flow,0.4454343730937793,-0.03640309246507248,1.427662299261796,-0.5976990351551785,29.570072219793992,-1.5845244637435665,30.000922129260385,-2.4869480646720885,29.53367716693574,-2.58386194434131
35.70721828339152,47,flow,0.4591088244817185,-0.04248912413529974,1.3067647558924822,-0.6196166016791925,29.576153507773913,-1.5847644713843418,30.019302898505835,-2.481212248722166,29.53367716693574,-2.58386194434131
35.717218283391524,47,flow,0.4715609481051549,-0.048797561583454226,1.1832503547492108,-0.6421756981180722,29.58245536468279,-1.58505230911318,30.036732789584814,-2.475912579427434,29.53367716693574,-2.58386194434131
35.72721828339152,47,flow,0.4827661430125455,-0.05533470526267328,1.0574286056978985,-0.6653553281132784,29.588983638025926,-1.5853925185422268,30.05321459858486,-2.4711067022711144,29.53367716693574,-2.58386194434131
35.73721828339152,47,flow,0.4927027854172402,-0.062106703762197034,0.9295856949796648,-0.6891460026724865,29.595743951626467,-1.5857899458170777,30.068752874306025,-2.466847582447919,29.53367716693574,-2.58386194434131
35.747218283391526,47,flow,0.5013520038162392,-0.06911966532292027,0.7999861986032806,-0.7135490117017381,29.60274180854655,-1.586249757527631,30.08335340358769,-2.4631833323849364,29.53367716693574,-2.58386194434131
35.75721828339152,47,flow,0.5086974723388332,-0.07637976162206511,0.6688749980392545,-0.7385756119911917,29.609982685309703,-1.5867774605257803,30.097022744536304,-2.460157092019754,29.53367716693574,-2.58386194434131
35.76721828339152,47,flow,0.5147252238753056,-0.08389332315130069,0.536479306991398,-0.7642461625230599,29.617472116589664,-1.5873789257140496,30.109767811373537,-2.4578069519731223,29.53367716693574,-2.58386194434131
35.77721828339152,47,flow,0.5194234837213842,-0.09166692578941782,0.40301073729274606,-0.7905892316759126,29.6252157697905,-1.5880604158290272,30.121595513203697,-2.456165910759828,29.53367716693574,-2.58386194434131
35.787218283391525,47,flow,0.5227825238429404,-0.09970746838745244,0.26866734926995817,-0.8176406952261658,29.633219509142148,-1.588828617206956,30.1325124478979,-2.4552618583217267,29.53367716693574,-2.58386194434131
35.79721828339152,47,flow,0.5247945373956374,-0.10802224134790966,0.13363564686598434,-0.8454428391295696,29.641489449081483,-1.5896906754854219,30.142524651466545,-2.4551175793721454,29.53367716693574,-2.58386194434131
35.80721828339152,47,flow,0.5254535328015858,-0.11661898629831227,-0.0019075097086067722,-0.8740434769475703,29.65003199678924,-1.5906542351637367,30.151637402693357,-2.4557507712611644,29.53367716693574,-2.58386194434131
35.817218283391526,47,flow,0.524755246465083,-0.12550594704063958,-0.13779309094494166,-0.9034950884493763,29.658853883815745,-1.5917274829142596,30.15985508238569,-2.457174072272307,29.53367716693574,-2.58386194434131
35.827218283391524,47,flow,0.5226970730791896,-0.13469191200993663,-0.2738581939242249,-0.9338539833171362,29.6679621867609,-1.5929191945063073,30.167181086311672,-2.4593950974207033,29.53367716693574,-2.58386194434131
35.83721828339152,47,flow,0.5192780124123441,-0.1441862485043891,-0.40994445055954765,-0.9651794919328108,29.677364336983487,-1.5942387851722908,30.173617790702227,-2.4624164799285104,29.53367716693574,-2.58386194434131
35.84721828339152,47,flow,0.514498631452496,-0.15399892896163986,-0.5458965475219048,-0.997533183854695,29.68706811930758,-1.595696363211072,30.179166569059543,-2.466235917597727,29.53367716693574,-2.58386194434131
35.857218283391525,47,flow,0.5083610408064699,-0.16414054955743512,-0.6815608545460907,-1.0309781137104381,29.69708165967563,-1.597302786585213,30.183827858896912,-2.470846224282294,29.53367716693574,-2.58386194434131
35.86721828339152,47,flow,0.5008688842935546,-0.17462234139732535,-0.8167841564503278,-1.0655780937741923,29.7074134016733,-1.5990697222257944,30.18760127691236,-2.4762353875783525,29.53367716693574,-2.58386194434131
35.87721828339152,47,flow,0.4920273407212503,-0.1854561745640115,-0.9514124838721469,-1.1013969923850997,29.71807207182461,-1.6010097077100738,30.190485780942527,-2.482386634704112,29.53367716693574,-2.58386194434131
35.88721828339152,47,flow,0.48184313687914626,-0.19665455527518336,-1.08529003824149,-1.1384980575454202,29.72906663353139,-1.6031362149228001,30.192479876833858,-2.4892785093269696,29.53367716693574,-2.58386194434131
35.897218283391524,47,flow,0.47032457082621865,-0.20823061640200058,-1.21825820770429,-1.17694326545634,29.740406229511418,-1.605463715251242,30.193581868086405,-2.4968849628116487,29.53367716693574,-2.58386194434131
35.90721828339152,47,flow,0.45748154457153634,-0.22019810159886405,-1.3501546724186928,-1.216792694361436,29.752100112578255,-1.6080077457968518,30.193790145756896,-2.505175464002679,29.53367716693574,-2.58386194434131
35.91721828339152,47,flow,0.4433256052539949,-0.23257134330252405,-1.480812599723449,-1.2581039248287975,29.764157564604492,-1.610784976013288,30.19310351564053,-2.5141151322074604,29.53367716693574,-2.58386194434131
35.927218283391525,47,flow,0.4278699939103272,-0.24536523487415116,-1.610059931979079,-1.3009314684710418,29.776587803522144,-1.613813274101931,30.191521559177612,-2.523664898498814,29.53367716693574,-2.58386194434131
35.93721828339152,47,flow,0.4111297008807475,-0.25859519718261353,-1.7377187722594023,-1.3453262280344611,29.789399878239983,-1.617111772413109,30.18904502384793,-2.5337817007908217,29.53367716693574,-2.58386194434131
35.94721828339152,47,flow,0.39312152683818746,-0.2722771399612683,-1.8636048753679655,-1.3913349927372998,29.802602551399705,-1.6207009310154445,30.185676238024325,-2.5444187183378624,29.53367716693574,-2.58386194434131
35.95721828339152,47,flow,0.373864148341823,-0.28642741831398993,-1.987527253702041,-1.4389999736498058,29.816204169951746,-1.6246025985089156,30.181419544364893,-2.5555256513399573,29.53367716693574,-2.58386194434131
35.967218283391524,47,flow,0.3533781867118332,-0.30106278479827814,-2.109287909102331,-1.4883583847252888,29.830212523607102,-1.62884006907154,30.17628174484475,-2.5670490511815856,29.53367716693574,-2.58386194434131
35.97721828339152,47,flow,0.33168627890543373,-0.3162003375728077,-2.2286817028095864,-1.5394420757440663,29.84463469131363,-1.6334381346475637,30.170272549486004,-2.578932706459009,29.53367716693574,-2.58386194434131
35.98721828339152,47,flow,0.30881314895152234,-0.33185746516170106,-2.3454963757874108,-1.5922772238455967,29.859476876012028,-1.6384231311091653,30.163405019769783,-2.5911180893365957,29.53367716693574,-2.58386194434131
35.997218283391526,47,flow,0.2847856783823382,-0.348051788455327,-2.459512730743599,-1.6468840904171083,29.87474422804602,-1.6438229771566535,30.155695996647772,-2.6035448658929408,29.53367716693574,-2.58386194434131
36.00721828339152,47,flow,0.25963297399710483,-0.36480110063392357,-2.5705049849732133,-1.70327684979576,29.890440657729314,-1.6496672046661272,30.147166502063104,-2.616151472955633,29.53367716693574,-2.58386194434131
36.01721828339152,47,flow,0.23338643121854055,-0.3821233057613675,-2.6782412994545646,-1.7614634954440094,29.90656863770449,-1.6559869791504616,30.137842102001724,-2.6288757624715333,29.53367716693574,-2.58386194434131
36.02296725610936,47,pre_impact,0.21781519437022315,-0.39234811956965604,-2.738612677280289,-1.795727889114535,29.916036329011348,-1.6598481613397587,30.132133286701315,-2.6362200704385104,29.53367716693574,-2.58386194434131
