segment_length,run_index,rank,births
50,1,0,""
50,2,0,""
50,3,0,""
50,4,0,""
50,5,0,""
50,6,0,""
50,7,0,""
50,8,0,""
50,9,0,""
50,10,0,""
50,11,0,""
50,12,0,""
50,13,0,""
50,14,0,""
50,15,0,""
50,16,0,""
50,17,0,""
50,18,0,""
50,19,0,""
50,20,0,""
50,21,0,""
50,22,0,""
50,23,0,""
50,24,0,""
50,25,0,""
50,26,0,""
50,27,0,""
50,28,0,""
50,29,0,""
50,30,0,""
50,31,0,""
50,32,0,""
50,33,0,""
50,34,0,""
50,35,0,""
50,36,0,""
50,37,0,""
50,38,0,""
50,39,0,""
50,40,0,""
50,41,0,""
50,42,0,""
50,43,0,""
50,44,0,""
50,45,0,""
50,46,0,""
50,47,0,""
50,48,0,""
50,49,0,""
50,50,0,""
50,51,0,""
50,52,0,""
50,53,0,""
50,54,0,""
50,55,0,""
50,56,0,""
50,57,0,""
50,58,0,""
50,59,0,""
50,60,0,""
50,61,0,""
50,62,0,""
50,63,0,""
50,64,0,""
50,65,0,""
50,66,0,""
50,67,0,""
50,68,0,""
50,69,0,""
50,70,0,""
50,71,0,""
50,72,0,""
50,73,0,""
50,74,0,""
50,75,0,""
50,76,0,""
50,77,0,""
50,78,0,""
50,79,0,""
50,80,0,""
50,81,0,""
50,82,0,""
50,83,0,""
50,84,0,""
50,85,0,""
50,86,0,""
50,87,0,""
50,88,0,""
50,89,0,""
50,90,0,""
50,91,0,""
50,92,0,""
50,93,0,""
50,94,0,""
50,95,0,""
50,96,0,""
50,97,0,""
50,98,0,""
50,99,0,""
50,100,0,""
50,101,0,""
50,102,0,""
50,103,0,""
50,104,0,""
50,105,0,""
50,106,0,""
50,107,0,""
50,108,0,""
50,109,0,""
50,110,0,""
50,111,0,""
50,112,0,""
50,113,0,""
50,114,0,""
50,115,0,""
50,116,0,""
50,117,0,""
50,118,0,""
50,119,0,""
50,120,0,""
50,121,0,""
50,122,0,""
50,123,0,""
50,124,0,""
50,125,0,""
50,126,0,""
50,127,0,""
50,128,0,""
50,129,0,""
50,130,0,""
50,131,0,""
50,132,0,""
50,133,0,""
50,134,0,""
50,135,0,""
50,136,0,""
50,137,0,""
50,138,0,""
50,139,0,""
50,140,0,""
50,141,0,""
50,142,0,""
50,143,0,""
50,144,0,""
50,145,0,""
50,146,0,""
50,147,0,""
50,148,0,""
50,149,0,""
50,150,0,""
100,1,0,""
100,2,0,""
100,3,0,""
100,4,0,""
100,5,0,""
100,6,0,""
100,7,0,""
100,8,0,""
100,9,0,""
100,10,0,""
100,11,0,""
100,12,0,""
100,13,0,""
100,14,0,""
100,15,0,""
100,16,0,""
100,17,0,""
100,18,0,""
100,19,0,""
100,20,0,""
100,21,0,""
100,22,0,""
100,23,0,""
100,24,0,""
100,25,0,""
100,26,0,""
100,27,0,""
100,28,0,""
100,29,0,""
100,30,0,""
100,31,0,""
100,32,0,""
100,33,0,""
100,34,0,""
100,35,0,""
100,36,0,""
100,37,0,""
100,38,0,""
100,39,0,""
100,40,0,""
100,41,0,""
100,42,0,""
100,43,0,""
100,44,0,""
100,45,0,""
100,46,0,""
100,47,0,""
100,48,0,""
100,49,0,""
100,50,0,""
100,51,0,""
100,52,0,""
100,53,0,""
100,54,0,""
100,55,0,""
100,56,0,""
100,57,0,""
100,58,0,""
100,59,0,""
100,60,0,""
100,61,0,""
100,62,0,""
100,63,0,""
100,64,0,""
100,65,0,""
100,66,0,""
100,67,0,""
100,68,0,""
100,69,0,""
100,70,0,""
100,71,0,""
100,72,0,""
100,73,0,""
100,74,0,""
100,75,0,""
100,76,0,""
100,77,0,""
100,78,0,""
100,79,0,""
100,80,0,""
100,81,0,""
100,82,0,""
100,83,0,""
100,84,0,""
100,85,0,""
100,86,0,""
100,87,0,""
100,88,0,""
100,89,0,""
100,90,0,""
100,91,0,""
100,92,0,""
100,93,0,""
100,94,0,""
100,95,0,""
100,96,0,""
100,97,0,""
100,98,0,""
100,99,0,""
100,100,0,""
100,101,0,""
100,102,0,""
100,103,0,""
100,104,0,""
100,105,0,""
100,106,0,""
100,107,0,""
100,108,0,""
100,109,0,""
100,110,0,""
100,111,0,""
100,112,0,""
100,113,0,""
100,114,0,""
100,115,0,""
100,116,0,""
100,117,0,""
100,118,0,""
100,119,0,""
100,120,0,""
100,121,0,""
100,122,0,""
100,123,0,""
100,124,0,""
100,125,0,""
100,126,0,""
100,127,0,""
100,128,0,""
100,129,0,""
100,130,0,""
100,131,0,""
100,132,0,""
100,133,0,""
100,134,0,""
100,135,0,""
100,136,0,""
100,137,0,""
100,138,0,""
100,139,0,""
100,140,0,""
100,141,0,""
100,142,0,""
100,143,0,""
100,144,0,""
100,145,0,""
100,146,0,""
100,147,0,""
100,148,0,""
100,149,0,""
100,150,0,""
150,1,0,""
150,2,0,""
150,3,0,""
150,4,0,""
150,5,0,""
150,6,0,""
150,7,0,""
150,8,0,""
150,9,0,""
150,10,0,""
150,11,0,""
150,12,0,""
150,13,0,""
150,14,0,""
150,15,0,""
150,16,0,""
150,17,0,""
150,18,0,""
150,19,0,""
150,20,0,""
150,21,0,""
150,22,0,""
150,23,0,""
150,24,0,""
150,25,0,""
150,26,0,""
150,27,0,""
150,28,0,""
150,29,0,""
150,30,0,""
150,31,0,""
150,32,0,""
150,33,0,""
150,34,0,""
150,35,0,""
150,36,0,""
150,37,0,""
150,38,0,""
150,39,1,"1.4323411000678499"
150,40,0,""
150,41,0,""
150,42,0,""
150,43,0,""
150,44,0,""
150,45,1,"1.3602703519148127"
150,46,0,""
150,47,0,""
150,48,1,"1.3467292057830107"
150,49,0,""
150,50,0,""
150,51,0,""
150,52,0,""
150,53,0,""
150,54,0,""
150,55,0,""
150,56,0,""
150,57,0,""
150,58,0,""
150,59,0,""
150,60,1,"1.361403564519374"
150,61,0,""
150,62,0,""
150,63,0,""
150,64,0,""
150,65,0,""
150,66,0,""
150,67,0,""
150,68,0,""
150,69,0,""
150,70,0,""
150,71,0,""
150,72,0,""
150,73,0,""
150,74,0,""
150,75,0,""
150,76,0,""
150,77,0,""
150,78,0,""
150,79,0,""
150,80,0,""
150,81,0,""
150,82,0,""
150,83,0,""
150,84,0,""
150,85,0,""
150,86,0,""
150,87,0,""
150,88,0,""
150,89,0,""
150,90,0,""
150,91,0,""
150,92,0,""
150,93,0,""
150,94,0,""
150,95,0,""
150,96,0,""
150,97,0,""
150,98,0,""
150,99,0,""
150,100,0,""
150,101,0,""
150,102,0,""
150,103,0,""
150,104,0,""
150,105,0,""
150,106,0,""
150,107,0,""
150,108,0,""
150,109,0,""
150,110,0,""
150,111,0,""
150,112,0,""
150,113,0,""
150,114,0,""
150,115,0,""
150,116,0,""
150,117,0,""
150,118,0,""
150,119,0,""
150,120,0,""
150,121,0,""
150,122,0,""
150,123,0,""
150,124,0,""
150,125,0,""
150,126,0,""
150,127,0,""
150,128,0,""
150,129,0,""
150,130,0,""
150,131,0,""
150,132,0,""
150,133,0,""
150,134,0,""
150,135,0,""
150,136,0,""
150,137,1,"1.3603300692358988"
150,138,0,""
150,139,0,""
150,140,0,""
150,141,0,""
150,142,1,"1.2947199985523346"
150,143,0,""
150,144,0,""
150,145,0,""
150,146,0,""
150,147,0,""
150,148,0,""
150,149,0,""
150,150,0,""
200,1,0,""
200,2,0,""
200,3,0,""
200,4,1,"1.2739979415674532"
200,5,0,""
200,6,0,""
200,7,0,""
200,8,0,""
200,9,1,"1.3270828704968816"
200,10,0,""
200,11,0,""
200,12,1,"1.2873235439869308"
200,13,0,""
200,14,0,""
200,15,1,"1.2752195865317626"
200,16,0,""
200,17,1,"1.2748800202562058"
200,18,0,""
200,19,1,"1.2737455789398535"
200,20,1,"1.2751700477615158"
200,21,0,""
200,22,1,"1.3488807070550264"
200,23,0,""
200,24,0,""
200,25,0,""
200,26,0,""
200,27,1,"1.392080511965806"
200,28,0,""
200,29,0,""
200,30,1,"1.3595688876080203"
200,31,0,""
200,32,0,""
200,33,0,""
200,34,0,""
200,35,0,""
200,36,0,""
200,37,0,""
200,38,0,""
200,39,0,""
200,40,0,""
200,41,0,""
200,42,0,""
200,43,0,""
200,44,0,""
200,45,0,""
200,46,1,"1.2737455789398535"
200,47,0,""
200,48,0,""
200,49,0,""
200,50,0,""
200,51,0,""
200,52,0,""
200,53,0,""
200,54,0,""
200,55,1,"1.361284627634872"
200,56,0,""
200,57,0,""
200,58,0,""
200,59,0,""
200,60,0,""
200,61,0,""
200,62,1,"1.3561229144091094"
200,63,0,""
200,64,0,""
200,65,0,""
200,66,1,"1.2737455789398535"
200,67,0,""
200,68,0,""
200,69,0,""
200,70,0,""
200,71,0,""
200,72,1,"1.361209038082511"
200,73,0,""
200,74,0,""
200,75,0,""
200,76,0,""
200,77,0,""
200,78,0,""
200,79,0,""
200,80,0,""
200,81,0,""
200,82,0,""
200,83,0,""
200,84,0,""
200,85,1,"1.2749845386140073"
200,86,0,""
200,87,0,""
200,88,0,""
200,89,0,""
200,90,0,""
200,91,0,""
200,92,0,""
200,93,0,""
200,94,0,""
200,95,0,""
200,96,0,""
200,97,0,""
200,98,0,""
200,99,0,""
200,100,0,""
200,101,0,""
200,102,0,""
200,103,0,""
200,104,0,""
200,105,0,""
200,106,0,""
200,107,0,""
200,108,0,""
200,109,0,""
200,110,0,""
200,111,0,""
200,112,0,""
200,113,0,""
200,114,0,""
200,115,0,""
200,116,0,""
200,117,1,"1.3603467386686758"
200,118,0,""
200,119,0,""
200,120,0,""
200,121,0,""
200,122,0,""
200,123,1,"1.2737455789398535"
200,124,0,""
200,125,0,""
200,126,0,""
200,127,0,""
200,128,0,""
200,129,0,""
200,130,0,""
200,131,0,""
200,132,0,""
200,133,0,""
200,134,0,""
200,135,0,""
200,136,0,""
200,137,0,""
200,138,0,""
200,139,0,""
200,140,0,""
200,141,1,"1.3114986853701538"
200,142,0,""
200,143,0,""
200,144,0,""
200,145,0,""
200,146,0,""
200,147,0,""
200,148,0,""
200,149,0,""
200,150,0,""
250,1,0,""
250,2,0,""
250,3,0,""
250,4,0,""
250,5,0,""
250,6,0,""
250,7,0,""
250,8,0,""
250,9,0,""
250,10,0,""
250,11,0,""
250,12,0,""
250,13,0,""
250,14,1,"1.2748800202562058"
250,15,0,""
250,16,0,""
250,17,1,"1.2749845386140073"
250,18,1,"1.3829484373869045"
250,19,0,""
250,20,0,""
250,21,0,""
250,22,0,""
250,23,0,""
250,24,0,""
250,25,0,""
250,26,0,""
250,27,0,""
250,28,0,""
250,29,1,"1.2739979415674532"
250,30,0,""
250,31,1,"1.3615227234564566"
250,32,1,"1.2753420806784896"
250,33,0,""
250,34,0,""
250,35,0,""
250,36,0,""
250,37,0,""
250,38,0,""
250,39,0,""
250,40,0,""
250,41,0,""
250,42,0,""
250,43,0,""
250,44,0,""
250,45,0,""
250,46,0,""
250,47,0,""
250,48,0,""
250,49,0,""
250,50,0,""
250,51,0,""
250,52,0,""
250,53,0,""
250,54,0,""
250,55,0,""
250,56,0,""
250,57,0,""
250,58,0,""
250,59,0,""
250,60,0,""
250,61,1,"1.350180908416915"
250,62,0,""
250,63,1,"1.490504669109455"
250,64,0,""
250,65,0,""
250,66,0,""
250,67,0,""
250,68,0,""
250,69,0,""
250,70,0,""
250,71,0,""
250,72,0,""
250,73,0,""
250,74,1,"1.2751700477615158"
250,75,0,""
250,76,0,""
250,77,0,""
250,78,0,""
250,79,0,""
250,80,0,""
250,81,1,"1.3617086933687015"
250,82,0,""
250,83,0,""
250,84,0,""
250,85,0,""
250,86,1,"1.2737455789398535"
250,87,0,""
250,88,0,""
250,89,0,""
250,90,1,"1.2748800202562058"
250,91,0,""
250,92,0,""
250,93,0,""
250,94,0,""
250,95,0,""
250,96,0,""
250,97,0,""
250,98,0,""
250,99,0,""
250,100,0,""
250,101,0,""
250,102,0,""
250,103,1,"1.274061957871419"
250,104,0,""
250,105,0,""
250,106,0,""
250,107,1,"1.4267599685344863"
250,108,1,"1.2748800202562058"
250,109,0,""
250,110,0,""
250,111,0,""
250,112,1,"1.3602680812688484"
250,113,0,""
250,114,1,"1.2748800202562058"
250,115,0,""
250,116,1,"1.2737455789398535"
250,117,0,""
250,118,0,""
250,119,0,""
250,120,1,"1.2787193248093092"
250,121,0,""
250,122,0,""
250,123,0,""
250,124,0,""
250,125,0,""
250,126,0,""
250,127,0,""
250,128,1,"1.3294516911485201"
250,129,1,"1.397919690185439"
250,130,0,""
250,131,0,""
250,132,1,"1.3816679742566513"
250,133,0,""
250,134,0,""
250,135,1,"1.3704320941525931"
250,136,0,""
250,137,0,""
250,138,0,""
250,139,0,""
250,140,0,""
250,141,0,""
250,142,0,""
250,143,0,""
250,144,0,""
250,145,0,""
250,146,0,""
250,147,0,""
250,148,0,""
250,149,0,""
250,150,1,"1.2832086031702745"
300,1,1,"1.2737455789398535"
300,2,0,""
300,3,0,""
300,4,1,"1.3598963797845618"
300,5,0,""
300,6,0,""
300,7,0,""
300,8,0,""
300,9,1,"1.340869171867852"
300,10,0,""
300,11,1,"1.2748800202562058"
300,12,1,"1.2753420806784896"
300,13,0,""
300,14,0,""
300,15,1,"1.3521764155173204"
300,16,1,"1.424129739603711"
300,17,0,""
300,18,1,"1.2753420806784896"
300,19,0,""
300,20,0,""
300,21,0,""
300,22,0,""
300,23,0,""
300,24,0,""
300,25,0,""
300,26,0,""
300,27,0,""
300,28,0,""
300,29,0,""
300,30,0,""
300,31,1,"1.4147386416006453"
300,32,0,""
300,33,1,"1.3473288336385305"
300,34,0,""
300,35,0,""
300,36,0,""
300,37,1,"1.2736179688310652"
300,38,1,"1.2749845386140073"
300,39,0,""
300,40,0,""
300,41,0,""
300,42,0,""
300,43,1,"1.2737455789398535"
300,44,0,""
300,45,0,""
300,46,1,"1.3495081041838102"
300,47,1,"1.2737455789398535"
300,48,1,"1.359949661528632"
300,49,0,""
300,50,1,"1.3205002771916947"
300,51,0,""
300,52,0,""
300,53,0,""
300,54,0,""
300,55,0,""
300,56,0,""
300,57,0,""
300,58,0,""
300,59,1,"1.4424636905721988"
300,60,0,""
300,61,1,"1.295918936353833"
300,62,0,""
300,63,1,"1.2748800202562058"
300,64,0,""
300,65,0,""
300,66,0,""
300,67,0,""
300,68,0,""
300,69,0,""
300,70,1,"1.3191938246165529"
300,71,0,""
300,72,1,"1.416286071103615"
300,73,0,""
300,74,0,""
300,75,0,""
300,76,0,""
300,77,0,""
300,78,1,"1.2739979415674532"
300,79,0,""
300,80,0,""
300,81,1,"1.273612920141743"
300,82,1,"1.3944403344716982"
300,83,0,""
300,84,1,"1.2751700477615158"
300,85,0,""
300,86,0,""
300,87,0,""
300,88,0,""
300,89,0,""
300,90,1,"1.4137218289231255"
300,91,1,"1.4469369110567647"
300,92,0,""
300,93,0,""
300,94,0,""
300,95,0,""
300,96,0,""
300,97,1,"1.3300847916415488"
300,98,1,"1.3604203462845388"
300,99,0,""
300,100,0,""
300,101,0,""
300,102,0,""
300,103,0,""
300,104,1,"1.3533573701952992"
300,105,0,""
300,106,0,""
300,107,0,""
300,108,0,""
300,109,0,""
300,110,0,""
300,111,0,""
300,112,0,""
300,113,0,""
300,114,0,""
300,115,0,""
300,116,1,"1.304367093652536"
300,117,1,"1.274061957871419"
300,118,1,"1.490504669109455"
300,119,1,"1.419362590723021"
300,120,0,""
300,121,0,""
300,122,0,""
300,123,0,""
300,124,0,""
300,125,0,""
300,126,1,"1.4197843253171614"
300,127,0,""
300,128,1,"1.436924552392314"
300,129,0,""
300,130,0,""
300,131,0,""
300,132,0,""
300,133,0,""
300,134,1,"1.3477774570648386"
300,135,0,""
300,136,0,""
300,137,1,"1.273612920141743"
300,138,0,""
300,139,0,""
300,140,0,""
300,141,0,""
300,142,0,""
300,143,0,""
300,144,0,""
300,145,0,""
300,146,0,""
300,147,0,""
300,148,0,""
300,149,0,""
300,150,0,""
350,1,1,"0.6987740322576957"
350,2,1,"1.301072920558238"
350,3,2,"0.5334207001660928;1.274061957871419"
350,4,1,"1.231720437184841"
350,5,1,"0.9254181172265937"
350,6,1,"1.0047291199933408"
350,7,1,"1.1280347600296428"
350,8,2,"0.5406613905633969;1.0253922716338153"
350,9,1,"0.43380845003893864"
350,10,1,"0.7591016571139646"
350,11,1,"1.2374723265770404"
350,12,1,"0.7750441385728312"
350,13,2,"0.5334205768129543;1.2752547229215734"
350,14,2,"0.5334048703929213;1.2753420806784896"
350,15,1,"1.2752547229215734"
350,16,2,"0.5332971221470204;1.2736179688310652"
350,17,1,"1.1154667640362892"
350,18,1,"0.35298080478542676"
350,19,2,"1.2397091847064894;1.2736179688310652"
350,20,2,"0.5334207001660928;1.274061957871419"
350,21,1,"1.1213321438401342"
350,22,1,"0.8965960658661212"
350,23,1,"0.6626855974927585"
350,24,3,"1.2753420806784896;1.4106764612954334;1.4327549569205649"
350,25,2,"0.430851309884115;1.099927734778812"
350,26,1,"0.6271799741063817"
350,27,1,"0.400329310197981"
350,28,1,"1.2749845386140073"
350,29,1,"1.3138158695377904"
350,30,1,"0.67569897401086"
350,31,1,"0.49290788157016274"
350,32,2,"0.6662090934170842;1.274061957871419"
350,33,2,"0.5940419868395128;1.4215876905409266"
350,34,1,"1.273612920141743"
350,35,1,"0.6279000502777262"
350,36,1,"0.9979167404816547"
350,37,1,"0.3528718331268076"
350,38,2,"0.435503879810822;0.8865626290178638"
350,39,2,"0.5404524468801747;1.0254994604874408"
350,40,1,"1.0987444396478203"
350,41,1,"0.5166297591223569"
350,42,1,"0.6988203196472017"
350,43,2,"0.5332674879560931;1.273612920141743"
350,44,1,"0.3670674156874002"
350,45,1,"1.0280843051172546"
350,46,2,"0.4373612381197567;0.8620866885496509"
350,47,1,"0.43490258627890893"
350,48,1,"0.5281544187717355"
350,49,1,"0.43670397114012044"
350,50,1,"1.2753420806784896"
350,51,1,"0.3541482474316027"
350,52,1,"0.8413656030477754"
350,53,2,"0.44316262250516003;0.8413493347363983"
350,54,1,"1.2737455789398535"
350,55,1,"1.273612920141743"
350,56,2,"0.5462566945909179;1.301408511170876"
350,57,1,"0.3528758994196056"
350,58,1,"0.45206477481723883"
350,59,1,"1.237316131113038"
350,60,1,"0.4133873215497704"
350,61,2,"0.543484298513501;0.8382918982845089"
350,62,1,"0.650367263056538"
350,63,2,"0.5563689288910608;1.3275497417666637"
350,64,2,"0.6107842579480606;1.454948497379297"
350,65,1,"0.46987474779492333"
350,66,2,"0.6151731365678408;1.4645596301395138"
350,67,1,"0.6894182976557944"
350,68,2,"1.2737455789398535;1.4547988024735057"
350,69,1,"1.2373204228577002"
350,70,1,"1.3098597198841042"
350,71,2,"0.6015412567340718;1.4359155023049865"
350,72,1,"0.6308309922272288"
350,73,1,"0.44823551406972256"
350,74,1,"0.6271750733875631"
350,75,1,"1.112061486538351"
350,76,1,"0.6271799741063817"
350,77,1,"1.273612920141743"
350,78,1,"1.2375451538378592"
350,79,1,"0.7668941873115286"
350,80,1,"0.9019503246266127"
350,81,1,"1.1153019357633265"
350,82,1,"0.4021505745493599"
350,83,1,"1.2373217159514478"
350,84,1,"0.358707224652284"
350,85,1,"1.2736179688310652"
350,86,1,"1.2737455789398535"
350,87,1,"1.2739979415674532"
350,88,2,"0.7745526807937112;1.0260115311604638"
350,89,1,"1.273612920141743"
350,90,1,"1.2374723265770404"
350,91,2,"1.2739979415674532;1.4340818117473075"
350,92,2,"1.274061957871419;1.4377499991467477"
350,93,1,"0.6278241167924521"
350,94,2,"0.9661813582414813;1.237121959125287"
350,95,1,"1.0808983915007906"
350,96,1,"0.8453643607586644"
350,97,1,"0.35778256632747246"
350,98,3,"0.8255032919742462;1.2751700477615158;1.4329386927190761"
350,99,1,"0.352871336627301"
350,100,1,"1.274061957871419"
350,101,2,"1.273612920141743;1.4345864453455415"
350,102,1,"0.8902413136746478"
350,103,1,"1.2736179688310652"
350,104,3,"0.8017548599432814;1.2748800202562058;1.433274022894874"
350,105,1,"1.274061957871419"
350,106,2,"0.586115480580254;1.4009375839481686"
350,107,2,"0.5332674879560931;1.273612920141743"
350,108,2,"0.580583078606735;1.3841509735830315"
350,109,1,"1.3200464178638558"
350,110,1,"0.6464108259137558"
350,111,1,"1.0257107295882266"
350,112,1,"0.8386109517449589"
350,113,1,"0.48080657918873904"
350,114,1,"0.6279000502777262"
350,115,1,"0.6927258497790748"
350,116,3,"0.7951479626796145;1.3490918645862913;1.4329386927190761"
350,117,1,"0.4338322747114251"
350,118,1,"1.2372721216334244"
350,119,1,"0.4211691253146784"
350,120,1,"0.8765377444470656"
350,121,1,"0.5289777304373036"
350,122,1,"1.273612920141743"
350,123,1,"0.7163219334582593"
350,124,1,"0.4188060827841788"
350,125,0,""
350,126,1,"0.3818484581567397"
350,127,1,"0.4651597954540255"
350,128,1,"0.8963426358299923"
350,129,1,"1.274061957871419"
350,130,1,"1.3250547932665793"
350,131,1,"0.8967933261516308"
350,132,1,"0.4347277727255766"
350,133,1,"0.43490258627890893"
350,134,1,"1.1175553636132076"
350,135,1,"0.45493332097139183"
350,136,1,"0.45507765413273765"
350,137,2,"0.5735093687394104;1.3606484572305833"
350,138,1,"1.2187366682223872"
350,139,1,"1.2737455789398535"
350,140,1,"0.6985611284450699"
350,141,1,"0.5166297591223569"
350,142,1,"0.3543303154294747"
350,143,1,"0.47813607439125744"
350,144,1,"0.6973314520568955"
350,145,1,"1.2855395547300794"
350,146,1,"1.324760065281523"
350,147,1,"0.38179592846248567"
350,148,1,"0.4048770599828359"
350,149,1,"0.8960399735783355"
350,150,1,"1.273612920141743"
400,1,1,"0.43481455036207334"
400,2,1,"0.3529080445790952"
400,3,1,"0.4337903749054902"
400,4,1,"0.8934642297344627"
400,5,1,"0.6300289801011411"
400,6,2,"0.5719841998883287;1.359825866516778"
400,7,1,"0.4624386152741212"
400,8,1,"1.2751700477615158"
400,9,2,"0.4182930751175679;0.8386109517449589"
400,10,1,"0.6375160387989971"
400,11,1,"0.4348605205065616"
400,12,2,"0.4733602571591818;1.0260115311604638"
400,13,2,"0.43251477592925996;0.8414074335282145"
400,14,2,"0.3876150468378254;0.8386599249201762"
400,15,1,"0.4338322747114251"
400,16,1,"1.289188962988241"
400,17,2,"0.53329695589894;1.2737455789398535"
400,18,1,"0.3748713519784219"
400,19,1,"0.862422411627586"
400,20,1,"0.3541482474316027"
400,21,3,"0.7887200465840264;1.273612920141743;1.4345864453455415"
400,22,1,"1.1152641136838446"
400,23,1,"0.4348605205065616"
400,24,1,"0.3543091035113161"
400,25,3,"0.7102742362958621;1.2753420806784896;1.4327549569205649"
400,26,1,"0.3528758994196056"
400,27,2,"0.5748192816292625;1.2752547229215734"
400,28,2,"0.4422053405337138;0.8386109517449589"
400,29,3,"0.5805927051606573;1.237233266048815;1.3852524102950816"
400,30,2,"1.274061957871419;1.43844882342183"
400,31,2,"0.38319057067972767;0.8386599249201762"
400,32,1,"0.6271750733875631"
400,33,2,"0.555380465581038;0.8385072038810569"
400,34,1,"1.273612920141743"
400,35,3,"0.7148208092398457;1.2748800202562058;1.433274022894874"
400,36,1,"0.8562596693952604"
400,37,2,"0.4964541970456397;1.0258919442027286"
400,38,2,"0.3839983311209425;0.8594312711754989"
400,39,2,"0.5178980863588921;1.0260115311604638"
400,40,3,"0.6141595319574996;1.237121959125287;1.4606262666744954"
400,41,2,"1.2748800202562058;1.4525852828617078"
400,42,1,"0.7982609861822473"
400,43,1,"0.6277741997396774"
400,44,3,"0.698775204010364;1.4344433813839756;1.4823351894495922"
400,45,1,"0.3543303154294747"
400,46,1,"0.62965002731556"
400,47,1,"1.0254994604874408"
400,48,1,"1.2372721216334244"
400,49,2,"0.3861869668396819;0.8414074335282145"
400,50,1,"0.8414074335282145"
400,51,1,"0.43380845003893864"
400,52,2,"0.53329695589894;1.2737455789398535"
400,53,1,"0.43490258627890893"
400,54,1,"1.2373204228577002"
400,55,2,"0.9145078450655458;1.2375451538378592"
400,56,1,"0.6277902079948511"
400,57,2,"0.57206053886106;1.3598963797845618"
400,58,2,"0.8382918982845089;1.112775790578793"
400,59,1,"1.0420257645942328"
400,60,1,"1.3170970741803478"
400,61,1,"0.8939147665365974"
400,62,1,"0.8414074335282145"
400,63,2,"0.6488053333946753;1.2375451538378592"
400,64,2,"0.5421506423697684;1.2898958628072918"
400,65,2,"1.2739979415674532;1.434768054878145"
400,66,2,"0.3834080830043063;0.8385072038810569"
400,67,2,"0.5334205768129543;1.2752547229215734"
400,68,3,"0.6146327672532295;1.237057587348748;1.4617212175271266"
400,69,2,"0.5332674879560931;1.273612920141743"
400,70,1,"0.4568325181448265"
400,71,2,"0.3900953387091305;0.8385072038810569"
400,72,1,"0.3543091035113161"
400,73,1,"0.3528718331268076"
400,74,2,"0.5717792104170266;1.3582663322519166"
400,75,1,"0.3811699953126764"
400,76,3,"0.776769765082657;1.2749845386140073;1.4329489874125665"
400,77,1,"1.0260115311604638"
400,78,2,"0.6371520586651226;1.237316131113038"
400,79,2,"0.44881462129479377;0.8414074335282145"
400,80,2,"0.46800344783672193;1.3261841552545985"
400,81,2,"0.8412497987214841;1.2752547229215734"
400,82,1,"0.8386599249201762"
400,83,2,"0.5328265834908537;1.028676336465384"
400,84,2,"0.5334205768129543;1.2752547229215734"
400,85,2,"0.6358115177822635;0.8413656030477754"
400,86,2,"1.2748800202562058;1.433274022894874"
400,87,3,"0.5747596932079203;1.2426740423864147;1.3670712440510029"
400,88,1,"0.6271799741063817"
400,89,2,"0.53329695589894;1.2737455789398535"
400,90,1,"1.237121959125287"
400,91,1,"0.6277741997396774"
400,92,2,"0.39830784209729064;0.8414074335282145"
400,93,1,"1.3229325586450382"
400,94,1,"0.43485813631250736"
400,95,2,"0.6619417980345024;1.2371124240891278"
400,96,2,"0.6792439861995;1.2739979415674532"
400,97,1,"0.43377757309993054"
400,98,1,"0.4671780753458524"
400,99,1,"0.37666124092868036"
400,100,1,"1.094870302990212"
400,101,1,"0.6271799741063817"
400,102,2,"0.5547074563231946;1.3227921131357405"
400,103,2,"0.5334048703929213;1.2753420806784896"
400,104,2,"0.5334048703929213;1.2753420806784896"
400,105,2,"0.6375707959499481;1.028114028356297"
400,106,1,"0.4348605205065616"
400,107,2,"0.44179320767854363;0.8382918982845089"
400,108,1,"1.048304416299519"
400,109,1,"0.4338322747114251"
400,110,2,"0.5691802874069264;1.355122715081879"
400,111,2,"0.4710181522020676;1.0258919442027286"
400,112,1,"0.46789931120507194"
400,113,2,"0.39083752305525643;0.8386462994913522"
400,114,1,"0.3529080445790952"
400,115,2,"0.5401624772780222;1.0260115311604638"
400,116,1,"0.3529080445790952"
400,117,3,"0.7429304125808188;1.2753420806784896;1.4327549569205649"
400,118,1,"0.3543303154294747"
400,119,1,"1.0831826903126198"
400,120,1,"0.8922059573982142"
400,121,2,"0.5334207001660928;1.274061957871419"
400,122,1,"0.8413221916139516"
400,123,2,"0.5333785357147378;1.2739979415674532"
400,124,1,"0.47447284685982205"
400,125,1,"1.1172630505900536"
400,126,3,"0.5741095419195821;1.2492332340232621;1.3646620788914525"
400,127,1,"0.4648083022282786"
400,128,1,"0.8911558807200798"
400,129,2,"0.5332971221470204;1.2736179688310652"
400,130,1,"0.4480787753097428"
400,131,2,"0.46682208534720004;1.2066672168396135"
400,132,1,"0.3760414349901954"
400,133,2,"0.443674274170663;0.8413656030477754"
400,134,2,"0.5598378970999932;1.028676336465384"
400,135,1,"0.8413656030477754"
400,136,2,"0.39517892921862535;0.8386109517449589"
400,137,1,"0.64281967362227"
400,138,2,"0.4829114932383027;1.0254994604874408"
400,139,2,"1.2752547229215734;1.432767801709699"
400,140,2,"0.66500331220602;1.237121959125287"
400,141,1,"0.3708468816705112"
400,142,3,"0.7025101465358063;1.2749845386140073;1.4329489874125665"
400,143,1,"1.0253922716338153"
400,144,1,"1.2419481381184505"
400,145,1,"1.0806721884370893"
400,146,3,"0.7391491890423738;1.2736179688310652;1.4343360353073216"
400,147,1,"0.3529080445790952"
400,148,1,"0.8669284766845612"
400,149,2,"0.4405096721451813;0.8414074335282145"
400,150,2,"0.5334205768129543;1.2752547229215734"
450,1,1,"0.6272510344458853"
450,2,3,"0.6932903174631095;1.2749845386140073;1.4329489874125665"
450,3,2,"0.4017675208826831;0.8413221916139516"
450,4,3,"0.6088733781094555;1.2373217159514478;1.4491980832184006"
450,5,1,"0.43485813631250736"
450,6,2,"0.5334207001660928;1.274061957871419"
450,7,2,"0.3554035121621804;0.8413221916139516"
450,8,2,"0.5333194862055883;1.2751700477615158"
450,9,2,"0.3543303154294747;1.0695522396378174"
450,10,2,"0.3543247538426698;0.8594312711754989"
450,11,1,"0.43490258627890893"
450,12,1,"0.6277902079948511"
450,13,1,"0.43377757309993054"
450,14,3,"0.6686551638101229;1.2736179688310652;1.4343360353073216"
450,15,1,"0.3529080445790952"
450,16,2,"0.5332825405410971;1.2748800202562058"
450,17,2,"0.38348056426547655;0.8413656030477754"
450,18,1,"0.4347277727255766"
450,19,1,"0.6278040557445135"
450,20,3,"0.5727417586431309;1.237121959125287;1.3595688876080203"
450,21,1,"0.3541482474316027"
450,22,1,"0.3543303154294747"
450,23,3,"0.6205880506129923;1.2374723265770404;1.4767239891472164"
450,24,1,"1.2373204228577002"
450,25,2,"0.467827659822406;1.0280843051172546"
450,26,1,"0.3541482474316027"
450,27,2,"0.5342965497918419;1.2748800202562058"
450,28,2,"0.5334207001660928;1.274061957871419"
450,29,3,"0.6862914552100688;1.2751700477615158;1.4329386927190761"
450,30,3,"0.6996290964706557;1.274061957871419;1.4339957904089513"
450,31,2,"0.53329695589894;1.2737455789398535"
450,32,2,"0.6642449923457722;1.2373217159514478"
450,33,2,"0.53329695589894;1.2737455789398535"
450,34,2,"0.46756607071304856;1.028676336465384"
450,35,1,"0.4348605205065616"
450,36,1,"0.3543091035113161"
450,37,3,"0.712280979586519;1.2737455789398535;1.4343721591327712"
450,38,2,"0.37591681992721077;0.8413656030477754"
450,39,1,"0.3529080445790952"
450,40,2,"0.4671596975801988;1.0260115311604638"
450,41,2,"0.6642926475249583;1.237316131113038"
450,42,3,"0.5775996125866192;1.2373204228577002;1.3763562605853124"
450,43,2,"0.5332674879560931;1.273612920141743"
450,44,2,"0.53329695589894;1.2737455789398535"
450,45,2,"0.3898873332764704;0.8413221916139516"
450,46,3,"0.5550347315414746;1.2371124240891278;1.3237668676733427"
450,47,2,"0.46798015389763364;1.028676336465384"
450,48,2,"0.3543247538426698;1.1598523537504868"
450,49,2,"0.5116096157440734;1.0257107295882266"
450,50,2,"1.2751700477615158;1.4329386927190761"
450,51,2,"0.46579845327368946;1.0254994604874408"
450,52,1,"0.4348605205065616"
450,53,2,"0.46628886699031846;1.0280843051172546"
450,54,2,"0.4155686207510976;0.8413493347363983"
450,55,1,"0.3543303154294747"
450,56,2,"0.39966975348306744;0.8414074335282145"
450,57,2,"1.2737455789398535;1.4343721591327712"
450,58,1,"0.6272510344458853"
450,59,2,"0.5332971221470204;1.2736179688310652"
450,60,1,"0.6278241167924521"
450,61,3,"0.6112634319909027;1.2373217159514478;1.4542808724998795"
450,62,1,"0.3543303154294747"
450,63,1,"1.2372721216334244"
450,64,3,"0.6334415895601111;1.2874764139754797;1.433274022894874"
450,65,1,"0.43490258627890893"
450,66,1,"0.352871336627301"
450,67,3,"0.7133817207961693;1.2736179688310652;1.4343360353073216"
450,68,1,"0.6272510344458853"
450,69,1,"0.43380845003893864"
450,70,1,"1.237233266048815"
450,71,3,"0.7716072045647439;1.2748800202562058;1.433274022894874"
450,72,1,"0.6277741997396774"
450,73,2,"0.437089650152793;1.028114028356297"
450,74,2,"0.4366076488028007;1.028676336465384"
450,75,1,"0.6271750733875631"
450,76,3,"0.6676048589824175;1.2739979415674532;1.4340818117473075"
450,77,3,"0.5976710627034958;1.2375451538378592;1.4283709488097363"
450,78,1,"0.43380845003893864"
450,79,2,"0.5116226392385745;1.0283190394002077"
450,80,1,"0.3542446861443481"
450,81,2,"0.5332825405410971;1.2748800202562058"
450,82,1,"1.2371124240891278"
450,83,1,"0.43485813631250736"
450,84,3,"0.7955711517010597;1.2753420806784896;1.4327549569205649"
450,85,2,"0.5092595160012943;1.028676336465384"
450,86,2,"0.4199222032904605;0.8386109517449589"
450,87,2,"0.5333785357147378;1.2739979415674532"
450,88,2,"0.38117957475040726;0.8413493347363983"
450,89,1,"1.028676336465384"
450,90,3,"0.8357646862739442;1.2749845386140073;1.4329489874125665"
450,91,1,"0.43490258627890893"
450,92,3,"0.7210108011198249;1.2748800202562058;1.433274022894874"
450,93,1,"0.43377757309993054"
450,94,2,"0.5334048703929213;1.2753420806784896"
450,95,1,"0.6280891181877816"
450,96,1,"0.35298080478542676"
450,97,2,"0.4414185571035565;0.8386462994913522"
450,98,2,"0.4919130338162646;1.0283190394002077"
450,99,1,"0.4337903749054902"
450,100,1,"0.6326976559761228"
450,101,1,"0.6279000502777262"
450,102,3,"0.6987924888486184;1.2749845386140073;1.4329489874125665"
450,103,3,"0.727654970088138;1.2749845386140073;1.4329489874125665"
450,104,1,"0.43485813631250736"
450,105,1,"0.8415495604311871"
450,106,2,"0.5369374198362105;1.0253922716338153"
450,107,1,"0.4337903749054902"
450,108,3,"0.6941733088021308;1.273612920141743;1.4345864453455415"
450,109,3,"0.6254804889272687;1.2372721216334244;1.48667113148569"
450,110,2,"0.5332971221470204;1.2736179688310652"
450,111,1,"0.6277741997396774"
450,112,2,"0.6277741997396774;1.4500677119382555"
450,113,1,"0.43387843489803735"
450,114,1,"0.352871336627301"
450,115,1,"0.6272510344458853"
450,116,1,"1.028676336465384"
450,117,2,"0.4489764367725383;0.8385072038810569"
450,118,1,"0.3528718331268076"
450,119,1,"1.028114028356297"
450,120,1,"1.028676336465384"
450,121,3,"0.7298316658707188;1.2739979415674532;1.4340818117473075"
450,122,2,"0.5332825405410971;1.2748800202562058"
450,123,2,"0.8413221916139516;0.9057192006368973"
450,124,2,"0.354383958461676;0.8451356936846958"
450,125,2,"0.6643181037348377;1.2373204228577002"
450,126,2,"0.5333194862055883;1.2751700477615158"
450,127,1,"0.43377757309993054"
450,128,1,"0.4337903749054902"
450,129,1,"0.6278241167924521"
450,130,2,"0.42028567767649916;0.8386462994913522"
450,131,3,"0.5929369662328431;1.237316131113038;1.419179477598628"
450,132,2,"0.4694011580643668;1.028114028356297"
450,133,2,"0.8413493347363983;0.8752634546004741"
450,134,2,"0.46621055043552;1.0260115311604638"
450,135,2,"0.5332825405410971;1.2748800202562058"
450,136,1,"0.4337903749054902"
450,137,1,"0.3543303154294747"
450,138,1,"0.43377757309993054"
450,139,2,"0.5332971221470204;1.2736179688310652"
450,140,1,"0.3543303154294747"
450,141,1,"0.6279000502777262"
450,142,1,"0.6277741997396774"
450,143,3,"0.7590723107004093;1.2749845386140073;1.4329489874125665"
450,144,2,"0.43377757309993054;1.3657300155626042"
450,145,3,"0.5747596932079203;1.2373204228577002;1.3670712440510029"
450,146,2,"0.44124554282988826;0.8415495604311871"
450,147,1,"0.6279000502777262"
450,148,2,"0.4384560948709371;0.8415495604311871"
450,149,2,"0.6627221343265635;1.237233266048815"
450,150,1,"0.6277902079948511"
500,1,1,"0.6271750733875631"
500,2,2,"0.5332674879560931;1.273612920141743"
500,3,3,"0.6636681530385896;1.2748800202562058;1.433274022894874"
500,4,3,"0.7019886768195871;1.2751700477615158;1.4329386927190761"
500,5,1,"0.352871336627301"
500,6,2,"0.5308267078985522;1.0280843051172546"
500,7,3,"0.53329695589894;1.2371124240891278;1.2737455789398535"
500,8,2,"0.4351399323626228;0.8367948256466357"
500,9,2,"0.4347277727255766;0.44364317867357794"
500,10,2,"0.3543247538426698;0.8415495604311871"
500,11,1,"0.43490258627890893"
500,12,1,"0.4338322747114251"
500,13,3,"0.7133817207961693;1.2736179688310652;1.4343360353073216"
500,14,3,"0.6809515951792185;1.2748800202562058;1.433274022894874"
500,15,2,"0.45206477481723883;1.0254994604874408"
500,16,2,"0.3528758994196056;1.446975408566216"
500,17,1,"0.6272510344458853"
500,18,1,"0.6271529612360552"
500,19,2,"0.6342589366771076;1.237233266048815"
500,20,2,"0.3543247538426698;1.4473283302199798"
500,21,3,"0.5734475435801984;1.237316131113038;1.36159540225448"
500,22,1,"0.6271799741063817"
500,23,2,"0.5334205768129543;1.2752547229215734"
500,24,2,"0.5334048703929213;1.2753420806784896"
500,25,3,"0.5333194862055883;1.237316131113038;1.2751700477615158"
500,26,3,"0.53329695589894;1.2548830634480372;1.2737455789398535"
500,27,2,"0.5334048703929213;1.2753420806784896"
500,28,2,"0.5332971221470204;1.2736179688310652"
500,29,3,"0.749427358472015;1.2752547229215734;1.432767801709699"
500,30,1,"0.6278241167924521"
500,31,1,"0.3529080445790952"
500,32,2,"0.4337903749054902;1.2289663506866386"
500,33,2,"0.6389316744178277;1.237233266048815"
500,34,3,"0.6449366237625995;1.2739979415674532;1.4340818117473075"
500,35,2,"0.41115068211774897;0.8413221916139516"
500,36,2,"0.6278241167924521;1.4600480788548404"
500,37,3,"0.573522716235934;1.2375451538378592;1.3617086933687015"
500,38,2,"0.5332825405410971;1.2748800202562058"
500,39,3,"0.3528758994196056;1.35056559353629;1.446975408566216"
500,40,2,"0.43380845003893864;1.0260115311604638"
500,41,2,"0.44269993810321806;0.4490991984702136"
500,42,3,"0.5333194862055883;1.237316131113038;1.2751700477615158"
500,43,3,"0.6271799741063817;1.2748800202562058;1.433274022894874"
500,44,2,"0.533317867616641;1.2749845386140073"
500,45,2,"0.4834838079841187;1.0283190394002077"
500,46,1,"0.3542446861443481"
500,47,2,"0.3528718331268076;0.8382918982845089"
500,48,1,"0.3529080445790952"
500,49,2,"0.4337903749054902;1.0254994604874408"
500,50,2,"0.5334048703929213;1.2753420806784896"
500,51,2,"0.38436681643944737;0.8415495604311871"
500,52,1,"0.3543247538426698"
500,53,2,"0.3543091035113161;1.4470233159870738"
500,54,1,"0.6277741997396774"
500,55,2,"0.35298080478542676;0.8386462994913522"
500,56,1,"0.43387843489803735"
500,57,1,"0.35298080478542676"
500,58,1,"0.3543247538426698"
500,59,2,"0.4650217979933858;1.0253922716338153"
500,60,3,"0.5334048703929213;0.8077571670345026;1.2753420806784896"
500,61,3,"0.5594731116810303;1.237057587348748;1.3350799444414967"
500,62,1,"0.6271750733875631"
500,63,2,"0.4426303751686298;1.0253922716338153"
500,64,3,"0.5334205768129543;1.2375451538378592;1.2752547229215734"
500,65,2,"0.3659709929668733;0.8413656030477754"
500,66,1,"0.3542446861443481"
500,67,3,"0.6279000502777262;1.2739979415674532;1.4340818117473075"
500,68,1,"0.3541482474316027"
500,69,3,"0.5332971221470204;1.1498897183006263;1.2736179688310652"
500,70,1,"0.43485813631250736"
500,71,3,"0.6994509473061074;1.274061957871419;1.4339957904089513"
500,72,2,"0.3542446861443481;0.8413656030477754"
500,73,1,"0.4347277727255766"
500,74,3,"0.7119137048790293;1.2753420806784896;1.4327549569205649"
500,75,2,"0.6278040557445135;0.938690241631067"
500,76,1,"0.6277902079948511"
500,77,1,"0.6271529612360552"
500,78,3,"0.7733391356734949;1.2752547229215734;1.432767801709699"
500,79,2,"0.5332971221470204;1.2736179688310652"
500,80,2,"0.3542446861443481;1.4469472532510386"
500,81,3,"0.3543303154294747;1.0230215086063235;1.4469040004168516"
500,82,1,"0.6271750733875631"
500,83,2,"0.3971182615026799;0.6642500965053413"
500,84,1,"0.4338322747114251"
500,85,2,"0.3543247538426698;0.8415495604311871"
500,86,2,"0.43387843489803735;0.44273123509064466"
500,87,2,"0.3541482474316027;0.8413221916139516"
500,88,3,"0.6272510344458853;1.2753420806784896;1.4327549569205649"
500,89,3,"0.7078036030486073;1.2737455789398535;1.4343721591327712"
500,90,2,"0.39966975348306744;0.8414074335282145"
500,91,2,"0.5332674879560931;1.273612920141743"
500,92,2,"0.466968967742989;1.0257107295882266"
500,93,3,"0.5650094365108271;1.237316131113038;1.347400642899273"
500,94,3,"0.5563913824359261;0.8008537865934882;1.2753420806784896"
500,95,1,"0.6277741997396774"
500,96,2,"0.5412445220129508;0.6271529612360552"
500,97,2,"0.5332674879560931;1.273612920141743"
500,98,3,"0.6278040557445135;1.2736179688310652;1.4343360353073216"
500,99,3,"0.5458171200529054;1.2371124240891278;1.29893628299253"
500,100,2,"0.541729539742917;0.6964738400731876"
500,101,1,"0.6278040557445135"
500,102,3,"0.7718453882214888;1.2736179688310652;1.4343360353073216"
500,103,2,"0.46617420738365367;1.0253922716338153"
500,104,2,"0.5334207001660928;1.274061957871419"
500,105,3,"0.5597577745236509;1.2371124240891278;1.3357009156881376"
500,106,2,"0.3528718331268076;0.8557075735937777"
500,107,2,"0.3529080445790952;1.4992724341419799"
500,108,1,"0.627159748906797"
500,109,3,"0.7604443841739394;1.273612920141743;1.4345864453455415"
500,110,2,"0.35298080478542676;0.8386462994913522"
500,111,3,"0.6097941340257976;1.237057587348748;1.4512569023689188"
500,112,1,"0.4337903749054902"
500,113,2,"0.533317867616641;1.2749845386140073"
500,114,1,"0.3543247538426698"
500,115,2,"0.4842707492525313;1.0280843051172546"
500,116,2,"0.534667216189975;1.028114028356297"
500,117,2,"0.38644336993985356;0.8382918982845089"
500,118,3,"0.5734827246942004;1.237057587348748;1.3602291852765322"
500,119,2,"0.53329695589894;1.2737455789398535"
500,120,1,"0.6278241167924521"
500,121,1,"0.6271799741063817"
500,122,2,"0.5406847484620705;0.6272510344458853"
500,123,2,"0.4829114932383027;1.0254994604874408"
500,124,2,"0.3541482474316027;0.8413221916139516"
500,125,1,"0.6271799741063817"
500,126,1,"0.35298080478542676"
500,127,3,"0.35298080478542676;0.698367268832004;1.4470597779816095"
500,128,2,"0.4337903749054902;1.0254994604874408"
500,129,3,"0.5332971221470204;1.237121959125287;1.2736179688310652"
500,130,2,"0.4084286092266188;0.8386109517449589"
500,131,3,"0.5334048703929213;1.2374723265770404;1.2753420806784896"
500,132,1,"0.3541482474316027"
500,133,2,"0.43387843489803735;1.0258919442027286"
500,134,2,"0.5334048703929213;1.2753420806784896"
500,135,3,"0.7146773010540485;1.274061957871419;1.4339957904089513"
500,136,1,"0.6277902079948511"
500,137,3,"0.5334205768129543;1.2375451538378592;1.2752547229215734"
500,138,2,"0.506427781952988;1.0258919442027286"
500,139,2,"0.4679381667070503;1.0283190394002077"
500,140,2,"0.4668422371558344;1.0258919442027286"
500,141,2,"0.4638605912895187;1.0257107295882266"
500,142,3,"0.6985121139810951;1.2753420806784896;1.4327549569205649"
500,143,1,"0.6271799741063817"
500,144,1,"0.43490258627890893"
500,145,2,"0.3818484581567397;0.8382918982845089"
500,146,1,"0.35298080478542676"
500,147,2,"0.4348605205065616;1.0283190394002077"
500,148,2,"0.4172273826172682;0.8413493347363983"
500,149,3,"0.7002909183949778;1.274061957871419;1.4339957904089513"
500,150,2,"0.43485813631250736;1.028676336465384"
550,1,2,"0.53292137069193;0.6271529612360552"
550,2,3,"0.6271529612360552;1.2749845386140073;1.4329489874125665"
550,3,3,"0.5332971221470204;1.237121959125287;1.2736179688310652"
550,4,3,"0.352871336627301;0.6514537609237219;1.4471709910604236"
550,5,3,"0.6278241167924521;1.2737455789398535;1.4343721591327712"
550,6,2,"0.5332971221470204;1.2736179688310652"
550,7,2,"0.5332674879560931;1.273612920141743"
550,8,1,"0.43490258627890893"
550,9,3,"0.5332825405410971;0.7068818390593521;1.2748800202562058"
550,10,2,"0.4696828830357728;0.6432465186983254"
550,11,3,"0.5333785357147378;1.2372721216334244;1.2739979415674532"
550,12,3,"0.3528758994196056;0.59808370996241;1.4275850437296376"
550,13,2,"0.352871336627301;0.8386599249201762"
550,14,1,"0.43490258627890893"
550,15,2,"0.43380845003893864;1.0260115311604638"
550,16,3,"0.5332674879560931;1.237057587348748;1.273612920141743"
550,17,1,"0.3543247538426698"
550,18,3,"0.6271750733875631;1.2752547229215734;1.432767801709699"
550,19,3,"0.5332674879560931;1.237057587348748;1.273612920141743"
550,20,3,"0.5333785357147378;0.7465345466339494;1.2739979415674532"
550,21,2,"0.43380845003893864;0.4422053405337138"
550,22,2,"0.5421096880363536;0.6277902079948511"
550,23,2,"0.3541482474316027;0.8413221916139516"
550,24,1,"0.4338322747114251"
550,25,2,"0.46798098520630516;1.028114028356297"
550,26,3,"0.6271750733875631;1.2752547229215734;1.432767801709699"
550,27,3,"0.5334207001660928;0.8121992819245031;1.274061957871419"
550,28,3,"0.5333194862055883;1.237316131113038;1.2751700477615158"
550,29,3,"0.533317867616641;0.7302112677882509;1.2749845386140073"
550,30,2,"0.5251756011858122;0.6271529612360552"
550,31,3,"0.533317867616641;1.2749845386140073;1.451121136429614"
550,32,3,"0.5334205768129543;1.2375451538378592;1.2752547229215734"
550,33,3,"0.627159748906797;1.2751700477615158;1.4329386927190761"
550,34,1,"0.43380845003893864"
550,35,3,"0.5332674879560931;1.237057587348748;1.273612920141743"
550,36,1,"0.6271750733875631"
550,37,2,"0.3529080445790952;1.447384024696332"
550,38,2,"0.43380845003893864;1.0260115311604638"
550,39,1,"0.3542446861443481"
550,40,2,"0.352871336627301;1.4471709910604236"
550,41,2,"0.43377757309993054;1.0257107295882266"
550,42,2,"0.3762886576605247;0.8386599249201762"
550,43,3,"0.6278241167924521;1.2737455789398535;1.4343721591327712"
550,44,2,"0.3542446861443481;0.8413656030477754"
550,45,1,"0.43380845003893864"
550,46,3,"0.53329695589894;0.731953434188998;1.2737455789398535"
550,47,1,"0.43377757309993054"
550,48,1,"0.43481455036207334"
550,49,1,"0.43485813631250736"
550,50,2,"0.35298080478542676;1.4470597779816095"
550,51,2,"0.3528758994196056;1.446975408566216"
550,52,2,"0.40130485824370343;0.43490258627890893"
550,53,2,"0.4347277727255766;1.0280843051172546"
550,54,2,"0.38683883601478763;0.43377757309993054"
550,55,2,"0.5332674879560931;1.273612920141743"
550,56,2,"0.6279000502777262;1.4383728681978882"
550,57,3,"0.5426041656635525;1.2375451538378592;1.292246974883134"
550,58,3,"0.6271799741063817;1.2748800202562058;1.433274022894874"
550,59,2,"0.47016210984812934;0.6375160387989971"
550,60,2,"0.6271750733875631;0.8062526469348105"
550,61,2,"0.5332825405410971;1.2748800202562058"
550,62,3,"0.5334048703929213;1.2374723265770404;1.2753420806784896"
550,63,2,"0.3541482474316027;0.8413221916139516"
550,64,2,"0.3528758994196056;0.8385072038810569"
550,65,1,"0.6279000502777262"
550,66,2,"0.38047207513279724;0.8386462994913522"
550,67,2,"0.3529080445790952;0.8386109517449589"
550,68,2,"0.4659783189822429;1.0260115311604638"
550,69,2,"0.3886494761363015;0.43485813631250736"
550,70,1,"0.6271799741063817"
550,71,2,"0.5332825405410971;1.2748800202562058"
550,72,3,"0.3543091035113161;0.6084023457755715;1.4470233159870738"
550,73,2,"0.3543303154294747;0.8413493347363983"
550,74,3,"0.5333194862055883;1.237316131113038;1.2751700477615158"
550,75,2,"0.46807816650819867;0.9962043908514889"
550,76,2,"0.43021286349605586;0.43377757309993054"
550,77,1,"0.6271750733875631"
550,78,1,"0.43377757309993054"
550,79,1,"0.4347277727255766"
550,80,2,"0.47084303381911435;0.631114539028931"
550,81,3,"0.3543303154294747;0.6284847716033837;1.4469040004168516"
550,82,1,"0.6272510344458853"
550,83,2,"0.3543091035113161;0.8414074335282145"
550,84,3,"0.533317867616641;1.2373204228577002;1.2749845386140073"
550,85,2,"0.35298080478542676;0.8386462994913522"
550,86,1,"0.4338322747114251"
550,87,1,"0.3541482474316027"
550,88,3,"0.3543247538426698;0.6416999478489599;1.4473283302199798"
550,89,3,"0.35298080478542676;0.698367268832004;1.4470597779816095"
550,90,1,"0.43380845003893864"
550,91,3,"0.5458742968206557;1.237316131113038;1.3004826865983468"
550,92,2,"0.533317867616641;1.2749845386140073"
550,93,2,"0.35298080478542676;0.8386462994913522"
550,94,2,"0.4442686791084442;1.0253922716338153"
550,95,1,"0.4338322747114251"
550,96,3,"0.5334048703929213;1.2374723265770404;1.2753420806784896"
550,97,2,"0.35298080478542676;0.8386462994913522"
550,98,2,"0.4668713907799556;1.0258919442027286"
550,99,3,"0.5751392986021076;0.5945778279245603;1.3672684271552513"
550,100,3,"0.6277741997396774;1.3943302421349302;1.4339957904089513"
550,101,2,"0.3543091035113161;0.8414074335282145"
550,102,3,"0.352871336627301;0.638946013822462;1.4471709910604236"
550,103,1,"0.6279000502777262"
550,104,3,"0.5728801773286673;1.237316131113038;1.3610953959581835"
550,105,2,"0.3543247538426698;0.8415495604311871"
550,106,3,"0.6986894856037581;1.2751700477615158;1.4329386927190761"
550,107,3,"0.5332674879560931;1.237057587348748;1.273612920141743"
550,108,2,"0.43380845003893864;0.484226214624672"
550,109,3,"0.6271799741063817;1.2748800202562058;1.433274022894874"
550,110,2,"0.43490258627890893;1.028114028356297"
550,111,3,"0.6278241167924521;1.2737455789398535;1.4343721591327712"
550,112,1,"0.6271750733875631"
550,113,2,"0.38678606824529593;0.43490258627890893"
550,114,2,"0.43481455036207334;1.0280415552050295"
550,115,2,"0.38345429061391256;0.8413493347363983"
550,116,2,"0.38383569565907094;0.5234811282104166"
550,117,3,"0.5332825405410971;0.9313797595956287;1.2748800202562058"
550,118,3,"0.6981517614329776;1.2753420806784896;1.4327549569205649"
550,119,2,"0.48504430562740564;0.6277902079948511"
550,120,1,"0.35298080478542676"
550,121,3,"0.6788602129266373;1.274061957871419;1.4339957904089513"
550,122,2,"0.35298080478542676;1.4470597779816095"
550,123,3,"0.352871336627301;0.6565469219051296;1.4471709910604236"
550,124,1,"0.6271750733875631"
550,125,3,"0.6271799741063817;1.2748800202562058;1.433274022894874"
550,126,1,"0.43481455036207334"
550,127,3,"0.6593912210618983;1.273612920141743;1.4345864453455415"
550,128,2,"0.3543303154294747;1.0695522396378174"
550,129,1,"0.3543091035113161"
550,130,3,"0.5658482236502457;1.237057587348748;1.3477707163246437"
550,131,3,"0.5332971221470204;0.7101245698047597;1.2736179688310652"
550,132,2,"0.3529080445790952;0.8386109517449589"
550,133,3,"0.5470157651775965;1.2373204228577002;1.3032698512170804"
550,134,3,"0.6277902079948511;1.273612920141743;1.4345864453455415"
550,135,2,"0.43387843489803735;1.0258919442027286"
550,136,3,"0.5332971221470204;1.237121959125287;1.2736179688310652"
550,137,3,"0.6271799741063817;1.2748800202562058;1.433274022894874"
550,138,1,"0.43387843489803735"
550,139,3,"0.6115221486736762;0.6995194560383072;1.274061957871419"
550,140,2,"0.46184685471649684;1.028114028356297"
550,141,3,"0.6510788913918397;1.2748800202562058;1.433274022894874"
550,142,3,"0.5333194862055883;0.748221002844189;1.2751700477615158"
550,143,1,"0.6271529612360552"
550,144,3,"0.6278241167924521;1.2737455789398535;1.4343721591327712"
550,145,3,"0.5332971221470204;1.263107112212923;1.2736179688310652"
550,146,3,"0.5334205768129543;1.2375451538378592;1.2752547229215734"
550,147,3,"0.6277741997396774;1.274061957871419;1.4339957904089513"
550,148,3,"0.6271799741063817;1.2748800202562058;1.433274022894874"
550,149,3,"0.5332674879560931;1.237057587348748;1.273612920141743"
550,150,1,"0.43377757309993054"
600,1,2,"0.43490258627890893;1.028114028356297"
600,2,3,"0.3528758994196056;0.5724548420057942;1.3591963331642547"
600,3,3,"0.6278241167924521;1.2737455789398535;1.4343721591327712"
600,4,3,"0.5333785357147378;1.2372721216334244;1.2739979415674532"
600,5,2,"0.5241454281233818;0.6277741997396774"
600,6,2,"0.44533617316146634;0.6280891181877816"
600,7,2,"0.43616702226011933;0.693555563106794"
600,8,3,"0.5333194862055883;1.237316131113038;1.2751700477615158"
600,9,2,"0.43380845003893864;1.0260115311604638"
600,10,3,"0.6277902079948511;1.273612920141743;1.4345864453455415"
600,11,2,"0.5455038529091274;0.6272510344458853"
600,12,2,"0.3543303154294747;0.8413493347363983"
600,13,2,"0.4666970166791539;0.627159748906797"
600,14,3,"0.3528758994196056;0.6117301893657292;1.446975408566216"
600,15,2,"0.3528718331268076;0.8382918982845089"
600,16,3,"0.533317867616641;0.6886473666933033;1.2749845386140073"
600,17,2,"0.352871336627301;0.8386599249201762"
600,18,3,"0.5333785357147378;0.7005950818959514;1.2739979415674532"
600,19,3,"0.5333194862055883;1.2426469071832913;1.2751700477615158"
600,20,3,"0.3528718331268076;0.5824801349138011;1.3895052278779094"
600,21,3,"0.627159748906797;1.2751700477615158;1.4329386927190761"
600,22,3,"0.6278241167924521;1.2737455789398535;1.4343721591327712"
600,23,2,"0.4517015841484286;0.6279000502777262"
600,24,3,"0.3542446861443481;0.8413656030477754;1.4970832955784033"
600,25,2,"0.3541482474316027;0.8413221916139516"
600,26,2,"0.3543247538426698;0.8415495604311871"
600,27,2,"0.45787346625408065;0.6278241167924521"
600,28,3,"0.627159748906797;1.2751700477615158;1.4329386927190761"
600,29,2,"0.4348605205065616;1.0283190394002077"
600,30,3,"0.5333194862055883;1.237316131113038;1.2751700477615158"
600,31,2,"0.43387843489803735;1.0258919442027286"
600,32,2,"0.6271529612360552;0.8569508437523764"
600,33,3,"0.6279000502777262;1.2739979415674532;1.4340818117473075"
600,34,1,"0.6277741997396774"
600,35,2,"0.38258793782982015;0.4347277727255766"
600,36,2,"0.4338322747114251;1.0611402144651265"
600,37,2,"0.3543303154294747;0.8413493347363983"
600,38,3,"0.3528758994196056;0.5712091088223805;1.3573353784828615"
600,39,2,"0.4348605205065616;1.0283190394002077"
600,40,3,"0.5334205768129543;0.6801911509448626;1.2752547229215734"
600,41,2,"0.3541482474316027;0.8413221916139516"
600,42,2,"0.47103688214806977;0.6277741997396774"
600,43,2,"0.4338322747114251;1.0253922716338153"
600,44,3,"0.6278241167924521;1.2737455789398535;1.4343721591327712"
600,45,3,"0.5332971221470204;0.6753288512951957;1.2736179688310652"
600,46,2,"0.36078403877661785;0.4347277727255766"
600,47,3,"0.352871336627301;0.8493449381261634;1.4647087144809252"
600,48,3,"0.6277741997396774;1.274061957871419;1.4339957904089513"
600,49,2,"0.5421295775719888;0.6278040557445135"
600,50,2,"0.40952061006319646;0.4347277727255766"
600,51,2,"0.5406613905633969;0.627159748906797"
600,52,3,"0.5333194862055883;0.7070792648657929;1.2751700477615158"
600,53,2,"0.43485813631250736;1.028676336465384"
600,54,2,"0.3528718331268076;0.8382918982845089"
600,55,2,"0.4338322747114251;0.8447665006036066"
600,56,2,"0.3543247538426698;0.8415495604311871"
600,57,2,"0.6277902079948511;1.308166199849686"
600,58,3,"0.6277902079948511;1.273612920141743;1.4345864453455415"
600,59,3,"0.6271750733875631;1.2752547229215734;1.432767801709699"
600,60,3,"0.5284708781434806;0.5347473615685872;1.275622324962604"
600,61,3,"0.35298080478542676;0.6107203672195147;1.4470597779816095"
600,62,3,"0.5332674879560931;0.7664659194915642;1.273612920141743"
600,63,3,"0.5332971221470204;1.2736179688310652;1.3807253627558413"
600,64,3,"0.3548839060751342;0.547836569831052;1.305544970526406"
600,65,2,"0.3543303154294747;0.8413493347363983"
600,66,2,"0.4337903749054902;1.0254994604874408"
600,67,3,"0.533317867616641;1.2373204228577002;1.2749845386140073"
600,68,3,"0.5333785357147378;0.7555145754486469;1.2739979415674532"
600,69,3,"0.6271750733875631;1.2752547229215734;1.432767801709699"
600,70,2,"0.4347277727255766;1.0280843051172546"
600,71,3,"0.5334205768129543;0.6955742227435234;1.2752547229215734"
600,72,1,"0.43481455036207334"
600,73,2,"0.45309954439134664;0.627159748906797"
600,74,3,"0.6271750733875631;1.2752547229215734;1.432767801709699"
600,75,2,"0.53329695589894;1.2737455789398535"
600,76,2,"0.5060017043074062;0.6271529612360552"
600,77,2,"0.4348605205065616;1.0283190394002077"
600,78,2,"0.4347277727255766;1.0280843051172546"
600,79,3,"0.6272510344458853;1.2753420806784896;1.4327549569205649"
600,80,2,"0.5334205768129543;1.2752547229215734"
600,81,3,"0.6271529612360552;1.2749845386140073;1.4329489874125665"
600,82,3,"0.35298080478542676;0.5745849549645398;1.3654195241343035"
600,83,2,"0.5689664262138896;0.6272510344458853"
600,84,2,"0.43380845003893864;1.0260115311604638"
600,85,3,"0.6277902079948511;1.273612920141743;1.4345864453455415"
600,86,2,"0.4338322747114251;1.0253922716338153"
600,87,2,"0.352871336627301;0.8386599249201762"
600,88,2,"0.4337903749054902;0.9905805360339317"
600,89,2,"0.43490258627890893;1.028114028356297"
600,90,3,"0.3542446861443481;0.6240253559475842;1.4469472532510386"
600,91,2,"0.5297818235435493;0.6278040557445135"
600,92,2,"0.5371636648489403;0.6278241167924521"
600,93,2,"0.3528718331268076;0.8382918982845089"
600,94,3,"0.6271799741063817;1.2748800202562058;1.433274022894874"
600,95,3,"0.3528758994196056;1.1612039500649483;1.446975408566216"
600,96,2,"0.4617177556013728;0.6277902079948511"
600,97,3,"0.6277902079948511;1.273612920141743;1.4345864453455415"
600,98,2,"0.3542446861443481;0.8413656030477754"
600,99,3,"0.3542446861443481;0.6289574296771714;1.4469472532510386"
600,100,2,"0.47468777579432414;0.627159748906797"
600,101,2,"0.4495607413542363;0.6271750733875631"
600,102,2,"0.4963227591257856;0.6279000502777262"
600,103,3,"0.6272510344458853;1.2819954666297664;1.4327549569205649"
600,104,2,"0.5334205768129543;1.2752547229215734"
600,105,3,"0.6271529612360552;1.2749845386140073;1.4329489874125665"
600,106,2,"0.43485813631250736;0.7674883552664589"
600,107,3,"0.5334205768129543;1.2375451538378592;1.2752547229215734"
600,108,3,"0.5332674879560931;1.237057587348748;1.273612920141743"
600,109,3,"0.5334207001660928;0.6531673192286852;1.274061957871419"
600,110,2,"0.5421295775719888;0.6278040557445135"
600,111,2,"0.5363650539906522;0.6271750733875631"
600,112,2,"0.5391417395399439;0.6277902079948511"
600,113,2,"0.3529080445790952;0.8386109517449589"
600,114,2,"0.450186171990566;0.6271799741063817"
600,115,3,"0.6278040557445135;1.2736179688310652;1.4343360353073216"
600,116,2,"0.5406070636159929;0.6271750733875631"
600,117,2,"0.4338322747114251;1.0253922716338153"
600,118,2,"0.43387843489803735;1.0258919442027286"
600,119,3,"0.5332825405410971;1.237233266048815;1.2748800202562058"
600,120,3,"0.3529080445790952;0.6499366720735694;1.447384024696332"
600,121,3,"0.3543247538426698;0.577163670755664;1.375123727119126"
600,122,3,"0.5334207001660928;0.8018765068974966;1.274061957871419"
600,123,1,"0.6279000502777262"
600,124,2,"0.4348605205065616;1.0283190394002077"
600,125,3,"0.3528718331268076;0.5746596578857543;1.3655356485081016"
600,126,3,"0.533317867616641;1.2373204228577002;1.2749845386140073"
600,127,3,"0.5334205768129543;1.2375451538378592;1.2752547229215734"
600,128,2,"0.43481455036207334;1.0280415552050295"
600,129,3,"0.5334205768129543;0.904960979544717;1.2752547229215734"
600,130,3,"0.5334205768129543;1.2375451538378592;1.2752547229215734"
600,131,2,"0.352871336627301;0.8386599249201762"
600,132,2,"0.5396247380327636;0.627159748906797"
600,133,2,"0.5208428154508837;0.6272510344458853"
600,134,3,"0.5333194862055883;0.687765870157494;1.2751700477615158"
600,135,3,"0.3528758994196056;0.5886293760250134;1.4064742387833487"
600,136,3,"0.35298080478542676;0.6279458063756358;1.4470597779816095"
600,137,2,"0.3541482474316027;0.8413221916139516"
600,138,2,"0.39303298221580607;0.43387843489803735"
600,139,2,"0.43485813631250736;1.028676336465384"
600,140,2,"0.4347277727255766;1.0280843051172546"
600,141,3,"0.6271750733875631;1.2752547229215734;1.432767801709699"
600,142,3,"0.5332971221470204;1.237121959125287;1.2736179688310652"
600,143,2,"0.37957694422449206;0.43490258627890893"
600,144,3,"0.5332674879560931;1.237057587348748;1.273612920141743"
600,145,3,"0.5332674879560931;1.237057587348748;1.273612920141743"
600,146,3,"0.5334205768129543;1.2375451538378592;1.2752547229215734"
600,147,3,"0.6271799741063817;1.2748800202562058;1.433274022894874"
600,148,2,"0.43490258627890893;1.028114028356297"
600,149,2,"0.43387843489803735;1.0258919442027286"
600,150,3,"0.3528758994196056;0.5814990124887754;1.386752874630636"
650,1,2,"0.2755929218979822;0.4348605205065616"
650,2,3,"0.21684058185199842;0.5334207001660928;1.274061957871419"
650,3,2,"0.11120700171600378;0.3543091035113161"
650,4,3,"0.41824762196348986;0.6278241167924521;1.2737455789398535"
650,5,2,"0.3528758994196056;0.42515520527516437"
650,6,3,"0.22959961955713515;0.3528758994196056;1.446975408566216"
650,7,3,"0.4768453378199676;0.6279000502777262;1.2739979415674532"
650,8,2,"0.11123805726494818;0.3581019177774873"
650,9,2,"0.24881272020143247;0.43387843489803735"
650,10,3,"0.47598690442579966;0.6271799741063817;1.2748800202562058"
650,11,3,"0.19620406124393644;0.5333194862055883;1.2751700477615158"
650,12,3,"0.20496543785999854;0.5333194862055883;1.2751700477615158"
650,13,3,"0.3543303154294747;0.39705645711709026;1.4469040004168516"
650,14,3,"0.21101125828272346;0.533317867616641;1.2749845386140073"
650,15,3,"0.19729667422141725;0.3541482474316027;1.3613864090911658"
650,16,2,"0.2853261212607264;0.43377757309993054"
650,17,2,"0.24862239825644378;0.43387843489803735"
650,18,3,"0.35298080478542676;0.4014600820902498;1.447914542021757"
650,19,3,"0.18339761956308565;0.3529080445790952;1.2737455789398535"
650,20,3,"0.21684058185199842;0.5334207001660928;1.274061957871419"
650,21,2,"0.3528718331268076;0.4311769028911535"
650,22,2,"0.2541374164414936;0.4347277727255766"
650,23,3,"0.3607844014354971;0.6271799741063817;1.2748800202562058"
650,24,2,"0.32845945718047886;0.5240421637947545"
650,25,3,"0.18345242788085808;0.35298080478542676;1.2739979415674532"
650,26,3,"0.3543091035113161;0.3968827053200859;1.4470233159870738"
650,27,2,"0.2460916906327724;0.43481455036207334"
650,28,3,"0.3541482474316027;0.39711864576702477;1.4471326189731901"
650,29,3,"0.22794825953131598;0.533317867616641;1.2749845386140073"
650,30,3,"0.19620406124393644;0.5333194862055883;1.2751700477615158"
650,31,3,"0.4743903297021018;0.6277902079948511;1.273612920141743"
650,32,2,"0.3528718331268076;0.4355319438344023"
650,33,3,"0.4579186364575965;0.6277902079948511;1.273612920141743"
650,34,2,"0.1251617276486596;0.39739341144712603"
650,35,3,"0.19638960853204393;0.533317867616641;1.2749845386140073"
650,36,2,"0.11121007978096213;0.3528758994196056"
650,37,3,"0.4457612096531734;0.6277741997396774;1.274061957871419"
650,38,3,"0.19638960853204393;0.533317867616641;1.2749845386140073"
650,39,2,"0.1711315614558479;0.4338322747114251"
650,40,3,"0.2201729942272919;0.5333194862055883;1.2751700477615158"
650,41,2,"0.3057843434234821;0.46672318889769354"
650,42,3,"0.4882719700398809;0.6271799741063817;1.2748800202562058"
650,43,3,"0.47849087452659583;0.6277902079948511;1.273612920141743"
650,44,2,"0.3528718331268076;0.49254022297432937"
650,45,2,"0.27603947566017356;0.43377757309993054"
650,46,2,"0.2756220043266934;0.4347277727255766"
650,47,3,"0.4183311098150628;0.6277902079948511;1.273612920141743"
650,48,2,"0.35298080478542676;0.45677385439201423"
650,49,2,"0.11120555016983495;0.3542446861443481"
650,50,3,"0.2352927423451886;0.533317867616641;1.2749845386140073"
650,51,3,"0.47856353624920567;0.6271799741063817;1.2748800202562058"
650,52,3,"0.2169136104414453;0.53329695589894;1.2737455789398535"
650,53,2,"0.3543303154294747;0.49229956689670795"
650,54,2,"0.11121177333549827;0.35298080478542676"
650,55,3,"0.21628994707758567;0.533317867616641;1.2749845386140073"
650,56,2,"0.11222881067564694;0.3813622014959009"
650,57,2,"0.2760825848034544;0.4338322747114251"
650,58,3,"0.21687569584271582;0.5333785357147378;1.2739979415674532"
650,59,3,"0.4828884325180627;0.6279000502777262;1.2739979415674532"
650,60,3,"0.42283568641220987;0.6277741997396774;1.274061957871419"
650,61,2,"0.27605720931444844;0.4337903749054902"
650,62,2,"0.246040397834999;0.43485813631250736"
650,63,2,"0.28489647935651446;0.4347277727255766"
650,64,2,"0.284243265508481;0.45339130455391735"
650,65,3,"0.18339761956308565;0.53329695589894;1.2737455789398535"
650,66,3,"0.21684058185199842;0.5334207001660928;1.274061957871419"
650,67,2,"0.352871336627301;0.4278011767354189"
650,68,3,"0.2536751147641219;0.5332825405410971;1.2748800202562058"
650,69,2,"0.32012407415310623;0.47580484854071264"
650,70,3,"0.3528758994196056;0.39990669928754075;1.446975408566216"
650,71,3,"0.3529080445790952;0.3996895684630544;1.447384024696332"
650,72,3,"0.19640263496706947;0.5332825405410971;1.2748800202562058"
650,73,2,"0.28489647935651446;0.4347277727255766"
650,74,3,"0.2294833985891842;0.3529080445790952;1.447384024696332"
650,75,2,"0.246040397834999;0.43485813631250736"
650,76,2,"0.246040397834999;0.43485813631250736"
650,77,3,"0.21523936348661066;0.3541482474316027;1.4471326189731901"
650,78,2,"0.32203026783192673;0.5092595160012943"
650,79,3,"0.35298080478542676;0.39964765048233464;1.4470597779816095"
650,80,2,"0.2519620627311407;0.4348605205065616"
650,81,3,"0.21786703516082445;0.541106969972;1.2752547229215734"
650,82,3,"0.25686337139582577;0.53329695589894;1.2737455789398535"
650,83,2,"0.2848801154617756;0.43490258627890893"
650,84,2,"0.12406428787091821;0.39303298221580607"
650,85,3,"0.18376192361392454;0.3541482474316027;1.2748800202562058"
650,86,3,"0.41824762196348986;0.6278241167924521;1.2737455789398535"
650,87,2,"0.12819054225720877;0.4076953062608712"
650,88,2,"0.27624566921402083;0.4338322747114251"
650,89,3,"0.2250083332228884;0.5334048703929213;1.2753420806784896"
650,90,3,"0.2142831889739042;0.5332971221470204;1.2736179688310652"
650,91,2,"0.30271169962446615;0.4668422371558344"
650,92,2,"0.2508166994102501;0.4337903749054902"
650,93,3,"0.21589859075682027;0.5334048703929213;1.2753420806784896"
650,94,3,"0.1825269161589498;0.5334048703929213;1.2753420806784896"
650,95,3,"0.2169208103672707;0.5332971221470204;1.2736179688310652"
650,96,2,"0.12934842037350658;0.43481455036207334"
650,97,2,"0.1293479485343553;0.43346282614920045"
650,98,3,"0.503005631791836;0.627159748906797;1.2751700477615158"
650,99,2,"0.24874717416548647;0.43387843489803735"
650,100,3,"0.22607929634607818;0.5334207001660928;1.274061957871419"
650,101,2,"0.3314556047498884;0.529014141601803"
650,102,3,"0.21254966599004194;0.53329695589894;1.2737455789398535"
650,103,3,"0.21352368539845404;0.5332971221470204;1.2736179688310652"
650,104,3,"0.19640263496706947;0.5332825405410971;1.2748800202562058"
650,105,2,"0.12151186523337106;0.389045323380039"
650,106,3,"0.25452060565758117;0.5332674879560931;1.273612920141743"
650,107,3,"0.23118067105508652;0.3541482474316027;1.4471326189731901"
650,108,3,"0.1963517969212836;0.5334205768129543;1.2752547229215734"
650,109,2,"0.11121007978096213;0.3528758994196056"
650,110,2,"0.3528718331268076;0.42188553398139617"
650,111,3,"0.3541482474316027;0.39711864576702477;1.4471326189731901"
650,112,2,"0.35298080478542676;0.49879537704329036"
650,113,3,"0.5111334542313355;0.6272510344458853;1.2753420806784896"
650,114,2,"0.2848326912090735;0.43485813631250736"
650,115,3,"0.5287724130386704;0.6277902079948511;1.273612920141743"
650,116,3,"0.5224425556435447;0.6271799741063817;1.2748800202562058"
650,117,3,"0.41964034604326744;0.6271750733875631;1.2752547229215734"
650,118,2,"0.24649196399060133;0.4337903749054902"
650,119,2,"0.24879385990523956;0.4347277727255766"
650,120,2,"0.3543247538426698;0.4332217187182466"
650,121,3,"0.2366360651148852;0.6023918821409361;1.2749845386140073"
650,122,2,"0.11120297515625689;0.3541482474316027"
650,123,3,"0.46086181710129204;0.6277902079948511;1.273612920141743"
650,124,3,"0.4920842299061844;0.6271529612360552;1.2749845386140073"
650,125,3,"0.2105110613619442;0.5332825405410971;1.2748800202562058"
650,126,3,"0.3543091035113161;0.3968827053200859;1.4470233159870738"
650,127,3,"0.3541482474316027;0.39711864576702477;1.4471326189731901"
650,128,3,"0.19244344141957337;0.3543303154294747;1.312415616255021"
650,129,3,"0.22907997871613706;0.53329695589894;1.2737455789398535"
650,130,2,"0.12188754197972168;0.38823523626062817"
650,131,2,"0.12933748231184744;0.43490258627890893"
650,132,2,"0.27603947566017356;0.43377757309993054"
650,133,2,"0.27603947566017356;0.43377757309993054"
650,134,3,"0.22436902865657604;0.53329695589894;1.2737455789398535"
650,135,3,"0.25431574702862786;0.5333785357147378;1.2739979415674532"
650,136,2,"0.3543091035113161;0.48818102102763516"
650,137,3,"0.18339761956308565;0.3529080445790952;1.2737455789398535"
650,138,2,"0.24900010594751298;0.43380845003893864"
650,139,3,"0.21332147743854235;0.533317867616641;1.2749845386140073"
650,140,2,"0.24887205083167813;0.4338322747114251"
650,141,3,"0.1968750925254716;0.3528758994196056;1.3427696985951862"
650,142,3,"0.24334771000340524;0.5332971221470204;1.2736179688310652"
650,143,3,"0.4684225678394899;0.6271750733875631;1.2752547229215734"
650,144,3,"0.18965534840815979;0.352871336627301;1.2787193248093092"
650,145,3,"0.22377875319563972;0.5332674879560931;1.273612920141743"
650,146,2,"0.27605720931444844;0.4337903749054902"
650,147,2,"0.27605720931444844;0.4337903749054902"
650,148,2,"0.27605720931444844;0.4337903749054902"
650,149,2,"0.3528758994196056;0.4331446379446006"
650,150,3,"0.21271068530089796;0.3543247538426698;1.4441777925238775"
700,1,3,"0.22358578184367528;0.5332674879560931;1.273612920141743"
700,2,2,"0.11697183720049158;0.3827522187476547"
700,3,2,"0.11120830414537435;0.3529080445790952"
700,4,2,"0.11120700171600378;0.358707224652284"
700,5,3,"0.21687569584271582;0.5333785357147378;1.2739979415674532"
700,6,2,"0.2963138471265358;0.3528718331268076"
700,7,2,"0.2860485429007458;0.45559440649598837"
700,8,3,"0.18230772809718998;0.3543091035113161;1.2753420806784896"
700,9,3,"0.31966000731530364;0.48753457012708373;1.274061957871419"
700,10,2,"0.2461108947277415;0.4347277727255766"
700,11,3,"0.18344635579806778;0.352871336627301;1.273612920141743"
700,12,3,"0.36132316926058433;0.5857478094918177;1.273612920141743"
700,13,3,"0.2169208103672707;0.5332971221470204;1.2736179688310652"
700,14,3,"0.21684058185199842;0.5334207001660928;1.274061957871419"
700,15,2,"0.11121177333549827;0.35298080478542676"
700,16,3,"0.21947861948956457;0.5332971221470204;1.2736179688310652"
700,17,2,"0.11120555016983495;0.3542446861443481"
700,18,2,"0.11249297967572108;0.3832675778990772"
700,19,3,"0.2175094440734033;0.35298080478542676;1.4470597779816095"
700,20,3,"0.4637773827303513;0.6271799741063817;1.2748800202562058"
700,21,2,"0.27603947566017356;0.43377757309993054"
700,22,3,"0.33907233990875946;0.5374303931540951;1.2752547229215734"
700,23,3,"0.21687569584271582;0.5333785357147378;1.2739979415674532"
700,24,2,"0.246040397834999;0.43485813631250736"
700,25,3,"0.31956370279877533;0.4834838079841187;1.273612920141743"
700,26,3,"0.18334797377035553;0.35298080478542676;1.2739979415674532"
700,27,2,"0.2755929218979822;0.4348605205065616"
700,28,3,"0.19568159319662423;0.3542446861443481;1.3439394798645221"
700,29,3,"0.3528718331268076;0.40009335869787765;1.4469204079574327"
700,30,3,"0.3621128123534108;0.606665489407546;1.274061957871419"
700,31,3,"0.345663512067157;0.5406613905633969;1.2751700477615158"
700,32,2,"0.11120555016983495;0.3542446861443481"
700,33,3,"0.2298055313797503;0.5332674879560931;1.273612920141743"
700,34,2,"0.30622167488307955;0.46800923190704574"
700,35,3,"0.21631992557659213;0.5332825405410971;1.2748800202562058"
700,36,3,"0.21631992557659213;0.5332825405410971;1.2748800202562058"
700,37,2,"0.3528758994196056;0.4219875984928183"
700,38,2,"0.24723946748828504;0.43485813631250736"
700,39,3,"0.19638960853204393;0.533317867616641;1.2749845386140073"
700,40,3,"0.352871336627301;0.402463404826002;1.4498291878130718"
700,41,2,"0.3529080445790952;0.43081469921191834"
700,42,2,"0.25062630411227244;0.43387843489803735"
700,43,2,"0.12717483555672188;0.4045210239431969"
700,44,3,"0.19772331035987348;0.5332674879560931;1.273612920141743"
700,45,3,"0.18244572589419578;0.3541482474316027;1.2748800202562058"
700,46,3,"0.19627128223703957;0.5334048703929213;1.2753420806784896"
700,47,2,"0.11121007978096213;0.3528758994196056"
700,48,2,"0.1119438819180883;0.37677396352698617"
700,49,2,"0.2717627544880612;0.43380845003893864"
700,50,3,"0.2169208103672707;0.5332971221470204;1.2736179688310652"
700,51,2,"0.2756055827021239;0.43490258627890893"
700,52,3,"0.21855414791155384;0.5333194862055883;1.2751700477615158"
700,53,3,"0.33983088236094305;0.5395678482902644;1.274061957871419"
700,54,3,"0.18244572589419578;0.3541482474316027;1.2748800202562058"
700,55,3,"0.19767468122604892;0.53329695589894;1.2737455789398535"
700,56,3,"0.198467933627369;0.3528758994196056;1.3591963331642547"
700,57,2,"0.24643593636285704;0.43387843489803735"
700,58,3,"0.20365261158124323;0.533317867616641;1.2749845386140073"
700,59,3,"0.22293665736687251;0.3542446861443481;1.4469472532510386"
700,60,3,"0.1853178809682578;0.3543091035113161;1.2753420806784896"
700,61,3,"0.4183311098150628;0.6277902079948511;1.273612920141743"
700,62,2,"0.2760254475915487;0.43387843489803735"
700,63,3,"0.23409116777384142;0.5948350981038488;1.2748800202562058"
700,64,3,"0.2169136104414453;0.53329695589894;1.2737455789398535"
700,65,3,"0.19638960853204393;0.533317867616641;1.2749845386140073"
700,66,2,"0.24742692061692106;0.43380845003893864"
700,67,2,"0.30000826476044345;0.4678208035304155"
700,68,2,"0.11120297515625689;0.3541482474316027"
700,69,2,"0.2707322194803318;0.43490258627890893"
700,70,2,"0.12207588454655173;0.38867981145361236"
700,71,2,"0.24649196399060133;0.4337903749054902"
700,72,2,"0.2755929218979822;0.4348605205065616"
700,73,2,"0.31292437090109027;0.46795359612949383"
700,74,3,"0.18339761956308565;0.3529080445790952;1.2737455789398535"
700,75,3,"0.21628994707758567;0.533317867616641;1.2749845386140073"
700,76,2,"0.24643593636285704;0.43387843489803735"
700,77,3,"0.3542446861443481;0.40073834957589227;1.4531394393502282"
700,78,3,"0.19779625053573838;0.5332971221470204;1.2736179688310652"
700,79,2,"0.27561100412686157;0.43481455036207334"
700,80,3,"0.2294833985891842;0.3529080445790952;1.447384024696332"
700,81,2,"0.11120311589430619;0.3543247538426698"
700,82,3,"0.4767237632489946;0.6278241167924521;1.2737455789398535"
700,83,3,"0.3200871046441959;0.48172131257590634;1.2752547229215734"
700,84,3,"0.21631992557659213;0.5332825405410971;1.2748800202562058"
700,85,3,"0.31946844229848903;0.4732633980709958;1.294173782111967"
700,86,2,"0.2760825848034544;0.4338322747114251"
700,87,2,"0.3541482474316027;0.42987566789440235"
700,88,3,"0.3543303154294747;0.39705645711709026;1.4469040004168516"
700,89,3,"0.34195919775821254;0.5409837620504309;1.2737455789398535"
700,90,2,"0.2756220043266934;0.4347277727255766"
700,91,2,"0.2679583915015798;0.4338322747114251"
700,92,2,"0.1528539365649556;0.43490258627890893"
700,93,3,"0.1990055219098929;0.533317867616641;1.2749845386140073"
700,94,3,"0.20109728717090564;0.5332674879560931;1.273612920141743"
700,95,3,"0.18334797377035553;0.353309242298492;1.2739979415674532"
700,96,3,"0.18339761956308565;0.3529080445790952;1.2737455789398535"
700,97,3,"0.2640109072011308;0.6272510344458853;1.2753420806784896"
700,98,2,"0.3528758994196056;0.4183103257182045"
700,99,3,"0.2169208103672707;0.5332971221470204;1.2736179688310652"
700,100,3,"0.38309319550340465;0.6277902079948511;1.273612920141743"
700,101,3,"0.2108869010780432;0.5333194862055883;1.2751700477615158"
700,102,2,"0.11120700171600378;0.3543091035113161"
700,103,2,"0.11120830414537435;0.3529080445790952"
700,104,2,"0.35298080478542676;0.4328057268016874"
700,105,2,"0.249249666921509;0.43481455036207334"
700,106,3,"0.2137731574783646;0.3543091035113161;1.4470233159870738"
700,107,2,"0.11120830414537435;0.3529080445790952"
700,108,3,"0.21772290094878205;0.5334048703929213;1.2753420806784896"
700,109,3,"0.3543303154294747;0.39705645711709026;1.4469040004168516"
700,110,3,"0.21094392325332517;0.5332674879560931;1.273612920141743"
700,111,2,"0.2460683115604691;0.43490258627890893"
700,112,3,"0.3528718331268076;0.4154596063183172;1.496140598400929"
700,113,3,"0.2169254560948417;0.5333785357147378;1.2739979415674532"
700,114,2,"0.3541482474316027;0.42961187479533935"
700,115,2,"0.2756055827021239;0.43490258627890893"
700,116,3,"0.19887186649543534;0.3528718331268076;1.3608499467346475"
700,117,2,"0.11121177333549827;0.35298080478542676"
700,118,3,"0.2473379387690953;0.5332674879560931;1.273612920141743"
700,119,3,"0.20587141040690565;0.3543303154294747;1.4068074924385363"
700,120,2,"0.28677169188366525;0.458055257518118"
700,121,2,"0.352871336627301;0.43286898804848745"
700,122,2,"0.27561100412686157;0.43481455036207334"
700,123,2,"0.24840095008818788;0.43380845003893864"
700,124,2,"0.11601992992822752;0.3822225526845336"
700,125,3,"0.47835305155871416;0.6271799741063817;1.2748800202562058"
700,126,2,"0.11626647445333242;0.3839687152576927"
700,127,3,"0.3543091035113161;0.3968827053200859;1.4470233159870738"
700,128,3,"0.21628994707758567;0.533317867616641;1.2749845386140073"
700,129,3,"0.4344876067408468;0.6278241167924521;1.2737455789398535"
700,130,3,"0.22056570471582732;0.3543303154294747;1.4469040004168516"
700,131,3,"0.4784047473536492;0.6271529612360552;1.2749845386140073"
700,132,3,"0.18409462852268518;0.3543303154294747;1.2752547229215734"
700,133,2,"0.2464524543373512;0.43380845003893864"
700,134,3,"0.24799564056750426;0.5333194862055883;1.2751700477615158"
700,135,2,"0.1293479485343553;0.43387843489803735"
700,136,3,"0.31058461319054187;0.3542446861443481;1.4469472532510386"
700,137,3,"0.22638387257951978;0.3543303154294747;1.4469040004168516"
700,138,3,"0.19929831027277406;0.3528758994196056;1.3626823196541407"
700,139,2,"0.1119949921396137;0.37969194930618105"
700,140,3,"0.18339761956308565;0.3529080445790952;1.2737455789398535"
700,141,3,"0.18339761956308565;0.3529080445790952;1.2737455789398535"
700,142,3,"0.18230772809718998;0.3543091035113161;1.2753420806784896"
700,143,3,"0.2169136104414453;0.53329695589894;1.2737455789398535"
700,144,2,"0.11121177333549827;0.35298080478542676"
700,145,3,"0.352871336627301;0.4157710659050287;1.4982325653175175"
700,146,3,"0.19688613036139316;0.352871336627301;1.3432876469167492"
700,147,2,"0.2756055827021239;0.43490258627890893"
700,148,2,"0.11121007978096213;0.3528758994196056"
700,149,3,"0.19779625053573838;0.5332971221470204;1.2736179688310652"
700,150,3,"0.21628994707758567;0.533317867616641;1.2749845386140073"
750,1,2,"0.12932581744340266;0.4216466608008569"
750,2,3,"0.19833169371228065;0.3529080445790952;1.3584326556026227"
750,3,2,"0.25534340457138466;0.43380845003893864"
750,4,2,"0.11120555016983495;0.3542446861443481"
750,5,3,"0.19767468122604892;0.53329695589894;1.2737455789398535"
750,6,3,"0.18239086692677142;0.3542446861443481;1.2749845386140073"
750,7,3,"0.2169114313410063;0.5332674879560931;1.273612920141743"
750,8,2,"0.11120555016983495;0.3542446861443481"
750,9,3,"0.2169136104414453;0.53329695589894;1.2737455789398535"
750,10,3,"0.19620406124393644;0.5333194862055883;1.2751700477615158"
750,11,3,"0.1895644998200697;0.3528758994196056;1.277903636124752"
750,12,2,"0.11966666801903539;0.38506347299213256"
750,13,2,"0.2755929218979822;0.4348605205065616"
750,14,3,"0.19772331035987348;0.5332674879560931;1.273612920141743"
750,15,3,"0.21631992557659213;0.5332825405410971;1.2748800202562058"
750,16,3,"0.28027051789737495;0.44875837936399976;1.2744568509980931"
750,17,3,"0.19772331035987348;0.5332674879560931;1.273612920141743"
750,18,3,"0.18334797377035553;0.35298080478542676;1.2739979415674532"
750,19,3,"0.22959731397421726;0.3528758994196056;1.446975408566216"
750,20,2,"0.2660207442978417;0.4337903749054902"
750,21,3,"0.19767468122604892;0.53329695589894;1.2737455789398535"
750,22,3,"0.18339761956308565;0.3529080445790952;1.2737455789398535"
750,23,3,"0.18344635579806778;0.352871336627301;1.273612920141743"
750,24,3,"0.18346257614009812;0.3528758994196056;1.2736179688310652"
750,25,3,"0.18339761956308565;0.3529080445790952;1.2737455789398535"
750,26,3,"0.18334797377035553;0.35298080478542676;1.2739979415674532"
750,27,2,"0.11121007978096213;0.3528758994196056"
750,28,3,"0.19837107917383617;0.35298080478542676;1.3600824376617924"
750,29,3,"0.18330669598554736;0.3543091035113161;1.2753420806784896"
750,30,3,"0.27951395051108024;0.44530912313153087;1.2909105695303722"
750,31,2,"0.11121007978096213;0.3528758994196056"
750,32,3,"0.21627132699564786;0.5334205768129543;1.2752547229215734"
750,33,2,"0.27561100412686157;0.43481455036207334"
750,34,3,"0.22805739913662823;0.3543091035113161;1.4470233159870738"
750,35,3,"0.18239086692677142;0.3542446861443481;1.2749845386140073"
750,36,2,"0.2755929218979822;0.4348605205065616"
750,37,3,"0.21626058886228144;0.5333194862055883;1.2751700477615158"
750,38,2,"0.11120700171600378;0.3543091035113161"
750,39,3,"0.21626058886228144;0.5333194862055883;1.2751700477615158"
750,40,2,"0.27556544833557023;0.43485813631250736"
750,41,3,"0.3529080445790952;0.3996895684630544;1.447384024696332"
750,42,2,"0.12934842037350658;0.4191474207546444"
750,43,3,"0.342841970067395;0.53981164322461;1.2753420806784896"
750,44,3,"0.18339761956308565;0.3529080445790952;1.2737455789398535"
750,45,2,"0.2461108947277415;0.4347277727255766"
750,46,2,"0.2756055827021239;0.43490258627890893"
750,47,3,"0.19638960853204393;0.533317867616641;1.2749845386140073"
750,48,2,"0.12936935987434223;0.4270083195368734"
750,49,3,"0.1984439087341379;0.352871336627301;1.3596737184056151"
750,50,2,"0.27603947566017356;0.43377757309993054"
750,51,3,"0.2169114313410063;0.5332674879560931;1.273612920141743"
750,52,2,"0.11120830414537435;0.3529080445790952"
750,53,3,"0.21628994707758567;0.533317867616641;1.2749845386140073"
750,54,3,"0.19640263496706947;0.5332825405410971;1.2748800202562058"
750,55,3,"0.41829419799358647;0.6277741997396774;1.274061957871419"
750,56,3,"0.3529080445790952;0.3996895684630544;1.447384024696332"
750,57,2,"0.11120297515625689;0.3541482474316027"
750,58,2,"0.25582154830587156;0.4337903749054902"
750,59,3,"0.4256001335158172;0.6271750733875631;1.2752547229215734"
750,60,3,"0.18346336039525904;0.5332674879560931;1.273612920141743"
750,61,2,"0.2464524543373512;0.43380845003893864"
750,62,2,"0.12227623583453419;0.38889504261100594"
750,63,3,"0.1963517969212836;0.5334205768129543;1.2752547229215734"
750,64,3,"0.1947325160344893;0.3542446861443481;1.3355891435627207"
750,65,3,"0.3543247538426698;0.3967352110233688;1.4473283302199798"
750,66,2,"0.11120700171600378;0.3543091035113161"
750,67,2,"0.11120297515625689;0.3541482474316027"
750,68,3,"0.2294833985891842;0.3529080445790952;1.447384024696332"
750,69,3,"0.19764757901749672;0.5333785357147378;1.2739979415674532"
750,70,3,"0.3215735743244684;0.5066196296629228;1.274061957871419"
750,71,2,"0.11120297515625689;0.3541482474316027"
750,72,3,"0.18339761956308565;0.3529080445790952;1.2737455789398535"
750,73,2,"0.26858438571428545;0.43490258627890893"
750,74,3,"0.21626646054860516;0.5334048703929213;1.2753420806784896"
750,75,3,"0.21627132699564786;0.5334205768129543;1.2752547229215734"
750,76,2,"0.11188346994882846;0.37179589483422876"
750,77,3,"0.21626058886228144;0.5333194862055883;1.2751700477615158"
750,78,3,"0.2169208103672707;0.5332971221470204;1.2736179688310652"
750,79,3,"0.18344635579806778;0.352871336627301;1.273612920141743"
750,80,3,"0.3541482474316027;0.39711864576702477;1.4471326189731901"
750,81,3,"0.19627128223703957;0.5334048703929213;1.2753420806784896"
750,82,2,"0.1235082333029456;0.3916448223257824"
750,83,3,"0.3080622306217476;0.4670275314738655;1.2749845386140073"
750,84,2,"0.11121007978096213;0.3528758994196056"
750,85,3,"0.19767468122604892;0.53329695589894;1.2737455789398535"
750,86,3,"0.21684058185199842;0.5334207001660928;1.274061957871419"
750,87,2,"0.24875718940228367;0.43481455036207334"
750,88,2,"0.2485317035765375;0.4347277727255766"
750,89,2,"0.24643593636285704;0.43387843489803735"
750,90,3,"0.29056378648322706;0.4600280982989174;1.2753420806784896"
750,91,2,"0.24644047582789055;0.43481455036207334"
750,92,3,"0.35298080478542676;0.39964765048233464;1.4470597779816095"
750,93,3,"0.21626646054860516;0.5334048703929213;1.2753420806784896"
750,94,3,"0.19620406124393644;0.5333194862055883;1.2751700477615158"
750,95,2,"0.11120297515625689;0.3541482474316027"
750,96,2,"0.2755929218979822;0.4348605205065616"
750,97,2,"0.12933748231184744;0.43490258627890893"
750,98,3,"0.18553255889381343;0.5333785357147378;1.2739979415674532"
750,99,2,"0.2755929218979822;0.4348605205065616"
750,100,2,"0.2541374164414936;0.4347277727255766"
750,101,2,"0.2461108947277415;0.4347277727255766"
750,102,2,"0.11120760032355727;0.352871336627301"
750,103,3,"0.29469165122594815;0.4642009120292423;1.2739979415674532"
750,104,3,"0.22816199167077778;0.3542446861443481;1.4469472532510386"
750,105,2,"0.24842587272427238;0.43481455036207334"
750,106,3,"0.18339761956308565;0.3529080445790952;1.2737455789398535"
750,107,2,"0.11121179157491719;0.3543303154294747"
750,108,2,"0.11120700171600378;0.3543091035113161"
750,109,3,"0.19031441897439128;0.352871336627301;1.2831065955223013"
750,110,2,"0.11120700171600378;0.3543091035113161"
750,111,3,"0.21684058185199842;0.5334207001660928;1.274061957871419"
750,112,3,"0.22805739913662823;0.3543091035113161;1.4470233159870738"
750,113,3,"0.21684058185199842;0.5334207001660928;1.274061957871419"
750,114,2,"0.2761051984787313;0.4338322747114251"
750,115,2,"0.11120297515625689;0.3541482474316027"
750,116,2,"0.11120311589430619;0.3543247538426698"
750,117,3,"0.19627128223703957;0.5334048703929213;1.2753420806784896"
750,118,3,"0.19620406124393644;0.5333194862055883;1.2751700477615158"
750,119,3,"0.21631992557659213;0.5332825405410971;1.2748800202562058"
750,120,3,"0.21631992557659213;0.5332825405410971;1.2748800202562058"
750,121,3,"0.1823446943214839;0.3543303154294747;1.2752547229215734"
750,122,3,"0.2169136104414453;0.53329695589894;1.2737455789398535"
750,123,2,"0.11121179157491719;0.3543303154294747"
750,124,2,"0.11120311589430619;0.3543247538426698"
750,125,2,"0.24914140959640524;0.4348605205065616"
750,126,3,"0.3225654779360182;0.5080204617712479;1.2749845386140073"
750,127,2,"0.11121007978096213;0.3528758994196056"
750,128,3,"0.19779625053573838;0.5332971221470204;1.2736179688310652"
750,129,3,"0.19764757901749672;0.5333785357147378;1.2739979415674532"
750,130,2,"0.27603947566017356;0.43377757309993054"
750,131,3,"0.18879218432249326;0.3543091035113161;1.2818456533686124"
750,132,3,"0.19627128223703957;0.5334048703929213;1.2753420806784896"
750,133,3,"0.345663512067157;0.5406613905633969;1.2751700477615158"
750,134,3,"0.319997029659841;0.47358187502819277;1.2748800202562058"
750,135,2,"0.11121621601827064;0.3528718331268076"
750,136,3,"0.21628994707758567;0.533317867616641;1.2749845386140073"
750,137,3,"0.21631992557659213;0.5332825405410971;1.2748800202562058"
750,138,3,"0.2137731574783646;0.3543091035113161;1.4470233159870738"
750,139,3,"0.34591785164947836;0.5430382754286567;1.2737455789398535"
750,140,2,"0.2755929218979822;0.4348605205065616"
750,141,3,"0.352871336627301;0.39977411869371343;1.4471709910604236"
750,142,3,"0.2963138471265358;0.3528718331268076;1.4625744380651813"
750,143,3,"0.2898400566962349;0.4595332010029577;1.2749845386140073"
750,144,3,"0.1995039308431467;0.3528758994196056;1.3635555227821008"
750,145,3,"0.32446260542893873;0.5175642215240481;1.273612920141743"
750,146,2,"0.11121177333549827;0.35298080478542676"
750,147,2,"0.2760254475915487;0.43387843489803735"
750,148,3,"0.2264271702804702;0.35298080478542676;1.4470597779816095"
750,149,3,"0.3542446861443481;0.39707840645965986;1.4469472532510386"
750,150,3,"0.1984853888553057;0.3528758994196056;1.3595688876080203"
800,1,3,"0.21631992557659213;0.5332825405410971;1.2748800202562058"
800,2,2,"0.1293363285160547;0.42889300056411184"
800,3,2,"0.12909446356128196;0.4129760134740006"
800,4,3,"0.21684058185199842;0.5334207001660928;1.274061957871419"
800,5,2,"0.11194323458577893;0.3774740815877644"
800,6,2,"0.1285502453406682;0.41115068211774897"
800,7,2,"0.12932581744340266;0.43231257699864484"
800,8,2,"0.11120297515625689;0.3541482474316027"
800,9,2,"0.252310221680404;0.4347277727255766"
800,10,2,"0.11120297515625689;0.3541482474316027"
800,11,3,"0.19772331035987348;0.5332674879560931;1.273612920141743"
800,12,3,"0.18244572589419578;0.3541482474316027;1.2748800202562058"
800,13,3,"0.2169208103672707;0.5332971221470204;1.2736179688310652"
800,14,2,"0.12026806994828379;0.3873329844263161"
800,15,2,"0.11233037930021529;0.38161969880457824"
800,16,2,"0.1293611228508952;0.43092638364882174"
800,17,2,"0.11121179157491719;0.3543303154294747"
800,18,3,"0.11120311589430619;0.3543247538426698;1.4473283302199798"
800,19,2,"0.11120760032355727;0.352871336627301"
800,20,3,"0.19638960853204393;0.533317867616641;1.2749845386140073"
800,21,2,"0.11121177333549827;0.35298080478542676"
800,22,3,"0.21627132699564786;0.5334205768129543;1.2752547229215734"
800,23,2,"0.1277421072682823;0.40714290219015487"
800,24,3,"0.11120830414537435;0.3529080445790952;1.4827208359615491"
800,25,3,"0.19772331035987348;0.5332674879560931;1.273612920141743"
800,26,3,"0.18588264068012617;0.53329695589894;1.2737455789398535"
800,27,2,"0.11120830414537435;0.3529080445790952"
800,28,2,"0.27561100412686157;0.43481455036207334"
800,29,3,"0.19804400989971066;0.352871336627301;1.3544169982205765"
800,30,3,"0.11459664290338409;0.35298080478542676;1.4470597779816095"
800,31,3,"0.2760254475915487;0.43387843489803735;1.2748800202562058"
800,32,2,"0.2760825848034544;0.4338322747114251"
800,33,2,"0.2461108947277415;0.4347277727255766"
800,34,3,"0.2281335910984038;0.3543303154294747;1.4469040004168516"
800,35,3,"0.22784794075183246;0.3542446861443481;1.4469472532510386"
800,36,3,"0.2169136104414453;0.53329695589894;1.2737455789398535"
800,37,2,"0.11121007978096213;0.3528758994196056"
800,38,3,"0.18339761956308565;0.3529080445790952;1.2737455789398535"
800,39,2,"0.11120760032355727;0.352871336627301"
800,40,2,"0.11502424070071418;0.3834918138299111"
800,41,2,"0.11120555016983495;0.3542446861443481"
800,42,3,"0.18339761956308565;0.3529080445790952;1.2737455789398535"
800,43,2,"0.11120311589430619;0.3543247538426698"
800,44,2,"0.11120297515625689;0.3541482474316027"
800,45,2,"0.24946410147231732;0.4338322747114251"
800,46,2,"0.12499369256972148;0.3969990681567226"
800,47,3,"0.18230772809718998;0.3543091035113161;1.2753420806784896"
800,48,2,"0.11196256223953674;0.3759098201316576"
800,49,2,"0.24649526697906202;0.4338322747114251"
800,50,2,"0.2460916906327724;0.43481455036207334"
800,51,3,"0.11120700171600378;0.3543091035113161;1.4470233159870738"
800,52,2,"0.11121177333549827;0.35298080478542676"
800,53,2,"0.24931967983094502;0.4337903749054902"
800,54,2,"0.11210225642378918;0.38088769703845093"
800,55,2,"0.2532645479868947;0.43377757309993054"
800,56,3,"0.2169208103672707;0.5332971221470204;1.2736179688310652"
800,57,3,"0.22878732217339265;0.3528718331268076;1.4469204079574327"
800,58,2,"0.11359829007983621;0.3819686243180844"
800,59,3,"0.18344635579806778;0.352871336627301;1.273612920141743"
800,60,3,"0.1979510215892003;0.53329695589894;1.2737455789398535"
800,61,3,"0.19779625053573838;0.5332971221470204;1.2736179688310652"
800,62,3,"0.1963517969212836;0.5334205768129543;1.2752547229215734"
800,63,2,"0.27605720931444844;0.4337903749054902"
800,64,2,"0.24834243145675616;0.43485813631250736"
800,65,3,"0.2169208103672707;0.5332971221470204;1.2736179688310652"
800,66,3,"0.1823446943214839;0.3543303154294747;1.2752547229215734"
800,67,3,"0.22673167863609278;0.3543091035113161;1.4470233159870738"
800,68,3,"0.19764757901749672;0.5333785357147378;1.2739979415674532"
800,69,3,"0.22798262327299243;0.3543091035113161;1.4470233159870738"
800,70,2,"0.2760254475915487;0.43387843489803735"
800,71,3,"0.1823446943214839;0.3543303154294747;1.2752547229215734"
800,72,2,"0.12950522338656248;0.43387843489803735"
800,73,3,"0.18244572589419578;0.3541482474316027;1.2748800202562058"
800,74,3,"0.20103966697682868;0.352871336627301;1.3711924076275812"
800,75,2,"0.11192100483696071;0.3712807151431088"
800,76,3,"0.19772331035987348;0.5332674879560931;1.273612920141743"
800,77,3,"0.21627132699564786;0.5334205768129543;1.2752547229215734"
800,78,2,"0.24840384574047944;0.43490258627890893"
800,79,3,"0.18239086692677142;0.3542446861443481;1.2749845386140073"
800,80,3,"0.19772331035987348;0.5332674879560931;1.273612920141743"
800,81,3,"0.2169136104414453;0.53329695589894;1.2737455789398535"
800,82,3,"0.1824683271985635;0.533317867616641;1.2749845386140073"
800,83,3,"0.18244572589419578;0.3541482474316027;1.2748800202562058"
800,84,2,"0.15881447475423882;0.4347277727255766"
800,85,3,"0.18239086692677142;0.3542446861443481;1.2749845386140073"
800,86,3,"0.19723031373324648;0.3543091035113161;1.3615606840748924"
800,87,3,"0.2169114313410063;0.5332674879560931;1.273612920141743"
800,88,3,"0.2114216888883279;0.3529080445790952;1.4292496273414728"
800,89,2,"0.11120555016983495;0.3542446861443481"
800,90,2,"0.11120830414537435;0.3529080445790952"
800,91,3,"0.3213899006504467;0.5059104390570993;1.2737455789398535"
800,92,3,"0.19022775462630173;0.3528758994196056;1.2821681627906636"
800,93,2,"0.2760290069518212;0.43380845003893864"
800,94,3,"0.19638960853204393;0.533317867616641;1.2749845386140073"
800,95,3,"0.22116550820243952;0.3528718331268076;1.4469204079574327"
800,96,3,"0.2755929218979822;0.4348605205065616;1.273612920141743"
800,97,2,"0.11120760032355727;0.352871336627301"
800,98,2,"0.11120555016983495;0.3542446861443481"
800,99,2,"0.2460916906327724;0.43481455036207334"
800,100,3,"0.18230772809718998;0.3543091035113161;1.2753420806784896"
800,101,3,"0.18339761956308565;0.3529080445790952;1.2737455789398535"
800,102,2,"0.11171810772087859;0.3658346845554307"
800,103,2,"0.2504734735485148;0.4337903749054902"
800,104,2,"0.11120700171600378;0.3543091035113161"
800,105,3,"0.1981107472009028;0.35298080478542676;1.3561229144091094"
800,106,2,"0.1119644039332058;0.37751098520549614"
800,107,3,"0.19772331035987348;0.5332674879560931;1.273612920141743"
800,108,3,"0.18339761956308565;0.3529080445790952;1.2737455789398535"
800,109,2,"0.24801764274547478;0.4338322747114251"
800,110,2,"0.11120700171600378;0.3543091035113161"
800,111,3,"0.19620406124393644;0.5333194862055883;1.2751700477615158"
800,112,3,"0.31958148571574413;0.48223722511749667;1.2737455789398535"
800,113,2,"0.11120700171600378;0.3543091035113161"
800,114,3,"0.18228048848006104;0.3543247538426698;1.2751700477615158"
800,115,3,"0.28074832131504784;0.44774983912065347;1.2753420806784896"
800,116,3,"0.21626058886228144;0.5333194862055883;1.2751700477615158"
800,117,3,"0.33494244214114827;0.5355607298237695;1.2736179688310652"
800,118,3,"0.19620406124393644;0.5333194862055883;1.2751700477615158"
800,119,3,"0.19779625053573838;0.5332971221470204;1.2736179688310652"
800,120,3,"0.21687569584271582;0.5333785357147378;1.2739979415674532"
800,121,2,"0.12855131569605902;0.40968834898981926"
800,122,2,"0.11121179157491719;0.3543303154294747"
800,123,3,"0.2760290069518212;0.43380845003893864;1.2749845386140073"
800,124,3,"0.11138020389762575;0.35298080478542676;1.4470597779816095"
800,125,2,"0.11120830414537435;0.3529080445790952"
800,126,2,"0.2660207442978417;0.4337903749054902"
800,127,2,"0.11120297515625689;0.3541482474316027"
800,128,3,"0.27605720931444844;0.4337903749054902;1.2753420806784896"
800,129,2,"0.11121179157491719;0.3543303154294747"
800,130,2,"0.11120760032355727;0.352871336627301"
800,131,3,"0.19638960853204393;0.533317867616641;1.2749845386140073"
800,132,3,"0.19831084283187958;0.352871336627301;1.3575375927826967"
800,133,3,"0.18228048848006104;0.3543247538426698;1.2751700477615158"
800,134,3,"0.2989013098587301;0.4654646506691863;1.2748800202562058"
800,135,2,"0.15912098531564112;0.43377757309993054"
800,136,3,"0.21628994707758567;0.533317867616641;1.2749845386140073"
800,137,3,"0.1823446943214839;0.3543303154294747;1.2752547229215734"
800,138,3,"0.21684058185199842;0.5334207001660928;1.274061957871419"
800,139,3,"0.2169114313410063;0.5332674879560931;1.273612920141743"
800,140,3,"0.1963517969212836;0.5334205768129543;1.2752547229215734"
800,141,2,"0.11121007978096213;0.3528758994196056"
800,142,2,"0.2464787392685777;0.43377757309993054"
800,143,3,"0.33193621662274625;0.5318347692249884;1.2737455789398535"
800,144,3,"0.19627128223703957;0.5334048703929213;1.2753420806784896"
800,145,3,"0.21628994707758567;0.533317867616641;1.2749845386140073"
800,146,2,"0.12935599953750332;0.43377757309993054"
800,147,2,"0.11120297515625689;0.3541482474316027"
800,148,3,"0.21356273493388103;0.3543247538426698;1.4473283302199798"
800,149,3,"0.18228048848006104;0.3543247538426698;1.2751700477615158"
800,150,3,"0.19772331035987348;0.5332674879560931;1.273612920141743"
850,1,3,"0.19831084283187958;0.352871336627301;1.3575375927826967"
850,2,3,"0.2760290069518212;0.43380845003893864;1.2749845386140073"
850,3,2,"0.11674312733259119;0.3841235384708852"
850,4,3,"0.19772331035987348;0.5332674879560931;1.273612920141743"
850,5,2,"0.2462752716903063;0.4347277727255766"
850,6,2,"0.11201379145096976;0.37996987313297426"
850,7,3,"0.2169208103672707;0.5332971221470204;1.2736179688310652"
850,8,3,"0.2169136104414453;0.53329695589894;1.2737455789398535"
850,9,3,"0.18354618035424455;0.5332971221470204;1.2736179688310652"
850,10,3,"0.2837527777973503;0.45442458976393474;1.2739979415674532"
850,11,3,"0.18230772809718998;0.3543091035113161;1.2753420806784896"
850,12,3,"0.19539385986663133;0.3542446861443481;1.3413525261500023"
850,13,3,"0.2169208103672707;0.5332971221470204;1.2736179688310652"
850,14,3,"0.11121179157491719;0.3543303154294747;1.4469040004168516"
850,15,3,"0.19620406124393644;0.5333194862055883;1.2751700477615158"
850,16,2,"0.2552178069205807;0.43377757309993054"
850,17,3,"0.2810756146270664;0.4502562569370644;1.2739979415674532"
850,18,3,"0.11120830414537435;0.3529080445790952;1.4474892830454833"
850,19,3,"0.27561100412686157;0.43481455036207334;1.2739979415674532"
850,20,2,"0.12924547827950505;0.4138715123632615"
850,21,3,"0.19638960853204393;0.533317867616641;1.2749845386140073"
850,22,2,"0.12933748231184744;0.43490258627890893"
850,23,3,"0.19627128223703957;0.5334048703929213;1.2753420806784896"
850,24,3,"0.21627132699564786;0.48325242084981945;1.2752547229215734"
850,25,2,"0.11121177333549827;0.35298080478542676"
850,26,2,"0.11120311589430619;0.3543247538426698"
850,27,3,"0.1963517969212836;0.5334205768129543;1.2752547229215734"
850,28,2,"0.24649526697906202;0.4338322747114251"
850,29,3,"0.11121007978096213;0.3528758994196056;1.446975408566216"
850,30,3,"0.18888180193656967;0.3528758994196056;1.2746687745883083"
850,31,2,"0.2526996231529955;0.43377757309993054"
850,32,3,"0.27951395051108024;0.44530912313153087;1.2749845386140073"
850,33,2,"0.12935599953750332;0.41792276976575127"
850,34,3,"0.19845549611067892;0.352871336627301;1.3602291852765322"
850,35,3,"0.18239086692677142;0.3542446861443481;1.2749845386140073"
850,36,3,"0.18239086692677142;0.3542446861443481;1.2749845386140073"
850,37,3,"0.21626646054860516;0.5334048703929213;1.2753420806784896"
850,38,3,"0.18244572589419578;0.3541482474316027;1.2748800202562058"
850,39,3,"0.19764757901749672;0.5333785357147378;1.2739979415674532"
850,40,2,"0.11120700171600378;0.3543091035113161"
850,41,3,"0.2169114313410063;0.5332674879560931;1.273612920141743"
850,42,3,"0.19640263496706947;0.5332825405410971;1.2748800202562058"
850,43,3,"0.19772331035987348;0.5332674879560931;1.273612920141743"
850,44,3,"0.18334797377035553;0.35298080478542676;1.2739979415674532"
850,45,3,"0.2760254475915487;0.43387843489803735;1.2748800202562058"
850,46,3,"0.18344635579806778;0.352871336627301;1.273612920141743"
850,47,2,"0.2464787392685777;0.43377757309993054"
850,48,3,"0.19620406124393644;0.5333194862055883;1.2751700477615158"
850,49,3,"0.2169114313410063;0.480577661933732;1.273612920141743"
850,50,3,"0.19779625053573838;0.5332971221470204;1.2736179688310652"
850,51,2,"0.1119438819180883;0.37901187024713123"
850,52,2,"0.11120700171600378;0.3543091035113161"
850,53,3,"0.2400492866433464;0.4732633980709958;1.274061957871419"
850,54,2,"0.11121177333549827;0.35298080478542676"
850,55,2,"0.24900395358427033;0.4338322747114251"
850,56,3,"0.3033477936712392;0.4668422371558344;1.2748800202562058"
850,57,2,"0.25135818795684695;0.43485813631250736"
850,58,3,"0.18244572589419578;0.3541482474316027;1.2748800202562058"
850,59,3,"0.19984056200775707;0.3543247538426698;1.3729545584358571"
850,60,3,"0.18344635579806778;0.352871336627301;1.273612920141743"
850,61,3,"0.18334797377035553;0.35298080478542676;1.2739979415674532"
850,62,2,"0.11120700171600378;0.3543091035113161"
850,63,3,"0.2993095436149875;0.467374978520012;1.2739979415674532"
850,64,2,"0.24965196596962355;0.4338322747114251"
850,65,3,"0.2169208103672707;0.5011936602657666;1.2736179688310652"
850,66,2,"0.11121179157491719;0.3543303154294747"
850,67,3,"0.20149149464968175;0.3529080445790952;1.3737941625235646"
850,68,3,"0.18346257614009812;0.3528758994196056;1.2736179688310652"
850,69,3,"0.18346257614009812;0.3528758994196056;1.2736179688310652"
850,70,3,"0.18346257614009812;0.3528758994196056;1.2736179688310652"
850,71,2,"0.24967617595386307;0.4337903749054902"
850,72,3,"0.19764757901749672;0.5333785357147378;1.2739979415674532"
850,73,3,"0.11120311589430619;0.3543247538426698;1.4473283302199798"
850,74,3,"0.11120311589430619;0.3543247538426698;1.4473283302199798"
850,75,3,"0.21626058886228144;0.5333194862055883;1.2751700477615158"
850,76,2,"0.12877967001577031;0.4109533857916686"
850,77,3,"0.29877477773743366;0.46663841681509405;1.274061957871419"
850,78,3,"0.23409116777384142;0.47264656995728543;1.2748800202562058"
850,79,3,"0.266882388663418;0.4347277727255766;1.294173782111967"
850,80,2,"0.24685081189128288;0.4337903749054902"
850,81,3,"0.18334797377035553;0.35298080478542676;1.2739979415674532"
850,82,2,"0.11120555016983495;0.3542446861443481"
850,83,2,"0.11121177333549827;0.35298080478542676"
850,84,2,"0.11121179157491719;0.3543303154294747"
850,85,3,"0.1927084354101936;0.3541482474316027;1.3142526783004322"
850,86,3,"0.27556544833557023;0.43485813631250736;1.2736179688310652"
850,87,3,"0.18244572589419578;0.35830163249647823;1.2748800202562058"
850,88,2,"0.12933748231184744;0.43490258627890893"
850,89,3,"0.18228048848006104;0.3543247538426698;1.2751700477615158"
850,90,2,"0.11121621601827064;0.3528718331268076"
850,91,3,"0.11121007978096213;0.3528758994196056;1.446975408566216"
850,92,2,"0.1123726306633185;0.3815144561788117"
850,93,3,"0.19627128223703957;0.5334048703929213;1.2753420806784896"
850,94,3,"0.11120830414537435;0.3529080445790952;1.447384024696332"
850,95,3,"0.19779625053573838;0.5332971221470204;1.2736179688310652"
850,96,3,"0.11120830414537435;0.3529080445790952;1.447384024696332"
850,97,3,"0.21687569584271582;0.5333785357147378;1.2739979415674532"
850,98,3,"0.1823446943214839;0.3543303154294747;1.2752547229215734"
850,99,3,"0.21626646054860516;0.5334048703929213;1.2753420806784896"
850,100,2,"0.11195859328868703;0.3733021485347489"
850,101,3,"0.21687569584271582;0.5333785357147378;1.2739979415674532"
850,102,3,"0.2755929218979822;0.4348605205065616;1.273612920141743"
850,103,3,"0.21626646054860516;0.5334048703929213;1.2753420806784896"
850,104,2,"0.11120311589430619;0.3543247538426698"
850,105,3,"0.19627128223703957;0.5334048703929213;1.2753420806784896"
850,106,3,"0.18334797377035553;0.35298080478542676;1.2739979415674532"
850,107,3,"0.19279519408842818;0.3529080445790952;1.3039921615881491"
850,108,2,"0.24883496586544984;0.43380845003893864"
850,109,3,"0.314520423403855;0.4685627730416847;1.2749845386140073"
850,110,3,"0.19764757901749672;0.5333785357147378;1.2739979415674532"
850,111,3,"0.18228048848006104;0.3543247538426698;1.2751700477615158"
850,112,3,"0.18334797377035553;0.35298080478542676;1.2739979415674532"
850,113,3,"0.2169114313410063;0.4975878615497749;1.273612920141743"
850,114,3,"0.19627128223703957;0.5334048703929213;1.2753420806784896"
850,115,3,"0.1823446943214839;0.3543303154294747;1.2752547229215734"
850,116,2,"0.24643593636285704;0.43387843489803735"
850,117,2,"0.11864149557911963;0.3839317499013193"
850,118,2,"0.24695396268419112;0.43387843489803735"
850,119,3,"0.11121177333549827;0.35298080478542676;1.4470597779816095"
850,120,3,"0.21628994707758567;0.533317867616641;1.2749845386140073"
850,121,3,"0.21627132699564786;0.5326152394156163;1.2752547229215734"
850,122,3,"0.21628994707758567;0.533317867616641;1.2749845386140073"
850,123,3,"0.2169114313410063;0.5332674879560931;1.273612920141743"
850,124,2,"0.11309127590966467;0.3818484581567397"
850,125,2,"0.11121007978096213;0.3528758994196056"
850,126,3,"0.18339761956308565;0.3529080445790952;1.2737455789398535"
850,127,3,"0.21631992557659213;0.48555895812035815;1.2748800202562058"
850,128,2,"0.11120830414537435;0.3529080445790952"
850,129,3,"0.11120700171600378;0.3543091035113161;1.4470233159870738"
850,130,3,"0.11121007978096213;0.3528758994196056;1.4316850849698284"
850,131,3,"0.1823446943214839;0.4175935392784597;1.2752547229215734"
850,132,3,"0.2760254475915487;0.43387843489803735;1.2748800202562058"
850,133,3,"0.2169114313410063;0.5232175163115865;1.273612920141743"
850,134,3,"0.11330693234234418;0.352871336627301;1.4029650218520855"
850,135,2,"0.24649196399060133;0.4337903749054902"
850,136,3,"0.19640263496706947;0.5332825405410971;1.2748800202562058"
850,137,3,"0.21631992557659213;0.5332825405410971;1.2748800202562058"
850,138,3,"0.1972635714253042;0.3542446861443481;1.3614625850663695"
850,139,3,"0.11121177333549827;0.35298080478542676;1.4470597779816095"
850,140,3,"0.18334797377035553;0.35298080478542676;1.2739979415674532"
850,141,2,"0.12924547827950505;0.4138715123632615"
850,142,3,"0.2756220043266934;0.4347277727255766;1.274061957871419"
850,143,3,"0.11120700171600378;0.3543091035113161;1.4470233159870738"
850,144,3,"0.11121007978096213;0.3528758994196056;1.446975408566216"
850,145,3,"0.18244572589419578;0.3541482474316027;1.2748800202562058"
850,146,3,"0.2760825848034544;0.4338322747114251;1.2751700477615158"
850,147,2,"0.11819956284929811;0.38497601471776616"
850,148,3,"0.2756055827021239;0.43490258627890893;1.2737455789398535"
850,149,2,"0.1293363285160547;0.42267708132284576"
850,150,2,"0.12935599953750332;0.41955458527539125"
900,1,2,"0.11120297515625689;0.3541482474316027"
900,2,3,"0.18244572589419578;0.3541482474316027;1.2748800202562058"
900,3,2,"0.11121621601827064;0.3528718331268076"
900,4,3,"0.19767468122604892;0.53329695589894;1.2737455789398535"
900,5,3,"0.18346257614009812;0.3528758994196056;1.2736179688310652"
900,6,3,"0.2169136104414453;0.4715053169220187;1.2737455789398535"
900,7,3,"0.1823446943214839;0.3543303154294747;1.2752547229215734"
900,8,2,"0.11120700171600378;0.3543091035113161"
900,9,2,"0.11293749757402159;0.3834514068589021"
900,10,3,"0.2169208103672707;0.5332971221470204;1.2736179688310652"
900,11,2,"0.11120700171600378;0.3543091035113161"
900,12,3,"0.21628994707758567;0.533317867616641;1.2749845386140073"
900,13,3,"0.19772331035987348;0.5332674879560931;1.273612920141743"
900,14,2,"0.11120830414537435;0.3529080445790952"
900,15,2,"0.11121621601827064;0.3528718331268076"
900,16,3,"0.2552178069205807;0.43377757309993054;1.2752547229215734"
900,17,3,"0.18346257614009812;0.3528758994196056;1.2736179688310652"
900,18,2,"0.11120297515625689;0.3541482474316027"
900,19,3,"0.18228048848006104;0.3543247538426698;1.2751700477615158"
900,20,3,"0.21626646054860516;0.4952202314960892;1.2753420806784896"
900,21,3,"0.18334797377035553;0.35298080478542676;1.2739979415674532"
900,22,3,"0.1823446943214839;0.3543303154294747;1.2752547229215734"
900,23,3,"0.11121177333549827;0.35298080478542676;1.3654195241343035"
900,24,3,"0.18230772809718998;0.3543091035113161;1.2753420806784896"
900,25,3,"0.21684058185199842;0.46878424841318506;1.274061957871419"
900,26,3,"0.19764757901749672;0.5333785357147378;1.2739979415674532"
900,27,3,"0.25973383261661065;0.44426757755054785;1.274061957871419"
900,28,2,"0.11120297515625689;0.3579861380626223"
900,29,2,"0.1247201050427777;0.39611899677532636"
900,30,3,"0.19638960853204393;0.533317867616641;1.2749845386140073"
900,31,3,"0.19779625053573838;0.5332971221470204;1.2736179688310652"
900,32,2,"0.11120555016983495;0.3542446861443481"
900,33,3,"0.18344635579806778;0.352871336627301;1.273612920141743"
900,34,2,"0.12934853806359925;0.43380845003893864"
900,35,3,"0.18346257614009812;0.3528758994196056;1.2736179688310652"
900,36,3,"0.1963517969212836;0.5334205768129543;1.2752547229215734"
900,37,2,"0.11120555016983495;0.3542446861443481"
900,38,2,"0.11120760032355727;0.352871336627301"
900,39,3,"0.18346257614009812;0.3528758994196056;1.2736179688310652"
900,40,3,"0.2169299451621417;0.4528617188408024;1.2737455789398535"
900,41,3,"0.18244572589419578;0.3541482474316027;1.2748800202562058"
900,42,3,"0.21097378082981275;0.5332674879560931;1.273612920141743"
900,43,2,"0.11121621601827064;0.3528718331268076"
900,44,2,"0.11121177333549827;0.35298080478542676"
900,45,3,"0.19772331035987348;0.5332674879560931;1.273612920141743"
900,46,3,"0.18344635579806778;0.352871336627301;1.273612920141743"
900,47,3,"0.21631992557659213;0.5318338155639646;1.2748800202562058"
900,48,2,"0.11121177333549827;0.35298080478542676"
900,49,3,"0.11120311589430619;0.3543247538426698;1.4993509337156659"
900,50,3,"0.18778344193561836;0.3542446861443481;1.2759967585155945"
900,51,3,"0.19767468122604892;0.53329695589894;1.2737455789398535"
900,52,3,"0.2740772979613208;0.43387843489803735;1.2748800202562058"
900,53,2,"0.11121177333549827;0.35298080478542676"
900,54,3,"0.11121007978096213;0.3528758994196056;1.4064742387833487"
900,55,3,"0.2169136104414453;0.53329695589894;1.2737455789398535"
900,56,3,"0.19627128223703957;0.5334048703929213;1.2753420806784896"
900,57,3,"0.268150401828961;0.4337903749054902;1.2753420806784896"
900,58,2,"0.11120311589430619;0.3543247538426698"
900,59,2,"0.11141634029658036;0.36118914287887"
900,60,2,"0.1346203102043241;0.4348605205065616"
900,61,3,"0.18339761956308565;0.3529080445790952;1.2737455789398535"
900,62,3,"0.24859603850185022;0.4347277727255766;1.274061957871419"
900,63,3,"0.18244572589419578;0.3541482474316027;1.2748800202562058"
900,64,3,"0.21684058185199842;0.5204702944141996;1.274061957871419"
900,65,2,"0.11120700171600378;0.3543091035113161"
900,66,3,"0.18346257614009812;0.3528758994196056;1.2736179688310652"
900,67,3,"0.1823446943214839;0.3543303154294747;1.2752547229215734"
900,68,3,"0.2760254475915487;0.43387843489803735;1.2748800202562058"
900,69,2,"0.11120555016983495;0.3542446861443481"
900,70,3,"0.19620406124393644;0.5333194862055883;1.2751700477615158"
900,71,3,"0.11120700171600378;0.3543091035113161;1.4470233159870738"
900,72,2,"0.11316571603263088;0.3819679746149522"
900,73,3,"0.11121621601827064;0.3528718331268076;1.4794535773042956"
900,74,3,"0.18339761956308565;0.3529080445790952;1.2737455789398535"
900,75,3,"0.18230772809718998;0.3543091035113161;1.2753420806784896"
900,76,2,"0.24649526697906202;0.4338322747114251"
900,77,3,"0.23426949373486194;0.44666890429599426;1.273612920141743"
900,78,3,"0.18244572589419578;0.3541482474316027;1.2748800202562058"
900,79,3,"0.2760254475915487;0.43387843489803735;1.2748800202562058"
900,80,3,"0.1823446943214839;0.3543303154294747;1.2752547229215734"
900,81,3,"0.11121621601827064;0.3528718331268076;1.4469204079574327"
900,82,3,"0.18346257614009812;0.3528758994196056;1.2736179688310652"
900,83,3,"0.18339761956308565;0.3529080445790952;1.2737455789398535"
900,84,2,"0.11120830414537435;0.3529080445790952"
900,85,3,"0.18239086692677142;0.3542446861443481;1.2749845386140073"
900,86,2,"0.24710165487385458;0.4337903749054902"
900,87,2,"0.11195859328868703;0.3733021485347489"
900,88,2,"0.11120555016983495;0.3542446861443481"
900,89,3,"0.18346257614009812;0.3528758994196056;1.2736179688310652"
900,90,3,"0.18244572589419578;0.3541482474316027;1.2748800202562058"
900,91,3,"0.11120555016983495;0.3542446861443481;1.3614893503983756"
900,92,2,"0.11121177333549827;0.35298080478542676"
900,93,3,"0.1963517969212836;0.5334205768129543;1.2752547229215734"
900,94,3,"0.18344635579806778;0.352871336627301;1.273612920141743"
900,95,3,"0.18691851654438105;0.3543303154294747;1.2752547229215734"
900,96,3,"0.11121621601827064;0.3528718331268076;1.4469204079574327"
900,97,3,"0.21631992557659213;0.47264656995728543;1.2748800202562058"
900,98,3,"0.27556544833557023;0.43485813631250736;1.2736179688310652"
900,99,3,"0.18344635579806778;0.352871336627301;1.273612920141743"
900,100,3,"0.19620406124393644;0.5333194862055883;1.2751700477615158"
900,101,3,"0.21626646054860516;0.5334048703929213;1.2753420806784896"
900,102,3,"0.2760290069518212;0.43380845003893864;1.2749845386140073"
900,103,2,"0.11196760817109289;0.38114438578032583"
900,104,2,"0.12934853806359925;0.43380845003893864"
900,105,3,"0.19620406124393644;0.5333194862055883;1.2751700477615158"
900,106,2,"0.11120760032355727;0.352871336627301"
900,107,3,"0.2549741163048559;0.4338322747114251;1.2751700477615158"
900,108,3,"0.18228048848006104;0.3543247538426698;1.2751700477615158"
900,109,3,"0.18344635579806778;0.352871336627301;1.273612920141743"
900,110,2,"0.11120700171600378;0.3543091035113161"
900,111,3,"0.2760290069518212;0.43380845003893864;1.2749845386140073"
900,112,3,"0.19638960853204393;0.533317867616641;1.2749845386140073"
900,113,3,"0.11120760032355727;0.352871336627301;1.4471709910604236"
900,114,3,"0.18230772809718998;0.3543091035113161;1.2753420806784896"
900,115,2,"0.11120700171600378;0.3543091035113161"
900,116,3,"0.11121621601827064;0.3528718331268076;1.4469204079574327"
900,117,2,"0.11121007978096213;0.3528758994196056"
900,118,3,"0.21628994707758567;0.46755734018271283;1.2749845386140073"
900,119,3,"0.24837493284347067;0.43485813631250736;1.2736179688310652"
900,120,3,"0.2760290069518212;0.43380845003893864;1.2749845386140073"
900,121,2,"0.11120830414537435;0.3529080445790952"
900,122,3,"0.24941865373901762;0.43490258627890893;1.2737455789398535"
900,123,3,"0.11121177333549827;0.35298080478542676;1.4260854935470901"
900,124,3,"0.19772331035987348;0.5332674879560931;1.273612920141743"
900,125,3,"0.24900010594751298;0.43380845003893864;1.2749845386140073"
900,126,3,"0.1963517969212836;0.5334205768129543;1.2752547229215734"
900,127,2,"0.11120700171600378;0.3543091035113161"
900,128,2,"0.11120700171600378;0.3543091035113161"
900,129,2,"0.11120700171600378;0.3543091035113161"
900,130,3,"0.21631992557659213;0.5332825405410971;1.2748800202562058"
900,131,3,"0.18228048848006104;0.3543247538426698;1.2751700477615158"
900,132,3,"0.18228048848006104;0.3543247538426698;1.2751700477615158"
900,133,2,"0.24649526697906202;0.4338322747114251"
900,134,3,"0.18334797377035553;0.35298080478542676;1.2739979415674532"
900,135,3,"0.11120760032355727;0.352871336627301;1.4471709910604236"
900,136,2,"0.12936935987434223;0.43256041220413566"
900,137,3,"0.2169208103672707;0.4693367461994909;1.2736179688310652"
900,138,2,"0.11120311589430619;0.3543247538426698"
900,139,3,"0.21631992557659213;0.5332825405410971;1.2748800202562058"
900,140,3,"0.11120311589430619;0.3543247538426698;1.4473283302199798"
900,141,3,"0.18228048848006104;0.3978266504973091;1.2751700477615158"
900,142,3,"0.2760825848034544;0.4338322747114251;1.2751700477615158"
900,143,3,"0.2169136104414453;0.53329695589894;1.2737455789398535"
900,144,3,"0.18344635579806778;0.352871336627301;1.273612920141743"
900,145,2,"0.13082757162480413;0.4347277727255766"
900,146,3,"0.19620406124393644;0.5333194862055883;1.2751700477615158"
900,147,3,"0.19772331035987348;0.5332674879560931;1.273612920141743"
900,148,3,"0.21628994707758567;0.533317867616641;1.2749845386140073"
900,149,3,"0.1823446943214839;0.3543303154294747;1.2752547229215734"
900,150,3,"0.19779625053573838;0.5332971221470204;1.2736179688310652"
950,1,2,"0.11161052310893284;0.36416234723062735"
950,2,3,"0.21097378082981275;0.5134545059681301;1.273612920141743"
950,3,3,"0.11120700171600378;0.3543091035113161;1.3901260228762653"
950,4,3,"0.18334797377035553;0.35298080478542676;1.2739979415674532"
950,5,3,"0.24643593636285704;0.43387843489803735;1.2748800202562058"
950,6,3,"0.11121177333549827;0.35298080478542676;1.4470597779816095"
950,7,3,"0.18344635579806778;0.352871336627301;1.273612920141743"
950,8,3,"0.27605720931444844;0.4337903749054902;1.2753420806784896"
950,9,3,"0.11120555016983495;0.3542446861443481;1.4469472532510386"
950,10,3,"0.18344635579806778;0.352871336627301;1.273612920141743"
950,11,2,"0.11120760032355727;0.352871336627301"
950,12,2,"0.11595557809067403;0.3838043254707344"
950,13,3,"0.1963517969212836;0.5334205768129543;1.2752547229215734"
950,14,3,"0.18334797377035553;0.35298080478542676;1.2739979415674532"
950,15,3,"0.18346257614009812;0.3528758994196056;1.2736179688310652"
950,16,3,"0.1823446943214839;0.3543303154294747;1.2752547229215734"
950,17,3,"0.19767468122604892;0.53329695589894;1.2737455789398535"
950,18,3,"0.19779625053573838;0.5332971221470204;1.2736179688310652"
950,19,3,"0.18334797377035553;0.35298080478542676;1.2739979415674532"
950,20,3,"0.19764757901749672;0.5333785357147378;1.2739979415674532"
950,21,2,"0.11121179157491719;0.3543303154294747"
950,22,3,"0.2756055827021239;0.43490258627890893;1.2737455789398535"
950,23,3,"0.18228048848006104;0.3543247538426698;1.2751700477615158"
950,24,3,"0.18346257614009812;0.3528758994196056;1.2736179688310652"
950,25,3,"0.19772331035987348;0.5332674879560931;1.273612920141743"
950,26,2,"0.11121007978096213;0.3528758994196056"
950,27,3,"0.2169114313410063;0.4042518347462029;1.273612920141743"
950,28,3,"0.18244572589419578;0.3541482474316027;1.2748800202562058"
950,29,2,"0.12935599953750332;0.42735331576936086"
950,30,3,"0.21627132699564786;0.44622022002481154;1.2752547229215734"
950,31,3,"0.1823446943214839;0.3543303154294747;1.2752547229215734"
950,32,2,"0.11121621601827064;0.3528718331268076"
950,33,3,"0.18334797377035553;0.35298080478542676;1.2739979415674532"
950,34,3,"0.18228048848006104;0.3543247538426698;1.2751700477615158"
950,35,2,"0.11120830414537435;0.3529080445790952"
950,36,3,"0.27603947566017356;0.43377757309993054;1.2752547229215734"
950,37,2,"0.1293363285160547;0.4347277727255766"
950,38,3,"0.19627128223703957;0.5334048703929213;1.2753420806784896"
950,39,3,"0.18230772809718998;0.3543091035113161;1.2753420806784896"
950,40,3,"0.18239086692677142;0.3542446861443481;1.2749845386140073"
950,41,2,"0.11120311589430619;0.3543247538426698"
950,42,3,"0.11120297515625689;0.3541482474316027;1.4471326189731901"
950,43,2,"0.11124952419387768;0.35841818828169497"
950,44,3,"0.21627132699564786;0.40379830335660444;1.2752547229215734"
950,45,3,"0.19627128223703957;0.5334048703929213;1.2753420806784896"
950,46,2,"0.11197938180325394;0.3792280986513207"
950,47,3,"0.1823446943214839;0.3543303154294747;1.2752547229215734"
950,48,3,"0.18334797377035553;0.35298080478542676;1.2739979415674532"
950,49,3,"0.1823446943214839;0.3543303154294747;1.2752547229215734"
950,50,3,"0.2169208103672707;0.40425026453289326;1.2736179688310652"
950,51,3,"0.11121179157491719;0.3543303154294747;1.4469040004168516"
950,52,3,"0.24843639600810277;0.43485813631250736;1.2736179688310652"
950,53,3,"0.18339761956308565;0.3529080445790952;1.2737455789398535"
950,54,3,"0.19638960853204393;0.533317867616641;1.2749845386140073"
950,55,3,"0.19640263496706947;0.5332825405410971;1.2748800202562058"
950,56,3,"0.2169114313410063;0.4552593102132115;1.273612920141743"
950,57,3,"0.18339761956308565;0.3529080445790952;1.2737455789398535"
950,58,3,"0.11120297515625689;0.3541482474316027;1.2748800202562058"
950,59,3,"0.19640263496706947;0.5332825405410971;1.2748800202562058"
950,60,3,"0.246040397834999;0.43485813631250736;1.2736179688310652"
950,61,3,"0.19620406124393644;0.5333194862055883;1.2751700477615158"
950,62,3,"0.21684058185199842;0.4042106378234037;1.274061957871419"
950,63,3,"0.18230772809718998;0.3543091035113161;1.2753420806784896"
950,64,3,"0.11120311589430619;0.3543247538426698;1.2751700477615158"
950,65,2,"0.1293611228508952;0.4188060827841788"
950,66,3,"0.18228048848006104;0.3543247538426698;1.2751700477615158"
950,67,3,"0.18334797377035553;0.35298080478542676;1.2739979415674532"
950,68,3,"0.18228048848006104;0.3543247538426698;1.2751700477615158"
950,69,3,"0.18334797377035553;0.35298080478542676;1.2739979415674532"
950,70,3,"0.11120760032355727;0.352871336627301;1.4471709910604236"
950,71,3,"0.18244572589419578;0.3541482474316027;1.2748800202562058"
950,72,3,"0.25133269604181996;0.43380845003893864;1.2749845386140073"
950,73,2,"0.12935599953750332;0.43156803174282826"
950,74,3,"0.21628994707758567;0.5109661419255552;1.2749845386140073"
950,75,3,"0.21684058185199842;0.4137270479910488;1.274061957871419"
950,76,3,"0.21626646054860516;0.4038378021561319;1.2753420806784896"
950,77,3,"0.18344635579806778;0.352871336627301;1.273612920141743"
950,78,3,"0.18346257614009812;0.3528758994196056;1.2736179688310652"
950,79,2,"0.11121177333549827;0.35298080478542676"
950,80,2,"0.11121177333549827;0.35298080478542676"
950,81,2,"0.11121179157491719;0.3543303154294747"
950,82,3,"0.1823446943214839;0.3543303154294747;1.2752547229215734"
950,83,3,"0.18346257614009812;0.3528758994196056;1.2736179688310652"
950,84,3,"0.21627132699564786;0.40379830335660444;1.2752547229215734"
950,85,3,"0.2464787392685777;0.43377757309993054;1.2752547229215734"
950,86,3,"0.18334797377035553;0.35298080478542676;1.2739979415674532"
950,87,3,"0.18346257614009812;0.3528758994196056;1.2736179688310652"
950,88,3,"0.18239086692677142;0.3542446861443481;1.2749845386140073"
950,89,3,"0.24908057346046292;0.4338322747114251;1.2751700477615158"
950,90,3,"0.18346257614009812;0.3579509660944864;1.2736179688310652"
950,91,3,"0.24649526697906202;0.4338322747114251;1.2751700477615158"
950,92,3,"0.11120311589430619;0.3543247538426698;1.3613314388630144"
950,93,3,"0.11120311589430619;0.3543247538426698;1.3614858789405053"
950,94,2,"0.11178617863368823;0.3691495718886238"
950,95,3,"0.19627128223703957;0.5334048703929213;1.2753420806784896"
950,96,3,"0.18228048848006104;0.3543247538426698;1.2751700477615158"
950,97,3,"0.21684058185199842;0.4153543921881855;1.274061957871419"
950,98,2,"0.11120760032355727;0.352871336627301"
950,99,2,"0.11121179157491719;0.3543303154294747"
950,100,3,"0.18344635579806778;0.352871336627301;1.273612920141743"
950,101,3,"0.1346203102043241;0.4348605205065616;1.273612920141743"
950,102,3,"0.1115789228915325;0.3528758994196056;1.2736179688310652"
950,103,3,"0.19638960853204393;0.533317867616641;1.2749845386140073"
950,104,3,"0.18244572589419578;0.35506439900169967;1.2748800202562058"
950,105,3,"0.2182726213824434;0.4265587926523793;1.2753420806784896"
950,106,2,"0.11180107757403795;0.36763218118598645"
950,107,2,"0.11121179157491719;0.3543303154294747"
950,108,3,"0.18230772809718998;0.3543091035113161;1.2753420806784896"
950,109,3,"0.1823446943214839;0.3543303154294747;1.2752547229215734"
950,110,3,"0.21628994707758567;0.4559909446688611;1.2749845386140073"
950,111,2,"0.12934842037350658;0.42401987265628366"
950,112,3,"0.21626058886228144;0.4910860048687564;1.2751700477615158"
950,113,3,"0.18346257614009812;0.3528758994196056;1.2736179688310652"
950,114,2,"0.11120700171600378;0.3543091035113161"
950,115,3,"0.21631992557659213;0.45143975999445224;1.2748800202562058"
950,116,3,"0.18339761956308565;0.3529080445790952;1.2737455789398535"
950,117,3,"0.19764757901749672;0.5333785357147378;1.2739979415674532"
950,118,2,"0.11121179157491719;0.3543303154294747"
950,119,2,"0.11836311371877392;0.38377993664117066"
950,120,3,"0.2681405976127654;0.43485813631250736;1.2736179688310652"
950,121,3,"0.11120830414537435;0.3529080445790952;1.3605893303768195"
950,122,3,"0.2460916906327724;0.43481455036207334;1.2739979415674532"
950,123,3,"0.18230772809718998;0.3543091035113161;1.2753420806784896"
950,124,2,"0.11120760032355727;0.352871336627301"
950,125,3,"0.18239086692677142;0.3542446861443481;1.2749845386140073"
950,126,3,"0.18244572589419578;0.3541482474316027;1.2748800202562058"
950,127,3,"0.11121179157491719;0.3543303154294747;1.4024681427994736"
950,128,3,"0.11120760032355727;0.352871336627301;1.4471709910604236"
950,129,3,"0.11120555016983495;0.3542446861443481;1.4469472532510386"
950,130,2,"0.11159496926386991;0.3638661106223942"
950,131,3,"0.19764757901749672;0.5333785357147378;1.2739979415674532"
950,132,3,"0.11121179157491719;0.3543303154294747;1.2752547229215734"
950,133,3,"0.18244572589419578;0.3541482474316027;1.2748800202562058"
950,134,3,"0.24587723325434832;0.43481455036207334;1.2739979415674532"
950,135,3,"0.2169114313410063;0.49323793282785544;1.273612920141743"
950,136,3,"0.1823446943214839;0.3543303154294747;1.2752547229215734"
950,137,3,"0.18239086692677142;0.3542446861443481;1.2749845386140073"
950,138,3,"0.11120830414537435;0.3529080445790952;1.447384024696332"
950,139,3,"0.18228048848006104;0.3543247538426698;1.2751700477615158"
950,140,3,"0.18334797377035553;0.35298080478542676;1.2739979415674532"
950,141,3,"0.1823446943214839;0.3543303154294747;1.2752547229215734"
950,142,3,"0.18339761956308565;0.3529080445790952;1.2737455789398535"
950,143,3,"0.24830445268300438;0.43485813631250736;1.2736179688310652"
950,144,3,"0.11120311589430619;0.3543247538426698;1.3830354425687985"
950,145,3,"0.2530707004186761;0.4338322747114251;1.2751700477615158"
950,146,2,"0.11120555016983495;0.3542446861443481"
950,147,3,"0.1823446943214839;0.3543303154294747;1.2752547229215734"
950,148,3,"0.18230772809718998;0.3543091035113161;1.2753420806784896"
950,149,3,"0.11120700171600378;0.3543091035113161;1.4479410088449016"
950,150,2,"0.12909446356128196;0.4129760134740006"
1000,1,3,"0.19779625053573838;0.5332971221470204;1.2736179688310652"
1000,2,3,"0.18230772809718998;0.3543091035113161;1.2753420806784896"
1000,3,2,"0.11153356599966385;0.3644487815857457"
1000,4,3,"0.18239086692677142;0.3542446861443481;1.2749845386140073"
1000,5,3,"0.2169208103672707;0.4436309297535555;1.2736179688310652"
1000,6,3,"0.1823446943214839;0.3543303154294747;1.2752547229215734"
1000,7,3,"0.19620406124393644;0.5333194862055883;1.2751700477615158"
1000,8,3,"0.18228048848006104;0.3543247538426698;1.2751700477615158"
1000,9,3,"0.21687569584271582;0.4042822353506476;1.2739979415674532"
1000,10,3,"0.18346257614009812;0.3528758994196056;1.2736179688310652"
1000,11,3,"0.2169114313410063;0.4042518347462029;1.273612920141743"
1000,12,3,"0.19764757901749672;0.5266460700809169;1.2739979415674532"
1000,13,3,"0.18339761956308565;0.3529080445790952;1.2737455789398535"
1000,14,3,"0.1963517969212836;0.49971372757415894;1.2752547229215734"
1000,15,3,"0.11876182216332347;0.3856795848267755;1.4790346467454651"
1000,16,2,"0.11120760032355727;0.352871336627301"
1000,17,3,"0.18346257614009812;0.3528758994196056;1.2736179688310652"
1000,18,3,"0.21687569584271582;0.4284040688144354;1.2739979415674532"
1000,19,2,"0.11121621601827064;0.3528718331268076"
1000,20,3,"0.18228048848006104;0.3543247538426698;1.2751700477615158"
1000,21,3,"0.21626646054860516;0.4279626337768254;1.2753420806784896"
1000,22,3,"0.11120311589430619;0.3543247538426698;1.4473283302199798"
1000,23,3,"0.11120760032355727;0.352871336627301;1.4029650218520855"
1000,24,3,"0.18228048848006104;0.3543247538426698;1.2751700477615158"
1000,25,2,"0.11121007978096213;0.3528758994196056"
1000,26,3,"0.11120555016983495;0.3542446861443481;1.2749845386140073"
1000,27,3,"0.11813646738174362;0.35298080478542676;1.2739979415674532"
1000,28,3,"0.21626646054860516;0.4038378021561319;1.2753420806784896"
1000,29,3,"0.24695396268419112;0.43387843489803735;1.2748800202562058"
1000,30,3,"0.21627132699564786;0.40379830335660444;1.2752547229215734"
1000,31,2,"0.11121177333549827;0.35298080478542676"
1000,32,3,"0.11120555016983495;0.3542446861443481;1.4469472532510386"
1000,33,2,"0.11120700171600378;0.3543091035113161"
1000,34,3,"0.18344635579806778;0.352871336627301;1.273612920141743"
1000,35,3,"0.11121177333549827;0.35298080478542676;1.2739979415674532"
1000,36,2,"0.11374648358829204;0.38185345346507354"
1000,37,3,"0.18346257614009812;0.3528758994196056;1.2736179688310652"
1000,38,3,"0.21627132699564786;0.40379830335660444;1.2752547229215734"
1000,39,2,"0.11121177333549827;0.35298080478542676"
1000,40,3,"0.18239086692677142;0.3542446861443481;1.2749845386140073"
1000,41,3,"0.21684058185199842;0.4042106378234037;1.274061957871419"
1000,42,3,"0.2461108947277415;0.4347277727255766;1.274061957871419"
1000,43,3,"0.18239086692677142;0.3542446861443481;1.2749845386140073"
1000,44,2,"0.11121621601827064;0.3528718331268076"
1000,45,3,"0.24643593636285704;0.43387843489803735;1.2748800202562058"
1000,46,3,"0.18344635579806778;0.352871336627301;1.273612920141743"
1000,47,3,"0.13737247701197158;0.3543247538426698;1.2751700477615158"
1000,48,3,"0.21626646054860516;0.4449364951723171;1.2753420806784896"
1000,49,3,"0.19764757901749672;0.4560239213255295;1.2739979415674532"
1000,50,3,"0.1823446943214839;0.3543303154294747;1.2752547229215734"
1000,51,3,"0.2169136104414453;0.45070602836637164;1.2737455789398535"
1000,52,3,"0.18334797377035553;0.353309242298492;1.2739979415674532"
1000,53,3,"0.1963517969212836;0.5334205768129543;1.2752547229215734"
1000,54,3,"0.18244572589419578;0.3541482474316027;1.2748800202562058"
1000,55,2,"0.11120555016983495;0.3542446861443481"
1000,56,3,"0.19620406124393644;0.5333194862055883;1.2751700477615158"
1000,57,3,"0.2464787392685777;0.43377757309993054;1.2752547229215734"
1000,58,3,"0.18228048848006104;0.3543247538426698;1.2751700477615158"
1000,59,2,"0.11134281118751396;0.3601230193193168"
1000,60,3,"0.18230772809718998;0.3543091035113161;1.2753420806784896"
1000,61,3,"0.24881581881831039;0.4338322747114251;1.2751700477615158"
1000,62,3,"0.24674948430353102;0.4347277727255766;1.274061957871419"
1000,63,2,"0.11120830414537435;0.3529080445790952"
1000,64,3,"0.11120760032355727;0.352871336627301;1.273612920141743"
1000,65,3,"0.2169114313410063;0.4042518347462029;1.273612920141743"
1000,66,3,"0.18239086692677142;0.3542446861443481;1.2749845386140073"
1000,67,3,"0.21687569584271582;0.4042822353506476;1.2739979415674532"
1000,68,3,"0.11120297515625689;0.3541482474316027;1.2748800202562058"
1000,69,3,"0.1275313127953492;0.4060701885853336;1.2739979415674532"
1000,70,2,"0.11190777430036533;0.3705158514788669"
1000,71,3,"0.18346257614009812;0.3528758994196056;1.2736179688310652"
1000,72,3,"0.18230772809718998;0.3543091035113161;1.2753420806784896"
1000,73,3,"0.18346257614009812;0.3528758994196056;1.2736179688310652"
1000,74,3,"0.21684058185199842;0.4042106378234037;1.274061957871419"
1000,75,3,"0.18339761956308565;0.3529080445790952;1.2737455789398535"
1000,76,2,"0.11121179157491719;0.3543303154294747"
1000,77,3,"0.19764757901749672;0.5333785357147378;1.2739979415674532"
1000,78,3,"0.19779625053573838;0.5332971221470204;1.2736179688310652"
1000,79,2,"0.11120830414537435;0.3529080445790952"
1000,80,3,"0.18334797377035553;0.35298080478542676;1.2739979415674532"
1000,81,2,"0.11120311589430619;0.3543247538426698"
1000,82,3,"0.18239086692677142;0.3542446861443481;1.2749845386140073"
1000,83,3,"0.2460683115604691;0.43490258627890893;1.2737455789398535"
1000,84,3,"0.25961361754181667;0.43481455036207334;1.2739979415674532"
1000,85,2,"0.11121179157491719;0.3543303154294747"
1000,86,3,"0.12936935987434223;0.4337903749054902;1.2753420806784896"
1000,87,2,"0.11121177333549827;0.35298080478542676"
1000,88,3,"0.19779625053573838;0.5332971221470204;1.2736179688310652"
1000,89,3,"0.19779625053573838;0.5332971221470204;1.2736179688310652"
1000,90,3,"0.246040397834999;0.43485813631250736;1.2736179688310652"
1000,91,2,"0.11121177333549827;0.35298080478542676"
1000,92,3,"0.2282863668140271;0.4348605205065616;1.273612920141743"
1000,93,3,"0.11120700171600378;0.3543091035113161;1.2753420806784896"
1000,94,3,"0.12716952236721382;0.40297396242980543;1.2753420806784896"
1000,95,3,"0.12935599953750332;0.4258582440576475;1.2752547229215734"
1000,96,3,"0.18244572589419578;0.3541482474316027;1.2748800202562058"
1000,97,3,"0.11120297515625689;0.3541482474316027;1.2748800202562058"
1000,98,3,"0.19779625053573838;0.5332971221470204;1.2736179688310652"
1000,99,3,"0.1293363285160547;0.4347277727255766;1.274061957871419"
1000,100,3,"0.11120830414537435;0.3529080445790952;1.3385956175119729"
1000,101,3,"0.18230772809718998;0.3543091035113161;1.2753420806784896"
1000,102,2,"0.11121007978096213;0.3528758994196056"
1000,103,3,"0.2169114313410063;0.4042518347462029;1.273612920141743"
1000,104,3,"0.24649196399060133;0.4337903749054902;1.2753420806784896"
1000,105,3,"0.19764757901749672;0.4900288634402308;1.2739979415674532"
1000,106,3,"0.19638960853204393;0.5204250829749137;1.2749845386140073"
1000,107,3,"0.18230772809718998;0.3543091035113161;1.2753420806784896"
1000,108,2,"0.11496056907144561;0.38353046459835755"
1000,109,3,"0.18228048848006104;0.3543247538426698;1.2751700477615158"
1000,110,3,"0.19767468122604892;0.49556797271727115;1.2737455789398535"
1000,111,2,"0.11120555016983495;0.3542446861443481"
1000,112,3,"0.11121007978096213;0.3528758994196056;1.2736179688310652"
1000,113,3,"0.19640263496706947;0.5332825405410971;1.2748800202562058"
1000,114,3,"0.18228048848006104;0.3543247538426698;1.2751700477615158"
1000,115,3,"0.21687569584271582;0.42675091499027085;1.2739979415674532"
1000,116,3,"0.18244572589419578;0.3541482474316027;1.2748800202562058"
1000,117,3,"0.11120297515625689;0.3541482474316027;1.361284627634872"
1000,118,3,"0.11121621601827064;0.3528718331268076;1.4469204079574327"
1000,119,3,"0.19767468122604892;0.53329695589894;1.2737455789398535"
1000,120,3,"0.19779625053573838;0.5332971221470204;1.2736179688310652"
1000,121,3,"0.11120700171600378;0.3543091035113161;1.2753420806784896"
1000,122,2,"0.1118875801578693;0.3699430518305379"
1000,123,3,"0.19620406124393644;0.48717905684837143;1.2751700477615158"
1000,124,3,"0.21684058185199842;0.4042106378234037;1.274061957871419"
1000,125,3,"0.18339761956308565;0.3529080445790952;1.2737455789398535"
1000,126,3,"0.18230772809718998;0.3543091035113161;1.2753420806784896"
1000,127,3,"0.18339761956308565;0.3529080445790952;1.2737455789398535"
1000,128,3,"0.24643593636285704;0.43387843489803735;1.2748800202562058"
1000,129,3,"0.19638960853204393;0.533317867616641;1.2749845386140073"
1000,130,3,"0.12416594709296455;0.39308523149559194;1.2751700477615158"
1000,131,3,"0.24908510919352517;0.43377757309993054;1.2752547229215734"
1000,132,3,"0.2169114313410063;0.4471236199958899;1.273612920141743"
1000,133,3,"0.11121007978096213;0.3528758994196056;1.2736179688310652"
1000,134,3,"0.21627132699564786;0.40379830335660444;1.2752547229215734"
1000,135,3,"0.18339761956308565;0.3529080445790952;1.2737455789398535"
1000,136,3,"0.21626646054860516;0.4038378021561319;1.2753420806784896"
1000,137,3,"0.21687569584271582;0.4042822353506476;1.2739979415674532"
1000,138,2,"0.11120555016983495;0.3542446861443481"
1000,139,3,"0.18339761956308565;0.3529080445790952;1.2737455789398535"
1000,140,3,"0.18244572589419578;0.3541482474316027;1.2748800202562058"
1000,141,3,"0.1823446943214839;0.3543303154294747;1.2752547229215734"
1000,142,3,"0.18239086692677142;0.3542446861443481;1.2749845386140073"
1000,143,2,"0.11121621601827064;0.3528718331268076"
1000,144,3,"0.19779625053573838;0.5332971221470204;1.2736179688310652"
1000,145,3,"0.2460683115604691;0.43490258627890893;1.2737455789398535"
1000,146,2,"0.11217107158094691;0.38283662847399724"
1000,147,3,"0.18346257614009812;0.3528758994196056;1.2736179688310652"
1000,148,3,"0.20772459882347838;0.45473556440017737;1.2751700477615158"
1000,149,3,"0.11120311589430619;0.3543247538426698;1.2751700477615158"
1000,150,2,"0.11121007978096213;0.3528758994196056"
1050,1,3,"0.11120311589430619;0.3543247538426698;1.4473283302199798"
1050,2,3,"0.21687569584271582;0.4042822353506476;1.2739979415674532"
1050,3,2,"0.11120297515625689;0.3541482474316027"
1050,4,3,"0.11536076617339165;0.3820954492823004;1.2752547229215734"
1050,5,3,"0.11782908353032825;0.383304028129669;1.2749845386140073"
1050,6,3,"0.18230772809718998;0.3543091035113161;1.2753420806784896"
1050,7,3,"0.11120700171600378;0.3543091035113161;1.2753420806784896"
1050,8,3,"0.11168984206911042;0.3670509572578328;1.2737455789398535"
1050,9,3,"0.11121179157491719;0.3543303154294747;1.3615016915614109"
1050,10,3,"0.1963517969212836;0.5334205768129543;1.2752547229215734"
1050,11,3,"0.11120760032355727;0.352871336627301;1.273612920141743"
1050,12,3,"0.24649919104376058;0.4347277727255766;1.274061957871419"
1050,13,3,"0.111960203231574;0.37377051117865645;1.2752547229215734"
1050,14,3,"0.18244572589419578;0.3541482474316027;1.2748800202562058"
1050,15,3,"0.2169136104414453;0.40428381612258896;1.2737455789398535"
1050,16,3,"0.12479496661209759;0.3948838316735816;1.2752547229215734"
1050,17,3,"0.19764757901749672;0.455207552021291;1.2739979415674532"
1050,18,3,"0.18244572589419578;0.3541482474316027;1.2748800202562058"
1050,19,3,"0.1963517969212836;0.44813615240379634;1.2752547229215734"
1050,20,3,"0.19620406124393644;0.48717905684837143;1.2751700477615158"
1050,21,3,"0.19638960853204393;0.5192205161480108;1.2749845386140073"
1050,22,3,"0.1824683271985635;0.533317867616641;1.2749845386140073"
1050,23,3,"0.11120311589430619;0.3543247538426698;1.3590509617072741"
1050,24,3,"0.11121177333549827;0.35298080478542676;1.3632935002305502"
1050,25,3,"0.21628994707758567;0.4037948172671677;1.2749845386140073"
1050,26,3,"0.21627132699564786;0.40379830335660444;1.2752547229215734"
1050,27,3,"0.19764757901749672;0.5140064157720038;1.2739979415674532"
1050,28,3,"0.21626058886228144;0.4038199291666945;1.2751700477615158"
1050,29,3,"0.12140338829530833;0.387405128767991;1.2753420806784896"
1050,30,3,"0.18344635579806778;0.352871336627301;1.273612920141743"
1050,31,3,"0.18344635579806778;0.352871336627301;1.273612920141743"
1050,32,3,"0.11120700171600378;0.3543091035113161;1.3680065729151434"
1050,33,3,"0.18244572589419578;0.37981332319892824;1.2748800202562058"
1050,34,2,"0.11120760032355727;0.352871336627301"
1050,35,3,"0.11196506816674859;0.3742163819232187;1.2751700477615158"
1050,36,2,"0.11121621601827064;0.3528718331268076"
1050,37,3,"0.19640263496706947;0.5332825405410971;1.2748800202562058"
1050,38,2,"0.11121179157491719;0.3543303154294747"
1050,39,3,"0.18344635579806778;0.352871336627301;1.273612920141743"
1050,40,3,"0.1823446943214839;0.3543303154294747;1.2752547229215734"
1050,41,3,"0.11121177333549827;0.35298080478542676;1.3963537602669673"
1050,42,3,"0.11121621601827064;0.3528718331268076;1.4469204079574327"
1050,43,2,"0.11120297515625689;0.3541482474316027"
1050,44,3,"0.19638960853204393;0.533317867616641;1.2749845386140073"
1050,45,3,"0.11121007978096213;0.3528758994196056;1.2736179688310652"
1050,46,3,"0.11121177333549827;0.35298080478542676;1.3363122085071903"
1050,47,3,"0.18244572589419578;0.512268266243609;1.2748800202562058"
1050,48,3,"0.24649196399060133;0.4337903749054902;1.2753420806784896"
1050,49,3,"0.11120830414537435;0.3529080445790952;1.2737455789398535"
1050,50,3,"0.11120555016983495;0.3542446861443481;1.3083206856532419"
1050,51,3,"0.1293276758534413;0.4348605205065616;1.273612920141743"
1050,52,3,"0.24649196399060133;0.4337903749054902;1.2753420806784896"
1050,53,3,"0.18239086692677142;0.3542446861443481;1.2749845386140073"
1050,54,3,"0.18344635579806778;0.352871336627301;1.273612920141743"
1050,55,3,"0.11120555016983495;0.3542446861443481;1.2749845386140073"
1050,56,3,"0.21626058886228144;0.4038199291666945;1.2751700477615158"
1050,57,3,"0.11121621601827064;0.3528718331268076;1.452352652613235"
1050,58,3,"0.2169208103672707;0.40425026453289326;1.2736179688310652"
1050,59,3,"0.18346257614009812;0.3528758994196056;1.2736179688310652"
1050,60,2,"0.11120555016983495;0.3542446861443481"
1050,61,3,"0.1823446943214839;0.3543303154294747;1.2752547229215734"
1050,62,2,"0.11121179157491719;0.3543303154294747"
1050,63,3,"0.11214757551619897;0.3810449334720365;1.2753420806784896"
1050,64,3,"0.18346257614009812;0.3528758994196056;1.2736179688310652"
1050,65,2,"0.11121621601827064;0.3528718331268076"
1050,66,3,"0.11121179157491719;0.3543303154294747;1.2752547229215734"
1050,67,3,"0.18339761956308565;0.3529080445790952;1.2737455789398535"
1050,68,3,"0.2100979012207222;0.405255198242231;1.2748800202562058"
1050,69,3,"0.1293276758534413;0.42026648952361306;1.273612920141743"
1050,70,2,"0.11121621601827064;0.3547645586995496"
1050,71,3,"0.18344635579806778;0.352871336627301;1.273612920141743"
1050,72,3,"0.11120830414537435;0.3529080445790952;1.2737455789398535"
1050,73,3,"0.11121177333549827;0.35298080478542676;1.4470597779816095"
1050,74,3,"0.11120760032355727;0.352871336627301;1.4471709910604236"
1050,75,3,"0.11120760032355727;0.352871336627301;1.273612920141743"
1050,76,3,"0.11120311589430619;0.3543247538426698;1.2751700477615158"
1050,77,2,"0.11120700171600378;0.3543091035113161"
1050,78,3,"0.18239086692677142;0.3542446861443481;1.2749845386140073"
1050,79,3,"0.18334797377035553;0.35298080478542676;1.2739979415674532"
1050,80,3,"0.11194455880828329;0.3760414349901954;1.274061957871419"
1050,81,3,"0.11120760032355727;0.352871336627301;1.4471709910604236"
1050,82,3,"0.21627132699564786;0.40379830335660444;1.2752547229215734"
1050,83,3,"0.11120297515625689;0.3541482474316027;1.4471326189731901"
1050,84,3,"0.12933748231184744;0.4327191028472765;1.2737455789398535"
1050,85,3,"0.11120311589430619;0.3543247538426698;1.4473283302199798"
1050,86,3,"0.18228048848006104;0.3543247538426698;1.2751700477615158"
1050,87,3,"0.18230772809718998;0.3543091035113161;1.2753420806784896"
1050,88,3,"0.11120830414537435;0.3529080445790952;1.447384024696332"
1050,89,3,"0.18344635579806778;0.352871336627301;1.273612920141743"
1050,90,3,"0.18228048848006104;0.3543247538426698;1.2751700477615158"
1050,91,2,"0.11120311589430619;0.3543247538426698"
1050,92,3,"0.19640263496706947;0.4239861979953981;1.2748800202562058"
1050,93,3,"0.18346257614009812;0.3528758994196056;1.2736179688310652"
1050,94,3,"0.2282863668140271;0.4348605205065616;1.273612920141743"
1050,95,2,"0.11120311589430619;0.3543247538426698"
1050,96,3,"0.18230772809718998;0.3543091035113161;1.2753420806784896"
1050,97,3,"0.18344635579806778;0.352871336627301;1.273612920141743"
1050,98,3,"0.21631992557659213;0.4038234878009832;1.2748800202562058"
1050,99,3,"0.11120311589430619;0.3543247538426698;1.3607629429922459"
1050,100,3,"0.21687569584271582;0.4042822353506476;1.2739979415674532"
1050,101,3,"0.18228048848006104;0.3543247538426698;1.2751700477615158"
1050,102,3,"0.11120555016983495;0.3542446861443481;1.2749845386140073"
1050,103,3,"0.24609169744805495;0.43485813631250736;1.2736179688310652"
1050,104,3,"0.18239086692677142;0.3542446861443481;1.2749845386140073"
1050,105,3,"0.21627132699564786;0.40379830335660444;1.2752547229215734"
1050,106,3,"0.1278679476972437;0.4060944047584635;1.2753420806784896"
1050,107,3,"0.18334797377035553;0.35298080478542676;1.2739979415674532"
1050,108,2,"0.11121179157491719;0.3543303154294747"
1050,109,3,"0.2169136104414453;0.40428381612258896;1.2737455789398535"
1050,110,2,"0.11120830414537435;0.3529080445790952"
1050,111,3,"0.19767468122604892;0.53329695589894;1.2737455789398535"
1050,112,3,"0.19638960853204393;0.45998508393436077;1.2749845386140073"
1050,113,3,"0.11196256223953674;0.37509100383607064;1.2748800202562058"
1050,114,3,"0.18344635579806778;0.352871336627301;1.273612920141743"
1050,115,3,"0.18346257614009812;0.3528758994196056;1.2736179688310652"
1050,116,3,"0.11120297515625689;0.3541482474316027;1.4540515367724272"
1050,117,3,"0.21631992557659213;0.4038234878009832;1.2748800202562058"
1050,118,3,"0.12672044387131084;0.4011172452811555;1.2751700477615158"
1050,119,3,"0.11120297515625689;0.3541482474316027;1.2748800202562058"
1050,120,3,"0.11120297515625689;0.3541482474316027;1.2748800202562058"
1050,121,2,"0.11121177333549827;0.35298080478542676"
1050,122,3,"0.11196270614253023;0.3780322046204502;1.2748800202562058"
1050,123,3,"0.11120700171600378;0.3543091035113161;1.4470233159870738"
1050,124,2,"0.11121177333549827;0.35298080478542676"
1050,125,3,"0.11120760032355727;0.352871336627301;1.273612920141743"
1050,126,3,"0.18344635579806778;0.352871336627301;1.273612920141743"
1050,127,3,"0.11120760032355727;0.352871336627301;1.273612920141743"
1050,128,3,"0.11121007978096213;0.3528758994196056;1.3602876469030067"
1050,129,3,"0.18344635579806778;0.352871336627301;1.273612920141743"
1050,130,3,"0.24605091504677942;0.4348605205065616;1.273612920141743"
1050,131,3,"0.21626058886228144;0.4038199291666945;1.2751700477615158"
1050,132,2,"0.11120297515625689;0.3541482474316027"
1050,133,3,"0.11121179157491719;0.3543303154294747;1.2752547229215734"
1050,134,3,"0.11120555016983495;0.3542446861443481;1.2749845386140073"
1050,135,3,"0.18339761956308565;0.3529080445790952;1.2737455789398535"
1050,136,3,"0.19627128223703957;0.41960625348116637;1.2753420806784896"
1050,137,3,"0.11121179157491719;0.3543303154294747;1.4469040004168516"
1050,138,2,"0.11120830414537435;0.3529080445790952"
1050,139,3,"0.11512254791833562;0.3529080445790952;1.2737455789398535"
1050,140,3,"0.11120700171600378;0.3543091035113161;1.4470233159870738"
1050,141,3,"0.21626646054860516;0.4038378021561319;1.2753420806784896"
1050,142,2,"0.11121179157491719;0.3543303154294747"
1050,143,2,"0.11120311589430619;0.3543247538426698"
1050,144,3,"0.1136975561224922;0.38358086386603757;1.273612920141743"
1050,145,3,"0.11225906030364702;0.3542446861443481;1.2749845386140073"
1050,146,2,"0.11120830414537435;0.3529080445790952"
1050,147,3,"0.18346257614009812;0.3528758994196056;1.2736179688310652"
1050,148,3,"0.18339761956308565;0.3529080445790952;1.2737455789398535"
1050,149,3,"0.11121177333549827;0.35298080478542676;1.3794031885387563"
1050,150,3,"0.12686914935571902;0.40180835283863425;1.2752547229215734"
1100,1,3,"0.19206296556834657;0.5068172978402337;1.2753420806784896"
1100,2,3,"0.1823446943214839;0.3543303154294747;1.2752547229215734"
1100,3,3,"0.11121179157491719;0.3543303154294747;1.2752547229215734"
1100,4,3,"0.11120700171600378;0.3543091035113161;1.2753420806784896"
1100,5,3,"0.11269069233657679;0.3543091035113161;1.2753420806784896"
1100,6,3,"0.21627132699564786;0.40379830335660444;1.2752547229215734"
1100,7,3,"0.11120311589430619;0.3543247538426698;1.3932718070984185"
1100,8,3,"0.11120700171600378;0.3543091035113161;1.4470233159870738"
1100,9,3,"0.11120700171600378;0.3543091035113161;1.3621847779124754"
1100,10,3,"0.2169208103672707;0.40425026453289326;1.2736179688310652"
1100,11,3,"0.13082757162480413;0.4347277727255766;1.274061957871419"
1100,12,3,"0.11120760032355727;0.352871336627301;1.3661420492507033"
1100,13,3,"0.11120311589430619;0.3543247538426698;1.2751700477615158"
1100,14,3,"0.11121179157491719;0.3543303154294747;1.4469040004168516"
1100,15,3,"0.18230772809718998;0.3543091035113161;1.2753420806784896"
1100,16,3,"0.11121007978096213;0.3528758994196056;1.2753420806784896"
1100,17,3,"0.18339761956308565;0.3529080445790952;1.2737455789398535"
1100,18,3,"0.2169114313410063;0.4042518347462029;1.273612920141743"
1100,19,2,"0.11121621601827064;0.3528718331268076"
1100,20,3,"0.21687569584271582;0.4042822353506476;1.2739979415674532"
1100,21,3,"0.18346257614009812;0.3528758994196056;1.2736179688310652"
1100,22,3,"0.1963517969212836;0.40379830335660444;1.2752547229215734"
1100,23,3,"0.11269069233657679;0.3543091035113161;1.2753420806784896"
1100,24,3,"0.11120555016983495;0.3542446861443481;1.2749845386140073"
1100,25,3,"0.11121007978096213;0.3528758994196056;1.2736179688310652"
1100,26,3,"0.11121007978096213;0.3528758994196056;1.325022688009556"
1100,27,3,"0.11120311589430619;0.3543247538426698;1.3306887043956892"
1100,28,3,"0.11120760032355727;0.352871336627301;1.273612920141743"
1100,29,3,"0.19767468122604892;0.40428381612258896;1.2737455789398535"
1100,30,3,"0.11121007978096213;0.3528758994196056;1.3646028577439948"
1100,31,3,"0.19767468122604892;0.40428381612258896;1.2737455789398535"
1100,32,3,"0.11121179157491719;0.3543303154294747;1.4080529850573402"
1100,33,3,"0.19620406124393644;0.4410946885194221;1.2751700477615158"
1100,34,3,"0.18228048848006104;0.3543247538426698;1.2751700477615158"
1100,35,3,"0.11120555016983495;0.3542446861443481;1.374053040487641"
1100,36,3,"0.2169208103672707;0.40425026453289326;1.2736179688310652"
1100,37,3,"0.12914698438497305;0.41504386889314066;1.2736179688310652"
1100,38,3,"0.19772331035987348;0.4042518347462029;1.273612920141743"
1100,39,3,"0.11120700171600378;0.3543091035113161;1.4470233159870738"
1100,40,3,"0.18228048848006104;0.3543247538426698;1.2751700477615158"
1100,41,3,"0.11120760032355727;0.352871336627301;1.3319394856055338"
1100,42,3,"0.18239086692677142;0.3542446861443481;1.2749845386140073"
1100,43,3,"0.19772331035987348;0.4042518347462029;1.273612920141743"
1100,44,3,"0.19640263496706947;0.4038234878009832;1.2748800202562058"
1100,45,3,"0.18346257614009812;0.5145033407478886;1.2736179688310652"
1100,46,3,"0.11123151921804164;0.35938288077070163;1.274061957871419"
1100,47,3,"0.11120700171600378;0.3543091035113161;1.2753420806784896"
1100,48,3,"0.11121177333549827;0.35298080478542676;1.4470597779816095"
1100,49,3,"0.21627132699564786;0.40379830335660444;1.2752547229215734"
1100,50,3,"0.19772331035987348;0.45558458115671063;1.273612920141743"
1100,51,3,"0.18346257614009812;0.3528758994196056;1.2736179688310652"
1100,52,3,"0.1823446943214839;0.3543303154294747;1.2752547229215734"
1100,53,3,"0.18339761956308565;0.3529080445790952;1.2737455789398535"
1100,54,3,"0.11120297515625689;0.3541482474316027;1.4992834835398785"
1100,55,3,"0.1823446943214839;0.3543303154294747;1.2752547229215734"
1100,56,3,"0.11120830414537435;0.3529080445790952;1.2749845386140073"
1100,57,3,"0.18339761956308565;0.3529080445790952;1.2737455789398535"
1100,58,3,"0.18230772809718998;0.3543091035113161;1.2753420806784896"
1100,59,3,"0.11120830414537435;0.3529080445790952;1.2737455789398535"
1100,60,3,"0.18344635579806778;0.352871336627301;1.273612920141743"
1100,61,3,"0.11121007978096213;0.3528758994196056;1.3965491865708608"
1100,62,3,"0.11120555016983495;0.3542446861443481;1.2749845386140073"
1100,63,2,"0.11120311589430619;0.3543247538426698"
1100,64,3,"0.21626058886228144;0.4038199291666945;1.2751700477615158"
1100,65,3,"0.11120311589430619;0.3543247538426698;1.3199871697104235"
1100,66,3,"0.11120311589430619;0.3543247538426698;1.3551793629680948"
1100,67,3,"0.19640263496706947;0.47092120603920873;1.2748800202562058"
1100,68,3,"0.19638960853204393;0.4037948172671677;1.2749845386140073"
1100,69,3,"0.21626058886228144;0.4038199291666945;1.2751700477615158"
1100,70,3,"0.1823446943214839;0.3543303154294747;1.2752547229215734"
1100,71,3,"0.18344635579806778;0.352871336627301;1.273612920141743"
1100,72,3,"0.11121007978096213;0.3528758994196056;1.2736179688310652"
1100,73,2,"0.11120311589430619;0.3543247538426698"
1100,74,3,"0.1963517969212836;0.49581676006666203;1.2752547229215734"
1100,75,3,"0.11121621601827064;0.3528718331268076;1.2690850475606104"
1100,76,3,"0.18228048848006104;0.3543247538426698;1.2751700477615158"
1100,77,3,"0.11120700171600378;0.3543091035113161;1.2753420806784896"
1100,78,3,"0.11121007978096213;0.3528758994196056;1.439886328618601"
1100,79,3,"0.2169136104414453;0.40428381612258896;1.2737455789398535"
1100,80,3,"0.18334797377035553;0.35298080478542676;1.2739979415674532"
1100,81,3,"0.21687569584271582;0.4042822353506476;1.2739979415674532"
1100,82,3,"0.12120210179663807;0.3872298240930936;1.2748800202562058"
1100,83,3,"0.21626058886228144;0.4038199291666945;1.2751700477615158"
1100,84,3,"0.11120760032355727;0.352871336627301;1.2691071573294928"
1100,85,3,"0.11120297515625689;0.3541482474316027;1.2748800202562058"
1100,86,3,"0.21631992557659213;0.4038234878009832;1.2748800202562058"
1100,87,3,"0.19764757901749672;0.45536927640963826;1.2739979415674532"
1100,88,3,"0.18228048848006104;0.3543247538426698;1.2751700477615158"
1100,89,3,"0.18339761956308565;0.3529080445790952;1.2737455789398535"
1100,90,3,"0.18228048848006104;0.3543247538426698;1.2751700477615158"
1100,91,3,"0.11120311589430619;0.3543247538426698;1.2751700477615158"
1100,92,3,"0.11120700171600378;0.3543091035113161;1.371254294096455"
1100,93,3,"0.11121621601827064;0.3528718331268076;1.3723772270386574"
1100,94,3,"0.18230772809718998;0.3543091035113161;1.2753420806784896"
1100,95,3,"0.21628994707758567;0.4037948172671677;1.2749845386140073"
1100,96,3,"0.18244572589419578;0.3541482474316027;1.2748800202562058"
1100,97,3,"0.11120830414537435;0.3529080445790952;1.268983497463763"
1100,98,3,"0.18339761956308565;0.3529080445790952;1.2737455789398535"
1100,99,3,"0.19640263496706947;0.4038234878009832;1.2748800202562058"
1100,100,3,"0.11120311589430619;0.3543247538426698;1.3235420639519613"
1100,101,3,"0.11120700171600378;0.3543091035113161;1.3580219110900802"
1100,102,3,"0.11299770971772016;0.3529080445790952;1.2737455789398535"
1100,103,3,"0.12933666081693682;0.4146282011389055;1.2752547229215734"
1100,104,3,"0.18230772809718998;0.3543091035113161;1.2753420806784896"
1100,105,3,"0.19638960853204393;0.4677208172966937;1.2749845386140073"
1100,106,3,"0.11120700171600378;0.3543091035113161;1.273612920141743"
1100,107,3,"0.18339761956308565;0.3529080445790952;1.2737455789398535"
1100,108,3,"0.18339761956308565;0.3529080445790952;1.2737455789398535"
1100,109,3,"0.11120700171600378;0.3543091035113161;1.3583302829904067"
1100,110,3,"0.18244572589419578;0.3541482474316027;1.2748800202562058"
1100,111,3,"0.11224785363107628;0.38303906462246246;1.273612920141743"
1100,112,3,"0.11120311589430619;0.3543247538426698;1.4473283302199798"
1100,113,3,"0.11120830414537435;0.3529080445790952;1.2737455789398535"
1100,114,3,"0.18244572589419578;0.3541482474316027;1.2748800202562058"
1100,115,3,"0.11120555016983495;0.3542446861443481;1.2697767180432"
1100,116,3,"0.19021556566919767;0.5079017389412714;1.2748800202562058"
1100,117,3,"0.12938612602174307;0.4347277727255766;1.274061957871419"
1100,118,3,"0.19779625053573838;0.40425026453289326;1.2736179688310652"
1100,119,3,"0.18228048848006104;0.3543247538426698;1.2751700477615158"
1100,120,3,"0.18228048848006104;0.3543247538426698;1.2751700477615158"
1100,121,3,"0.11121177333549827;0.354674244455399;1.2748800202562058"
1100,122,3,"0.12207588454655173;0.38867981145361236;1.2749845386140073"
1100,123,3,"0.18230772809718998;0.3543091035113161;1.2753420806784896"
1100,124,3,"0.19764757901749672;0.4042822353506476;1.2739979415674532"
1100,125,3,"0.11121007978096213;0.3528758994196056;1.3553587218290437"
1100,126,3,"0.18334797377035553;0.35298080478542676;1.2739979415674532"
1100,127,3,"0.18228048848006104;0.3543247538426698;1.2751700477615158"
1100,128,3,"0.19767468122604892;0.40428381612258896;1.2737455789398535"
1100,129,3,"0.19779507879673416;0.4042822353506476;1.2739979415674532"
1100,130,3,"0.11120555016983495;0.3542446861443481;1.2739979415674532"
1100,131,3,"0.18344635579806778;0.352871336627301;1.273612920141743"
1100,132,3,"0.12935599953750332;0.43377757309993054;1.2752547229215734"
1100,133,3,"0.11121179157491719;0.3543303154294747;1.2752547229215734"
1100,134,3,"0.11120830414537435;0.3529080445790952;1.2737455789398535"
1100,135,3,"0.11120760032355727;0.352871336627301;1.4757892979746567"
1100,136,3,"0.11121179157491719;0.3543303154294747;1.2752547229215734"
1100,137,3,"0.11120830414537435;0.3529080445790952;1.268983497463763"
1100,138,3,"0.21631992557659213;0.4038234878009832;1.2748800202562058"
1100,139,3,"0.18239086692677142;0.3542446861443481;1.2749845386140073"
1100,140,3,"0.11121177333549827;0.35298080478542676;1.2739979415674532"
1100,141,3,"0.18230772809718998;0.3543091035113161;1.2753420806784896"
1100,142,3,"0.18228048848006104;0.3543247538426698;1.2751700477615158"
1100,143,3,"0.11120760032355727;0.352871336627301;1.2752547229215734"
1100,144,3,"0.11120297515625689;0.3541482474316027;1.2695504786523073"
1100,145,3,"0.11124397809873299;0.3529080445790952;1.2737455789398535"
1100,146,3,"0.21626646054860516;0.4038378021561319;1.2753420806784896"
1100,147,3,"0.1823446943214839;0.3543303154294747;1.2752547229215734"
1100,148,3,"0.19640263496706947;0.4445152840954497;1.2748800202562058"
1100,149,3,"0.2169136104414453;0.40428381612258896;1.2737455789398535"
1100,150,3,"0.2169114313410063;0.4042518347462029;1.273612920141743"
1150,1,3,"0.18346257614009812;0.3528758994196056;1.2736179688310652"
1150,2,3,"0.11120555016983495;0.3542446861443481;1.2697767180432"
1150,3,3,"0.14085593831061965;0.3541482474316027;1.2748800202562058"
1150,4,3,"0.11120311589430619;0.3543247538426698;1.2751700477615158"
1150,5,3,"0.18346257614009812;0.3528758994196056;1.2736179688310652"
1150,6,3,"0.11120297515625689;0.3541482474316027;1.2748800202562058"
1150,7,3,"0.1879198501453521;0.45524237560028885;1.2737455789398535"
1150,8,3,"0.1979510215892003;0.40428381612258896;1.2737455789398535"
1150,9,3,"0.11120555016983495;0.3542446861443481;1.3582446938396324"
1150,10,3,"0.18344635579806778;0.352871336627301;1.273612920141743"
1150,11,3,"0.11121177333549827;0.35298080478542676;1.2739979415674532"
1150,12,3,"0.11120311589430619;0.3543247538426698;1.2736179688310652"
1150,13,3,"0.11120760032355727;0.352871336627301;1.3556535084579053"
1150,14,3,"0.11120311589430619;0.3543247538426698;1.2694513190884449"
1150,15,3,"0.11120830414537435;0.3529080445790952;1.2749845386140073"
1150,16,3,"0.11121177333549827;0.35298080478542676;1.2739979415674532"
1150,17,3,"0.11120297515625689;0.3541482474316027;1.274061957871419"
1150,18,3,"0.11120311589430619;0.3543247538426698;1.2736179688310652"
1150,19,3,"0.11120830414537435;0.3529080445790952;1.3077402217778549"
1150,20,3,"0.21626646054860516;0.4038378021561319;1.2753420806784896"
1150,21,3,"0.11120700171600378;0.3543091035113161;1.2753420806784896"
1150,22,3,"0.11120760032355727;0.352871336627301;1.273612920141743"
1150,23,3,"0.18334797377035553;0.35298080478542676;1.2739979415674532"
1150,24,3,"0.11121179157491719;0.3543303154294747;1.269558784846346"
1150,25,3,"0.11121177333549827;0.35298080478542676;1.2739979415674532"
1150,26,3,"0.19772331035987348;0.41942192257363176;1.273612920141743"
1150,27,3,"0.18344635579806778;0.352871336627301;1.273612920141743"
1150,28,3,"0.11121177333549827;0.35298080478542676;1.355641904859156"
1150,29,3,"0.11121179157491719;0.3543303154294747;1.2737455789398535"
1150,30,3,"0.11121007978096213;0.3528758994196056;1.2693425261506224"
1150,31,3,"0.11204819576626902;0.38229984511569964;1.2736179688310652"
1150,32,3,"0.12933748231184744;0.40428381612258896;1.2737455789398535"
1150,33,3,"0.19772331035987348;0.4042518347462029;1.273612920141743"
1150,34,3,"0.18339761956308565;0.3529080445790952;1.2737455789398535"
1150,35,3,"0.11120555016983495;0.3542446861443481;1.3385681507009746"
1150,36,3,"0.19779625053573838;0.40425026453289326;1.2736179688310652"
1150,37,3,"0.1823446943214839;0.3543303154294747;1.2752547229215734"
1150,38,3,"0.19627128223703957;0.4038378021561319;1.2753420806784896"
1150,39,3,"0.1273963118765522;0.4042518347462029;1.273612920141743"
1150,40,3,"0.11121621601827064;0.3528718331268076;1.2751700477615158"
1150,41,3,"0.11901347501555443;0.38424045946711044;1.2753420806784896"
1150,42,3,"0.18228048848006104;0.3543247538426698;1.2751700477615158"
1150,43,3,"0.11120700171600378;0.3543091035113161;1.2753420806784896"
1150,44,3,"0.11121179157491719;0.3543303154294747;1.2737455789398535"
1150,45,3,"0.11120311589430619;0.3543247538426698;1.2751700477615158"
1150,46,3,"0.11689118282869174;0.382657586545603;1.2752547229215734"
1150,47,3,"0.11121621601827064;0.3528718331268076;1.2690850475606104"
1150,48,3,"0.11120311589430619;0.3543247538426698;1.2736179688310652"
1150,49,3,"0.1823446943214839;0.3543303154294747;1.2752547229215734"
1150,50,3,"0.19638960853204393;0.4037948172671677;1.2749845386140073"
1150,51,3,"0.18339761956308565;0.3529080445790952;1.2737455789398535"
1150,52,3,"0.18339761956308565;0.3529080445790952;1.2737455789398535"
1150,53,3,"0.2169114313410063;0.4042518347462029;1.273612920141743"
1150,54,3,"0.11120760032355727;0.352871336627301;1.273612920141743"
1150,55,3,"0.18230772809718998;0.3543091035113161;1.2753420806784896"
1150,56,3,"0.11120311589430619;0.3543247538426698;1.2751700477615158"
1150,57,3,"0.19772331035987348;0.4042518347462029;1.273612920141743"
1150,58,3,"0.18228048848006104;0.3543247538426698;1.2751700477615158"
1150,59,3,"0.1823446943214839;0.3543303154294747;1.2752547229215734"
1150,60,3,"0.21626058886228144;0.4038199291666945;1.2751700477615158"
1150,61,3,"0.1228645610172231;0.3916252548003789;1.2739979415674532"
1150,62,3,"0.18339761956308565;0.3529080445790952;1.2737455789398535"
1150,63,3,"0.11120760032355727;0.352871336627301;1.2752547229215734"
1150,64,3,"0.11120760032355727;0.352871336627301;1.3350799444414967"
1150,65,3,"0.18230772809718998;0.3543091035113161;1.2753420806784896"
1150,66,3,"0.11121007978096213;0.3528758994196056;1.2753420806784896"
1150,67,3,"0.14405869629959278;0.3528758994196056;1.2736179688310652"
1150,68,3,"0.11121177333549827;0.35298080478542676;1.2739979415674532"
1150,69,3,"0.11120297515625689;0.3541482474316027;1.2748800202562058"
1150,70,3,"0.11120555016983495;0.3542446861443481;1.2739979415674532"
1150,71,3,"0.11120700171600378;0.3543091035113161;1.273612920141743"
1150,72,3,"0.18339761956308565;0.3529080445790952;1.2737455789398535"
1150,73,3,"0.18346257614009812;0.3528758994196056;1.2736179688310652"
1150,74,3,"0.1823446943214839;0.3543303154294747;1.2752547229215734"
1150,75,3,"0.11120700171600378;0.3543091035113161;1.2694452920066943"
1150,76,3,"0.2169136104414453;0.40428381612258896;1.2737455789398535"
1150,77,3,"0.19767468122604892;0.40428381612258896;1.2737455789398535"
1150,78,3,"0.11121179157491719;0.3543303154294747;1.2752547229215734"
1150,79,3,"0.11121179157491719;0.3543303154294747;1.38115384109964"
1150,80,3,"0.19640263496706947;0.4038234878009832;1.2748800202562058"
1150,81,3,"0.11207651405027717;0.3823165484457361;1.2739979415674532"
1150,82,3,"0.11120297515625689;0.3541482474316027;1.3614261217195431"
1150,83,3,"0.11120700171600378;0.3543091035113161;1.2694452920066943"
1150,84,3,"0.11121007978096213;0.3528758994196056;1.2736179688310652"
1150,85,3,"0.11196313407384306;0.3764835539689721;1.2749845386140073"
1150,86,3,"0.18346257614009812;0.3528758994196056;1.2736179688310652"
1150,87,3,"0.21627132699564786;0.40379830335660444;1.2752547229215734"
1150,88,3,"0.18239086692677142;0.3542446861443481;1.2749845386140073"
1150,89,3,"0.19640263496706947;0.4239861979953981;1.2748800202562058"
1150,90,3,"0.11120311589430619;0.3543247538426698;1.2751700477615158"
1150,91,3,"0.11121007978096213;0.3528758994196056;1.2736179688310652"
1150,92,3,"0.18344635579806778;0.352871336627301;1.273612920141743"
1150,93,3,"0.11198308059382542;0.38155845108008773;1.2736179688310652"
1150,94,3,"0.12936935987434223;0.4038378021561319;1.2753420806784896"
1150,95,3,"0.11120700171600378;0.3543091035113161;1.273612920141743"
1150,96,3,"0.12258978619764314;0.3912211850860901;1.2736179688310652"
1150,97,3,"0.18346257614009812;0.3528758994196056;1.2736179688310652"
1150,98,3,"0.18346257614009812;0.3528758994196056;1.2736179688310652"
1150,99,3,"0.11121007978096213;0.3528758994196056;1.2753420806784896"
1150,100,3,"0.11120555016983495;0.3542446861443481;1.2749845386140073"
1150,101,3,"0.18244572589419578;0.3541482474316027;1.2748800202562058"
1150,102,3,"0.18239086692677142;0.3542446861443481;1.2749845386140073"
1150,103,3,"0.18339761956308565;0.3529080445790952;1.2737455789398535"
1150,104,3,"0.11846337608578575;0.38365743830268917;1.2751700477615158"
1150,105,3,"0.19627128223703957;0.45440469942446854;1.2753420806784896"
1150,106,3,"0.11120760032355727;0.352871336627301;1.361088009373788"
1150,107,3,"0.18230772809718998;0.3543091035113161;1.2753420806784896"
1150,108,3,"0.11120555016983495;0.3542446861443481;1.3032698512170804"
1150,109,3,"0.11120297515625689;0.3541482474316027;1.2748800202562058"
1150,110,3,"0.1963517969212836;0.40379830335660444;1.2752547229215734"
1150,111,3,"0.11121621601827064;0.3528718331268076;1.3276483878607126"
1150,112,3,"0.18334797377035553;0.35298080478542676;1.2739979415674532"
1150,113,3,"0.1823446943214839;0.3543303154294747;1.2752547229215734"
1150,114,3,"0.1963517969212836;0.40379830335660444;1.2752547229215734"
1150,115,3,"0.11120555016983495;0.3542446861443481;1.2749845386140073"
1150,116,3,"0.11120700171600378;0.3543091035113161;1.273612920141743"
1150,117,3,"0.11121621601827064;0.3528718331268076;1.2690850475606104"
1150,118,3,"0.11120555016983495;0.3542446861443481;1.2749845386140073"
1150,119,3,"0.18344635579806778;0.352871336627301;1.273612920141743"
1150,120,3,"0.21626058886228144;0.4038199291666945;1.2751700477615158"
1150,121,3,"0.18244572589419578;0.3541482474316027;1.2748800202562058"
1150,122,3,"0.11120700171600378;0.3543091035113161;1.2694452920066943"
1150,123,3,"0.18228048848006104;0.3543247538426698;1.2751700477615158"
1150,124,3,"0.11120297515625689;0.3541482474316027;1.2695504786523073"
1150,125,3,"0.11196585295926308;0.37796413716219396;1.2751700477615158"
1150,126,3,"0.11120311589430619;0.3543247538426698;1.2751700477615158"
1150,127,3,"0.21631992557659213;0.4038234878009832;1.2748800202562058"
1150,128,3,"0.21627132699564786;0.40379830335660444;1.2752547229215734"
1150,129,3,"0.11120760032355727;0.352871336627301;1.353320929659273"
1150,130,3,"0.11120311589430619;0.3543247538426698;1.2751700477615158"
1150,131,3,"0.18239086692677142;0.3542446861443481;1.2749845386140073"
1150,132,3,"0.11120311589430619;0.3543247538426698;1.2694513190884449"
1150,133,3,"0.11121007978096213;0.3528758994196056;1.2693425261506224"
1150,134,3,"0.1823446943214839;0.3543303154294747;1.2752547229215734"
1150,135,3,"0.11366974941649917;0.3542446861443481;1.2749845386140073"
1150,136,3,"0.11121179157491719;0.3543303154294747;1.2752547229215734"
1150,137,3,"0.11120830414537435;0.3529080445790952;1.2749845386140073"
1150,138,3,"0.18230772809718998;0.3543091035113161;1.2753420806784896"
1150,139,3,"0.1293611228508952;0.4038199291666945;1.2751700477615158"
1150,140,3,"0.11120555016983495;0.3542446861443481;1.2697767180432"
1150,141,3,"0.11121177333549827;0.35298080478542676;1.2739979415674532"
1150,142,3,"0.18244572589419578;0.3541482474316027;1.2748800202562058"
1150,143,3,"0.11120297515625689;0.3541482474316027;1.2748800202562058"
1150,144,3,"0.11120700171600378;0.3543091035113161;1.2753420806784896"
1150,145,3,"0.11120555016983495;0.3542446861443481;1.3505106757341165"
1150,146,3,"0.11641757520166024;0.38392522357588393;1.2739979415674532"
1150,147,3,"0.1113708778477261;0.3543091035113161;1.2753420806784896"
1150,148,3,"0.18334797377035553;0.35298080478542676;1.2739979415674532"
1150,149,3,"0.11121177333549827;0.35298080478542676;1.2739979415674532"
1150,150,3,"0.19627128223703957;0.4038378021561319;1.2753420806784896"
1200,1,3,"0.11120555016983495;0.3542446861443481;1.2749845386140073"
1200,2,3,"0.11120760032355727;0.352871336627301;1.2691071573294928"
1200,3,3,"0.18334797377035553;0.35298080478542676;1.2739979415674532"
1200,4,3,"0.11120830414537435;0.3529080445790952;1.268983497463763"
1200,5,3,"0.21627132699564786;0.40379830335660444;1.2752547229215734"
1200,6,3,"0.11365055910968183;0.38363955578604536;1.2736179688310652"
1200,7,3,"0.11121177333549827;0.35298080478542676;1.2739979415674532"
1200,8,3,"0.11120311589430619;0.3543247538426698;1.2736179688310652"
1200,9,3,"0.13003502629865196;0.3528758994196056;1.2736179688310652"
1200,10,3,"0.19779625053573838;0.40425026453289326;1.2736179688310652"
1200,11,3,"0.11120555016983495;0.3542446861443481;1.2749845386140073"
1200,12,3,"0.11120311589430619;0.3543247538426698;1.2694513190884449"
1200,13,3,"0.11120760032355727;0.352871336627301;1.273612920141743"
1200,14,3,"0.18244572589419578;0.3541482474316027;1.2748800202562058"
1200,15,3,"0.11120830414537435;0.3529080445790952;1.2737455789398535"
1200,16,3,"0.11121177333549827;0.35298080478542676;1.2739979415674532"
1200,17,3,"0.11121007978096213;0.3528758994196056;1.2736179688310652"
1200,18,3,"0.18230772809718998;0.3543091035113161;1.2753420806784896"
1200,19,3,"0.19767468122604892;0.40428381612258896;1.2737455789398535"
1200,20,3,"0.18344635579806778;0.352871336627301;1.273612920141743"
1200,21,3,"0.11121621601827064;0.3528718331268076;1.2690850475606104"
1200,22,3,"0.11121007978096213;0.3528758994196056;1.2736179688310652"
1200,23,3,"0.11121621601827064;0.3528718331268076;1.2751700477615158"
1200,24,3,"0.11120297515625689;0.3541482474316027;1.2748800202562058"
1200,25,3,"0.18346257614009812;0.3528758994196056;1.2736179688310652"
1200,26,3,"0.18244572589419578;0.3541482474316027;1.2748800202562058"
1200,27,3,"0.19779625053573838;0.40425026453289326;1.2736179688310652"
1200,28,3,"0.18228048848006104;0.3543247538426698;1.2751700477615158"
1200,29,3,"0.18230772809718998;0.3543091035113161;1.2753420806784896"
1200,30,3,"0.11120700171600378;0.3543091035113161;1.2753420806784896"
1200,31,3,"0.18244572589419578;0.3541482474316027;1.2748800202562058"
1200,32,3,"0.18346257614009812;0.3528758994196056;1.2736179688310652"
1200,33,3,"0.11969893047728537;0.386676511519411;1.2736179688310652"
1200,34,3,"0.18239086692677142;0.3542446861443481;1.2749845386140073"
1200,35,3,"0.18346257614009812;0.3528758994196056;1.2736179688310652"
1200,36,3,"0.11120555016983495;0.3542446861443481;1.2739979415674532"
1200,37,3,"0.11120311589430619;0.3543247538426698;1.2751700477615158"
1200,38,3,"0.11120311589430619;0.3543247538426698;1.2751700477615158"
1200,39,3,"0.18339761956308565;0.3529080445790952;1.2737455789398535"
1200,40,3,"0.11120555016983495;0.3542446861443481;1.2749845386140073"
1200,41,3,"0.18334797377035553;0.35298080478542676;1.2739979415674532"
1200,42,3,"0.11958797586060338;0.38634167900274596;1.274061957871419"
1200,43,3,"0.18346257614009812;0.3528758994196056;1.2736179688310652"
1200,44,3,"0.11120311589430619;0.3543247538426698;1.2736179688310652"
1200,45,3,"0.19638960853204393;0.4037948172671677;1.2749845386140073"
1200,46,3,"0.11120555016983495;0.3542446861443481;1.288215848674336"
1200,47,3,"0.21626058886228144;0.4038199291666945;1.2751700477615158"
1200,48,3,"0.11120830414537435;0.3529080445790952;1.268983497463763"
1200,49,3,"0.1293276758534413;0.4042518347462029;1.273612920141743"
1200,50,3,"0.11120700171600378;0.3543091035113161;1.273612920141743"
1200,51,3,"0.11120700171600378;0.3543091035113161;1.2753420806784896"
1200,52,3,"0.18344635579806778;0.352871336627301;1.273612920141743"
1200,53,3,"0.18228048848006104;0.3543247538426698;1.2751700477615158"
1200,54,3,"0.18614223283786135;0.40425026453289326;1.2736179688310652"
1200,55,3,"0.11120297515625689;0.3541482474316027;1.2748800202562058"
1200,56,3,"0.21631992557659213;0.4038234878009832;1.2748800202562058"
1200,57,3,"0.18239086692677142;0.3542446861443481;1.2749845386140073"
1200,58,3,"0.11120830414537435;0.3529080445790952;1.268983497463763"
1200,59,3,"0.19772331035987348;0.4042518347462029;1.273612920141743"
1200,60,3,"0.11120311589430619;0.3543247538426698;1.2751700477615158"
1200,61,3,"0.1963517969212836;0.40379830335660444;1.2752547229215734"
1200,62,3,"0.11121179157491719;0.3543303154294747;1.269558784846346"
1200,63,3,"0.11120297515625689;0.3541482474316027;1.2695504786523073"
1200,64,3,"0.11120700171600378;0.3543091035113161;1.273612920141743"
1200,65,3,"0.11120297515625689;0.3541482474316027;1.2748800202562058"
1200,66,3,"0.11121177333549827;0.35298080478542676;1.2739979415674532"
1200,67,3,"0.19627128223703957;0.4038378021561319;1.2753420806784896"
1200,68,3,"0.11120297515625689;0.3541482474316027;1.274061957871419"
1200,69,3,"0.11120760032355727;0.352871336627301;1.273612920141743"
1200,70,3,"0.18230772809718998;0.3543091035113161;1.2753420806784896"
1200,71,3,"0.11120830414537435;0.3529080445790952;1.2737455789398535"
1200,72,3,"0.11121177333549827;0.35298080478542676;1.310035900649913"
1200,73,3,"0.11120555016983495;0.3542446861443481;1.2749845386140073"
1200,74,3,"0.18339761956308565;0.3529080445790952;1.2737455789398535"
1200,75,3,"0.11121621601827064;0.3528718331268076;1.2751700477615158"
1200,76,3,"0.18339761956308565;0.3529080445790952;1.2737455789398535"
1200,77,3,"0.19627128223703957;0.4038378021561319;1.2753420806784896"
1200,78,3,"0.11120555016983495;0.3542446861443481;1.2697767180432"
1200,79,3,"0.19627128223703957;0.4038378021561319;1.2753420806784896"
1200,80,3,"0.1293363285160547;0.4042106378234037;1.274061957871419"
1200,81,3,"0.18334797377035553;0.35298080478542676;1.2739979415674532"
1200,82,3,"0.11120760032355727;0.352871336627301;1.273612920141743"
1200,83,3,"0.1963517969212836;0.40379830335660444;1.2752547229215734"
1200,84,3,"0.11121177333549827;0.35298080478542676;1.2739979415674532"
1200,85,3,"0.11120555016983495;0.3542446861443481;1.2697767180432"
1200,86,3,"0.18228048848006104;0.3543247538426698;1.2751700477615158"
1200,87,3,"0.12949218121539696;0.4042518347462029;1.273612920141743"
1200,88,3,"0.11120830414537435;0.3529080445790952;1.268983497463763"
1200,89,3,"0.19638960853204393;0.4037948172671677;1.2749845386140073"
1200,90,3,"0.12488153289530061;0.39517892921862535;1.2749845386140073"
1200,91,3,"0.11121007978096213;0.3528758994196056;1.2736179688310652"
1200,92,3,"0.12877763168717613;0.4042822353506476;1.2739979415674532"
1200,93,3,"0.11120760032355727;0.352871336627301;1.2752547229215734"
1200,94,3,"0.21626646054860516;0.4038378021561319;1.2753420806784896"
1200,95,3,"0.19638960853204393;0.4037948172671677;1.2749845386140073"
1200,96,3,"0.19764757901749672;0.4042822353506476;1.2739979415674532"
1200,97,3,"0.18339761956308565;0.3529080445790952;1.2737455789398535"
1200,98,3,"0.11121177333549827;0.35298080478542676;1.2739979415674532"
1200,99,3,"0.11120297515625689;0.3541482474316027;1.2748800202562058"
1200,100,3,"0.11120311589430619;0.3543247538426698;1.2751700477615158"
1200,101,3,"0.11121621601827064;0.3528718331268076;1.274641918889926"
1200,102,3,"0.11121179157491719;0.3543303154294747;1.269558784846346"
1200,103,3,"0.18228048848006104;0.3543247538426698;1.2751700477615158"
1200,104,3,"0.11121621601827064;0.3528718331268076;1.2751700477615158"
1200,105,3,"0.11121177333549827;0.35298080478542676;1.2739979415674532"
1200,106,3,"0.18239086692677142;0.3542446861443481;1.2749845386140073"
1200,107,3,"0.2169114313410063;0.4042518347462029;1.273612920141743"
1200,108,3,"0.12082494336309339;0.38644336993985356;1.2751700477615158"
1200,109,3,"0.18344635579806778;0.352871336627301;1.273612920141743"
1200,110,3,"0.18334797377035553;0.35298080478542676;1.2739979415674532"
1200,111,3,"0.11120700171600378;0.3543091035113161;1.2694452920066943"
1200,112,3,"0.11120311589430619;0.3543247538426698;1.2736179688310652"
1200,113,3,"0.11121621601827064;0.3528718331268076;1.2751700477615158"
1200,114,3,"0.18339761956308565;0.41001413142673837;1.2737455789398535"
1200,115,3,"0.18344635579806778;0.352871336627301;1.273612920141743"
1200,116,3,"0.11120830414537435;0.3529080445790952;1.2749845386140073"
1200,117,3,"0.18339761956308565;0.3529080445790952;1.2737455789398535"
1200,118,3,"0.11120830414537435;0.3529080445790952;1.268983497463763"
1200,119,3,"0.11121177333549827;0.35298080478542676;1.2748800202562058"
1200,120,3,"0.21627132699564786;0.40379830335660444;1.2752547229215734"
1200,121,3,"0.11120760032355727;0.352871336627301;1.2752547229215734"
1200,122,3,"0.11121007978096213;0.3528758994196056;1.2736179688310652"
1200,123,3,"0.19779625053573838;0.40425026453289326;1.2736179688310652"
1200,124,3,"0.11120830414537435;0.3529080445790952;1.2737455789398535"
1200,125,3,"0.11135404220411632;0.3617261708561474;1.2737455789398535"
1200,126,3,"0.11121177333549827;0.35298080478542676;1.2689961466246344"
1200,127,3,"0.21687569584271582;0.4042822353506476;1.2739979415674532"
1200,128,3,"0.11121007978096213;0.3528758994196056;1.2753420806784896"
1200,129,3,"0.18228048848006104;0.3543247538426698;1.2751700477615158"
1200,130,3,"0.11120311589430619;0.3543247538426698;1.2751700477615158"
1200,131,3,"0.11120830414537435;0.3529080445790952;1.2749845386140073"
1200,132,3,"0.1823446943214839;0.3543303154294747;1.2752547229215734"
1200,133,3,"0.1823446943214839;0.3543303154294747;1.2752547229215734"
1200,134,3,"0.18344635579806778;0.352871336627301;1.273612920141743"
1200,135,3,"0.19767468122604892;0.40428381612258896;1.2737455789398535"
1200,136,3,"0.18344635579806778;0.352871336627301;1.273612920141743"
1200,137,3,"0.21628994707758567;0.4037948172671677;1.2749845386140073"
1200,138,3,"0.11120311589430619;0.3543247538426698;1.2998202249264617"
1200,139,3,"0.11120311589430619;0.3543247538426698;1.2694513190884449"
1200,140,3,"0.18228048848006104;0.3543247538426698;1.2751700477615158"
1200,141,3,"0.18230772809718998;0.3543091035113161;1.2753420806784896"
1200,142,3,"0.11121621601827064;0.3528718331268076;1.2751700477615158"
1200,143,3,"0.18344635579806778;0.352871336627301;1.273612920141743"
1200,144,3,"0.11121177333549827;0.35298080478542676;1.2748800202562058"
1200,145,3,"0.18230772809718998;0.3543091035113161;1.2753420806784896"
1200,146,3,"0.18346257614009812;0.3528758994196056;1.2736179688310652"
1200,147,3,"0.11120311589430619;0.3543247538426698;1.2751700477615158"
1200,148,3,"0.11120700171600378;0.3543091035113161;1.273612920141743"
1200,149,3,"0.11120311589430619;0.3543247538426698;1.2751700477615158"
1200,150,3,"0.12935599953750332;0.40379830335660444;1.2752547229215734"
1250,1,3,"0.12936935987434223;0.4038378021561319;1.2753420806784896"
1250,2,3,"0.18334797377035553;0.35298080478542676;1.2739979415674532"
1250,3,3,"0.11120297515625689;0.3541482474316027;1.2695504786523073"
1250,4,3,"0.11120830414537435;0.3529080445790952;1.2737455789398535"
1250,5,3,"0.19764757901749672;0.4042822353506476;1.2739979415674532"
1250,6,3,"0.19640263496706947;0.4038234878009832;1.2748800202562058"
1250,7,3,"0.18344635579806778;0.352871336627301;1.273612920141743"
1250,8,3,"0.19767468122604892;0.40428381612258896;1.2737455789398535"
1250,9,3,"0.18344635579806778;0.352871336627301;1.273612920141743"
1250,10,3,"0.11121007978096213;0.3528758994196056;1.2736179688310652"
1250,11,3,"0.11121177333549827;0.35298080478542676;1.2739979415674532"
1250,12,3,"0.18228048848006104;0.3543247538426698;1.2751700477615158"
1250,13,3,"0.18339761956308565;0.3529080445790952;1.2737455789398535"
1250,14,3,"0.11120760032355727;0.352871336627301;1.273612920141743"
1250,15,3,"0.19627128223703957;0.4038378021561319;1.2753420806784896"
1250,16,3,"0.12608005743582903;0.39889420219419763;1.2752547229215734"
1250,17,3,"0.11120830414537435;0.3529080445790952;1.2737455789398535"
1250,18,3,"0.11120700171600378;0.3543091035113161;1.2753420806784896"
1250,19,3,"0.1963517969212836;0.40379830335660444;1.2752547229215734"
1250,20,3,"0.18228048848006104;0.3543247538426698;1.2751700477615158"
1250,21,3,"0.11120760032355727;0.352871336627301;1.273612920141743"
1250,22,3,"0.111960203231574;0.37377051117865645;1.2752547229215734"
1250,23,3,"0.11121177333549827;0.35298080478542676;1.2748800202562058"
1250,24,3,"0.11121177333549827;0.35298080478542676;1.2689961466246344"
1250,25,3,"0.11120555016983495;0.3542446861443481;1.2739979415674532"
1250,26,3,"0.19640263496706947;0.4038234878009832;1.2748800202562058"
1250,27,3,"0.18239086692677142;0.3542446861443481;1.2749845386140073"
1250,28,3,"0.11120760032355727;0.352871336627301;1.2752547229215734"
1250,29,3,"0.11121007978096213;0.3528758994196056;1.2693425261506224"
1250,30,3,"0.11250414651800072;0.3817122809211191;1.2753420806784896"
1250,31,3,"0.19772331035987348;0.4042518347462029;1.273612920141743"
1250,32,3,"0.11120830414537435;0.3529080445790952;1.268983497463763"
1250,33,3,"0.18344635579806778;0.352871336627301;1.273612920141743"
1250,34,3,"0.19764757901749672;0.4042822353506476;1.2739979415674532"
1250,35,3,"0.18344635579806778;0.352871336627301;1.273612920141743"
1250,36,3,"0.1823446943214839;0.3543303154294747;1.2752547229215734"
1250,37,3,"0.19640263496706947;0.4038234878009832;1.2748800202562058"
1250,38,3,"0.1119644039332058;0.3752932945660805;1.2753420806784896"
1250,39,3,"0.11121007978096213;0.3528758994196056;1.2736179688310652"
1250,40,3,"0.11121177333549827;0.35298080478542676;1.2739979415674532"
1250,41,3,"0.11121179157491719;0.3543303154294747;1.2752547229215734"
1250,42,3,"0.19638960853204393;0.4037948172671677;1.2749845386140073"
1250,43,3,"0.19764757901749672;0.4042822353506476;1.2739979415674532"
1250,44,3,"0.19620406124393644;0.4038199291666945;1.2751700477615158"
1250,45,3,"0.18344635579806778;0.352871336627301;1.273612920141743"
1250,46,3,"0.18230772809718998;0.3543091035113161;1.2753420806784896"
1250,47,3,"0.11120555016983495;0.3542446861443481;1.2749845386140073"
1250,48,3,"0.11495591749445072;0.38197044304587763;1.2753420806784896"
1250,49,3,"0.11121621601827064;0.3528718331268076;1.2690850475606104"
1250,50,3,"0.19779625053573838;0.40425026453289326;1.2736179688310652"
1250,51,3,"0.11121007978096213;0.3528758994196056;1.2753420806784896"
1250,52,3,"0.11120297515625689;0.3541482474316027;1.274061957871419"
1250,53,3,"0.11121007978096213;0.3528758994196056;1.2736179688310652"
1250,54,3,"0.18339761956308565;0.3529080445790952;1.2737455789398535"
1250,55,3,"0.11120297515625689;0.3541482474316027;1.2748800202562058"
1250,56,3,"0.19638960853204393;0.4037948172671677;1.2749845386140073"
1250,57,3,"0.11120760032355727;0.352871336627301;1.2752547229215734"
1250,58,3,"0.18230772809718998;0.3543091035113161;1.2753420806784896"
1250,59,3,"0.11120311589430619;0.3543247538426698;1.2751700477615158"
1250,60,3,"0.18239086692677142;0.3542446861443481;1.2749845386140073"
1250,61,3,"0.11121177333549827;0.35298080478542676;1.2689961466246344"
1250,62,3,"0.11121177333549827;0.35298080478542676;1.2739979415674532"
1250,63,3,"0.11120555016983495;0.3542446861443481;1.2739979415674532"
1250,64,3,"0.19627128223703957;0.4038378021561319;1.2753420806784896"
1250,65,3,"0.18228048848006104;0.3543247538426698;1.2751700477615158"
1250,66,3,"0.18339761956308565;0.3529080445790952;1.2737455789398535"
1250,67,3,"0.19640263496706947;0.4038234878009832;1.2748800202562058"
1250,68,3,"0.18344635579806778;0.352871336627301;1.273612920141743"
1250,69,3,"0.11120555016983495;0.3542446861443481;1.2697767180432"
1250,70,3,"0.11120311589430619;0.3543247538426698;1.2694513190884449"
1250,71,3,"0.11120555016983495;0.3542446861443481;1.2697767180432"
1250,72,3,"0.19620406124393644;0.4038199291666945;1.2751700477615158"
1250,73,3,"0.11120311589430619;0.3543247538426698;1.2751700477615158"
1250,74,3,"0.11121007978096213;0.3528758994196056;1.2753420806784896"
1250,75,3,"0.11120830414537435;0.3529080445790952;1.2749845386140073"
1250,76,3,"0.11120555016983495;0.3542446861443481;1.2749845386140073"
1250,77,3,"0.11120311589430619;0.3543247538426698;1.2694513190884449"
1250,78,3,"0.11120311589430619;0.3543247538426698;1.2751700477615158"
1250,79,3,"0.16052179124122185;0.352871336627301;1.273612920141743"
1250,80,3,"0.18346257614009812;0.3528758994196056;1.2736179688310652"
1250,81,3,"0.18228048848006104;0.4038199291666945;1.2751700477615158"
1250,82,3,"0.11120700171600378;0.3543091035113161;1.2753420806784896"
1250,83,3,"0.11120297515625689;0.3541482474316027;1.2748800202562058"
1250,84,3,"0.11121007978096213;0.3528758994196056;1.2753420806784896"
1250,85,3,"0.11120555016983495;0.3542446861443481;1.2697767180432"
1250,86,3,"0.11189527627818863;0.37212486583863774;1.274061957871419"
1250,87,3,"0.18346257614009812;0.3528758994196056;1.2736179688310652"
1250,88,3,"0.18339761956308565;0.3529080445790952;1.2737455789398535"
1250,89,3,"0.18346257614009812;0.3528758994196056;1.2736179688310652"
1250,90,3,"0.18333703894322573;0.4038199291666945;1.2751700477615158"
1250,91,3,"0.19772331035987348;0.4042518347462029;1.273612920141743"
1250,92,3,"0.18244572589419578;0.3541482474316027;1.2748800202562058"
1250,93,3,"0.11120830414537435;0.3529080445790952;1.2749845386140073"
1250,94,3,"0.11121007978096213;0.3528758994196056;1.2753420806784896"
1250,95,3,"0.11502424070071418;0.3834918138299111;1.274061957871419"
1250,96,3,"0.11120830414537435;0.3529080445790952;1.2737455789398535"
1250,97,3,"0.11121007978096213;0.3528758994196056;1.2753420806784896"
1250,98,3,"0.18230772809718998;0.3543091035113161;1.2753420806784896"
1250,99,3,"0.11121177333549827;0.35298080478542676;1.2689961466246344"
1250,100,3,"0.11120297515625689;0.3541482474316027;1.2748800202562058"
1250,101,3,"0.11120297515625689;0.3541482474316027;1.2748800202562058"
1250,102,3,"0.18334797377035553;0.35298080478542676;1.2739979415674532"
1250,103,3,"0.18339761956308565;0.3529080445790952;1.2737455789398535"
1250,104,3,"0.11242420092728371;0.3833672917374228;1.2736179688310652"
1250,105,3,"0.18339761956308565;0.3529080445790952;1.2737455789398535"
1250,106,3,"0.11120311589430619;0.3543247538426698;1.2751700477615158"
1250,107,3,"0.18339761956308565;0.3529080445790952;1.2737455789398535"
1250,108,3,"0.18239086692677142;0.3542446861443481;1.2749845386140073"
1250,109,3,"0.19764757901749672;0.4042822353506476;1.2739979415674532"
1250,110,3,"0.18230772809718998;0.3543091035113161;1.2753420806784896"
1250,111,3,"0.11120830414537435;0.3529080445790952;1.2737455789398535"
1250,112,3,"0.11120760032355727;0.352871336627301;1.2752547229215734"
1250,113,3,"0.11120311589430619;0.3543247538426698;1.2751700477615158"
1250,114,3,"0.11120700171600378;0.3543091035113161;1.2753420806784896"
1250,115,3,"0.19638960853204393;0.4037948172671677;1.2749845386140073"
1250,116,3,"0.11120830414537435;0.3529080445790952;1.2749845386140073"
1250,117,3,"0.11121177333549827;0.35298080478542676;1.2739979415674532"
1250,118,3,"0.18339761956308565;0.3529080445790952;1.2737455789398535"
1250,119,3,"0.11120760032355727;0.352871336627301;1.273612920141743"
1250,120,3,"0.11121179157491719;0.3543303154294747;1.2752547229215734"
1250,121,3,"0.11120830414537435;0.3529080445790952;1.2737455789398535"
1250,122,3,"0.11120700171600378;0.3543091035113161;1.2753420806784896"
1250,123,3,"0.19620406124393644;0.4038199291666945;1.2751700477615158"
1250,124,3,"0.1823446943214839;0.3543303154294747;1.2752547229215734"
1250,125,3,"0.11120830414537435;0.3529080445790952;1.268983497463763"
1250,126,3,"0.11120700171600378;0.3543091035113161;1.2694452920066943"
1250,127,3,"0.11120555016983495;0.3542446861443481;1.2739979415674532"
1250,128,3,"0.18244572589419578;0.3541482474316027;1.2748800202562058"
1250,129,3,"0.11120311589430619;0.3543247538426698;1.2694513190884449"
1250,130,3,"0.18244572589419578;0.3541482474316027;1.2748800202562058"
1250,131,3,"0.11196256223953674;0.3766731751421275;1.2748800202562058"
1250,132,3,"0.18339761956308565;0.3529080445790952;1.2737455789398535"
1250,133,3,"0.1122538098267251;0.3528758994196056;1.2736179688310652"
1250,134,3,"0.19764757901749672;0.4042822353506476;1.2739979415674532"
1250,135,3,"0.18244572589419578;0.3541482474316027;1.2748800202562058"
1250,136,3,"0.11121621601827064;0.3528718331268076;1.2690850475606104"
1250,137,3,"0.11121179157491719;0.3543303154294747;1.2752547229215734"
1250,138,3,"0.18239086692677142;0.3542446861443481;1.2749845386140073"
1250,139,3,"0.11120311589430619;0.3543247538426698;1.2736179688310652"
1250,140,3,"0.11120297515625689;0.3541482474316027;1.2748800202562058"
1250,141,3,"0.18334797377035553;0.35298080478542676;1.2739979415674532"
1250,142,3,"0.11121179157491719;0.3543303154294747;1.2752547229215734"
1250,143,3,"0.19620406124393644;0.4038199291666945;1.2751700477615158"
1250,144,3,"0.18334797377035553;0.35298080478542676;1.2739979415674532"
1250,145,3,"0.11120297515625689;0.3541482474316027;1.2748800202562058"
1250,146,3,"0.11121177333549827;0.35298080478542676;1.2689961466246344"
1250,147,3,"0.18346257614009812;0.40425026453289326;1.2736179688310652"
1250,148,3,"0.19627128223703957;0.4038378021561319;1.2753420806784896"
1250,149,3,"0.18228048848006104;0.3543247538426698;1.2751700477615158"
1250,150,3,"0.11121007978096213;0.3528758994196056;1.2693425261506224"
1300,1,3,"0.11121177333549827;0.35298080478542676;1.2739979415674532"
1300,2,3,"0.18339761956308565;0.3529080445790952;1.2737455789398535"
1300,3,3,"0.18230772809718998;0.3543091035113161;1.2753420806784896"
1300,4,3,"0.11120830414537435;0.3529080445790952;1.2737455789398535"
1300,5,3,"0.11121177333549827;0.35298080478542676;1.2739979415674532"
1300,6,3,"0.11120830414537435;0.3529080445790952;1.2737455789398535"
1300,7,3,"0.11120311589430619;0.3543247538426698;1.2751700477615158"
1300,8,3,"0.18344635579806778;0.352871336627301;1.273612920141743"
1300,9,3,"0.18346257614009812;0.3528758994196056;1.2736179688310652"
1300,10,3,"0.11121177333549827;0.35298080478542676;1.2739979415674532"
1300,11,3,"0.11120830414537435;0.3529080445790952;1.2737455789398535"
1300,12,3,"0.11120555016983495;0.3542446861443481;1.2697767180432"
1300,13,3,"0.11120311589430619;0.3543247538426698;1.2694513190884449"
1300,14,3,"0.11120297515625689;0.3541482474316027;1.274061957871419"
1300,15,3,"0.11120830414537435;0.3529080445790952;1.2737455789398535"
1300,16,3,"0.19779625053573838;0.40425026453289326;1.2736179688310652"
1300,17,3,"0.11120830414537435;0.3529080445790952;1.268983497463763"
1300,18,3,"0.11120700171600378;0.3543091035113161;1.2753420806784896"
1300,19,3,"0.11120297515625689;0.3541482474316027;1.2748800202562058"
1300,20,3,"0.11120700171600378;0.3543091035113161;1.2753420806784896"
1300,21,3,"0.19779625053573838;0.40425026453289326;1.2736179688310652"
1300,22,3,"0.11178118632283407;0.3543091035113161;1.2753420806784896"
1300,23,3,"0.11121177333549827;0.35298080478542676;1.2739979415674532"
1300,24,3,"0.18244572589419578;0.3541482474316027;1.2748800202562058"
1300,25,3,"0.11121179157491719;0.3543303154294747;1.269558784846346"
1300,26,3,"0.11120830414537435;0.3529080445790952;1.2737455789398535"
1300,27,3,"0.11120555016983495;0.3542446861443481;1.2739979415674532"
1300,28,3,"0.11120830414537435;0.3529080445790952;1.2737455789398535"
1300,29,3,"0.11120830414537435;0.3529080445790952;1.2749845386140073"
1300,30,3,"0.11120311589430619;0.3543247538426698;1.2751700477615158"
1300,31,3,"0.19779625053573838;0.40425026453289326;1.2736179688310652"
1300,32,3,"0.11121007978096213;0.3528758994196056;1.2736179688310652"
1300,33,3,"0.11666505286580639;0.3841399146695332;1.273612920141743"
1300,34,3,"0.11121007978096213;0.3528758994196056;1.2753420806784896"
1300,35,3,"0.11121179157491719;0.3543303154294747;1.2752547229215734"
1300,36,3,"0.18244572589419578;0.3541482474316027;1.2748800202562058"
1300,37,3,"0.11120297515625689;0.3541482474316027;1.2748800202562058"
1300,38,3,"0.11121179157491719;0.3543303154294747;1.2752547229215734"
1300,39,3,"0.1823446943214839;0.3543303154294747;1.2752547229215734"
1300,40,3,"0.18244572589419578;0.3541482474316027;1.2748800202562058"
1300,41,3,"0.18346257614009812;0.3528758994196056;1.2736179688310652"
1300,42,3,"0.11120760032355727;0.352871336627301;1.2691071573294928"
1300,43,3,"0.12559184791195852;0.39872292262601916;1.2739979415674532"
1300,44,3,"0.11120700171600378;0.3543091035113161;1.2753420806784896"
1300,45,3,"0.18339761956308565;0.3529080445790952;1.2737455789398535"
1300,46,3,"0.18230772809718998;0.3543091035113161;1.2753420806784896"
1300,47,3,"0.11120297515625689;0.3541482474316027;1.2748800202562058"
1300,48,3,"0.11120700171600378;0.3543091035113161;1.2694452920066943"
1300,49,3,"0.11120311589430619;0.3543247538426698;1.2694513190884449"
1300,50,3,"0.1260092835142477;0.40010422874528245;1.2739979415674532"
1300,51,3,"0.18230772809718998;0.3543091035113161;1.2753420806784896"
1300,52,3,"0.18228048848006104;0.3543247538426698;1.2751700477615158"
1300,53,3,"0.11121007978096213;0.3528758994196056;1.2693425261506224"
1300,54,3,"0.18334797377035553;0.35298080478542676;1.2739979415674532"
1300,55,3,"0.11120555016983495;0.3542446861443481;1.2749845386140073"
1300,56,3,"0.11120760032355727;0.352871336627301;1.2752547229215734"
1300,57,3,"0.11121179157491719;0.3543303154294747;1.2752547229215734"
1300,58,3,"0.11120555016983495;0.3542446861443481;1.2749845386140073"
1300,59,3,"0.19779625053573838;0.40425026453289326;1.2736179688310652"
1300,60,3,"0.11121177333549827;0.35298080478542676;1.2689961466246344"
1300,61,3,"0.11120760032355727;0.352871336627301;1.273612920141743"
1300,62,3,"0.19779625053573838;0.40425026453289326;1.2736179688310652"
1300,63,3,"0.15196740923634527;0.35298080478542676;1.2739979415674532"
1300,64,3,"0.11120700171600378;0.3543091035113161;1.2753420806784896"
1300,65,3,"0.11120297515625689;0.3541482474316027;1.2748800202562058"
1300,66,3,"0.19772331035987348;0.4042518347462029;1.273612920141743"
1300,67,3,"0.11120555016983495;0.3542446861443481;1.2749845386140073"
1300,68,3,"0.11496056907144561;0.38353046459835755;1.2739979415674532"
1300,69,3,"0.11120311589430619;0.3543247538426698;1.2694513190884449"
1300,70,3,"0.18334797377035553;0.35298080478542676;1.2739979415674532"
1300,71,3,"0.11120760032355727;0.352871336627301;1.2691071573294928"
1300,72,3,"0.11120760032355727;0.352871336627301;1.273612920141743"
1300,73,3,"0.1823446943214839;0.3543303154294747;1.2752547229215734"
1300,74,3,"0.1823446943214839;0.3543303154294747;1.2752547229215734"
1300,75,3,"0.11121007978096213;0.3528758994196056;1.2693425261506224"
1300,76,3,"0.11234856659543492;0.3816962272935231;1.2748800202562058"
1300,77,3,"0.11120760032355727;0.352871336627301;1.2691071573294928"
1300,78,3,"0.1823446943214839;0.3543303154294747;1.2752547229215734"
1300,79,3,"0.11121007978096213;0.3528758994196056;1.2736179688310652"
1300,80,3,"0.11120297515625689;0.3541482474316027;1.2748800202562058"
1300,81,3,"0.18344635579806778;0.352871336627301;1.273612920141743"
1300,82,3,"0.11120700171600378;0.3543091035113161;1.2694452920066943"
1300,83,3,"0.11120830414537435;0.3529080445790952;1.2737455789398535"
1300,84,3,"0.18244572589419578;0.3541482474316027;1.2748800202562058"
1300,85,3,"0.18239086692677142;0.3542446861443481;1.2749845386140073"
1300,86,3,"0.11121177333549827;0.35298080478542676;1.2748800202562058"
1300,87,3,"0.11120555016983495;0.3542446861443481;1.2697767180432"
1300,88,3,"0.11120555016983495;0.3542446861443481;1.2739979415674532"
1300,89,3,"0.11120297515625689;0.3541482474316027;1.2695504786523073"
1300,90,3,"0.11121179157491719;0.3543303154294747;1.2752547229215734"
1300,91,3,"0.11121179157491719;0.3543303154294747;1.2752547229215734"
1300,92,3,"0.11120555016983495;0.3542446861443481;1.2697767180432"
1300,93,3,"0.18244572589419578;0.3541482474316027;1.2748800202562058"
1300,94,3,"0.18344635579806778;0.352871336627301;1.273612920141743"
1300,95,3,"0.18334797377035553;0.35298080478542676;1.2739979415674532"
1300,96,3,"0.1823446943214839;0.3543303154294747;1.2752547229215734"
1300,97,3,"0.18228048848006104;0.3543247538426698;1.2751700477615158"
1300,98,3,"0.11120297515625689;0.3541482474316027;1.274061957871419"
1300,99,3,"0.18346257614009812;0.3528758994196056;1.2736179688310652"
1300,100,3,"0.11120555016983495;0.3542446861443481;1.2749845386140073"
1300,101,3,"0.11120555016983495;0.3542446861443481;1.2749845386140073"
1300,102,3,"0.11120311589430619;0.3543247538426698;1.2751700477615158"
1300,103,3,"0.18334797377035553;0.35298080478542676;1.2739979415674532"
1300,104,3,"0.19779625053573838;0.40425026453289326;1.2736179688310652"
1300,105,3,"0.11120700171600378;0.3543091035113161;1.2753420806784896"
1300,106,3,"0.18339761956308565;0.3529080445790952;1.2737455789398535"
1300,107,3,"0.12935599953750332;0.40379830335660444;1.2752547229215734"
1300,108,3,"0.11120830414537435;0.3529080445790952;1.268983497463763"
1300,109,3,"0.1303497685890387;0.4038199291666945;1.2751700477615158"
1300,110,3,"0.18239086692677142;0.3542446861443481;1.2749845386140073"
1300,111,3,"0.11121179157491719;0.3543303154294747;1.2752547229215734"
1300,112,3,"0.11120555016983495;0.3542446861443481;1.2749845386140073"
1300,113,3,"0.18239086692677142;0.3542446861443481;1.2749845386140073"
1300,114,3,"0.11190372249653856;0.3727180738646939;1.273612920141743"
1300,115,3,"0.11120311589430619;0.3543247538426698;1.2751700477615158"
1300,116,3,"0.1145808430232967;0.38354369061498306;1.2737455789398535"
1300,117,3,"0.19640263496706947;0.4038234878009832;1.2748800202562058"
1300,118,3,"0.11120830414537435;0.3529080445790952;1.2737455789398535"
1300,119,3,"0.11121177333549827;0.35298080478542676;1.2739979415674532"
1300,120,3,"0.19627128223703957;0.4038378021561319;1.2753420806784896"
1300,121,3,"0.18344635579806778;0.352871336627301;1.273612920141743"
1300,122,3,"0.11120760032355727;0.352871336627301;1.2691071573294928"
1300,123,3,"0.11120700171600378;0.3543091035113161;1.2694452920066943"
1300,124,3,"0.19764757901749672;0.4042822353506476;1.2739979415674532"
1300,125,3,"0.18228048848006104;0.3543247538426698;1.2751700477615158"
1300,126,3,"0.18230772809718998;0.3543091035113161;1.2753420806784896"
1300,127,3,"0.11120700171600378;0.3543091035113161;1.2694452920066943"
1300,128,3,"0.11121007978096213;0.3528758994196056;1.2753420806784896"
1300,129,3,"0.18334797377035553;0.35298080478542676;1.2739979415674532"
1300,130,3,"0.19640263496706947;0.4038234878009832;1.2748800202562058"
1300,131,3,"0.11157911297206823;0.36356565745524805;1.2752547229215734"
1300,132,3,"0.11121179157491719;0.3543303154294747;1.269558784846346"
1300,133,3,"0.11121179157491719;0.3543303154294747;1.269558784846346"
1300,134,3,"0.12825095469519235;0.40379830335660444;1.2752547229215734"
1300,135,3,"0.1823446943214839;0.3543303154294747;1.2752547229215734"
1300,136,3,"0.11121621601827064;0.3528718331268076;1.2751700477615158"
1300,137,3,"0.11120760032355727;0.352871336627301;1.273612920141743"
1300,138,3,"0.11123746819136456;0.3543247538426698;1.2751700477615158"
1300,139,3,"0.1823446943214839;0.3543303154294747;1.2752547229215734"
1300,140,3,"0.18230772809718998;0.3543091035113161;1.2753420806784896"
1300,141,3,"0.18244572589419578;0.3541482474316027;1.2748800202562058"
1300,142,3,"0.18344635579806778;0.352871336627301;1.273612920141743"
1300,143,3,"0.11120760032355727;0.352871336627301;1.2691071573294928"
1300,144,3,"0.11134281118751396;0.3601230193193168;1.2748800202562058"
1300,145,3,"0.11121007978096213;0.3528758994196056;1.2736179688310652"
1300,146,3,"0.11120297515625689;0.3541482474316027;1.2695504786523073"
1300,147,3,"0.11120311589430619;0.3543247538426698;1.2694513190884449"
1300,148,3,"0.11121179157491719;0.3543303154294747;1.2752547229215734"
1300,149,3,"0.11120760032355727;0.352871336627301;1.2752547229215734"
1300,150,3,"0.18334797377035553;0.35298080478542676;1.2739979415674532"
1350,1,3,"0.18339761956308565;0.3529080445790952;1.2737455789398535"
1350,2,3,"0.1823446943214839;0.3543303154294747;1.2752547229215734"
1350,3,3,"0.18244572589419578;0.3541482474316027;1.2748800202562058"
1350,4,3,"0.11120830414537435;0.3529080445790952;1.268983497463763"
1350,5,3,"0.11120760032355727;0.352871336627301;1.273612920141743"
1350,6,3,"0.11120760032355727;0.352871336627301;1.273612920141743"
1350,7,3,"0.11120830414537435;0.3529080445790952;1.2737455789398535"
1350,8,3,"0.11121007978096213;0.3528758994196056;1.2736179688310652"
1350,9,3,"0.11120311589430619;0.3543247538426698;1.2694513190884449"
1350,10,3,"0.18228048848006104;0.3543247538426698;1.2751700477615158"
1350,11,3,"0.11121177333549827;0.35298080478542676;1.2689961466246344"
1350,12,3,"0.11723992205691763;0.38434356449662616;1.2739979415674532"
1350,13,3,"0.11120700171600378;0.3543091035113161;1.2694452920066943"
1350,14,3,"0.11121007978096213;0.3528758994196056;1.2736179688310652"
1350,15,3,"0.11120311589430619;0.3543247538426698;1.2694513190884449"
1350,16,3,"0.18346257614009812;0.3528758994196056;1.2736179688310652"
1350,17,3,"0.11120700171600378;0.3543091035113161;1.2753420806784896"
1350,18,3,"0.11120700171600378;0.3543091035113161;1.2694452920066943"
1350,19,3,"0.11120760032355727;0.352871336627301;1.273612920141743"
1350,20,3,"0.11197072242154449;0.3788688337075705;1.2752547229215734"
1350,21,3,"0.11120830414537435;0.3529080445790952;1.2737455789398535"
1350,22,3,"0.18334797377035553;0.35298080478542676;1.2739979415674532"
1350,23,3,"0.11121179157491719;0.3543303154294747;1.2752547229215734"
1350,24,3,"0.11120297515625689;0.3541482474316027;1.2695504786523073"
1350,25,3,"0.18230772809718998;0.3543091035113161;1.2753420806784896"
1350,26,3,"0.11121621601827064;0.3528718331268076;1.2690850475606104"
1350,27,3,"0.18239086692677142;0.3542446861443481;1.2749845386140073"
1350,28,3,"0.11121007978096213;0.3528758994196056;1.2693425261506224"
1350,29,3,"0.11120760032355727;0.352871336627301;1.2752547229215734"
1350,30,3,"0.1823446943214839;0.3543303154294747;1.2752547229215734"
1350,31,3,"0.11121177333549827;0.35298080478542676;1.2739979415674532"
1350,32,3,"0.11638696435726525;0.3528758994196056;1.2736179688310652"
1350,33,3,"0.11120555016983495;0.3542446861443481;1.2739979415674532"
1350,34,3,"0.18346257614009812;0.3528758994196056;1.2736179688310652"
1350,35,3,"0.11120830414537435;0.3529080445790952;1.2737455789398535"
1350,36,3,"0.11120311589430619;0.3543247538426698;1.2736179688310652"
1350,37,3,"0.11120700171600378;0.3543091035113161;1.2694452920066943"
1350,38,3,"0.1823446943214839;0.3543303154294747;1.2752547229215734"
1350,39,3,"0.11120311589430619;0.3543247538426698;1.2736179688310652"
1350,40,3,"0.11121179157491719;0.3543303154294747;1.2752547229215734"
1350,41,3,"0.18339761956308565;0.3529080445790952;1.2737455789398535"
1350,42,3,"0.11120760032355727;0.352871336627301;1.2691071573294928"
1350,43,3,"0.12933748231184744;0.40428381612258896;1.2737455789398535"
1350,44,3,"0.11120297515625689;0.3541482474316027;1.2695504786523073"
1350,45,3,"0.11120700171600378;0.3543091035113161;1.2753420806784896"
1350,46,3,"0.11121007978096213;0.3528758994196056;1.2753420806784896"
1350,47,3,"0.18346257614009812;0.3528758994196056;1.2736179688310652"
1350,48,3,"0.11121177333549827;0.35298080478542676;1.2739979415674532"
1350,49,3,"0.19779625053573838;0.40425026453289326;1.2736179688310652"
1350,50,3,"0.11120555016983495;0.3542446861443481;1.2697767180432"
1350,51,3,"0.11121177333549827;0.35298080478542676;1.2739979415674532"
1350,52,3,"0.11120311589430619;0.3543247538426698;1.270629280778416"
1350,53,3,"0.11120297515625689;0.3541482474316027;1.2748800202562058"
1350,54,3,"0.18228048848006104;0.3543247538426698;1.2751700477615158"
1350,55,3,"0.18244572589419578;0.3541482474316027;1.2748800202562058"
1350,56,3,"0.11120700171600378;0.3543091035113161;1.273612920141743"
1350,57,3,"0.11121007978096213;0.3528758994196056;1.2753420806784896"
1350,58,3,"0.11120700171600378;0.3543091035113161;1.2694452920066943"
1350,59,3,"0.1293276758534413;0.4042518347462029;1.273612920141743"
1350,60,3,"0.1823446943214839;0.3543303154294747;1.2752547229215734"
1350,61,3,"0.11120311589430619;0.3543247538426698;1.2736179688310652"
1350,62,3,"0.1823446943214839;0.3543303154294747;1.2752547229215734"
1350,63,3,"0.11121179157491719;0.3543303154294747;1.2752547229215734"
1350,64,3,"0.11120760032355727;0.352871336627301;1.2691071573294928"
1350,65,3,"0.11121177333549827;0.35298080478542676;1.2748800202562058"
1350,66,3,"0.11121177333549827;0.35298080478542676;1.2748800202562058"
1350,67,3,"0.11121621601827064;0.3528718331268076;1.2751700477615158"
1350,68,3,"0.12933748231184744;0.40428381612258896;1.2737455789398535"
1350,69,3,"0.11121007978096213;0.3528758994196056;1.2693425261506224"
1350,70,3,"0.11121179157491719;0.3543303154294747;1.2752547229215734"
1350,71,3,"0.11120700171600378;0.3543091035113161;1.2753420806784896"
1350,72,3,"0.11121007978096213;0.3528758994196056;1.2753420806784896"
1350,73,3,"0.11121007978096213;0.3528758994196056;1.2693425261506224"
1350,74,3,"0.18239086692677142;0.3542446861443481;1.2749845386140073"
1350,75,3,"0.11121007978096213;0.3528758994196056;1.2693425261506224"
1350,76,3,"0.11640790760690674;0.38237179482545147;1.2753420806784896"
1350,77,3,"0.12936935987434223;0.4038378021561319;1.2753420806784896"
1350,78,3,"0.11120830414537435;0.3529080445790952;1.268983497463763"
1350,79,3,"0.11120311589430619;0.3543247538426698;1.2694513190884449"
1350,80,3,"0.11120700171600378;0.3543091035113161;1.273612920141743"
1350,81,3,"0.18334797377035553;0.35298080478542676;1.2739979415674532"
1350,82,3,"0.18334797377035553;0.35298080478542676;1.2739979415674532"
1350,83,3,"0.11120760032355727;0.352871336627301;1.2691071573294928"
1350,84,3,"0.11121177333549827;0.35298080478542676;1.2748800202562058"
1350,85,3,"0.1823446943214839;0.3543303154294747;1.2752547229215734"
1350,86,3,"0.11120555016983495;0.3542446861443481;1.2697767180432"
1350,87,3,"0.11120830414537435;0.3529080445790952;1.268983497463763"
1350,88,3,"0.18346257614009812;0.3528758994196056;1.2736179688310652"
1350,89,3,"0.11121177333549827;0.35298080478542676;1.2739979415674532"
1350,90,3,"0.11121179157491719;0.3543303154294747;1.2752547229215734"
1350,91,3,"0.18230772809718998;0.3543091035113161;1.2753420806784896"
1350,92,3,"0.11120830414537435;0.3529080445790952;1.268983497463763"
1350,93,3,"0.19335914142607494;0.4042822353506476;1.2739979415674532"
1350,94,3,"0.18294827224150562;0.4037948172671677;1.2749845386140073"
1350,95,3,"0.19779625053573838;0.40425026453289326;1.2736179688310652"
1350,96,3,"0.11120760032355727;0.352871336627301;1.2691071573294928"
1350,97,3,"0.11120555016983495;0.3542446861443481;1.2739979415674532"
1350,98,3,"0.11121007978096213;0.3528758994196056;1.2736179688310652"
1350,99,3,"0.18339761956308565;0.3529080445790952;1.2737455789398535"
1350,100,3,"0.11120297515625689;0.3541482474316027;1.2695504786523073"
1350,101,3,"0.18346257614009812;0.3528758994196056;1.2736179688310652"
1350,102,3,"0.11120297515625689;0.3541482474316027;1.2695504786523073"
1350,103,3,"0.11121177333549827;0.35298080478542676;1.2689961466246344"
1350,104,3,"0.11120297515625689;0.3541482474316027;1.2695504786523073"
1350,105,3,"0.11120555016983495;0.3542446861443481;1.2749845386140073"
1350,106,3,"0.11120311589430619;0.3543247538426698;1.2694513190884449"
1350,107,3,"0.18339761956308565;0.40428381612258896;1.2737455789398535"
1350,108,3,"0.11120555016983495;0.3542446861443481;1.2749845386140073"
1350,109,3,"0.11120297515625689;0.3541482474316027;1.2748800202562058"
1350,110,3,"0.11120700171600378;0.3543091035113161;1.2694452920066943"
1350,111,3,"0.11121177333549827;0.35298080478542676;1.2739979415674532"
1350,112,3,"0.11120760032355727;0.352871336627301;1.2752547229215734"
1350,113,3,"0.11121177333549827;0.35298080478542676;1.2739979415674532"
1350,114,3,"0.18344635579806778;0.352871336627301;1.273612920141743"
1350,115,3,"0.11120311589430619;0.3543247538426698;1.2751700477615158"
1350,116,3,"0.11120760032355727;0.352871336627301;1.2691071573294928"
1350,117,3,"0.11121179157491719;0.3543303154294747;1.2752547229215734"
1350,118,3,"0.11120555016983495;0.3542446861443481;1.2697767180432"
1350,119,3,"0.11120700171600378;0.3543091035113161;1.2694452920066943"
1350,120,3,"0.18334797377035553;0.35298080478542676;1.2739979415674532"
1350,121,3,"0.18228048848006104;0.3543247538426698;1.2751700477615158"
1350,122,3,"0.11120297515625689;0.3541482474316027;1.2695504786523073"
1350,123,3,"0.18339761956308565;0.3529080445790952;1.2737455789398535"
1350,124,3,"0.11121177333549827;0.35298080478542676;1.2739979415674532"
1350,125,3,"0.11120555016983495;0.356423752149253;1.2739979415674532"
1350,126,3,"0.12935599953750332;0.40379830335660444;1.2752547229215734"
1350,127,3,"0.12574606837785446;0.3978216354867665;1.2749845386140073"
1350,128,3,"0.11120297515625689;0.3541482474316027;1.2748800202562058"
1350,129,3,"0.11121621601827064;0.3528718331268076;1.2751700477615158"
1350,130,3,"0.11121177333549827;0.35298080478542676;1.2748800202562058"
1350,131,3,"0.18239086692677142;0.3542446861443481;1.2749845386140073"
1350,132,3,"0.18346257614009812;0.3528758994196056;1.2736179688310652"
1350,133,3,"0.12470795268658666;0.3945872860347637;1.2753420806784896"
1350,134,3,"0.11120700171600378;0.3543091035113161;1.2753420806784896"
1350,135,3,"0.11121177333549827;0.35298080478542676;1.2739979415674532"
1350,136,3,"0.12312790589937223;0.39083752305525643;1.2748800202562058"
1350,137,3,"0.11120700171600378;0.3543091035113161;1.2753420806784896"
1350,138,3,"0.11120311589430619;0.3543247538426698;1.2751700477615158"
1350,139,3,"0.11120555016983495;0.3542446861443481;1.2749845386140073"
1350,140,3,"0.18339761956308565;0.40428381612258896;1.2737455789398535"
1350,141,3,"0.11120830414537435;0.3529080445790952;1.268983497463763"
1350,142,3,"0.11121179157491719;0.3543303154294747;1.269558784846346"
1350,143,3,"0.11120760032355727;0.352871336627301;1.273612920141743"
1350,144,3,"0.11121007978096213;0.3528758994196056;1.2736179688310652"
1350,145,3,"0.11121007978096213;0.3528758994196056;1.2753420806784896"
1350,146,3,"0.18334797377035553;0.35298080478542676;1.2739979415674532"
1350,147,3,"0.1293479485343553;0.4038234878009832;1.2748800202562058"
1350,148,3,"0.11120830414537435;0.3529080445790952;1.268983497463763"
1350,149,3,"0.18228048848006104;0.3543247538426698;1.2751700477615158"
1350,150,3,"0.11121179157491719;0.3543303154294747;1.269558784846346"
1400,1,3,"0.11120830414537435;0.3529080445790952;1.2737455789398535"
1400,2,3,"0.11120830414537435;0.3529080445790952;1.268983497463763"
1400,3,3,"0.11120555016983495;0.3542446861443481;1.2749845386140073"
1400,4,3,"0.11120760032355727;0.352871336627301;1.273612920141743"
1400,5,3,"0.11120311589430619;0.3543247538426698;1.2736179688310652"
1400,6,3,"0.11291141549719617;0.3818258439050847;1.2751700477615158"
1400,7,3,"0.11120555016983495;0.3542446861443481;1.2697767180432"
1400,8,3,"0.11121177333549827;0.35298080478542676;1.2739979415674532"
1400,9,3,"0.18228048848006104;0.3543247538426698;1.2751700477615158"
1400,10,3,"0.18344635579806778;0.352871336627301;1.273612920141743"
1400,11,3,"0.11120700171600378;0.3543091035113161;1.2753420806784896"
1400,12,3,"0.11121621601827064;0.3528718331268076;1.2690850475606104"
1400,13,3,"0.11121179157491719;0.3543303154294747;1.2752547229215734"
1400,14,3,"0.11120700171600378;0.3543091035113161;1.2654048261491082"
1400,15,3,"0.12935599953750332;0.40379830335660444;1.2752547229215734"
1400,16,3,"0.11120297515625689;0.3541482474316027;1.2695504786523073"
1400,17,3,"0.11120760032355727;0.352871336627301;1.2691071573294928"
1400,18,3,"0.18244572589419578;0.3541482474316027;1.2748800202562058"
1400,19,3,"0.18339761956308565;0.3529080445790952;1.2737455789398535"
1400,20,3,"0.11121179157491719;0.3543303154294747;1.269558784846346"
1400,21,3,"0.11120311589430619;0.3543247538426698;1.2751700477615158"
1400,22,3,"0.18346257614009812;0.3528758994196056;1.2736179688310652"
1400,23,3,"0.11120760032355727;0.352871336627301;1.2752547229215734"
1400,24,3,"0.18339761956308565;0.3529080445790952;1.2737455789398535"
1400,25,3,"0.15912098531564112;0.3879258311683665;1.2752547229215734"
1400,26,3,"0.11120760032355727;0.352871336627301;1.2691071573294928"
1400,27,3,"0.18346257614009812;0.3528758994196056;1.2736179688310652"
1400,28,3,"0.18228048848006104;0.3543247538426698;1.2751700477615158"
1400,29,3,"0.11120297515625689;0.3541482474316027;1.2695504786523073"
1400,30,3,"0.11121177333549827;0.35298080478542676;1.2689961466246344"
1400,31,3,"0.11120555016983495;0.3542446861443481;1.2654387450181552"
1400,32,3,"0.11121007978096213;0.3528758994196056;1.2736179688310652"
1400,33,3,"0.11196537411519826;0.37830716820319343;1.2752547229215734"
1400,34,3,"0.18339761956308565;0.3529080445790952;1.2737455789398535"
1400,35,3,"0.11120297515625689;0.3541482474316027;1.2695504786523073"
1400,36,3,"0.11120297515625689;0.3541482474316027;1.2695504786523073"
1400,37,3,"0.11120555016983495;0.3542446861443481;1.2697767180432"
1400,38,3,"0.11120700171600378;0.3543091035113161;1.2694452920066943"
1400,39,3,"0.18334797377035553;0.35298080478542676;1.2739979415674532"
1400,40,3,"0.11120760032355727;0.352871336627301;1.2691071573294928"
1400,41,3,"0.11121007978096213;0.3528758994196056;1.2736179688310652"
1400,42,3,"0.18230772809718998;0.3543091035113161;1.2753420806784896"
1400,43,3,"0.11120760032355727;0.352871336627301;1.273612920141743"
1400,44,3,"0.11120555016983495;0.3542446861443481;1.2697767180432"
1400,45,3,"0.11120555016983495;0.3542446861443481;1.2739979415674532"
1400,46,3,"0.18244572589419578;0.3541482474316027;1.2748800202562058"
1400,47,3,"0.18230772809718998;0.3543091035113161;1.2753420806784896"
1400,48,3,"0.11120830414537435;0.3529080445790952;1.2737455789398535"
1400,49,3,"0.18346257614009812;0.3528758994196056;1.2736179688310652"
1400,50,3,"0.11120297515625689;0.3541482474316027;1.2695504786523073"
1400,51,3,"0.11120311589430619;0.3543247538426698;1.2694513190884449"
1400,52,3,"0.11120830414537435;0.3529080445790952;1.268983497463763"
1400,53,3,"0.11120760032355727;0.352871336627301;1.273612920141743"
1400,54,3,"0.11551655183812885;0.383736422998239;1.273612920141743"
1400,55,3,"0.11120311589430619;0.3543247538426698;1.2736179688310652"
1400,56,3,"0.11120700171600378;0.3543091035113161;1.2753420806784896"
1400,57,3,"0.11120700171600378;0.3543091035113161;1.2753420806784896"
1400,58,3,"0.18346257614009812;0.3528758994196056;1.2736179688310652"
1400,59,3,"0.11120555016983495;0.3542446861443481;1.2654387450181552"
1400,60,3,"0.11120311589430619;0.3543247538426698;1.2736179688310652"
1400,61,3,"0.11120700171600378;0.3543091035113161;1.2753420806784896"
1400,62,3,"0.18244572589419578;0.3541482474316027;1.2748800202562058"
1400,63,3,"0.12936935987434223;0.4038378021561319;1.2753420806784896"
1400,64,3,"0.11121179157491719;0.3543303154294747;1.2752547229215734"
1400,65,3,"0.18244572589419578;0.3541482474316027;1.2748800202562058"
1400,66,3,"0.11121179157491719;0.3543303154294747;1.269558784846346"
1400,67,3,"0.18339761956308565;0.3529080445790952;1.2737455789398535"
1400,68,3,"0.11120555016983495;0.3542446861443481;1.2749845386140073"
1400,69,3,"0.18228048848006104;0.3543247538426698;1.2751700477615158"
1400,70,3,"0.18344635579806778;0.352871336627301;1.273612920141743"
1400,71,3,"0.11120830414537435;0.3529080445790952;1.268983497463763"
1400,72,3,"0.11120297515625689;0.3541482474316027;1.2656369847023294"
1400,73,3,"0.11121179157491719;0.3543303154294747;1.2752547229215734"
1400,74,3,"0.11121621601827064;0.3528718331268076;1.2690850475606104"
1400,75,3,"0.11120311589430619;0.3543247538426698;1.2694513190884449"
1400,76,3,"0.18230772809718998;0.3543091035113161;1.2753420806784896"
1400,77,3,"0.11120297515625689;0.3541482474316027;1.2695504786523073"
1400,78,3,"0.11121007978096213;0.3528758994196056;1.2736179688310652"
1400,79,3,"0.11120700171600378;0.3543091035113161;1.273612920141743"
1400,80,3,"0.1823446943214839;0.3543303154294747;1.2752547229215734"
1400,81,3,"0.18346257614009812;0.3528758994196056;1.2736179688310652"
1400,82,3,"0.11120555016983495;0.3542446861443481;1.2697767180432"
1400,83,3,"0.11120830414537435;0.3529080445790952;1.2737455789398535"
1400,84,3,"0.11120297515625689;0.3541482474316027;1.2748800202562058"
1400,85,3,"0.11121179157491719;0.3543303154294747;1.2752547229215734"
1400,86,3,"0.18230772809718998;0.3543091035113161;1.2753420806784896"
1400,87,3,"0.11120700171600378;0.3543091035113161;1.2694452920066943"
1400,88,3,"0.18344635579806778;0.352871336627301;1.273612920141743"
1400,89,3,"0.11120555016983495;0.3542446861443481;1.2739979415674532"
1400,90,3,"0.11120830414537435;0.3529080445790952;1.2737455789398535"
1400,91,3,"0.11120311589430619;0.3543247538426698;1.2751700477615158"
1400,92,3,"0.11120297515625689;0.3541482474316027;1.2695504786523073"
1400,93,3,"0.12932581744340266;0.40425026453289326;1.2736179688310652"
1400,94,3,"0.11120555016983495;0.3542446861443481;1.2697767180432"
1400,95,3,"0.18228048848006104;0.3543247538426698;1.2751700477615158"
1400,96,3,"0.11120830414537435;0.3529080445790952;1.268983497463763"
1400,97,3,"0.11121177333549827;0.35298080478542676;1.2689961466246344"
1400,98,3,"0.18344635579806778;0.352871336627301;1.273612920141743"
1400,99,3,"0.11120555016983495;0.3542446861443481;1.2697767180432"
1400,100,3,"0.18339761956308565;0.3529080445790952;1.2737455789398535"
1400,101,3,"0.11121179157491719;0.3543303154294747;1.2752547229215734"
1400,102,3,"0.11120297515625689;0.3541482474316027;1.2695504786523073"
1400,103,3,"0.11120555016983495;0.3542446861443481;1.2749845386140073"
1400,104,3,"0.11120311589430619;0.3543247538426698;1.2751700477615158"
1400,105,3,"0.1823446943214839;0.3543303154294747;1.2752547229215734"
1400,106,3,"0.11121179157491719;0.3543303154294747;1.2752547229215734"
1400,107,3,"0.11120555016983495;0.3542446861443481;1.2749845386140073"
1400,108,3,"0.11120297515625689;0.3541482474316027;1.2695504786523073"
1400,109,3,"0.11120760032355727;0.352871336627301;1.273612920141743"
1400,110,3,"0.11120700171600378;0.3543091035113161;1.2753420806784896"
1400,111,3,"0.11121007978096213;0.3528758994196056;1.2736179688310652"
1400,112,3,"0.11120555016983495;0.3542446861443481;1.2739979415674532"
1400,113,3,"0.18339761956308565;0.3529080445790952;1.2737455789398535"
1400,114,3,"0.11121621601827064;0.3528718331268076;1.2751700477615158"
1400,115,3,"0.1293479485343553;0.4038234878009832;1.2748800202562058"
1400,116,3,"0.11120311589430619;0.3543247538426698;1.2694513190884449"
1400,117,3,"0.18244572589419578;0.3541482474316027;1.2748800202562058"
1400,118,3,"0.11120700171600378;0.3543091035113161;1.2694452920066943"
1400,119,3,"0.11120555016983495;0.3542446861443481;1.2749845386140073"
1400,120,3,"0.11120311589430619;0.3543247538426698;1.2751700477615158"
1400,121,3,"0.11121179157491719;0.3543303154294747;1.2737455789398535"
1400,122,3,"0.11120760032355727;0.352871336627301;1.2691071573294928"
1400,123,3,"0.11226478295714648;0.3830195203739146;1.2737455789398535"
1400,124,3,"0.18339761956308565;0.3529080445790952;1.2737455789398535"
1400,125,3,"0.18230772809718998;0.3543091035113161;1.2753420806784896"
1400,126,3,"0.11121177333549827;0.35298080478542676;1.2739979415674532"
1400,127,3,"0.18339761956308565;0.3529080445790952;1.2737455789398535"
1400,128,3,"0.11120555016983495;0.3542446861443481;1.2739979415674532"
1400,129,3,"0.18239086692677142;0.3542446861443481;1.2749845386140073"
1400,130,3,"0.11120830414537435;0.3529080445790952;1.2737455789398535"
1400,131,3,"0.11121177333549827;0.35298080478542676;1.2689961466246344"
1400,132,3,"0.11120830414537435;0.3529080445790952;1.2749845386140073"
1400,133,3,"0.11120830414537435;0.3529080445790952;1.2737455789398535"
1400,134,3,"0.11120311589430619;0.3558515827222043;1.2736179688310652"
1400,135,3,"0.11121177333549827;0.35298080478542676;1.2739979415674532"
1400,136,3,"0.12932581744340266;0.40425026453289326;1.2736179688310652"
1400,137,3,"0.18239086692677142;0.3542446861443481;1.2749845386140073"
1400,138,3,"0.11697183720049158;0.3827522187476547;1.2749845386140073"
1400,139,3,"0.11120700171600378;0.3543091035113161;1.2694452920066943"
1400,140,3,"0.11121007978096213;0.3528758994196056;1.2693425261506224"
1400,141,3,"0.11195859328868703;0.3733021485347489;1.2751700477615158"
1400,142,3,"0.11120700171600378;0.3543091035113161;1.273612920141743"
1400,143,3,"0.11120700171600378;0.3543091035113161;1.2654048261491082"
1400,144,3,"0.11121007978096213;0.3528758994196056;1.2736179688310652"
1400,145,3,"0.11120555016983495;0.3542446861443481;1.2697767180432"
1400,146,3,"0.11120830414537435;0.3529080445790952;1.2737455789398535"
1400,147,3,"0.11121177333549827;0.35298080478542676;1.2739979415674532"
1400,148,3,"0.11120297515625689;0.3541482474316027;1.2695504786523073"
1400,149,3,"0.11120311589430619;0.3543247538426698;1.2694513190884449"
1400,150,3,"0.18346257614009812;0.3528758994196056;1.2736179688310652"
1450,1,3,"0.11120555016983495;0.3542446861443481;1.2749845386140073"
1450,2,3,"0.11120830414537435;0.3529080445790952;1.2731206372402766"
1450,3,3,"0.11121621601827064;0.3528718331268076;1.2690850475606104"
1450,4,3,"0.18239086692677142;0.3542446861443481;1.2749845386140073"
1450,5,3,"0.11120311589430619;0.3543247538426698;1.2736179688310652"
1450,6,3,"0.18344635579806778;0.352871336627301;1.273612920141743"
1450,7,3,"0.11120297515625689;0.3541482474316027;1.2748800202562058"
1450,8,3,"0.11121177333549827;0.35298080478542676;1.2739979415674532"
1450,9,3,"0.18239086692677142;0.3542446861443481;1.2749845386140073"
1450,10,3,"0.11121621601827064;0.3528718331268076;1.2751700477615158"
1450,11,3,"0.11120830414537435;0.3529080445790952;1.268983497463763"
1450,12,3,"0.18230772809718998;0.3543091035113161;1.2753420806784896"
1450,13,3,"0.1823446943214839;0.3543303154294747;1.2752547229215734"
1450,14,3,"0.18339761956308565;0.3529080445790952;1.2737455789398535"
1450,15,3,"0.18339761956308565;0.3529080445790952;1.2737455789398535"
1450,16,3,"0.11120311589430619;0.3543247538426698;1.2694513190884449"
1450,17,3,"0.11120830414537435;0.3529080445790952;1.2737455789398535"
1450,18,3,"0.18244572589419578;0.3541482474316027;1.2748800202562058"
1450,19,3,"0.126238063830176;0.3541482474316027;1.2748800202562058"
1450,20,3,"0.11120830414537435;0.3529080445790952;1.2737455789398535"
1450,21,3,"0.11120700171600378;0.3543091035113161;1.2654048261491082"
1450,22,3,"0.11120760032355727;0.352871336627301;1.273612920141743"
1450,23,3,"0.11120760032355727;0.352871336627301;1.2752547229215734"
1450,24,3,"0.11120555016983495;0.3542446861443481;1.2697767180432"
1450,25,3,"0.11121177333549827;0.35298080478542676;1.2739979415674532"
1450,26,3,"0.18339761956308565;0.3529080445790952;1.2737455789398535"
1450,27,3,"0.11121177333549827;0.35298080478542676;1.2739979415674532"
1450,28,3,"0.11121179157491719;0.3543303154294747;1.269558784846346"
1450,29,3,"0.11120830414537435;0.3529080445790952;1.2749845386140073"
1450,30,3,"0.11121177333549827;0.35298080478542676;1.2748800202562058"
1450,31,3,"0.11121179157491719;0.3543303154294747;1.269558784846346"
1450,32,3,"0.11121177333549827;0.35298080478542676;1.2739979415674532"
1450,33,3,"0.11120297515625689;0.3541482474316027;1.2695504786523073"
1450,34,3,"0.11120311589430619;0.3543247538426698;1.2751700477615158"
1450,35,3,"0.1259197520942241;0.3543247538426698;1.2751700477615158"
1450,36,3,"0.11120311589430619;0.3543247538426698;1.2694513190884449"
1450,37,3,"0.18334797377035553;0.35298080478542676;1.2739979415674532"
1450,38,3,"0.18346257614009812;0.3528758994196056;1.2736179688310652"
1450,39,3,"0.11121177333549827;0.35298080478542676;1.2689961466246344"
1450,40,3,"0.11120760032355727;0.352871336627301;1.2691071573294928"
1450,41,3,"0.18334797377035553;0.35298080478542676;1.2739979415674532"
1450,42,3,"0.11121179157491719;0.3543303154294747;1.2737455789398535"
1450,43,3,"0.12936935987434223;0.3543091035113161;1.2753420806784896"
1450,44,3,"0.11121179157491719;0.3543303154294747;1.2737455789398535"
1450,45,3,"0.11121621601827064;0.3528718331268076;1.2690850475606104"
1450,46,3,"0.11120760032355727;0.352871336627301;1.2691071573294928"
1450,47,3,"0.11120311589430619;0.3543247538426698;1.2736179688310652"
1450,48,3,"0.18344635579806778;0.352871336627301;1.273612920141743"
1450,49,3,"0.12866249828592433;0.3541482474316027;1.2748800202562058"
1450,50,3,"0.18230772809718998;0.3543091035113161;1.2753420806784896"
1450,51,3,"0.11121177333549827;0.35298080478542676;1.2748800202562058"
1450,52,3,"0.11120760032355727;0.352871336627301;1.2691071573294928"
1450,53,3,"0.11120830414537435;0.3529080445790952;1.2737455789398535"
1450,54,3,"0.18346257614009812;0.3528758994196056;1.2736179688310652"
1450,55,3,"0.11120830414537435;0.3529080445790952;1.2737455789398535"
1450,56,3,"0.11120760032355727;0.352871336627301;1.273612920141743"
1450,57,3,"0.11121007978096213;0.3528758994196056;1.2693425261506224"
1450,58,3,"0.11120830414537435;0.3529080445790952;1.2731206372402766"
1450,59,3,"0.11121179157491719;0.3543303154294747;1.2752547229215734"
1450,60,3,"0.11120700171600378;0.3543091035113161;1.2753420806784896"
1450,61,3,"0.11121179157491719;0.3543303154294747;1.269558784846346"
1450,62,3,"0.18228048848006104;0.3543247538426698;1.2751700477615158"
1450,63,3,"0.11121177333549827;0.35298080478542676;1.2689961466246344"
1450,64,3,"0.11120311589430619;0.3543247538426698;1.2751700477615158"
1450,65,3,"0.11120555016983495;0.3542446861443481;1.2749845386140073"
1450,66,3,"0.11121179157491719;0.3543303154294747;1.269558784846346"
1450,67,3,"0.11121007978096213;0.3528758994196056;1.2736179688310652"
1450,68,3,"0.11121179157491719;0.3543303154294747;1.2737455789398535"
1450,69,3,"0.11121177333549827;0.35298080478542676;1.2739979415674532"
1450,70,3,"0.11120760032355727;0.352871336627301;1.273612920141743"
1450,71,3,"0.11595557809067403;0.3838043254707344;1.2737455789398535"
1450,72,3,"0.12149780588715882;0.3876150468378254;1.2752547229215734"
1450,73,3,"0.11120700171600378;0.3543091035113161;1.2753420806784896"
1450,74,3,"0.11120700171600378;0.3543091035113161;1.2694452920066943"
1450,75,3,"0.11121177333549827;0.35298080478542676;1.2739979415674532"
1450,76,3,"0.11120297515625689;0.3541482474316027;1.2695504786523073"
1450,77,3,"0.11120830414537435;0.3529080445790952;1.2749845386140073"
1450,78,3,"0.1119438819180883;0.37901187024713123;1.2739979415674532"
1450,79,3,"0.18344635579806778;0.352871336627301;1.273612920141743"
1450,80,3,"0.11120760032355727;0.352871336627301;1.2691071573294928"
1450,81,3,"0.11120297515625689;0.3541482474316027;1.2748800202562058"
1450,82,3,"0.11121007978096213;0.3528758994196056;1.2736179688310652"
1450,83,3,"0.12933748231184744;0.3529080445790952;1.2737455789398535"
1450,84,3,"0.11120700171600378;0.3543091035113161;1.2753420806784896"
1450,85,3,"0.11120311589430619;0.3543247538426698;1.2694513190884449"
1450,86,3,"0.11121007978096213;0.3528758994196056;1.2736179688310652"
1450,87,3,"0.11121177333549827;0.35298080478542676;1.2689961466246344"
1450,88,3,"0.18244572589419578;0.3541482474316027;1.2748800202562058"
1450,89,3,"0.11120311589430619;0.3543247538426698;1.2751700477615158"
1450,90,3,"0.11120311589430619;0.3543247538426698;1.2694513190884449"
1450,91,3,"0.12679511674609759;0.3543091035113161;1.2753420806784896"
1450,92,3,"0.11121177333549827;0.35298080478542676;1.2689961466246344"
1450,93,3,"0.11120830414537435;0.3529080445790952;1.266081879930355"
1450,94,3,"0.11120830414537435;0.3529080445790952;1.2737455789398535"
1450,95,3,"0.11120311589430619;0.3543247538426698;1.2694513190884449"
1450,96,3,"0.11194195216504131;0.3764400476207739;1.2736179688310652"
1450,97,3,"0.18339761956308565;0.3529080445790952;1.2737455789398535"
1450,98,3,"0.11121179157491719;0.3543303154294747;1.269558784846346"
1450,99,3,"0.11120830414537435;0.3529080445790952;1.2749845386140073"
1450,100,3,"0.11120297515625689;0.3541482474316027;1.2656369847023294"
1450,101,3,"0.11120760032355727;0.352871336627301;1.273612920141743"
1450,102,3,"0.11120311589430619;0.3543247538426698;1.2751700477615158"
1450,103,3,"0.18244572589419578;0.3541482474316027;1.2748800202562058"
1450,104,3,"0.11120555016983495;0.3542446861443481;1.2697767180432"
1450,105,3,"0.11120311589430619;0.3543247538426698;1.2751700477615158"
1450,106,3,"0.11120830414537435;0.3529080445790952;1.2749845386140073"
1450,107,3,"0.11121179157491719;0.3543303154294747;1.2752547229215734"
1450,108,3,"0.11120297515625689;0.3541482474316027;1.2695504786523073"
1450,109,3,"0.11120830414537435;0.3529080445790952;1.268983497463763"
1450,110,3,"0.11120700171600378;0.3543091035113161;1.2694452920066943"
1450,111,3,"0.11120700171600378;0.3543091035113161;1.273612920141743"
1450,112,3,"0.11121621601827064;0.3528718331268076;1.2751700477615158"
1450,113,3,"0.11120760032355727;0.352871336627301;1.2691071573294928"
1450,114,3,"0.11120297515625689;0.3541482474316027;1.2695504786523073"
1450,115,3,"0.11120311589430619;0.3543247538426698;1.2751700477615158"
1450,116,3,"0.11120760032355727;0.352871336627301;1.2691071573294928"
1450,117,3,"0.11120700171600378;0.3543091035113161;1.2694452920066943"
1450,118,3,"0.11120700171600378;0.3543091035113161;1.273612920141743"
1450,119,3,"0.18239086692677142;0.3542446861443481;1.2749845386140073"
1450,120,3,"0.11120700171600378;0.3543091035113161;1.2694452920066943"
1450,121,3,"0.11121179157491719;0.3543303154294747;1.269558784846346"
1450,122,3,"0.1823446943214839;0.3543303154294747;1.2752547229215734"
1450,123,3,"0.11120555016983495;0.3542446861443481;1.2654387450181552"
1450,124,3,"0.12935599953750332;0.3543303154294747;1.2752547229215734"
1450,125,3,"0.11120311589430619;0.3543247538426698;1.2694513190884449"
1450,126,3,"0.11120830414537435;0.3529080445790952;1.268983497463763"
1450,127,3,"0.11120830414537435;0.3529080445790952;1.266081879930355"
1450,128,3,"0.11121177333549827;0.35298080478542676;1.2689961466246344"
1450,129,3,"0.11120311589430619;0.3543247538426698;1.2694513190884449"
1450,130,3,"0.18244572589419578;0.3541482474316027;1.2748800202562058"
1450,131,3,"0.11939030092273475;0.3845845571226065;1.2751700477615158"
1450,132,3,"0.12640502433700326;0.3543091035113161;1.2753420806784896"
1450,133,3,"0.11121177333549827;0.35298080478542676;1.2689961466246344"
1450,134,3,"0.11121179157491719;0.3543303154294747;1.2653557428421085"
1450,135,3,"0.11120555016983495;0.3542446861443481;1.2749845386140073"
1450,136,3,"0.11120297515625689;0.3541482474316027;1.2656369847023294"
1450,137,3,"0.11121177333549827;0.35298080478542676;1.2689961466246344"
1450,138,3,"0.1823446943214839;0.3543303154294747;1.2752547229215734"
1450,139,3,"0.11120830414537435;0.3529080445790952;1.266081879930355"
1450,140,3,"0.11120760032355727;0.352871336627301;1.2691071573294928"
1450,141,3,"0.1293479485343553;0.3541482474316027;1.2748800202562058"
1450,142,3,"0.1823446943214839;0.3543303154294747;1.2752547229215734"
1450,143,3,"0.11120760032355727;0.352871336627301;1.273612920141743"
1450,144,3,"0.11120555016983495;0.3542446861443481;1.2749845386140073"
1450,145,3,"0.1823446943214839;0.3543303154294747;1.2752547229215734"
1450,146,3,"0.11121007978096213;0.3528758994196056;1.2693425261506224"
1450,147,3,"0.18239086692677142;0.3542446861443481;1.2749845386140073"
1450,148,3,"0.18239086692677142;0.3542446861443481;1.2749845386140073"
1450,149,3,"0.11120555016983495;0.3542446861443481;1.2749845386140073"
1450,150,3,"0.11121621601827064;0.3528718331268076;1.2751700477615158"
1500,1,3,"0.18339761956308565;0.3529080445790952;1.2737455789398535"
1500,2,3,"0.11121177333549827;0.35298080478542676;1.2739979415674532"
1500,3,3,"0.11120555016983495;0.3542446861443481;1.2749845386140073"
1500,4,3,"0.18244572589419578;0.3541482474316027;1.2748800202562058"
1500,5,3,"0.11120311589430619;0.3543247538426698;1.2694513190884449"
1500,6,3,"0.18228048848006104;0.3543247538426698;1.2751700477615158"
1500,7,3,"0.11121621601827064;0.3528718331268076;1.2751700477615158"
1500,8,3,"0.11120700171600378;0.3543091035113161;1.2694452920066943"
1500,9,3,"0.11121007978096213;0.3528758994196056;1.2693425261506224"
1500,10,3,"0.11121007978096213;0.3528758994196056;1.2736179688310652"
1500,11,3,"0.11120700171600378;0.3543091035113161;1.2753420806784896"
1500,12,3,"0.11120555016983495;0.3542446861443481;1.2654387450181552"
1500,13,3,"0.11121007978096213;0.3528758994196056;1.2693425261506224"
1500,14,3,"0.18239086692677142;0.3542446861443481;1.2749845386140073"
1500,15,3,"0.11121177333549827;0.35298080478542676;1.2658390318358608"
1500,16,3,"0.11120760032355727;0.352871336627301;1.2691071573294928"
1500,17,3,"0.11120297515625689;0.3541482474316027;1.2695504786523073"
1500,18,3,"0.18344635579806778;0.352871336627301;1.273612920141743"
1500,19,3,"0.11120311589430619;0.3543247538426698;1.2694513190884449"
1500,20,3,"0.18239086692677142;0.3542446861443481;1.2749845386140073"
1500,21,3,"0.18239086692677142;0.3542446861443481;1.2749845386140073"
1500,22,3,"0.11121179157491719;0.3543303154294747;1.269558784846346"
1500,23,3,"0.11120311589430619;0.3543247538426698;1.2751700477615158"
1500,24,3,"0.11750428766767379;0.352871336627301;1.273612920141743"
1500,25,3,"0.11120700171600378;0.3543091035113161;1.2753420806784896"
1500,26,3,"0.11120760032355727;0.352871336627301;1.2691071573294928"
1500,27,3,"0.11121177333549827;0.35298080478542676;1.2748800202562058"
1500,28,3,"0.11120311589430619;0.3543247538426698;1.2694513190884449"
1500,29,3,"0.11120555016983495;0.3542446861443481;1.2697767180432"
1500,30,3,"0.11121007978096213;0.3528758994196056;1.2736179688310652"
1500,31,3,"0.18239086692677142;0.3542446861443481;1.2749845386140073"
1500,32,3,"0.11120700171600378;0.3543091035113161;1.2694452920066943"
1500,33,3,"0.18346257614009812;0.3528758994196056;1.2736179688310652"
1500,34,3,"0.11120555016983495;0.3542446861443481;1.2739979415674532"
1500,35,3,"0.11120297515625689;0.3541482474316027;1.2748800202562058"
1500,36,3,"0.12933748231184744;0.3529080445790952;1.2737455789398535"
1500,37,3,"0.11120297515625689;0.3541482474316027;1.2695504786523073"
1500,38,3,"0.11120311589430619;0.3543247538426698;1.2656050984474154"
1500,39,3,"0.11121179157491719;0.3543303154294747;1.2752547229215734"
1500,40,3,"0.11120830414537435;0.3529080445790952;1.2737455789398535"
1500,41,3,"0.11120297515625689;0.3541482474316027;1.2695504786523073"
1500,42,3,"0.11121177333549827;0.35298080478542676;1.2658390318358608"
1500,43,3,"0.11120700171600378;0.3543091035113161;1.2753420806784896"
1500,44,3,"0.11121177333549827;0.35298080478542676;1.2689961466246344"
1500,45,3,"0.11120297515625689;0.3541482474316027;1.2695504786523073"
1500,46,3,"0.11120760032355727;0.352871336627301;1.273612920141743"
1500,47,3,"0.18230772809718998;0.3543091035113161;1.2753420806784896"
1500,48,3,"0.11120297515625689;0.3541482474316027;1.2748800202562058"
1500,49,3,"0.18344635579806778;0.352871336627301;1.273612920141743"
1500,50,3,"0.11120700171600378;0.3543091035113161;1.2753420806784896"
1500,51,3,"0.12141903906051785;0.35298080478542676;1.2739979415674532"
1500,52,3,"0.11120555016983495;0.3542446861443481;1.2697767180432"
1500,53,3,"0.11120555016983495;0.3542446861443481;1.2739979415674532"
1500,54,3,"0.11120311589430619;0.3543247538426698;1.2656050984474154"
1500,55,3,"0.11121179157491719;0.3543303154294747;1.269558784846346"
1500,56,3,"0.11120760032355727;0.352871336627301;1.2752547229215734"
1500,57,3,"0.18244572589419578;0.3541482474316027;1.2748800202562058"
1500,58,3,"0.11120760032355727;0.352871336627301;1.2691071573294928"
1500,59,3,"0.11120760032355727;0.352871336627301;1.2752547229215734"
1500,60,3,"0.11121007978096213;0.3528758994196056;1.2693425261506224"
1500,61,3,"0.11120311589430619;0.3543247538426698;1.2694513190884449"
1500,62,3,"0.1228645610172231;0.35298080478542676;1.2739979415674532"
1500,63,3,"0.18228048848006104;0.3543247538426698;1.2751700477615158"
1500,64,3,"0.11121621601827064;0.3528718331268076;1.2751700477615158"
1500,65,3,"0.11215899866860879;0.3543303154294747;1.2752547229215734"
1500,66,3,"0.1823446943214839;0.3543303154294747;1.2752547229215734"
1500,67,3,"0.18244572589419578;0.3541482474316027;1.2748800202562058"
1500,68,3,"0.11121177333549827;0.35298080478542676;1.2689961466246344"
1500,69,3,"0.11120700171600378;0.3543091035113161;1.2753420806784896"
1500,70,3,"0.11121179157491719;0.3543303154294747;1.2752547229215734"
1500,71,3,"0.11120700171600378;0.3543091035113161;1.2753420806784896"
1500,72,3,"0.11121177333549827;0.35298080478542676;1.2689961466246344"
1500,73,3,"0.11121007978096213;0.3528758994196056;1.2658914562203911"
1500,74,3,"0.18244572589419578;0.3541482474316027;1.2748800202562058"
1500,75,3,"0.11341846920680873;0.3528758994196056;1.2736179688310652"
1500,76,3,"0.11120297515625689;0.3541482474316027;1.2748800202562058"
1500,77,3,"0.11120700171600378;0.3543091035113161;1.2654048261491082"
1500,78,3,"0.11120555016983495;0.3542446861443481;1.2749845386140073"
1500,79,3,"0.11120555016983495;0.3542446861443481;1.2654387450181552"
1500,80,3,"0.11120830414537435;0.3529080445790952;1.2737455789398535"
1500,81,3,"0.11120830414537435;0.3529080445790952;1.268983497463763"
1500,82,3,"0.18244572589419578;0.3541482474316027;1.2748800202562058"
1500,83,3,"0.18228048848006104;0.3543247538426698;1.2751700477615158"
1500,84,3,"0.1823446943214839;0.3543303154294747;1.2752547229215734"
1500,85,3,"0.11120700171600378;0.3543091035113161;1.2753420806784896"
1500,86,3,"0.11120311589430619;0.3543247538426698;1.2656050984474154"
1500,87,3,"0.11121177333549827;0.35298080478542676;1.2748800202562058"
1500,88,3,"0.11121177333549827;0.35298080478542676;1.2689961466246344"
1500,89,3,"0.11120760032355727;0.352871336627301;1.2691071573294928"
1500,90,3,"0.1293611228508952;0.3543247538426698;1.2751700477615158"
1500,91,3,"0.11121177333549827;0.35298080478542676;1.2739979415674532"
1500,92,3,"0.11120700171600378;0.3543091035113161;1.2694452920066943"
1500,93,3,"0.11120311589430619;0.3543247538426698;1.2694513190884449"
1500,94,3,"0.11120760032355727;0.352871336627301;1.2691071573294928"
1500,95,3,"0.11120700171600378;0.3543091035113161;1.2654048261491082"
1500,96,3,"0.11121007978096213;0.3528758994196056;1.2736179688310652"
1500,97,3,"0.11121007978096213;0.3528758994196056;1.2736179688310652"
1500,98,3,"0.18344635579806778;0.352871336627301;1.273612920141743"
1500,99,3,"0.11121621601827064;0.3528718331268076;1.2751700477615158"
1500,100,3,"0.11120760032355727;0.352871336627301;1.273612920141743"
1500,101,3,"0.11120700171600378;0.3543091035113161;1.2753420806784896"
1500,102,3,"0.11121179157491719;0.3543303154294747;1.2752547229215734"
1500,103,3,"0.11120760032355727;0.352871336627301;1.2691071573294928"
1500,104,3,"0.11120555016983495;0.3542446861443481;1.2739979415674532"
1500,105,3,"0.18344635579806778;0.352871336627301;1.273612920141743"
1500,106,3,"0.11121007978096213;0.3528758994196056;1.2736179688310652"
1500,107,3,"0.11121179157491719;0.3543303154294747;1.269558784846346"
1500,108,3,"0.11121007978096213;0.3528758994196056;1.2736179688310652"
1500,109,3,"0.11121179157491719;0.3543303154294747;1.2752547229215734"
1500,110,3,"0.11120830414537435;0.3529080445790952;1.2737455789398535"
1500,111,3,"0.11120700171600378;0.3543091035113161;1.2753420806784896"
1500,112,3,"0.11121177333549827;0.35298080478542676;1.2748800202562058"
1500,113,3,"0.11120830414537435;0.3529080445790952;1.268983497463763"
1500,114,3,"0.11121007978096213;0.3528758994196056;1.2736179688310652"
1500,115,3,"0.11120297515625689;0.3541482474316027;1.2695504786523073"
1500,116,3,"0.12936935987434223;0.3543091035113161;1.2753420806784896"
1500,117,3,"0.11121177333549827;0.3535963856789768;1.2748800202562058"
1500,118,3,"0.12496764627241803;0.3541482474316027;1.2748800202562058"
1500,119,3,"0.12934853806359925;0.3542446861443481;1.2749845386140073"
1500,120,3,"0.18339761956308565;0.3529080445790952;1.2737455789398535"
1500,121,3,"0.11120311589430619;0.3543247538426698;1.2694513190884449"
1500,122,3,"0.11120760032355727;0.352871336627301;1.2660711663998783"
1500,123,3,"0.11120830414537435;0.3529080445790952;1.2737455789398535"
1500,124,3,"0.11121179157491719;0.3543303154294747;1.2653557428421085"
1500,125,3,"0.18239086692677142;0.3542446861443481;1.2749845386140073"
1500,126,3,"0.11120760032355727;0.352871336627301;1.2752547229215734"
1500,127,3,"0.11120760032355727;0.352871336627301;1.273612920141743"
1500,128,3,"0.11121007978096213;0.3528758994196056;1.2693425261506224"
1500,129,3,"0.11120700171600378;0.3543091035113161;1.273612920141743"
1500,130,3,"0.18239086692677142;0.3542446861443481;1.2749845386140073"
1500,131,3,"0.18346257614009812;0.3528758994196056;1.2736179688310652"
1500,132,3,"0.11121177333549827;0.35298080478542676;1.2739979415674532"
1500,133,3,"0.11120760032355727;0.352871336627301;1.2691071573294928"
1500,134,3,"0.11120830414537435;0.3529080445790952;1.2749845386140073"
1500,135,3,"0.11120297515625689;0.3541482474316027;1.2748800202562058"
1500,136,3,"0.1117807206851571;0.3670674156874002;1.2753420806784896"
1500,137,3,"0.18346257614009812;0.3528758994196056;1.2736179688310652"
1500,138,3,"0.11120700171600378;0.3543091035113161;1.273612920141743"
1500,139,3,"0.11121177333549827;0.35298080478542676;1.2739979415674532"
1500,140,3,"0.11120760032355727;0.352871336627301;1.2691071573294928"
1500,141,3,"0.11121179157491719;0.3543303154294747;1.2653557428421085"
1500,142,3,"0.11121179157491719;0.3543303154294747;1.2737455789398535"
1500,143,3,"0.11120311589430619;0.3543247538426698;1.2694513190884449"
1500,144,3,"0.11121179157491719;0.3543303154294747;1.2653557428421085"
1500,145,3,"0.11120830414537435;0.3529080445790952;1.2737455789398535"
1500,146,3,"0.11121007978096213;0.3528758994196056;1.2693425261506224"
1500,147,3,"0.11120700171600378;0.3543091035113161;1.2753420806784896"
1500,148,3,"0.18339761956308565;0.3529080445790952;1.2737455789398535"
1500,149,3,"0.11120700171600378;0.3543091035113161;1.2694452920066943"
1500,150,3,"0.18334797377035553;0.35298080478542676;1.2739979415674532"
