segment_length,run_index,rank,births
50,1,0,""
50,2,0,""
50,3,0,""
50,4,0,""
50,5,0,""
50,6,0,""
50,7,0,""
50,8,0,""
50,9,0,""
50,10,0,""
50,11,0,""
50,12,0,""
50,13,0,""
50,14,0,""
50,15,0,""
50,16,0,""
50,17,0,""
50,18,0,""
50,19,0,""
50,20,0,""
50,21,0,""
50,22,0,""
50,23,0,""
50,24,0,""
50,25,0,""
50,26,0,""
50,27,0,""
50,28,0,""
50,29,0,""
50,30,0,""
50,31,0,""
50,32,0,""
50,33,0,""
50,34,0,""
50,35,0,""
50,36,0,""
50,37,0,""
50,38,0,""
50,39,0,""
50,40,0,""
50,41,0,""
50,42,0,""
50,43,0,""
50,44,0,""
50,45,0,""
50,46,0,""
50,47,0,""
50,48,0,""
50,49,0,""
50,50,0,""
50,51,0,""
50,52,0,""
50,53,0,""
50,54,0,""
50,55,0,""
50,56,0,""
50,57,0,""
50,58,0,""
50,59,0,""
50,60,0,""
50,61,0,""
50,62,0,""
50,63,0,""
50,64,0,""
50,65,0,""
50,66,0,""
50,67,0,""
50,68,0,""
50,69,0,""
50,70,0,""
50,71,0,""
50,72,0,""
50,73,0,""
50,74,0,""
50,75,0,""
50,76,0,""
50,77,0,""
50,78,0,""
50,79,0,""
50,80,0,""
50,81,0,""
50,82,0,""
50,83,0,""
50,84,0,""
50,85,0,""
50,86,0,""
50,87,0,""
50,88,0,""
50,89,0,""
50,90,0,""
50,91,0,""
50,92,0,""
50,93,0,""
50,94,0,""
50,95,0,""
50,96,0,""
50,97,0,""
50,98,0,""
50,99,0,""
50,100,0,""
50,101,0,""
50,102,0,""
50,103,0,""
50,104,0,""
50,105,0,""
50,106,0,""
50,107,0,""
50,108,0,""
50,109,0,""
50,110,0,""
50,111,0,""
50,112,0,""
50,113,0,""
50,114,0,""
50,115,0,""
50,116,0,""
50,117,0,""
50,118,0,""
50,119,0,""
50,120,0,""
50,121,0,""
50,122,0,""
50,123,0,""
50,124,0,""
50,125,0,""
50,126,0,""
50,127,0,""
50,128,0,""
50,129,0,""
50,130,0,""
50,131,0,""
50,132,0,""
50,133,0,""
50,134,0,""
50,135,0,""
50,136,0,""
50,137,0,""
50,138,0,""
50,139,0,""
50,140,0,""
50,141,0,""
50,142,0,""
50,143,0,""
50,144,0,""
50,145,0,""
50,146,0,""
50,147,0,""
50,148,0,""
50,149,0,""
50,150,0,""
100,1,0,""
100,2,0,""
100,3,0,""
100,4,0,""
100,5,0,""
100,6,0,""
100,7,0,""
100,8,0,""
100,9,0,""
100,10,0,""
100,11,0,""
100,12,0,""
100,13,0,""
100,14,0,""
100,15,0,""
100,16,0,""
100,17,0,""
100,18,0,""
100,19,0,""
100,20,0,""
100,21,0,""
100,22,0,""
100,23,0,""
100,24,0,""
100,25,0,""
100,26,0,""
100,27,0,""
100,28,0,""
100,29,0,""
100,30,0,""
100,31,0,""
100,32,0,""
100,33,0,""
100,34,0,""
100,35,0,""
100,36,0,""
100,37,0,""
100,38,0,""
100,39,0,""
100,40,0,""
100,41,0,""
100,42,0,""
100,43,0,""
100,44,0,""
100,45,0,""
100,46,0,""
100,47,0,""
100,48,0,""
100,49,0,""
100,50,0,""
100,51,0,""
100,52,0,""
100,53,0,""
100,54,0,""
100,55,0,""
100,56,0,""
100,57,0,""
100,58,0,""
100,59,0,""
100,60,0,""
100,61,0,""
100,62,0,""
100,63,0,""
100,64,0,""
100,65,0,""
100,66,0,""
100,67,0,""
100,68,0,""
100,69,0,""
100,70,0,""
100,71,0,""
100,72,0,""
100,73,0,""
100,74,0,""
100,75,0,""
100,76,0,""
100,77,0,""
100,78,0,""
100,79,0,""
100,80,0,""
100,81,0,""
100,82,0,""
100,83,0,""
100,84,0,""
100,85,0,""
100,86,0,""
100,87,0,""
100,88,0,""
100,89,0,""
100,90,0,""
100,91,0,""
100,92,0,""
100,93,0,""
100,94,0,""
100,95,0,""
100,96,0,""
100,97,0,""
100,98,0,""
100,99,0,""
100,100,0,""
100,101,0,""
100,102,0,""
100,103,0,""
100,104,0,""
100,105,0,""
100,106,0,""
100,107,0,""
100,108,0,""
100,109,0,""
100,110,0,""
100,111,0,""
100,112,0,""
100,113,0,""
100,114,0,""
100,115,0,""
100,116,0,""
100,117,0,""
100,118,0,""
100,119,0,""
100,120,0,""
100,121,0,""
100,122,0,""
100,123,0,""
100,124,0,""
100,125,0,""
100,126,0,""
100,127,0,""
100,128,0,""
100,129,0,""
100,130,0,""
100,131,0,""
100,132,0,""
100,133,0,""
100,134,0,""
100,135,0,""
100,136,0,""
100,137,0,""
100,138,0,""
100,139,0,""
100,140,0,""
100,141,0,""
100,142,0,""
100,143,0,""
100,144,0,""
100,145,0,""
100,146,0,""
100,147,0,""
100,148,0,""
100,149,0,""
100,150,0,""
150,1,0,""
150,2,0,""
150,3,0,""
150,4,0,""
150,5,1,"1.2311365933250153"
150,6,1,"1.3534180113204797"
150,7,1,"1.1796017324808183"
150,8,1,"1.1640628176801333"
150,9,1,"1.2319420201782336"
150,10,0,""
150,11,0,""
150,12,1,"1.2322189227659408"
150,13,1,"1.1754920562949451"
150,14,0,""
150,15,1,"1.204219793997328"
150,16,1,"1.316930308116858"
150,17,0,""
150,18,0,""
150,19,0,""
150,20,0,""
150,21,0,""
150,22,1,"1.2384051056201"
150,23,0,""
150,24,1,"1.2397289705952472"
150,25,0,""
150,26,0,""
150,27,0,""
150,28,1,"1.4216163262722428"
150,29,1,"1.1701194240432615"
150,30,1,"1.179338064695366"
150,31,1,"1.235019357029428"
150,32,0,""
150,33,0,""
150,34,0,""
150,35,0,""
150,36,0,""
150,37,0,""
150,38,0,""
150,39,0,""
150,40,0,""
150,41,1,"1.2747518106358695"
150,42,1,"1.2618620049546114"
150,43,0,""
150,44,0,""
150,45,0,""
150,46,0,""
150,47,0,""
150,48,0,""
150,49,0,""
150,50,0,""
150,51,0,""
150,52,0,""
150,53,0,""
150,54,0,""
150,55,1,"1.3064336034835107"
150,56,1,"1.4143869667153086"
150,57,0,""
150,58,0,""
150,59,1,"1.2293617910442436"
150,60,0,""
150,61,0,""
150,62,0,""
150,63,1,"1.4204553789297394"
150,64,1,"1.1845378991401354"
150,65,1,"1.2222090812803936"
150,66,1,"1.2352783031495524"
150,67,0,""
150,68,0,""
150,69,1,"1.42192725761209"
150,70,1,"1.4191393291239383"
150,71,1,"1.256641682884884"
150,72,0,""
150,73,0,""
150,74,0,""
150,75,1,"1.4158447998991033"
150,76,1,"1.2164723506260369"
150,77,1,"1.326295443938692"
150,78,1,"1.2261646255908378"
150,79,1,"1.2889740046947917"
150,80,0,""
150,81,1,"1.3512017420237394"
150,82,0,""
150,83,0,""
150,84,0,""
150,85,0,""
150,86,0,""
150,87,0,""
150,88,1,"1.3133805874065902"
150,89,0,""
150,90,1,"1.2695108784366702"
150,91,1,"1.3812173452409349"
150,92,1,"1.1710661859990594"
150,93,0,""
150,94,0,""
150,95,0,""
150,96,0,""
150,97,1,"1.232328615944065"
150,98,0,""
150,99,1,"1.4298103131427304"
150,100,1,"1.2356510856295377"
150,101,0,""
150,102,0,""
150,103,1,"1.2314126461875552"
150,104,0,""
150,105,0,""
150,106,1,"1.2025326464988104"
150,107,1,"1.3150866273293953"
150,108,0,""
150,109,1,"1.2202819119007424"
150,110,0,""
150,111,0,""
150,112,0,""
150,113,0,""
150,114,1,"1.193710676987156"
150,115,1,"1.228271490619954"
150,116,1,"1.2026795800820114"
150,117,1,"1.371575481587892"
150,118,1,"1.2693041419405164"
150,119,1,"1.1706429123450066"
150,120,1,"1.2280971081895482"
150,121,0,""
150,122,0,""
150,123,0,""
150,124,1,"1.3862888851954889"
150,125,1,"1.2319636347000402"
150,126,0,""
150,127,0,""
150,128,0,""
150,129,1,"1.2300105540441146"
150,130,1,"1.4204923837569774"
150,131,0,""
150,132,0,""
150,133,1,"1.2224587636560487"
150,134,1,"1.458414521936448"
150,135,0,""
150,136,0,""
150,137,0,""
150,138,1,"1.2099488190131362"
150,139,0,""
150,140,0,""
150,141,0,""
150,142,0,""
150,143,0,""
150,144,1,"1.4189235569679"
150,145,0,""
150,146,1,"1.3307301399253653"
150,147,0,""
150,148,0,""
150,149,0,""
150,150,1,"1.415443160866327"
200,1,1,"1.3328025208942635"
200,2,1,"1.2180008888658587"
200,3,1,"1.3484787711063715"
200,4,1,"1.2062593168301197"
200,5,1,"1.1631218681234696"
200,6,1,"1.1633052707502038"
200,7,1,"1.1787639387440152"
200,8,1,"1.16312386330286"
200,9,1,"1.2197545021033604"
200,10,1,"1.1633674361102344"
200,11,1,"1.379245064509578"
200,12,1,"1.2192352552603265"
200,13,2,"1.1631508788666893;1.4166129037554442"
200,14,1,"1.393304639506967"
200,15,1,"1.210381287602143"
200,16,1,"1.241776970682054"
200,17,1,"1.2210510980461597"
200,18,1,"1.3673222619775875"
200,19,1,"1.167803425956375"
200,20,1,"1.167843818486326"
200,21,1,"1.4068931854108881"
200,22,1,"1.3113757268914554"
200,23,1,"1.2977424589185271"
200,24,1,"1.1661738127083292"
200,25,1,"1.24185054593313"
200,26,1,"1.163342036658767"
200,27,2,"1.1631555313950839;1.4966033244498553"
200,28,1,"1.2300025809933557"
200,29,1,"1.4064767721773668"
200,30,1,"1.2197551484662366"
200,31,1,"1.1631222521952513"
200,32,2,"1.1678540208041641;1.4158466880392253"
200,33,1,"1.3145388390266708"
200,34,1,"1.3032839248876789"
200,35,1,"1.1678180929634967"
200,36,1,"1.384655795951985"
200,37,1,"1.170358807872671"
200,38,1,"1.2322942095118556"
200,39,1,"1.2006993089442366"
200,40,1,"1.326295443938692"
200,41,1,"1.1679717494664972"
200,42,2,"1.1631218681234696;1.4070693876609495"
200,43,1,"1.226261121149779"
200,44,1,"1.2095182559629698"
200,45,1,"1.3565984827711666"
200,46,1,"1.1711677002516396"
200,47,1,"1.233611717566564"
200,48,1,"1.3240516099082893"
200,49,1,"1.4069285697195457"
200,50,2,"1.4052478259102714;1.414753626886235"
200,51,2,"1.1679162931896325;1.458414521936448"
200,52,1,"1.1631222521952513"
200,53,2,"1.167803425956375;1.4169516785552192"
200,54,1,"1.1813605476137965"
200,55,1,"1.376329638935599"
200,56,1,"1.3129520623808972"
200,57,2,"1.163126567439965;1.407016444752441"
200,58,1,"1.163187750293156"
200,59,1,"1.163126567439965"
200,60,1,"1.3790736966357353"
200,61,1,"1.2854006665724662"
200,62,1,"1.3025628055123357"
200,63,2,"1.1638240641548268;1.4069408244248256"
200,64,1,"1.1870511497621574"
200,65,2,"1.300906710353119;1.4159325887987464"
200,66,1,"1.167803425956375"
200,67,1,"1.2184258211407977"
200,68,2,"1.196843532110723;1.406924579300933"
200,69,1,"1.2983198599138794"
200,70,2,"1.163328517161227;1.4121193539288437"
200,71,1,"1.2186474275735504"
200,72,1,"1.3267406965270903"
200,73,1,"1.2438440332871639"
200,74,1,"1.170580411918502"
200,75,1,"1.2658278969430712"
200,76,1,"1.2393466539895146"
200,77,1,"1.2364468307078673"
200,78,1,"1.1837913989519597"
200,79,1,"1.1677709485426482"
200,80,1,"1.1976136103886272"
200,81,1,"1.1632642958458714"
200,82,1,"1.2310092366885301"
200,83,2,"1.1678180929634967;1.4158442248077159"
200,84,1,"1.4080364667402658"
200,85,1,"1.21975373392143"
200,86,1,"1.2297932464274637"
200,87,1,"1.2412996264232774"
200,88,1,"1.16781791796088"
200,89,1,"1.3344930992133184"
200,90,1,"1.219190920013943"
200,91,1,"1.2007859395421046"
200,92,1,"1.1677853168185464"
200,93,1,"1.176043417661625"
200,94,1,"1.16841089486363"
200,95,1,"1.1984814537346253"
200,96,1,"1.1677642601758418"
200,97,1,"1.3721021016763306"
200,98,1,"1.1679204256596147"
200,99,1,"1.2197554684516736"
200,100,1,"1.3097099711855709"
200,101,1,"1.2131588109381068"
200,102,1,"1.2427390434280399"
200,103,1,"1.2271018421105178"
200,104,1,"1.2849234104225935"
200,105,1,"1.1631647728241974"
200,106,2,"1.1710474825401052;1.4158881553307936"
200,107,1,"1.3328025208942635"
200,108,1,"1.2259121014574639"
200,109,1,"1.1679612876328662"
200,110,1,"1.16778714472556"
200,111,1,"1.3717473136828606"
200,112,1,"1.406897175788756"
200,113,1,"1.16333402999302"
200,114,1,"1.2324310268543681"
200,115,1,"1.2140988314800971"
200,116,1,"1.1677643886291267"
200,117,1,"1.4069733314845603"
200,118,1,"1.163133376436489"
200,119,1,"1.1631252596249715"
200,120,1,"1.163136538262106"
200,121,1,"1.2684436836453163"
200,122,1,"1.219753868553127"
200,123,1,"1.2110135500951402"
200,124,1,"1.3250627298089421"
200,125,1,"1.167891868865015"
200,126,1,"1.2535010582896131"
200,127,1,"1.2317626042744692"
200,128,1,"1.2111804464575093"
200,129,1,"1.1679430329032194"
200,130,1,"1.2197545933305656"
200,131,1,"1.1679204256596147"
200,132,1,"1.1633552721768594"
200,133,1,"1.2325341288344867"
200,134,1,"1.1677790727635153"
200,135,1,"1.1633052707502038"
200,136,1,"1.1631310693127428"
200,137,1,"1.2287310862739613"
200,138,1,"1.171880835223788"
200,139,1,"1.3724941662590333"
200,140,1,"1.262229058159524"
200,141,1,"1.2108811237850012"
200,142,1,"1.167861327709256"
200,143,1,"1.1681857249008296"
200,144,2,"1.1677853168185464;1.4159870423021534"
200,145,1,"1.1707827065448582"
200,146,1,"1.1631615946873652"
200,147,2,"1.1679520813213444;1.4159655932383555"
200,148,1,"1.1632326137368116"
200,149,2,"1.1677642601758418;1.4765635665259933"
200,150,1,"1.2958270849498088"
250,1,1,"1.21975403997263"
250,2,1,"1.167780904701448"
250,3,2,"1.1632075503970867;1.4069178299778182"
250,4,2,"1.1677664404962858;1.2452452891627355"
250,5,2,"1.1678579804026672;1.3988452508374474"
250,6,2,"1.1678180929634967;1.3700104451930732"
250,7,2,"1.1677664404962858;1.407263797112507"
250,8,1,"1.1677643886291267"
250,9,1,"1.224427018801186"
250,10,2,"1.1633552721768594;1.4076914296534673"
250,11,1,"1.2300016988427853"
250,12,1,"1.1631555313950839"
250,13,2,"1.1631475002389786;1.4069666446137963"
250,14,1,"1.167841516031361"
250,15,1,"1.163342036658767"
250,16,2,"1.163293030264191;1.3998865631331627"
250,17,1,"1.214700813674075"
250,18,1,"1.163143236404886"
250,19,2,"1.167883251613801;1.2483466635086655"
250,20,2,"1.168081775810549;1.2419836877581785"
250,21,1,"1.1679072465484985"
250,22,1,"1.16312864733553"
250,23,2,"1.1633824375443333;1.4068891975482138"
250,24,1,"1.219974940005686"
250,25,1,"1.16776954534865"
250,26,2,"1.2320680330471203;1.4611826598453188"
250,27,1,"1.1632386285933913"
250,28,1,"1.1631310693127428"
250,29,1,"1.2192592305318428"
250,30,1,"1.1633052707502038"
250,31,2,"1.1632923229955159;1.2685484056224026"
250,32,2,"1.16777786544301;1.3790804732589586"
250,33,2,"1.1631227505945672;1.405901711661122"
250,34,1,"1.231791637313873"
250,35,1,"1.2215479160588838"
250,36,1,"1.1854120034196889"
250,37,1,"1.1631396268659737"
250,38,2,"1.167780904701448;1.4158587454025537"
250,39,1,"1.2007550814713697"
250,40,2,"1.1679204256596147;1.2683091922817895"
250,41,2,"1.163293030264191;1.2353669888819958"
250,42,2,"1.1633052707502038;1.4068931854108881"
250,43,2,"1.167764841119833;1.4157667769258075"
250,44,2,"1.1632610849375549;1.38648191579318"
250,45,1,"1.2197554684516736"
250,46,1,"1.2205873812901336"
250,47,1,"1.2213138645710684"
250,48,1,"1.2170559898748392"
250,49,2,"1.1680000810424205;1.4159325887987464"
250,50,1,"1.1631788829412908"
250,51,2,"1.2324685447623356;1.3751843004072857"
250,52,1,"1.1677643886291267"
250,53,1,"1.1803706031905539"
250,54,1,"1.2300269955909477"
250,55,1,"1.1679204256596147"
250,56,1,"1.23000049547112"
250,57,2,"1.233296364684702;1.303649831476872"
250,58,1,"1.1632548725673761"
250,59,2,"1.1631222521952513;1.25874747148714"
250,60,1,"1.2311864185210417"
250,61,1,"1.2217680227196772"
250,62,2,"1.1632075503970867;1.3301446704207323"
250,63,1,"1.1631788829412908"
250,64,1,"1.200349627944788"
250,65,1,"1.1886485856650602"
250,66,2,"1.1632386285933913;1.410582521406661"
250,67,1,"1.163143236404886"
250,68,2,"1.2232264406460998;1.4796118805307081"
250,69,1,"1.2197556130169502"
250,70,2,"1.1631647728241974;1.4072632212784233"
250,71,1,"1.1678180929634967"
250,72,2,"1.16778714472556;1.2921806392843715"
250,73,1,"1.1632548725673761"
250,74,2,"1.167843818486326;1.3864448089915018"
250,75,1,"1.2197566726178533"
250,76,1,"1.1679430329032194"
250,77,2,"1.1631615946873652;1.3942200835142664"
250,78,2,"1.1844891541312912;1.22961572006135"
250,79,2,"1.1631703546807275;1.401511189795289"
250,80,2,"1.1632610849375549;1.4069003604421872"
250,81,2,"1.1632923229955159;1.2775198035536373"
250,82,2,"1.167780904701448;1.4158587454025537"
250,83,2,"1.163293030264191;1.2353669888819958"
250,84,1,"1.163136538262106"
250,85,1,"1.187231304379334"
250,86,2,"1.167803425956375;1.4158466918991242"
250,87,2,"1.1877121582222945;1.2364468307078673"
250,88,2,"1.1677760948386955;1.255435818066588"
250,89,2,"1.163328517161227;1.2533733159249445"
250,90,1,"1.1985462534980869"
250,91,1,"1.1737825014272512"
250,92,2,"1.163328517161227;1.4068910595068165"
250,93,2,"1.1678540208041641;1.2929084411128298"
250,94,1,"1.2273777318183954"
250,95,2,"1.1631615946873652;1.4136706236579855"
250,96,2,"1.1678663523396329;1.4160588120979491"
250,97,1,"1.217699467339934"
250,98,1,"1.1679072465484985"
250,99,1,"1.1677709485426482"
250,100,1,"1.2304247962760326"
250,101,1,"1.1677910150150759"
250,102,1,"1.1951279448988992"
250,103,1,"1.2190664505395203"
250,104,1,"1.1677910150150759"
250,105,1,"1.2300021689074803"
250,106,1,"1.2060246508146442"
250,107,2,"1.16312864733553;1.2443826439037486"
250,108,1,"1.183756465112096"
250,109,1,"1.1631310693127428"
250,110,2,"1.163136538262106;1.4087848537511285"
250,111,2,"1.163136538262106;1.244274403694653"
250,112,2,"1.1632326137368116;1.2436990319656187"
250,113,1,"1.1677853168185464"
250,114,1,"1.2034361526814832"
250,115,1,"1.1679430329032194"
250,116,2,"1.167803425956375;1.3794680438816878"
250,117,2,"1.1631703546807275;1.3378423974392888"
250,118,2,"1.1631858296683453;1.386883737571146"
250,119,2,"1.1679520813213444;1.3901974598957318"
250,120,1,"1.211956616696434"
250,121,1,"1.163133376436489"
250,122,1,"1.1631310693127428"
250,123,1,"1.1747747634269932"
250,124,2,"1.1631615946873652;1.4069494550902157"
250,125,1,"1.2099467256666183"
250,126,2,"1.1632548725673761;1.3959582684715715"
250,127,1,"1.2270521555990328"
250,128,2,"1.1633674361102344;1.2494335554606346"
250,129,2,"1.163230058355196;1.2725874698245347"
250,130,2,"1.1634030496281862;1.3819352771430735"
250,131,2,"1.1677910150150759;1.3595723657843695"
250,132,2,"1.1631788829412908;1.4069345356758642"
250,133,1,"1.1677790727635153"
250,134,2,"1.1679717494664972;1.2572367209840711"
250,135,2,"1.1631555313950839;1.4069866064606174"
250,136,2,"1.1631396268659737;1.3059092935589187"
250,137,1,"1.2152997451961605"
250,138,2,"1.1632548725673761;1.406917887030375"
250,139,1,"1.163230058355196"
250,140,2,"1.16776954534865;1.4159420470942623"
250,141,2,"1.1632610849375549;1.2697262935431528"
250,142,1,"1.163207667968021"
250,143,2,"1.1634030496281862;1.3079305895010347"
250,144,1,"1.2200907325254913"
250,145,1,"1.1911006233947699"
250,146,1,"1.1631310693127428"
250,147,1,"1.1679204256596147"
250,148,1,"1.2076150339822975"
250,149,1,"1.2197851832257114"
250,150,2,"1.167803425956375;1.3440628213355748"
300,1,2,"0.9978679416258549;1.167803425956375"
300,2,2,"1.0415162883808933;1.16333402999302"
300,3,2,"0.8206191439441144;1.163342036658767"
300,4,2,"0.843350124415511;1.1632923229955159"
300,5,2,"0.8622635480190831;1.1631227505945672"
300,6,1,"1.1679641263590073"
300,7,2,"0.9572597950441861;1.1631227505945672"
300,8,2,"1.0516131885468358;1.1631555313950839"
300,9,2,"0.8108905363994785;1.1632923229955159"
300,10,2,"0.998476440607099;1.1678364960912688"
300,11,2,"1.167841516031361;1.3142390518505203"
300,12,2,"1.0061018113850342;1.16777786544301"
300,13,2,"0.940472824060635;1.163133376436489"
300,14,2,"0.8327905729746148;1.163126567439965"
300,15,2,"0.8612992916057972;1.1633674361102344"
300,16,2,"0.9847234599742364;1.16781791796088"
300,17,2,"0.8601660339312905;1.1679717494664972"
300,18,2,"1.0192897273795352;1.16777786544301"
300,19,1,"1.167891868865015"
300,20,2,"1.0500672811198453;1.1632642958458714"
300,21,2,"0.8603937865872474;1.1633226636217815"
300,22,2,"0.895982821689891;1.1678540208041641"
300,23,2,"0.8559709771461365;1.167803425956375"
300,24,2,"0.9097401876907685;1.1677664404962858"
300,25,2,"0.8599936138982415;1.1632075503970867"
300,26,1,"1.1679868954829788"
300,27,2,"1.0508618776112701;1.1632610849375549"
300,28,2,"0.9035105540119591;1.167841516031361"
300,29,2,"0.8169112217274862;1.1632548725673761"
300,30,2,"1.16781791796088;1.4303207552224497"
300,31,2,"0.9861629079799626;1.1679868954829788"
300,32,2,"0.7478101604203059;1.163199427447645"
300,33,2,"0.7581788993555412;1.163230058355196"
300,34,2,"0.8697494095310744;1.163199427447645"
300,35,2,"0.9999160978779058;1.1677790727635153"
300,36,2,"0.8561970909107062;1.167803425956375"
300,37,2,"0.9983135770359206;1.1679332720633326"
300,38,2,"1.0676051451379254;1.1677760948386955"
300,39,2,"0.8640001452759012;1.1678349722706214"
300,40,2,"0.8708560607202263;1.1633824375443333"
300,41,2,"1.167861327709256;1.4143405297449232"
300,42,2,"0.8679839989722984;1.1680000810424205"
300,43,1,"1.167803425956375"
300,44,2,"0.9996622394965673;1.1679612876328662"
300,45,2,"1.1311439062699433;1.1678663523396329"
300,46,2,"0.7462145709688217;1.1633052707502038"
300,47,2,"0.9793175175886542;1.167803425956375"
300,48,2,"0.8654960793336997;1.163143236404886"
300,49,2,"0.9957274991856409;1.1678180929634967"
300,50,2,"0.7432715347619018;1.1633052707502038"
300,51,2,"0.9982435316625149;1.16776954534865"
300,52,2,"0.9750680728884985;1.1679430329032194"
300,53,2,"0.8621202704892237;1.1632642958458714"
300,54,2,"0.8017741149547396;1.1634030496281862"
300,55,2,"0.9989903562694871;1.167780904701448"
300,56,2,"0.8827726875916468;1.163230058355196"
300,57,2,"0.9789666026994058;1.1677664404962858"
300,58,2,"0.7719260490169516;1.1631858296683453"
300,59,2,"0.8853488771415755;1.1631310693127428"
300,60,2,"0.9176885532139964;1.16312386330286"
300,61,2,"0.8606201700853737;1.163143236404886"
300,62,2,"0.859053266011311;1.1635828917996522"
300,63,2,"1.0257912897402712;1.167841516031361"
300,64,2,"0.9078289695483385;1.16312386330286"
300,65,2,"0.9581432801272808;1.16312864733553"
300,66,2,"1.0568968390744602;1.1677910150150759"
300,67,2,"0.7488594746731644;1.1633226636217815"
300,68,1,"1.1679204256596147"
300,69,2,"0.9982064064849961;1.1677664404962858"
300,70,2,"0.8589040575371036;1.1631555313950839"
300,71,2,"0.7525877701337748;1.163342036658767"
300,72,2,"0.8674081779436318;1.1631858296683453"
300,73,2,"1.0311678480490654;1.1632075503970867"
300,74,2,"1.0011731707787734;1.1679204256596147"
300,75,2,"0.9879218234558252;1.1679641263590073"
300,76,2,"0.7438083737819295;1.1632386285933913"
300,77,2,"0.8567675178830033;1.1680024041131005"
300,78,1,"1.1679520813213444"
300,79,2,"0.9859912996558409;1.1679612876328662"
300,80,1,"1.167861327709256"
300,81,2,"0.970782474284094;1.1678021907684066"
300,82,2,"0.8621215174291053;1.1632923229955159"
300,83,2,"0.8587830146914838;1.1631222521952513"
300,84,1,"1.167843818486326"
300,85,2,"0.8740360915325305;1.163342036658767"
300,86,2,"0.9952596310703433;1.1679204256596147"
300,87,2,"0.9981573177945474;1.167891868865015"
300,88,2,"1.028371083008141;1.1677656172025113"
300,89,2,"0.9824967498194751;1.167891868865015"
300,90,2,"0.9222233465489922;1.1679717494664972"
300,91,2,"0.931554699784232;1.1677642601758418"
300,92,2,"0.7978334730116868;1.163207667968021"
300,93,2,"0.8608587013090996;1.1677664404962858"
300,94,2,"0.7542920954710949;1.1633552721768594"
300,95,2,"0.8536440054179508;1.163207667968021"
300,96,2,"0.9916466007122123;1.167780904701448"
300,97,2,"0.7414607381104649;1.1633052707502038"
300,98,2,"0.8621125145793094;1.1631310693127428"
300,99,2,"0.9037700252417961;1.163230058355196"
300,100,2,"0.8193584275569087;1.1631508788666893"
300,101,2,"1.1146591129323005;1.16778714472556"
300,102,2,"0.8602903144590538;1.163187750293156"
300,103,2,"0.9563781214339508;1.1631222521952513"
300,104,2,"0.8467597982120051;1.1631310693127428"
300,105,2,"0.9982871726131293;1.1678364960912688"
300,106,2,"1.1678540208041641;1.3158369532116931"
300,107,2,"0.8658971232423532;1.1677790727635153"
300,108,2,"1.026469794279316;1.1679717494664972"
300,109,2,"0.9614160655801441;1.1679204256596147"
300,110,2,"0.8863990125738734;1.1634030496281862"
300,111,2,"1.0396985204991362;1.1631310693127428"
300,112,2,"0.8609871812690407;1.1632610849375549"
300,113,2,"0.9982730659620472;1.1678540208041641"
300,114,2,"0.8540760190675526;1.163328517161227"
300,115,2,"1.0990693138394487;1.1679868954829788"
300,116,2,"0.8931850145623732;1.167803425956375"
300,117,2,"0.8299480850938612;1.163143236404886"
300,118,2,"0.9722334288775509;1.1631788829412908"
300,119,2,"0.8561495376796412;1.1678540208041641"
300,120,1,"1.167883251613801"
300,121,2,"0.9979911237701012;1.1678180929634967"
300,122,2,"0.9809455301429707;1.16776954534865"
300,123,2,"0.8575601428530449;1.163293030264191"
300,124,2,"1.0260255309967337;1.1631252596249715"
300,125,2,"0.9745580150806893;1.1678180929634967"
300,126,2,"0.9979053728872561;1.1677853168185464"
300,127,1,"1.1677664404962858"
300,128,2,"0.8633248804674671;1.1632326137368116"
300,129,2,"0.8503833258487217;1.1631396268659737"
300,130,2,"0.8620979365338985;1.1631508788666893"
300,131,2,"1.0045988478989298;1.1677656172025113"
300,132,2,"0.9639135340578306;1.1679430329032194"
300,133,2,"1.006119037068208;1.167780904701448"
300,134,2,"0.7754335338040192;1.1631218681234696"
300,135,2,"1.1301436567735983;1.1679430329032194"
300,136,2,"0.8977808894566859;1.1633226636217815"
300,137,2,"0.9982299696561637;1.1678021907684066"
300,138,2,"0.8852764209816814;1.1679204256596147"
300,139,2,"0.8706879866157259;1.1633226636217815"
300,140,2,"0.8619591379080677;1.1632642958458714"
300,141,2,"0.8621137011613466;1.1632642958458714"
300,142,2,"0.8616328406864708;1.163342036658767"
300,143,2,"0.8795005264836967;1.1679868954829788"
300,144,2,"1.0740380819141573;1.1678540208041641"
300,145,2,"0.8670025919022969;1.16333402999302"
300,146,2,"0.9316007233250891;1.1677643886291267"
300,147,2,"0.8644924431422834;1.163328517161227"
300,148,1,"1.1679641263590073"
300,149,2,"0.9086974571056676;1.163126567439965"
300,150,2,"0.7423036454247219;1.1631615946873652"
350,1,2,"0.14185973241459363;1.1632642958458714"
350,2,2,"0.12191987805622462;1.1631615946873652"
350,3,2,"0.1291892720649659;1.163143236404886"
350,4,2,"0.12209256413506862;1.1632610849375549"
350,5,2,"0.15991550001033183;1.1677790727635153"
350,6,2,"0.12192600608345347;1.1632386285933913"
350,7,2,"0.15547321632788305;1.1678540208041641"
350,8,2,"0.14316522230521242;1.1631858296683453"
350,9,2,"0.1247406285302552;1.163126567439965"
350,10,2,"0.14076810552451166;1.16333402999302"
350,11,2,"0.14077186807971107;1.1631218681234696"
350,12,2,"0.14208277863565372;1.1631647728241974"
350,13,2,"0.1220901680935973;1.1632923229955159"
350,14,2,"0.12192155335654392;1.1631218681234696"
350,15,2,"0.15078931799832893;1.1680024041131005"
350,16,2,"0.12192637408909893;1.163230058355196"
350,17,2,"0.16431964090449735;1.1677853168185464"
350,18,2,"0.12772136844111778;1.163133376436489"
350,19,2,"0.16566469985211402;1.1679332720633326"
350,20,2,"0.1401812184461292;1.163143236404886"
350,21,2,"0.16411729728240704;1.16781791796088"
350,22,2,"0.164117297030062;1.1678364960912688"
350,23,2,"0.1323668351772103;1.1631227505945672"
350,24,2,"0.1407679539626317;1.163342036658767"
350,25,2,"0.1407702970854358;1.163133376436489"
350,26,2,"0.1312018499999896;1.163199427447645"
350,27,2,"0.14076797625738427;1.163328517161227"
350,28,2,"0.16404841271544462;1.1677760948386955"
350,29,2,"0.1408626884732023;1.1679612876328662"
350,30,2,"0.12362046937818341;1.163342036658767"
350,31,2,"0.14139208329811895;1.1631858296683453"
350,32,2,"0.12192010458750688;1.163143236404886"
350,33,2,"0.1422800915696761;1.1631788829412908"
350,34,2,"0.16377366486249081;1.1678021907684066"
350,35,2,"0.12192230339616365;1.1631252596249715"
350,36,2,"0.12192600608345347;1.1632386285933913"
350,37,2,"0.1230022484870118;1.1632548725673761"
350,38,2,"0.14077005561854986;1.1631703546807275"
350,39,2,"0.1415984159859549;1.1631508788666893"
350,40,2,"0.14368216280782836;1.1678663523396329"
350,41,2,"0.1407720804576477;1.1631222521952513"
350,42,2,"0.14521325291884635;1.163199427447645"
350,43,2,"0.12227024444936484;1.1632326137368116"
350,44,2,"0.12366992799238977;1.1632075503970867"
350,45,2,"0.1508179725332235;1.1679868954829788"
350,46,2,"0.143228351048993;1.16312386330286"
350,47,2,"0.12192650017881612;1.163187750293156"
350,48,2,"0.1421110722980532;1.1633552721768594"
350,49,2,"0.12496880701976347;1.1633824375443333"
350,50,2,"0.1547775862428023;1.16777786544301"
350,51,2,"0.13985215051256178;1.163328517161227"
350,52,2,"0.14589908733695028;1.1678364960912688"
350,53,2,"0.14076933707071737;1.1631615946873652"
350,54,2,"0.16411804447688838;1.167803425956375"
350,55,2,"0.12644340505025267;1.1632326137368116"
350,56,2,"0.12345627383456106;1.1631218681234696"
350,57,2,"0.1219198120272922;1.1632075503970867"
350,58,2,"0.1235000981617072;1.1631508788666893"
350,59,2,"0.14076803119174328;1.1633052707502038"
350,60,2,"0.14172784312239134;1.16312386330286"
350,61,2,"0.1415270141557871;1.1632548725673761"
350,62,2,"0.14538540089202592;1.1631218681234696"
350,63,2,"0.12860234434921883;1.1632326137368116"
350,64,2,"0.14184059833544752;1.1631218681234696"
350,65,2,"0.1429158278905548;1.163293030264191"
350,66,2,"0.14172842412358833;1.1633052707502038"
350,67,2,"0.13216374023439909;1.163342036658767"
350,68,2,"0.14770864245823737;1.167803425956375"
350,69,2,"0.14890470708816134;1.167861327709256"
350,70,2,"0.15525446321085498;1.16776954534865"
350,71,2,"0.14173109157155334;1.1631218681234696"
350,72,2,"0.13308863468818607;1.1632642958458714"
350,73,2,"0.12471033262667561;1.1631475002389786"
350,74,2,"0.12192108347680151;1.1631227505945672"
350,75,2,"0.14153377759349223;1.1678540208041641"
350,76,2,"0.13622112031102143;1.163199427447645"
350,77,2,"0.1642490737132957;1.1678021907684066"
350,78,2,"0.14271941996170706;1.16776954534865"
350,79,2,"0.12192503260124236;1.1632642958458714"
350,80,2,"0.1641178816732317;1.167883251613801"
350,81,2,"0.16369305468416093;1.1677910150150759"
350,82,2,"0.14117667268352338;1.1634030496281862"
350,83,2,"0.1407706011320478;1.16312864733553"
350,84,2,"0.12357894241849164;1.1633226636217815"
350,85,2,"0.16411769873330612;1.1679332720633326"
350,86,2,"0.12258432081669403;1.1631310693127428"
350,87,2,"0.1641174006263712;1.1679520813213444"
350,88,2,"0.14077077760282156;1.163126567439965"
350,89,2,"0.16313098269048337;1.1678021907684066"
350,90,2,"0.14077186807971107;1.1631218681234696"
350,91,2,"0.1502394701940278;1.1679520813213444"
350,92,2,"0.1611684914776343;1.167764841119833"
350,93,2,"0.12668122820742278;1.1632610849375549"
350,94,2,"0.1407689172829613;1.163230058355196"
350,95,2,"0.14076889511158067;1.1631858296683453"
350,96,2,"0.1604468148870225;1.167780904701448"
350,97,2,"0.12213210757451622;1.1632075503970867"
350,98,2,"0.14125793832239997;1.1631647728241974"
350,99,2,"0.12192364240336143;1.1631396268659737"
350,100,2,"0.12336538215821524;1.163143236404886"
350,101,2,"0.14076924834074547;1.1672473506242527"
350,102,2,"0.1560750171575117;1.167883251613801"
350,103,2,"0.16411902046041021;1.1679332720633326"
350,104,2,"0.14076871399803412;1.1636960703034873"
350,105,2,"0.12192010458750688;1.163143236404886"
350,106,2,"0.14057949157935465;1.1633052707502038"
350,107,2,"0.12212761659363894;1.1632326137368116"
350,108,2,"0.14172822465735854;1.1632326137368116"
350,109,2,"0.1585286277852183;1.16776954534865"
350,110,2,"0.12192525437603213;1.1631647728241974"
350,111,2,"0.14076792250512796;1.1677709485426482"
350,112,2,"0.1419177980839667;1.1677664404962858"
350,113,2,"0.1424791124594753;1.163187750293156"
350,114,2,"0.12376678361416424;1.1631252596249715"
350,115,2,"0.12192108347680151;1.1631227505945672"
350,116,2,"0.14351423257974508;1.1631647728241974"
350,117,2,"0.16577872662545576;1.1677790727635153"
350,118,2,"0.1541202879133765;1.1677643886291267"
350,119,2,"0.14208240672997838;1.1631396268659737"
350,120,2,"0.14796279979010454;1.167891868865015"
350,121,2,"0.1407680697402879;1.163293030264191"
350,122,2,"0.16388196025571766;1.1678021907684066"
350,123,2,"0.12192173795769438;1.1631222521952513"
350,124,2,"0.14172814463199387;1.1632548725673761"
350,125,2,"0.1494460402700833;1.1680000810424205"
350,126,2,"0.1289266264965555;1.1632548725673761"
350,127,2,"0.12532445415860616;1.1633552721768594"
350,128,2,"0.16403872376561504;1.1678364960912688"
350,129,2,"0.16411747642588959;1.167764841119833"
350,130,2,"0.16366155177826316;1.16776954534865"
350,131,2,"0.15964282935278004;1.1678349722706214"
350,132,2,"0.12876150610624887;1.1631222521952513"
350,133,2,"0.12414736238428133;1.163187750293156"
350,134,2,"0.16353859330126283;1.1677709485426482"
350,135,2,"0.1305734664174361;1.1633824375443333"
350,136,2,"0.12223399219631455;1.1633552721768594"
350,137,2,"0.13647487342761003;1.163230058355196"
350,138,2,"0.12192307709307619;1.16333402999302"
350,139,2,"0.15816014743190812;1.167803425956375"
350,140,2,"0.14159051196974237;1.1631227505945672"
350,141,2,"0.1407720804576477;1.1631222521952513"
350,142,2,"0.12400825431950128;1.1631615946873652"
350,143,2,"0.12553136666347994;1.1631508788666893"
350,144,2,"0.14173143529288065;1.1631252596249715"
350,145,2,"0.1407706011320478;1.16312864733553"
350,146,2,"0.1462570354347655;1.1679612876328662"
350,147,2,"0.13479471928354672;1.1632075503970867"
350,148,2,"0.14349603934934785;1.1631396268659737"
350,149,2,"0.16485751969200138;1.1679430329032194"
350,150,2,"0.16180584315099586;1.1678021907684066"
400,1,2,"0.12192034394755442;1.163293030264191"
400,2,2,"0.12360334977587553;1.1634030496281862"
400,3,2,"0.12192441458718449;1.1631508788666893"
400,4,2,"0.12192068489531131;1.163126567439965"
400,5,2,"0.1220063278874698;1.163342036658767"
400,6,2,"0.13290568441410916;1.1631218681234696"
400,7,2,"0.123895085061551;1.1633552721768594"
400,8,2,"0.14125091358097774;1.167843818486326"
400,9,2,"0.14076793709440327;1.1634030496281862"
400,10,2,"0.12192503260124236;1.1632642958458714"
400,11,2,"0.12192003186907181;1.1631475002389786"
400,12,2,"0.14077077760282156;1.163126567439965"
400,13,2,"0.14076815517356142;1.1633226636217815"
400,14,2,"0.1407712580038612;1.1631396268659737"
400,15,2,"0.1219197889220736;1.1631858296683453"
400,16,2,"0.1407706011320478;1.16312864733553"
400,17,2,"0.12217946988266554;1.1631310693127428"
400,18,2,"0.13625295254959513;1.1631615946873652"
400,19,2,"0.1220339708282778;1.1631222521952513"
400,20,2,"0.13372291385719856;1.163328517161227"
400,21,2,"0.14076924834074547;1.163207667968021"
400,22,2,"0.1219197950141588;1.163199427447645"
400,23,2,"0.12192003186907181;1.1631475002389786"
400,24,2,"0.12192334274337407;1.1633226636217815"
400,25,2,"0.1407679539626317;1.163342036658767"
400,26,2,"0.1219198120272922;1.1632075503970867"
400,27,2,"0.12192414514183444;1.1632923229955159"
400,28,2,"0.14076793709440327;1.1634030496281862"
400,29,2,"0.1407705324572897;1.1631555313950839"
400,30,2,"0.12192010458750688;1.163143236404886"
400,31,2,"0.1407712580038612;1.1631396268659737"
400,32,2,"0.12216325513305563;1.1631227505945672"
400,33,2,"0.14076862159041822;1.1632075503970867"
400,34,2,"0.15037274100701165;1.1678021907684066"
400,35,2,"0.14076871399803412;1.163199427447645"
400,36,2,"0.15514458441439866;1.1678364960912688"
400,37,2,"0.14076881088306928;1.1632386285933913"
400,38,2,"0.13763275887498064;1.16312386330286"
400,39,2,"0.14077077760282156;1.163126567439965"
400,40,2,"0.1407689172829613;1.163230058355196"
400,41,2,"0.13592623134562162;1.167841516031361"
400,42,2,"0.12294779027636031;1.1633226636217815"
400,43,2,"0.13981027794152537;1.16333402999302"
400,44,2,"0.140768544835934;1.1632642958458714"
400,45,2,"0.12288631770473955;1.1631615946873652"
400,46,2,"0.12192025949560481;1.163136538262106"
400,47,2,"0.14077071432290483;1.1631508788666893"
400,48,2,"0.15049277518587614;1.1677643886291267"
400,49,2,"0.14076815517356142;1.1633226636217815"
400,50,2,"0.14076815517356142;1.1633226636217815"
400,51,2,"0.12192068489531131;1.163126567439965"
400,52,2,"0.12192293844385159;1.1631310693127428"
400,53,2,"0.12192650017881612;1.163187750293156"
400,54,2,"0.14392514377307947;1.167861327709256"
400,55,2,"0.14076832636407868;1.1632923229955159"
400,56,2,"0.12192746582641571;1.163207667968021"
400,57,2,"0.13920264031975094;1.1632923229955159"
400,58,2,"0.1407686341326744;1.1632548725673761"
400,59,2,"0.1407680309812721;1.1633552721768594"
400,60,2,"0.14903375336945085;1.1680000810424205"
400,61,2,"0.1429277554528086;1.1679641263590073"
400,62,2,"0.14076815517356142;1.1633226636217815"
400,63,2,"0.14076832636407868;1.1632923229955159"
400,64,2,"0.13855627231656106;1.1633674361102344"
400,65,2,"0.1532634697995735;1.1679520813213444"
400,66,2,"0.1408364386138369;1.1632075503970867"
400,67,2,"0.12491108304449285;1.1632923229955159"
400,68,2,"0.1407683926692697;1.1632326137368116"
400,69,2,"0.12191991175338872;1.1632326137368116"
400,70,2,"0.12192173795769438;1.1631222521952513"
400,71,2,"0.14076862159041822;1.1632075503970867"
400,72,2,"0.12192334274337407;1.1633226636217815"
400,73,2,"0.1219253700671452;1.1632548725673761"
400,74,2,"0.1361994906776459;1.1632326137368116"
400,75,2,"0.1256810780355291;1.1632548725673761"
400,76,2,"0.140768544835934;1.1632642958458714"
400,77,2,"0.14257796128755004;1.1679717494664972"
400,78,2,"0.14076803119174328;1.1633052707502038"
400,79,2,"0.14076815517356142;1.1633226636217815"
400,80,2,"0.13416313595531373;1.1633552721768594"
400,81,2,"0.12192414514183444;1.1632923229955159"
400,82,2,"0.1407712580038612;1.1631396268659737"
400,83,2,"0.1407680309812721;1.1633552721768594"
400,84,2,"0.12192414514183444;1.1632923229955159"
400,85,2,"0.14077005561854986;1.1670396838176267"
400,86,2,"0.14352719930797514;1.167841516031361"
400,87,2,"0.14076900339220888;1.1631788829412908"
400,88,2,"0.1219197950141588;1.163199427447645"
400,89,2,"0.12443672688718381;1.1631310693127428"
400,90,2,"0.1407689172829613;1.163230058355196"
400,91,2,"0.12192307709307619;1.16333402999302"
400,92,2,"0.14076815517356142;1.1633226636217815"
400,93,2,"0.12192556987354297;1.1631703546807275"
400,94,2,"0.12192262446609128;1.1633552721768594"
400,95,2,"0.14077185134024253;1.1631310693127428"
400,96,2,"0.12192238856723346;1.1633674361102344"
400,97,2,"0.12192125916535576;1.1633824375443333"
400,98,2,"0.1407720804576477;1.1631222521952513"
400,99,2,"0.1371289543028601;1.1631615946873652"
400,100,2,"0.14076889511158067;1.1678540208041641"
400,101,2,"0.132250255696973;1.163199427447645"
400,102,2,"0.1281085482261278;1.1632326137368116"
400,103,2,"0.12192155335654392;1.1631218681234696"
400,104,2,"0.12192155335654392;1.1631218681234696"
400,105,2,"0.14076962768357706;1.163187750293156"
400,106,2,"0.12192003186907181;1.1631475002389786"
400,107,2,"0.1407686341326744;1.1632548725673761"
400,108,2,"0.1385589404344348;1.1677853168185464"
400,109,2,"0.1219197889220736;1.1631858296683453"
400,110,2,"0.13736957884712683;1.1632923229955159"
400,111,2,"0.14076881088306928;1.1632386285933913"
400,112,2,"0.14076962768357706;1.163187750293156"
400,113,2,"0.1407702970854358;1.163133376436489"
400,114,2,"0.1242382164857832;1.1634030496281862"
400,115,2,"0.14077077760282156;1.163126567439965"
400,116,2,"0.12281538139225999;1.1634030496281862"
400,117,2,"0.1407679539626317;1.163342036658767"
400,118,2,"0.12191987805622462;1.1631615946873652"
400,119,2,"0.14436310248695125;1.1679072465484985"
400,120,2,"0.1423171385981325;1.1679641263590073"
400,121,2,"0.13126362485692944;1.163143236404886"
400,122,2,"0.15537128950632997;1.167780904701448"
400,123,2,"0.12192238856723346;1.1633674361102344"
400,124,2,"0.12192035834937061;1.163133376436489"
400,125,2,"0.15493717283242206;1.1679072465484985"
400,126,2,"0.14076832636407868;1.1632923229955159"
400,127,2,"0.1407680697402879;1.163293030264191"
400,128,2,"0.12330716624320918;1.163126567439965"
400,129,2,"0.12192637408909893;1.163230058355196"
400,130,2,"0.12803395958814978;1.1633824375443333"
400,131,2,"0.14076792250512796;1.1633824375443333"
400,132,2,"0.14076797625738427;1.163328517161227"
400,133,2,"0.14077005561854986;1.1631703546807275"
400,134,2,"0.1407680309812721;1.1633552721768594"
400,135,2,"0.14266080867996692;1.1678364960912688"
400,136,2,"0.14076793709440327;1.1634030496281862"
400,137,2,"0.13557758455869834;1.1632642958458714"
400,138,2,"0.14077071432290483;1.1631508788666893"
400,139,2,"0.14077130134536764;1.1631227505945672"
400,140,2,"0.1407689172829613;1.163230058355196"
400,141,2,"0.14001474628095092;1.1631703546807275"
400,142,2,"0.140768544835934;1.1632642958458714"
400,143,2,"0.14076889511158067;1.1631858296683453"
400,144,2,"0.14850656562448541;1.1679204256596147"
400,145,2,"0.13662074330569052;1.1677910150150759"
400,146,2,"0.14077013629223084;1.163136538262106"
400,147,2,"0.12192178289527157;1.1634030496281862"
400,148,2,"0.14118014377400276;1.1678349722706214"
400,149,2,"0.14076815517356142;1.1633226636217815"
400,150,2,"0.12192414514183444;1.1632923229955159"
450,1,2,"0.12192081648142394;1.163342036658767"
450,2,2,"0.140768544835934;1.1632642958458714"
450,3,2,"0.14076797625738427;1.163328517161227"
450,4,2,"0.1407706011320478;1.16312864733553"
450,5,2,"0.12192262446609128;1.1633552721768594"
450,6,2,"0.12192010458750688;1.163143236404886"
450,7,2,"0.140574763937626;1.163328517161227"
450,8,2,"0.1219204539782633;1.1633052707502038"
450,9,2,"0.12400825431950128;1.1631615946873652"
450,10,2,"0.12192209382051906;1.16312386330286"
450,11,2,"0.12192650017881612;1.163187750293156"
450,12,2,"0.12192746582641571;1.163207667968021"
450,13,2,"0.12192125916535576;1.1633824375443333"
450,14,2,"0.12371617991800672;1.163136538262106"
450,15,2,"0.12192178289527157;1.1634030496281862"
450,16,2,"0.12192470621992482;1.1631555313950839"
450,17,2,"0.14077005561854986;1.1631703546807275"
450,18,2,"0.12192173795769438;1.1631222521952513"
450,19,2,"0.12192025949560481;1.163136538262106"
450,20,2,"0.13045055912769737;1.163230058355196"
450,21,2,"0.121920678102167;1.163328517161227"
450,22,2,"0.12191987805622462;1.1631615946873652"
450,23,2,"0.14077186807971107;1.1631218681234696"
450,24,2,"0.12192556987354297;1.1631703546807275"
450,25,2,"0.1407720804576477;1.1631222521952513"
450,26,2,"0.121920678102167;1.163328517161227"
450,27,2,"0.12192470621992482;1.1631555313950839"
450,28,2,"0.12192010458750688;1.163143236404886"
450,29,2,"0.12447371346085678;1.1631647728241974"
450,30,2,"0.14076810552451166;1.16333402999302"
450,31,2,"0.12479699096519027;1.1631310693127428"
450,32,2,"0.1407706011320478;1.16312864733553"
450,33,2,"0.12443672688718381;1.1631310693127428"
450,34,2,"0.12848513268179032;1.1633552721768594"
450,35,2,"0.12192003186907181;1.1631475002389786"
450,36,2,"0.12192334274337407;1.1633226636217815"
450,37,2,"0.14076820863229694;1.1632610849375549"
450,38,2,"0.14077005561854986;1.1631703546807275"
450,39,2,"0.12192178289527157;1.1634030496281862"
450,40,2,"0.14077077760282156;1.163126567439965"
450,41,2,"0.14076803119174328;1.1633052707502038"
450,42,2,"0.14076900339220888;1.1631788829412908"
450,43,2,"0.12191991175338872;1.1632326137368116"
450,44,2,"0.12192293844385159;1.1631310693127428"
450,45,2,"0.14076797625738427;1.163328517161227"
450,46,2,"0.13544922976056814;1.1631310693127428"
450,47,2,"0.13157788005706847;1.1633552721768594"
450,48,2,"0.12192209382051906;1.16312386330286"
450,49,2,"0.14076792250512796;1.1633824375443333"
450,50,2,"0.14077021996904202;1.1631647728241974"
450,51,2,"0.13089322252451238;1.1631508788666893"
450,52,2,"0.12192003186907181;1.1631475002389786"
450,53,2,"0.1407720804576477;1.1631222521952513"
450,54,2,"0.14076933707071737;1.1631615946873652"
450,55,2,"0.12191987805622462;1.1631615946873652"
450,56,2,"0.14076815517356142;1.1633226636217815"
450,57,2,"0.12222336798123734;1.1631310693127428"
450,58,2,"0.12192081648142394;1.163342036658767"
450,59,2,"0.12192637408909893;1.163230058355196"
450,60,2,"0.12581311852038227;1.1632610849375549"
450,61,2,"0.1407706011320478;1.16312864733553"
450,62,2,"0.12191987805622462;1.1631615946873652"
450,63,2,"0.12192035834937061;1.163133376436489"
450,64,2,"0.13961399815550504;1.163199427447645"
450,65,2,"0.12192650017881612;1.163187750293156"
450,66,2,"0.12192364240336143;1.1631396268659737"
450,67,2,"0.14077013629223084;1.163136538262106"
450,68,2,"0.12192081648142394;1.163342036658767"
450,69,2,"0.12192068489531131;1.163126567439965"
450,70,2,"0.121920678102167;1.163328517161227"
450,71,2,"0.14076871399803412;1.163199427447645"
450,72,2,"0.12192307709307619;1.16333402999302"
450,73,2,"0.127885553166473;1.163187750293156"
450,74,2,"0.12192262446609128;1.1633552721768594"
450,75,2,"0.12192108347680151;1.1631227505945672"
450,76,2,"0.14077249465873243;1.1631252596249715"
450,77,2,"0.14076832636407868;1.1632923229955159"
450,78,2,"0.12192068489531131;1.163126567439965"
450,79,2,"0.14076971478458322;1.1631475002389786"
450,80,2,"0.12192556987354297;1.1631703546807275"
450,81,2,"0.12192470621992482;1.1631555313950839"
450,82,2,"0.12192178289527157;1.1634030496281862"
450,83,2,"0.12192262446609128;1.1633552721768594"
450,84,2,"0.1407679539626317;1.163342036658767"
450,85,2,"0.1407680309812721;1.1633552721768594"
450,86,2,"0.14076793709440327;1.1634030496281862"
450,87,2,"0.13158444310845446;1.1633674361102344"
450,88,2,"0.1396342984150612;1.1631615946873652"
450,89,2,"0.1407680309812721;1.1633552721768594"
450,90,2,"0.140768544835934;1.1632642958458714"
450,91,2,"0.12192650017881612;1.163187750293156"
450,92,2,"0.14076871399803412;1.163199427447645"
450,93,2,"0.12192125916535576;1.1633824375443333"
450,94,2,"0.12192155335654392;1.1631218681234696"
450,95,2,"0.12192008878118132;1.1632610849375549"
450,96,2,"0.12192035834937061;1.163133376436489"
450,97,2,"0.1407702970854358;1.163133376436489"
450,98,2,"0.14076971478458322;1.1631475002389786"
450,99,2,"0.12192441458718449;1.1631508788666893"
450,100,2,"0.12192068489531131;1.163126567439965"
450,101,2,"0.12192230339616365;1.1631252596249715"
450,102,2,"0.140768544835934;1.1632642958458714"
450,103,2,"0.140768544835934;1.1632642958458714"
450,104,2,"0.12192262446609128;1.1633552721768594"
450,105,2,"0.14077247757740202;1.16312386330286"
450,106,2,"0.14076889511158067;1.1631858296683453"
450,107,2,"0.12192441458718449;1.1631508788666893"
450,108,2,"0.13732086360710202;1.163207667968021"
450,109,2,"0.14076799800729645;1.1633674361102344"
450,110,2,"0.12192637408909893;1.163230058355196"
450,111,2,"0.12192307709307619;1.16333402999302"
450,112,2,"0.14031933934450894;1.16333402999302"
450,113,2,"0.12488473361598403;1.1632386285933913"
450,114,2,"0.12192364240336143;1.1631396268659737"
450,115,2,"0.12192081648142394;1.163342036658767"
450,116,2,"0.1407680309812721;1.1633552721768594"
450,117,2,"0.14076862159041822;1.1632075503970867"
450,118,2,"0.1219253700671452;1.1632548725673761"
450,119,2,"0.1292598727570094;1.163187750293156"
450,120,2,"0.1407680309812721;1.1633552721768594"
450,121,2,"0.14077249465873243;1.1631252596249715"
450,122,2,"0.12192470621992482;1.1631555313950839"
450,123,2,"0.12192173795769438;1.1631222521952513"
450,124,2,"0.13502487914550132;1.1631703546807275"
450,125,2,"0.14076900339220888;1.1631788829412908"
450,126,2,"0.12358702323170769;1.1633052707502038"
450,127,2,"0.12192125916535576;1.1633824375443333"
450,128,2,"0.12192441458718449;1.1631508788666893"
450,129,2,"0.12192008878118132;1.1632610849375549"
450,130,2,"0.1407702970854358;1.163133376436489"
450,131,2,"0.14076803119174328;1.1633052707502038"
450,132,2,"0.14076962768357706;1.163187750293156"
450,133,2,"0.14076933707071737;1.1631615946873652"
450,134,2,"0.14077077760282156;1.163126567439965"
450,135,2,"0.12192470621992482;1.1631555313950839"
450,136,2,"0.12192441458718449;1.1631508788666893"
450,137,2,"0.12191987805622462;1.1631615946873652"
450,138,2,"0.12192125916535576;1.1633824375443333"
450,139,2,"0.12192637408909893;1.163230058355196"
450,140,2,"0.12191987805622462;1.1631615946873652"
450,141,2,"0.12192230339616365;1.1631252596249715"
450,142,2,"0.12192307709307619;1.16333402999302"
450,143,2,"0.140768544835934;1.1632642958458714"
450,144,2,"0.12224653796179938;1.1633824375443333"
450,145,2,"0.14076900339220888;1.1631788829412908"
450,146,2,"0.14077247757740202;1.16312386330286"
450,147,2,"0.12828189757201755;1.1631252596249715"
450,148,2,"0.14077247757740202;1.16312386330286"
450,149,2,"0.13960460639154362;1.1631555313950839"
450,150,2,"0.12192746582641571;1.163207667968021"
500,1,2,"0.12192108347680151;1.1631227505945672"
500,2,2,"0.12191991175338872;1.1632326137368116"
500,3,2,"0.14076871399803412;1.163199427447645"
500,4,2,"0.14001149870930377;1.1631647728241974"
500,5,2,"0.12192364240336143;1.1631396268659737"
500,6,2,"0.12192307709307619;1.1631222521952513"
500,7,2,"0.12192293844385159;1.1631310693127428"
500,8,2,"0.12445041307269922;1.1631475002389786"
500,9,2,"0.12192173795769438;1.1631222521952513"
500,10,2,"0.12192209382051906;1.16312386330286"
500,11,2,"0.12192650017881612;1.163187750293156"
500,12,2,"0.1219197889220736;1.1631858296683453"
500,13,2,"0.14077013629223084;1.163136538262106"
500,14,2,"0.14076871399803412;1.163199427447645"
500,15,2,"0.1235000981617072;1.1631508788666893"
500,16,2,"0.1219198120272922;1.1632075503970867"
500,17,2,"0.12192081648142394;1.163342036658767"
500,18,2,"0.12192503260124236;1.1632642958458714"
500,19,2,"0.121920678102167;1.1631555313950839"
500,20,2,"0.12192209382051906;1.16312386330286"
500,21,2,"0.1290634059248681;1.1633052707502038"
500,22,2,"0.1219197950141588;1.163199427447645"
500,23,2,"0.12192414514183444;1.1631227505945672"
500,24,2,"0.12192155335654392;1.1631218681234696"
500,25,2,"0.1219204539782633;1.1633052707502038"
500,26,2,"0.12192293844385159;1.1631310693127428"
500,27,2,"0.12192155335654392;1.1631218681234696"
500,28,2,"0.12192637408909893;1.163136538262106"
500,29,2,"0.12380903619641499;1.1631227505945672"
500,30,2,"0.12192008878118132;1.1632610849375549"
500,31,2,"0.12192178289527157;1.1634030496281862"
500,32,2,"0.12192441458718449;1.1631508788666893"
500,33,2,"0.121920678102167;1.1631555313950839"
500,34,2,"0.13875829211503643;1.1631252596249715"
500,35,2,"0.12192173795769438;1.1631222521952513"
500,36,2,"0.12192008878118132;1.1632610849375549"
500,37,2,"0.14076832636407868;1.1632923229955159"
500,38,2,"0.12192470621992482;1.1631555313950839"
500,39,2,"0.1219198120272922;1.1632075503970867"
500,40,2,"0.12192068489531131;1.163126567439965"
500,41,2,"0.12192650017881612;1.1631615946873652"
500,42,2,"0.1219204539782633;1.1633052707502038"
500,43,2,"0.1226477103809973;1.163199427447645"
500,44,2,"0.12191979884072322;1.1631788829412908"
500,45,2,"0.14076971478458322;1.1631475002389786"
500,46,2,"0.12192556987354297;1.1631703546807275"
500,47,2,"0.1219253700671452;1.1632548725673761"
500,48,2,"0.12192178289527157;1.1634030496281862"
500,49,2,"0.12192441458718449;1.1631508788666893"
500,50,2,"0.12192155335654392;1.1631218681234696"
500,51,2,"0.13839915131088423;1.16312386330286"
500,52,2,"0.12192209382051906;1.16312386330286"
500,53,2,"0.12192334274337407;1.1631218681234696"
500,54,2,"0.12192307709307619;1.16333402999302"
500,55,2,"0.12591197431815845;1.163133376436489"
500,56,2,"0.12192600608345347;1.1632386285933913"
500,57,2,"0.12192035834937061;1.163133376436489"
500,58,2,"0.12192209382051906;1.16312386330286"
500,59,2,"0.12368050032715587;1.1631858296683453"
500,60,2,"0.12192155335654392;1.1631218681234696"
500,61,2,"0.12961587381607542;1.1632326137368116"
500,62,2,"0.12192108347680151;1.1631227505945672"
500,63,2,"0.1219197889220736;1.1631858296683453"
500,64,2,"0.12328613488401408;1.1632923229955159"
500,65,2,"0.13881077409450332;1.1631703546807275"
500,66,2,"0.12192556987354297;1.1631703546807275"
500,67,2,"0.13344615658255185;1.1631252596249715"
500,68,2,"0.121920678102167;1.163328517161227"
500,69,2,"0.12192637408909893;1.163136538262106"
500,70,2,"0.12192262446609128;1.1633552721768594"
500,71,2,"0.12228758265555181;1.163143236404886"
500,72,2,"0.12692683301806543;1.1631703546807275"
500,73,2,"0.12192173795769438;1.1631222521952513"
500,74,2,"0.1407679539626317;1.163342036658767"
500,75,2,"0.12192025949560481;1.163136538262106"
500,76,2,"0.12192746582641571;1.1631475002389786"
500,77,2,"0.12192503260124236;1.1632642958458714"
500,78,2,"0.12192414514183444;1.1631227505945672"
500,79,2,"0.12192637408909893;1.163230058355196"
500,80,2,"0.12192556987354297;1.1631703546807275"
500,81,2,"0.12191987805622462;1.1631615946873652"
500,82,2,"0.12192108347680151;1.1631227505945672"
500,83,2,"0.12192178289527157;1.1631310693127428"
500,84,2,"0.1219197889220736;1.1631858296683453"
500,85,2,"0.12192209382051906;1.16312386330286"
500,86,2,"0.12192600608345347;1.1632386285933913"
500,87,2,"0.137451951274563;1.163328517161227"
500,88,2,"0.12192081648142394;1.163342036658767"
500,89,2,"0.14076820863229694;1.1632610849375549"
500,90,2,"0.14076815517356142;1.1633226636217815"
500,91,2,"0.12191991175338872;1.1632326137368116"
500,92,2,"0.14076792250512796;1.1633824375443333"
500,93,2,"0.1228395589996933;1.1633052707502038"
500,94,2,"0.12192155335654392;1.1631218681234696"
500,95,2,"0.12192307709307619;1.16333402999302"
500,96,2,"0.12192503260124236;1.163126567439965"
500,97,2,"0.12191991175338872;1.1632326137368116"
500,98,2,"0.12192025949560481;1.163136538262106"
500,99,2,"0.1329485517065663;1.1631310693127428"
500,100,2,"0.12192230339616365;1.1631252596249715"
500,101,2,"0.12192025949560481;1.163136538262106"
500,102,2,"0.14077013629223084;1.163136538262106"
500,103,2,"0.12505383449301663;1.1631858296683453"
500,104,2,"0.12192010458750688;1.163143236404886"
500,105,2,"0.13681669488172393;1.1631310693127428"
500,106,2,"0.1219253700671452;1.1632548725673761"
500,107,2,"0.12192178289527157;1.1634030496281862"
500,108,2,"0.12192525437603213;1.1631647728241974"
500,109,2,"0.13313876624232024;1.163207667968021"
500,110,2,"0.1367348417202321;1.163133376436489"
500,111,2,"0.1407683926692697;1.1632326137368116"
500,112,2,"0.12192441458718449;1.1631508788666893"
500,113,2,"0.12191979884072322;1.1631788829412908"
500,114,2,"0.12192209382051906;1.16312386330286"
500,115,2,"0.12192307709307619;1.1631222521952513"
500,116,2,"0.12192008878118132;1.163187750293156"
500,117,2,"0.13885855357526816;1.1632548725673761"
500,118,2,"0.13988070085378757;1.1632326137368116"
500,119,2,"0.12192293844385159;1.1631310693127428"
500,120,2,"0.12192008878118132;1.1632610849375549"
500,121,2,"0.1219197950141588;1.163199427447645"
500,122,2,"0.12192081648142394;1.1631508788666893"
500,123,2,"0.14077071432290483;1.1631508788666893"
500,124,2,"0.1356885570436135;1.163328517161227"
500,125,2,"0.1219197950141588;1.163199427447645"
500,126,2,"0.12192035834937061;1.163133376436489"
500,127,2,"0.12192035834937061;1.163133376436489"
500,128,2,"0.12192441458718449;1.1631508788666893"
500,129,2,"0.12192637408909893;1.163230058355196"
500,130,2,"0.12194282506098547;1.163126567439965"
500,131,2,"0.12192155335654392;1.1631218681234696"
500,132,2,"0.121920678102167;1.163328517161227"
500,133,2,"0.12744687510098945;1.1632386285933913"
500,134,2,"0.12192155335654392;1.1631218681234696"
500,135,2,"0.12192010458750688;1.163143236404886"
500,136,2,"0.12192746582641571;1.163207667968021"
500,137,2,"0.12192414514183444;1.1632923229955159"
500,138,2,"0.1219197950141588;1.163199427447645"
500,139,2,"0.13902759665118933;1.1631475002389786"
500,140,2,"0.14076881088306928;1.1632386285933913"
500,141,2,"0.13566618948362316;1.1633824375443333"
500,142,2,"0.13859365428162196;1.163342036658767"
500,143,2,"0.1219197950141588;1.163199427447645"
500,144,2,"0.12192650017881612;1.1631615946873652"
500,145,2,"0.1289266264965555;1.1632548725673761"
500,146,2,"0.12192035834937061;1.163133376436489"
500,147,2,"0.12192003186907181;1.1631475002389786"
500,148,2,"0.12251588896381564;1.1631615946873652"
500,149,2,"0.12192010458750688;1.163143236404886"
500,150,2,"0.12192262446609128;1.1633552721768594"
550,1,2,"0.12192503260124236;1.163126567439965"
550,2,2,"0.12192503260124236;1.1632642958458714"
550,3,2,"0.12192637408909893;1.163230058355196"
550,4,2,"0.12192364240336143;1.1631396268659737"
550,5,2,"0.12192008878118132;1.1632610849375549"
550,6,2,"0.12192637408909893;1.163230058355196"
550,7,2,"0.12191991175338872;1.1632326137368116"
550,8,2,"0.12192650017881612;1.163187750293156"
550,9,2,"0.12192470621992482;1.1631555313950839"
550,10,2,"0.13623137052063955;1.1631858296683453"
550,11,2,"0.12192238856723346;1.1633674361102344"
550,12,2,"0.1219198120272922;1.1632075503970867"
550,13,2,"0.12192364240336143;1.1631396268659737"
550,14,2,"0.12192650017881612;1.163187750293156"
550,15,2,"0.1297370847233595;1.163126567439965"
550,16,2,"0.12191991175338872;1.1632326137368116"
550,17,2,"0.12192209382051906;1.16312386330286"
550,18,2,"0.12192108347680151;1.1631227505945672"
550,19,2,"0.1231031044533608;1.1632326137368116"
550,20,2,"0.12192238856723346;1.1631252596249715"
550,21,2,"0.12192068489531131;1.163126567439965"
550,22,2,"0.12192746582641571;1.1631475002389786"
550,23,2,"0.121920678102167;1.163328517161227"
550,24,2,"0.1219197889220736;1.1631858296683453"
550,25,2,"0.12192008878118132;1.163187750293156"
550,26,2,"0.12192108347680151;1.1631227505945672"
550,27,2,"0.12192010458750688;1.163143236404886"
550,28,2,"0.1219204539782633;1.1633052707502038"
550,29,2,"0.12191979884072322;1.1631788829412908"
550,30,2,"0.12192503260124236;1.163126567439965"
550,31,2,"0.12191979884072322;1.1631788829412908"
550,32,2,"0.12192414514183444;1.1632923229955159"
550,33,2,"0.12192525437603213;1.1631647728241974"
550,34,2,"0.12192068489531131;1.163126567439965"
550,35,2,"0.12263773256658288;1.1632326137368116"
550,36,2,"0.12192108347680151;1.1631227505945672"
550,37,2,"0.12192178289527157;1.1634030496281862"
550,38,2,"0.12192068489531131;1.163126567439965"
550,39,2,"0.12192556987354297;1.1631703546807275"
550,40,2,"0.12192364240336143;1.1631396268659737"
550,41,2,"0.12192125916535576;1.1633824375443333"
550,42,2,"0.13449263126115538;1.1631396268659737"
550,43,2,"0.12212316480159666;1.1632610849375549"
550,44,2,"0.12192556987354297;1.1631703546807275"
550,45,2,"0.12192068489531131;1.163126567439965"
550,46,2,"0.12192293844385159;1.1631310693127428"
550,47,2,"0.12192125916535576;1.1631396268659737"
550,48,2,"0.12192034394755442;1.163293030264191"
550,49,2,"0.12192262446609128;1.1633552721768594"
550,50,2,"0.12192035834937061;1.163133376436489"
550,51,2,"0.1219198120272922;1.1632075503970867"
550,52,2,"0.12192650017881612;1.1631615946873652"
550,53,2,"0.12192173795769438;1.1631222521952513"
550,54,2,"0.12192125916535576;1.1631396268659737"
550,55,2,"0.12191991175338872;1.1632326137368116"
550,56,2,"0.12192230339616365;1.1631252596249715"
550,57,2,"0.12845031304387797;1.1632923229955159"
550,58,2,"0.1219197950141588;1.163199427447645"
550,59,2,"0.12192503260124236;1.163126567439965"
550,60,2,"0.12192108347680151;1.1631227505945672"
550,61,2,"0.12192470621992482;1.1631555313950839"
550,62,2,"0.12192155335654392;1.1631218681234696"
550,63,2,"0.121920678102167;1.163328517161227"
550,64,2,"0.1219198120272922;1.1632075503970867"
550,65,2,"0.12192230339616365;1.1631252596249715"
550,66,2,"0.12192600608345347;1.163133376436489"
550,67,2,"0.12192178289527157;1.1634030496281862"
550,68,2,"0.12192503260124236;1.163126567439965"
550,69,2,"0.12242533938386861;1.16312386330286"
550,70,2,"0.1219197950141588;1.163199427447645"
550,71,2,"0.12192470621992482;1.1631555313950839"
550,72,2,"0.12192334274337407;1.1631218681234696"
550,73,2,"0.12191987805622462;1.1631615946873652"
550,74,2,"0.1219204539782633;1.1633052707502038"
550,75,2,"0.12393566031227404;1.1631475002389786"
550,76,2,"0.12192125916535576;1.1631396268659737"
550,77,2,"0.12192108347680151;1.1631227505945672"
550,78,2,"0.12192125916535576;1.1631396268659737"
550,79,2,"0.12192173795769438;1.1631222521952513"
550,80,2,"0.12192503260124236;1.163126567439965"
550,81,2,"0.12191987805622462;1.1631615946873652"
550,82,2,"0.12192081648142394;1.1631508788666893"
550,83,2,"0.12192334274337407;1.1633226636217815"
550,84,2,"0.124684725514872;1.1631788829412908"
550,85,2,"0.12820673941968982;1.163133376436489"
550,86,2,"0.1219197889220736;1.1631858296683453"
550,87,2,"0.121920678102167;1.163328517161227"
550,88,2,"0.12192209382051906;1.16312386330286"
550,89,2,"0.12192035834937061;1.163133376436489"
550,90,2,"0.12192068489531131;1.163126567439965"
550,91,2,"0.1219204539782633;1.1633052707502038"
550,92,2,"0.12191979884072322;1.1631788829412908"
550,93,2,"0.1348757790079398;1.163133376436489"
550,94,2,"0.1219197889220736;1.1631858296683453"
550,95,2,"0.1219197889220736;1.1631858296683453"
550,96,2,"0.12192155335654392;1.1631218681234696"
550,97,2,"0.12192035834937061;1.163133376436489"
550,98,2,"0.1219197950141588;1.163199427447645"
550,99,2,"0.13297182546854389;1.163230058355196"
550,100,2,"0.12192307709307619;1.16333402999302"
550,101,2,"0.12192334274337407;1.1633226636217815"
550,102,2,"0.12192364240336143;1.1631396268659737"
550,103,2,"0.12192230339616365;1.1631252596249715"
550,104,2,"0.12711610802154388;1.1633052707502038"
550,105,2,"0.12192209382051906;1.16312386330286"
550,106,2,"0.1335181042255228;1.1631647728241974"
550,107,2,"0.12191991175338872;1.1632326137368116"
550,108,2,"0.12192068489531131;1.163126567439965"
550,109,2,"0.1219197950141588;1.163199427447645"
550,110,2,"0.12192650017881612;1.163187750293156"
550,111,2,"0.12192008878118132;1.1632610849375549"
550,112,2,"0.12192108347680151;1.1631227505945672"
550,113,2,"0.12192650017881612;1.1631615946873652"
550,114,2,"0.12192034394755442;1.163293030264191"
550,115,2,"0.12192650017881612;1.1631615946873652"
550,116,2,"0.12194791912249676;1.1631475002389786"
550,117,2,"0.12192470621992482;1.1631555313950839"
550,118,2,"0.1378474338311657;1.163342036658767"
550,119,2,"0.12192746582641571;1.1631475002389786"
550,120,2,"0.12192035834937061;1.163133376436489"
550,121,2,"0.12192010458750688;1.163143236404886"
550,122,2,"0.12192035834937061;1.163133376436489"
550,123,2,"0.12192364240336143;1.1631396268659737"
550,124,2,"0.12192108347680151;1.1631227505945672"
550,125,2,"0.12398556655783975;1.163199427447645"
550,126,2,"0.12192034394755442;1.163293030264191"
550,127,2,"0.12790253281930514;1.163207667968021"
550,128,2,"0.12191987805622462;1.1631615946873652"
550,129,2,"0.12192334274337407;1.1633226636217815"
550,130,2,"0.1322253613681496;1.1632326137368116"
550,131,2,"0.12192637408909893;1.163136538262106"
550,132,2,"0.12192178289527157;1.1634030496281862"
550,133,2,"0.1366832711494118;1.1631788829412908"
550,134,2,"0.12192746582641571;1.163207667968021"
550,135,2,"0.12192600608345347;1.1632386285933913"
550,136,2,"0.12192637408909893;1.163230058355196"
550,137,2,"0.1219197950141588;1.163199427447645"
550,138,2,"0.12192600608345347;1.1632386285933913"
550,139,2,"0.12192010458750688;1.163143236404886"
550,140,2,"0.13688285783262805;1.163187750293156"
550,141,2,"0.12201304699295135;1.1631555313950839"
550,142,2,"0.1219204539782633;1.1631647728241974"
550,143,2,"0.12192503260124236;1.1632642958458714"
550,144,2,"0.12192008878118132;1.1632610849375549"
550,145,2,"0.12192637408909893;1.163230058355196"
550,146,2,"0.12192414514183444;1.1632923229955159"
550,147,2,"0.1365328408882243;1.16333402999302"
550,148,2,"0.13528633623348954;1.163199427447645"
550,149,2,"0.12191991175338872;1.1632326137368116"
550,150,2,"0.12192125916535576;1.1633824375443333"
600,1,2,"0.12192650017881612;1.163187750293156"
600,2,2,"0.1219198120272922;1.1632075503970867"
600,3,2,"0.12192008878118132;1.1632610849375549"
600,4,2,"0.12192035834937061;1.163133376436489"
600,5,2,"0.12192307709307619;1.1631222521952513"
600,6,2,"0.12192008878118132;1.163187750293156"
600,7,2,"0.12192307709307619;1.1631222521952513"
600,8,2,"0.1219204539782633;1.1633052707502038"
600,9,2,"0.12192068489531131;1.163126567439965"
600,10,2,"0.12192749648615168;1.163207667968021"
600,11,2,"0.12192081648142394;1.1631508788666893"
600,12,2,"0.12191987805622462;1.1631615946873652"
600,13,2,"0.12192525437603213;1.1631647728241974"
600,14,2,"0.1219198120272922;1.1632075503970867"
600,15,2,"0.1219253700671452;1.1632548725673761"
600,16,2,"0.12191979884072322;1.1631788829412908"
600,17,2,"0.12192364240336143;1.1631396268659737"
600,18,2,"0.12192238856723346;1.1631252596249715"
600,19,2,"0.1219204539782633;1.1631647728241974"
600,20,2,"0.1219253700671452;1.16312864733553"
600,21,2,"0.12192525437603213;1.1631647728241974"
600,22,2,"0.12192008878118132;1.1632610849375549"
600,23,2,"0.12192230339616365;1.1631252596249715"
600,24,2,"0.12192556987354297;1.1631703546807275"
600,25,2,"0.121920678102167;1.163328517161227"
600,26,2,"0.12192209382051906;1.16312386330286"
600,27,2,"0.12192008878118132;1.163187750293156"
600,28,2,"0.12192525437603213;1.1631647728241974"
600,29,2,"0.12192003186907181;1.1631475002389786"
600,30,2,"0.1219204539782633;1.1633052707502038"
600,31,2,"0.12192600608345347;1.1632386285933913"
600,32,2,"0.12192503260124236;1.163126567439965"
600,33,2,"0.12192230339616365;1.1631252596249715"
600,34,2,"0.12192307709307619;1.16333402999302"
600,35,2,"0.12192173795769438;1.1631222521952513"
600,36,2,"0.1219197889220736;1.1631858296683453"
600,37,2,"0.12191987805622462;1.1631615946873652"
600,38,2,"0.1219198120272922;1.1632075503970867"
600,39,2,"0.12192003186907181;1.1631475002389786"
600,40,2,"0.12192414514183444;1.1631227505945672"
600,41,2,"0.121920678102167;1.163328517161227"
600,42,2,"0.12192307709307619;1.1631222521952513"
600,43,2,"0.1219197889220736;1.1631858296683453"
600,44,2,"0.12192008878118132;1.1632610849375549"
600,45,2,"0.12192637408909893;1.163136538262106"
600,46,2,"0.12192173795769438;1.1631222521952513"
600,47,2,"0.12192364240336143;1.1631396268659737"
600,48,2,"0.12192010458750688;1.163143236404886"
600,49,2,"0.12192025949560481;1.163136538262106"
600,50,2,"0.12192173795769438;1.1631222521952513"
600,51,2,"0.12192525437603213;1.1631647728241974"
600,52,2,"0.1219204539782633;1.1631647728241974"
600,53,2,"0.12192262446609128;1.1633552721768594"
600,54,2,"0.1219253700671452;1.1632548725673761"
600,55,2,"0.1219197889220736;1.1631858296683453"
600,56,2,"0.12192209382051906;1.16312386330286"
600,57,2,"0.12192746582641571;1.1631475002389786"
600,58,2,"0.12192746582641571;1.163207667968021"
600,59,2,"0.12192108347680151;1.1631227505945672"
600,60,2,"0.12191987805622462;1.1631615946873652"
600,61,2,"0.12192035834937061;1.163133376436489"
600,62,2,"0.12191991175338872;1.163207667968021"
600,63,2,"0.12192637408909893;1.163136538262106"
600,64,2,"0.1219204539782633;1.1633052707502038"
600,65,2,"0.12195078335728704;1.1631615946873652"
600,66,2,"0.12192441458718449;1.1631508788666893"
600,67,2,"0.12191979884072322;1.1631788829412908"
600,68,2,"0.12192238856723346;1.1631252596249715"
600,69,2,"0.12192108347680151;1.1631227505945672"
600,70,2,"0.12192173795769438;1.1631222521952513"
600,71,2,"0.12192414514183444;1.1631227505945672"
600,72,2,"0.12192034394755442;1.163293030264191"
600,73,2,"0.1219197889220736;1.1631858296683453"
600,74,2,"0.12192108347680151;1.1631227505945672"
600,75,2,"0.12192293844385159;1.1631310693127428"
600,76,2,"0.12192503260124236;1.163126567439965"
600,77,2,"0.12192003186907181;1.1631475002389786"
600,78,2,"0.12192307709307619;1.1631222521952513"
600,79,2,"0.12192081648142394;1.163342036658767"
600,80,2,"0.12192414514183444;1.1632923229955159"
600,81,2,"0.12192503260124236;1.1632642958458714"
600,82,2,"0.12192035834937061;1.163133376436489"
600,83,2,"0.12192081648142394;1.1631508788666893"
600,84,2,"0.12192068489531131;1.163126567439965"
600,85,2,"0.12192746582641571;1.163207667968021"
600,86,2,"0.1219197889220736;1.1631858296683453"
600,87,2,"0.12192364240336143;1.1631396268659737"
600,88,2,"0.12192441458718449;1.1631508788666893"
600,89,2,"0.12192650017881612;1.163187750293156"
600,90,2,"0.12192556987354297;1.1631703546807275"
600,91,2,"0.12192025949560481;1.163136538262106"
600,92,2,"0.12192008878118132;1.163187750293156"
600,93,2,"0.1219253700671452;1.1632548725673761"
600,94,2,"0.1219197950141588;1.163199427447645"
600,95,2,"0.1219198120272922;1.1632075503970867"
600,96,2,"0.12192746582641571;1.1631475002389786"
600,97,2,"0.12192746582641571;1.163207667968021"
600,98,2,"0.12192556987354297;1.1631703546807275"
600,99,2,"0.12192556987354297;1.1631703546807275"
600,100,2,"0.12192525437603213;1.1631647728241974"
600,101,2,"0.12192108347680151;1.1631227505945672"
600,102,2,"0.12192230339616365;1.1631252596249715"
600,103,2,"0.12192081648142394;1.163342036658767"
600,104,2,"0.12192414514183444;1.1631227505945672"
600,105,2,"0.12192503260124236;1.1632642958458714"
600,106,2,"0.12192262446609128;1.1633552721768594"
600,107,2,"0.12192414514183444;1.1632923229955159"
600,108,2,"0.12191991175338872;1.1632326137368116"
600,109,2,"0.12192010458750688;1.163143236404886"
600,110,2,"0.12192025949560481;1.163136538262106"
600,111,2,"0.12192108347680151;1.1631227505945672"
600,112,2,"0.12192746582641571;1.1631475002389786"
600,113,2,"0.12192178289527157;1.1634030496281862"
600,114,2,"0.1219197950141588;1.163199427447645"
600,115,2,"0.12192025949560481;1.163136538262106"
600,116,2,"0.12192108347680151;1.1631227505945672"
600,117,2,"0.1219197889220736;1.1631858296683453"
600,118,2,"0.12192600608345347;1.1632386285933913"
600,119,2,"0.121920678102167;1.1631555313950839"
600,120,2,"0.12192178289527157;1.1631310693127428"
600,121,2,"0.12192209382051906;1.16312386330286"
600,122,2,"0.12192010458750688;1.163143236404886"
600,123,2,"0.12192230339616365;1.1631252596249715"
600,124,2,"0.12192003186907181;1.1631475002389786"
600,125,2,"0.1219253700671452;1.16312864733553"
600,126,2,"0.12191979884072322;1.1631788829412908"
600,127,2,"0.12192414514183444;1.1632923229955159"
600,128,2,"0.12192034394755442;1.163293030264191"
600,129,2,"0.12192414514183444;1.1631227505945672"
600,130,2,"0.12192414514183444;1.1632923229955159"
600,131,2,"0.12192364240336143;1.1631396268659737"
600,132,2,"0.12192525437603213;1.1631647728241974"
600,133,2,"0.12192081648142394;1.1631508788666893"
600,134,2,"0.1219204539782633;1.1631647728241974"
600,135,2,"0.1219198120272922;1.1632075503970867"
600,136,2,"0.12192035834937061;1.163133376436489"
600,137,2,"0.121920678102167;1.163328517161227"
600,138,2,"0.12192600608345347;1.163133376436489"
600,139,2,"0.12192262446609128;1.1633552721768594"
600,140,2,"0.12192173795769438;1.1631222521952513"
600,141,2,"0.12192108347680151;1.1631227505945672"
600,142,2,"0.12192637408909893;1.163230058355196"
600,143,2,"0.12192650017881612;1.1631615946873652"
600,144,2,"0.12191991175338872;1.1632326137368116"
600,145,2,"0.12191991175338872;1.1632326137368116"
600,146,2,"0.12192414514183444;1.1632923229955159"
600,147,2,"0.1219197950141588;1.163199427447645"
600,148,2,"0.12192650017881612;1.163187750293156"
600,149,2,"0.12192600608345347;1.1632386285933913"
600,150,2,"0.1219198120272922;1.1632075503970867"
650,1,2,"0.12192003186907181;1.1631475002389786"
650,2,2,"0.12192010458750688;1.163143236404886"
650,3,2,"0.12192003186907181;1.1631475002389786"
650,4,2,"0.12192008878118132;1.1632610849375549"
650,5,2,"0.1219198120272922;1.1632075503970867"
650,6,2,"0.1219198120272922;1.1632075503970867"
650,7,2,"0.12192230339616365;1.1631252596249715"
650,8,2,"0.12192125916535576;1.1631396268659737"
650,9,2,"0.12192600608345347;1.1632386285933913"
650,10,2,"0.1219197950141588;1.163199427447645"
650,11,2,"0.1219204539782633;1.1631647728241974"
650,12,2,"0.1219204539782633;1.1631647728241974"
650,13,2,"0.12191987805622462;1.1631615946873652"
650,14,2,"0.12191979884072322;1.1631788829412908"
650,15,2,"0.121920678102167;1.1631555313950839"
650,16,2,"0.12192108347680151;1.1631227505945672"
650,17,2,"0.12192600608345347;1.1632386285933913"
650,18,2,"0.12192035834937061;1.163133376436489"
650,19,2,"0.12192178289527157;1.1631310693127428"
650,20,2,"0.12192010458750688;1.163143236404886"
650,21,2,"0.1219253700671452;1.1632548725673761"
650,22,2,"0.12192173795769438;1.1631222521952513"
650,23,2,"0.1219197950141588;1.1631555313950839"
650,24,2,"0.12192525437603213;1.1631647728241974"
650,25,2,"0.12192035834937061;1.163133376436489"
650,26,2,"0.12192334274337407;1.1631218681234696"
650,27,2,"0.12192034394755442;1.163293030264191"
650,28,2,"0.121920678102167;1.163328517161227"
650,29,2,"0.12191979884072322;1.1631788829412908"
650,30,2,"0.1219204539782633;1.1631647728241974"
650,31,2,"0.12192746582641571;1.163207667968021"
650,32,2,"0.1219253700671452;1.1632548725673761"
650,33,2,"0.12192746582641571;1.163207667968021"
650,34,2,"0.12192034394755442;1.1631703546807275"
650,35,2,"0.12191979884072322;1.1631788829412908"
650,36,2,"0.1219198120272922;1.1631508788666893"
650,37,2,"0.12192307709307619;1.16333402999302"
650,38,2,"0.12191979884072322;1.1631788829412908"
650,39,2,"0.1219197889220736;1.1631858296683453"
650,40,2,"0.1219204539782633;1.1631647728241974"
650,41,2,"0.12192525437603213;1.1631647728241974"
650,42,2,"0.1219197950141588;1.1631555313950839"
650,43,2,"0.12192746582641571;1.163207667968021"
650,44,2,"0.1219253700671452;1.1632548725673761"
650,45,2,"0.12192108347680151;1.1631227505945672"
650,46,2,"0.12192307709307619;1.1631222521952513"
650,47,2,"0.12192746582641571;1.1631475002389786"
650,48,2,"0.12192035834937061;1.163133376436489"
650,49,2,"0.12192034394755442;1.1631703546807275"
650,50,2,"0.12191979884072322;1.1631703546807275"
650,51,2,"0.1219197950141588;1.163199427447645"
650,52,2,"0.12192293844385159;1.1631310693127428"
650,53,2,"0.12191987805622462;1.1631615946873652"
650,54,2,"0.12192600608345347;1.163133376436489"
650,55,2,"0.12191979884072322;1.1631788829412908"
650,56,2,"0.12192125916535576;1.1631396268659737"
650,57,2,"0.1219197889220736;1.1631647728241974"
650,58,2,"0.12192238856723346;1.1631252596249715"
650,59,2,"0.12192230339616365;1.1631252596249715"
650,60,2,"0.12192307709307619;1.16333402999302"
650,61,2,"0.12192081648142394;1.1631508788666893"
650,62,2,"0.12192262446609128;1.16312386330286"
650,63,2,"0.12192173795769438;1.1631222521952513"
650,64,2,"0.12192081648142394;1.1631508788666893"
650,65,2,"0.12192178289527157;1.1631310693127428"
650,66,2,"0.12192010458750688;1.163143236404886"
650,67,2,"0.12192364240336143;1.1631396268659737"
650,68,2,"0.12192470621992482;1.1631555313950839"
650,69,2,"0.12192525437603213;1.1631647728241974"
650,70,2,"0.1219198120272922;1.1632075503970867"
650,71,2,"0.12192178289527157;1.1634030496281862"
650,72,2,"0.12192470621992482;1.1631555313950839"
650,73,2,"0.12192173795769438;1.1631222521952513"
650,74,2,"0.12192178289527157;1.1631310693127428"
650,75,2,"0.12192262446609128;1.16312386330286"
650,76,2,"0.12192262446609128;1.16312386330286"
650,77,2,"0.121920678102167;1.1631555313950839"
650,78,2,"0.12192025949560481;1.163136538262106"
650,79,2,"0.12192035834937061;1.163133376436489"
650,80,2,"0.12192003186907181;1.1631475002389786"
650,81,2,"0.12192108347680151;1.1631227505945672"
650,82,2,"0.12192293844385159;1.1631310693127428"
650,83,2,"0.12192650017881612;1.163187750293156"
650,84,2,"0.12192600608345347;1.163133376436489"
650,85,2,"0.121920678102167;1.1631555313950839"
650,86,2,"0.12192008878118132;1.1632610849375549"
650,87,2,"0.12192441458718449;1.1631508788666893"
650,88,2,"0.1219197889220736;1.1631858296683453"
650,89,2,"0.12192155335654392;1.1631218681234696"
650,90,2,"0.12192637408909893;1.163230058355196"
650,91,2,"0.1219197950141588;1.163199427447645"
650,92,2,"0.12192441458718449;1.1631508788666893"
650,93,2,"0.12192155335654392;1.1631218681234696"
650,94,2,"0.12192155335654392;1.1631218681234696"
650,95,2,"0.12192025949560481;1.163136538262106"
650,96,2,"0.12192034394755442;1.1631703546807275"
650,97,2,"0.12192600608345347;1.163133376436489"
650,98,2,"0.12192525437603213;1.1631647728241974"
650,99,2,"0.12192600608345347;1.1632386285933913"
650,100,2,"0.12192010458750688;1.163143236404886"
650,101,2,"0.12192525437603213;1.1631647728241974"
650,102,2,"0.12192293844385159;1.1631310693127428"
650,103,2,"0.12192637408909893;1.163230058355196"
650,104,2,"0.12192470621992482;1.1631555313950839"
650,105,2,"0.12192173795769438;1.1631222521952513"
650,106,2,"0.12191991175338872;1.163207667968021"
650,107,2,"0.121920678102167;1.163328517161227"
650,108,2,"0.12192414514183444;1.1632923229955159"
650,109,2,"0.1219198120272922;1.1631508788666893"
650,110,2,"0.1219253700671452;1.16312864733553"
650,111,2,"0.121920678102167;1.163328517161227"
650,112,2,"0.12192035834937061;1.163133376436489"
650,113,2,"0.12192081648142394;1.163342036658767"
650,114,2,"0.12192262446609128;1.1633552721768594"
650,115,2,"0.12192746582641571;1.163207667968021"
650,116,2,"0.1219197950141588;1.1631555313950839"
650,117,2,"0.12192108347680151;1.1631227505945672"
650,118,2,"0.12192441458718449;1.1631508788666893"
650,119,2,"0.12192173795769438;1.1631222521952513"
650,120,2,"0.12192209382051906;1.16312386330286"
650,121,2,"0.12191979884072322;1.1631788829412908"
650,122,2,"0.12192173795769438;1.1631222521952513"
650,123,2,"0.12192746582641571;1.163207667968021"
650,124,2,"0.12192503260124236;1.1631788829412908"
650,125,2,"0.12192470621992482;1.1631555313950839"
650,126,2,"0.12192334274337407;1.1631218681234696"
650,127,2,"0.121920678102167;1.163328517161227"
650,128,2,"0.12191987805622462;1.1631615946873652"
650,129,2,"0.12192293844385159;1.1631310693127428"
650,130,2,"0.12192441458718449;1.1631508788666893"
650,131,2,"0.12192650017881612;1.1631615946873652"
650,132,2,"0.12192108347680151;1.1631227505945672"
650,133,2,"0.12192108347680151;1.1631227505945672"
650,134,2,"0.12192293844385159;1.1631310693127428"
650,135,2,"0.12192238856723346;1.1631252596249715"
650,136,2,"0.12192334274337407;1.1633226636217815"
650,137,2,"0.12192178289527157;1.1631310693127428"
650,138,2,"0.12192068489531131;1.163126567439965"
650,139,2,"0.12191979884072322;1.1631788829412908"
650,140,2,"0.1219197889220736;1.1631858296683453"
650,141,2,"0.1219198120272922;1.1632075503970867"
650,142,2,"0.12192637408909893;1.163136538262106"
650,143,2,"0.12192108347680151;1.1631227505945672"
650,144,2,"0.12192364240336143;1.1631396268659737"
650,145,2,"0.12191991175338872;1.1632326137368116"
650,146,2,"0.12192081648142394;1.1631508788666893"
650,147,2,"0.12192081648142394;1.1631508788666893"
650,148,2,"0.12192081648142394;1.1631508788666893"
650,149,2,"0.1219198120272922;1.1632075503970867"
650,150,2,"0.12192209382051906;1.16312386330286"
700,1,2,"0.12191991175338872;1.163207667968021"
700,2,2,"0.12192068489531131;1.163126567439965"
700,3,2,"0.12192068489531131;1.163126567439965"
700,4,2,"0.12192003186907181;1.1631475002389786"
700,5,2,"0.12192230339616365;1.1631252596249715"
700,6,2,"0.1219253700671452;1.1632548725673761"
700,7,2,"0.1219197889220736;1.1631647728241974"
700,8,2,"0.12192155335654392;1.1631218681234696"
700,9,2,"0.12192307709307619;1.1631222521952513"
700,10,2,"0.12192173795769438;1.1631222521952513"
700,11,2,"0.12191991175338872;1.1631396268659737"
700,12,2,"0.12192746582641571;1.1631475002389786"
700,13,2,"0.12192025949560481;1.163136538262106"
700,14,2,"0.12192010458750688;1.163143236404886"
700,15,2,"0.12192035834937061;1.163133376436489"
700,16,2,"0.12192637408909893;1.163136538262106"
700,17,2,"0.12192034394755442;1.1631703546807275"
700,18,2,"0.12192034394755442;1.1631703546807275"
700,19,2,"0.12192035834937061;1.163133376436489"
700,20,2,"0.1219197950141588;1.1631555313950839"
700,21,2,"0.12192108347680151;1.1631227505945672"
700,22,2,"0.12192108347680151;1.1631227505945672"
700,23,2,"0.12192230339616365;1.1631252596249715"
700,24,2,"0.12192262446609128;1.16312386330286"
700,25,2,"0.12192746582641571;1.1631475002389786"
700,26,2,"0.12192035834937061;1.163133376436489"
700,27,2,"0.12192003186907181;1.1631475002389786"
700,28,2,"0.12192556987354297;1.1631703546807275"
700,29,2,"0.1219253700671452;1.16312864733553"
700,30,2,"0.12192307709307619;1.16333402999302"
700,31,2,"0.12192525437603213;1.1631647728241974"
700,32,2,"0.12192034394755442;1.1631703546807275"
700,33,2,"0.12191991175338872;1.163207667968021"
700,34,2,"0.12192746582641571;1.1631475002389786"
700,35,2,"0.1219197950141588;1.1631555313950839"
700,36,2,"0.12192470621992482;1.1631555313950839"
700,37,2,"0.1219198120272922;1.1632075503970867"
700,38,2,"0.12192262446609128;1.1633552721768594"
700,39,2,"0.12191979884072322;1.1631788829412908"
700,40,2,"0.12192364240336143;1.1631396268659737"
700,41,2,"0.12192178289527157;1.163126567439965"
700,42,2,"0.1219197950141588;1.163199427447645"
700,43,2,"0.12192034394755442;1.1631703546807275"
700,44,2,"0.12191991175338872;1.163207667968021"
700,45,2,"0.121920678102167;1.1631555313950839"
700,46,2,"0.12192155335654392;1.1631218681234696"
700,47,2,"0.1219198120272922;1.1631508788666893"
700,48,2,"0.12192034394755442;1.1631703546807275"
700,49,2,"0.12192068489531131;1.163126567439965"
700,50,2,"0.12192025949560481;1.163136538262106"
700,51,2,"0.12192008878118132;1.163187750293156"
700,52,2,"0.1219204539782633;1.1631647728241974"
700,53,2,"0.12192307709307619;1.1631222521952513"
700,54,2,"0.121920678102167;1.1631555313950839"
700,55,2,"0.12192293844385159;1.1631310693127428"
700,56,2,"0.1219198120272922;1.1632075503970867"
700,57,2,"0.12192600608345347;1.1632386285933913"
700,58,2,"0.12191979884072322;1.1631788829412908"
700,59,2,"0.12192556987354297;1.1631703546807275"
700,60,2,"0.12192155335654392;1.1631218681234696"
700,61,2,"0.12192746582641571;1.1631475002389786"
700,62,2,"0.1219197950141588;1.163199427447645"
700,63,2,"0.1219197950141588;1.1631555313950839"
700,64,2,"0.12192008878118132;1.1631310693127428"
700,65,2,"0.12191979884072322;1.1631788829412908"
700,66,2,"0.12192068489531131;1.163126567439965"
700,67,2,"0.12192025949560481;1.163136538262106"
700,68,2,"0.121920678102167;1.1631222521952513"
700,69,2,"0.12192008878118132;1.163187750293156"
700,70,2,"0.12192068489531131;1.163126567439965"
700,71,2,"0.12192441458718449;1.1631508788666893"
700,72,2,"0.12192003186907181;1.1631475002389786"
700,73,2,"0.12192081648142394;1.1631508788666893"
700,74,2,"0.12192178289527157;1.1631310693127428"
700,75,2,"0.12191979884072322;1.1631788829412908"
700,76,2,"0.12192600608345347;1.1632386285933913"
700,77,2,"0.12192556987354297;1.1631703546807275"
700,78,2,"0.12192637408909893;1.163136538262106"
700,79,2,"0.12192034394755442;1.1631252596249715"
700,80,2,"0.12192178289527157;1.1631310693127428"
700,81,2,"0.12192209382051906;1.16312386330286"
700,82,2,"0.12192008878118132;1.1631310693127428"
700,83,2,"0.12192108347680151;1.1631227505945672"
700,84,2,"0.1219197950141588;1.1631555313950839"
700,85,2,"0.12192307709307619;1.1631222521952513"
700,86,2,"0.1219197889220736;1.1631647728241974"
700,87,2,"0.121920678102167;1.1631222521952513"
700,88,2,"0.12191987805622462;1.1631615946873652"
700,89,2,"0.12192008878118132;1.163187750293156"
700,90,2,"0.12192173795769438;1.1631222521952513"
700,91,2,"0.1219197889220736;1.1631858296683453"
700,92,2,"0.12192650017881612;1.1631615946873652"
700,93,2,"0.12191979884072322;1.1631788829412908"
700,94,2,"0.12191991175338872;1.1632326137368116"
700,95,2,"0.12192035834937061;1.163133376436489"
700,96,2,"0.12192178289527157;1.1631310693127428"
700,97,2,"0.12192081648142394;1.1631218681234696"
700,98,2,"0.1219198120272922;1.1632075503970867"
700,99,2,"0.12192025949560481;1.163136538262106"
700,100,2,"0.12192746582641571;1.1631475002389786"
700,101,2,"0.1219204539782633;1.1633052707502038"
700,102,2,"0.12192003186907181;1.1631475002389786"
700,103,2,"0.12192068489531131;1.163126567439965"
700,104,2,"0.12192035834937061;1.163133376436489"
700,105,2,"0.12192034394755442;1.1631252596249715"
700,106,2,"0.12192334274337407;1.1631218681234696"
700,107,2,"0.12192068489531131;1.163126567439965"
700,108,2,"0.12192155335654392;1.1631218681234696"
700,109,2,"0.12191987805622462;1.1631615946873652"
700,110,2,"0.12191991175338872;1.1632326137368116"
700,111,2,"0.12192650017881612;1.163187750293156"
700,112,2,"0.1219253700671452;1.16312864733553"
700,113,2,"0.12192238856723346;1.1631252596249715"
700,114,2,"0.121920678102167;1.1631222521952513"
700,115,2,"0.12192008878118132;1.163187750293156"
700,116,2,"0.1219253700671452;1.16312864733553"
700,117,2,"0.12192035834937061;1.163133376436489"
700,118,2,"0.12191991175338872;1.163207667968021"
700,119,2,"0.12191987805622462;1.1631615946873652"
700,120,2,"0.12192230339616365;1.1631252596249715"
700,121,2,"0.12192364240336143;1.1631396268659737"
700,122,2,"0.12192230339616365;1.1631252596249715"
700,123,2,"0.12192068489531131;1.163126567439965"
700,124,2,"0.12192441458718449;1.1631508788666893"
700,125,2,"0.1219197950141588;1.1631555313950839"
700,126,2,"0.12192003186907181;1.1631475002389786"
700,127,2,"0.12192334274337407;1.1631218681234696"
700,128,2,"0.12191979884072322;1.1631788829412908"
700,129,2,"0.12192008878118132;1.1632610849375549"
700,130,2,"0.12191987805622462;1.1631615946873652"
700,131,2,"0.12191979884072322;1.1631788829412908"
700,132,2,"0.12191987805622462;1.1631615946873652"
700,133,2,"0.12192068489531131;1.163126567439965"
700,134,2,"0.1219204539782633;1.1631647728241974"
700,135,2,"0.12192600608345347;1.163133376436489"
700,136,2,"0.12192556987354297;1.1631703546807275"
700,137,2,"0.12191987805622462;1.1631615946873652"
700,138,2,"0.1219198120272922;1.1632075503970867"
700,139,2,"0.12192441458718449;1.1631508788666893"
700,140,2,"0.12192178289527157;1.1631310693127428"
700,141,2,"0.12192178289527157;1.1631310693127428"
700,142,2,"0.12192155335654392;1.1631218681234696"
700,143,2,"0.12192293844385159;1.1631310693127428"
700,144,2,"0.12192600608345347;1.163133376436489"
700,145,2,"0.12192364240336143;1.1631396268659737"
700,146,2,"0.12192364240336143;1.1631396268659737"
700,147,2,"0.12192008878118132;1.163187750293156"
700,148,2,"0.1219198120272922;1.1631508788666893"
700,149,2,"0.12192637408909893;1.163136538262106"
700,150,2,"0.12191979884072322;1.1631788829412908"
750,1,2,"0.12192262446609128;1.16312386330286"
750,2,2,"0.12192178289527157;1.1631310693127428"
750,3,2,"0.12192068489531131;1.163126567439965"
750,4,2,"0.12192034394755442;1.1631703546807275"
750,5,2,"0.12192293844385159;1.1631310693127428"
750,6,2,"0.12191979884072322;1.1631703546807275"
750,7,2,"0.12191991175338872;1.163207667968021"
750,8,2,"0.12192034394755442;1.1631703546807275"
750,9,2,"0.12192008878118132;1.1631310693127428"
750,10,2,"0.1219204539782633;1.1631647728241974"
750,11,2,"0.1219198120272922;1.1632075503970867"
750,12,2,"0.12192068489531131;1.163126567439965"
750,13,2,"0.12192003186907181;1.1631475002389786"
750,14,2,"0.12191991175338872;1.163207667968021"
750,15,2,"0.1219197950141588;1.1631555313950839"
750,16,2,"0.12192230339616365;1.1631252596249715"
750,17,2,"0.12191991175338872;1.163207667968021"
750,18,2,"0.12192035834937061;1.163133376436489"
750,19,2,"0.1219198120272922;1.1632075503970867"
750,20,2,"0.12192081648142394;1.1631508788666893"
750,21,2,"0.12192293844385159;1.1631310693127428"
750,22,2,"0.12192178289527157;1.1631310693127428"
750,23,2,"0.12191991175338872;1.1631396268659737"
750,24,2,"0.1219198120272922;1.1632075503970867"
750,25,2,"0.12192178289527157;1.1631310693127428"
750,26,2,"0.12192035834937061;1.163133376436489"
750,27,2,"0.1219198120272922;1.1631508788666893"
750,28,2,"0.12192035834937061;1.163133376436489"
750,29,2,"0.12192155335654392;1.1631218681234696"
750,30,2,"0.12192503260124236;1.163126567439965"
750,31,2,"0.1219198120272922;1.1631508788666893"
750,32,2,"0.12192108347680151;1.1631227505945672"
750,33,2,"0.12192034394755442;1.1631252596249715"
750,34,2,"0.12192334274337407;1.1631218681234696"
750,35,2,"0.12191979884072322;1.1631703546807275"
750,36,2,"0.12192003186907181;1.1631475002389786"
750,37,2,"0.1219204539782633;1.1631647728241974"
750,38,2,"0.12192003186907181;1.1631475002389786"
750,39,2,"0.1219204539782633;1.1631647728241974"
750,40,2,"0.12192025949560481;1.163136538262106"
750,41,2,"0.12192068489531131;1.163126567439965"
750,42,2,"0.12192034394755442;1.1631703546807275"
750,43,2,"0.12192081648142394;1.1631508788666893"
750,44,2,"0.12192178289527157;1.1631310693127428"
750,45,2,"0.12192173795769438;1.1631222521952513"
750,46,2,"0.12192008878118132;1.163187750293156"
750,47,2,"0.12191979884072322;1.1631788829412908"
750,48,2,"0.12192441458718449;1.1631508788666893"
750,49,2,"0.12192364240336143;1.1631396268659737"
750,50,2,"0.12192108347680151;1.1631227505945672"
750,51,2,"0.12191991175338872;1.163207667968021"
750,52,2,"0.12192068489531131;1.163126567439965"
750,53,2,"0.12191979884072322;1.1631788829412908"
750,54,2,"0.12192470621992482;1.1631555313950839"
750,55,2,"0.12192010458750688;1.163143236404886"
750,56,2,"0.12192178289527157;1.1631310693127428"
750,57,2,"0.121920678102167;1.1631222521952513"
750,58,2,"0.12192081648142394;1.1631508788666893"
750,59,2,"0.12192108347680151;1.1631227505945672"
750,60,2,"0.12191991175338872;1.1631396268659737"
750,61,2,"0.12192068489531131;1.163126567439965"
750,62,2,"0.1219197889220736;1.1631858296683453"
750,63,2,"0.12192414514183444;1.1631227505945672"
750,64,2,"0.12192556987354297;1.1631703546807275"
750,65,2,"0.12192209382051906;1.16312386330286"
750,66,2,"0.12192003186907181;1.1631475002389786"
750,67,2,"0.121920678102167;1.1631222521952513"
750,68,2,"0.12192178289527157;1.1631310693127428"
750,69,2,"0.12192238856723346;1.1631252596249715"
750,70,2,"0.12192307709307619;1.1631222521952513"
750,71,2,"0.121920678102167;1.1631222521952513"
750,72,2,"0.12192178289527157;1.1631310693127428"
750,73,2,"0.12192008878118132;1.163187750293156"
750,74,2,"0.12192081648142394;1.1631218681234696"
750,75,2,"0.12192108347680151;1.1631227505945672"
750,76,2,"0.12192650017881612;1.1631615946873652"
750,77,2,"0.1219204539782633;1.1631647728241974"
750,78,2,"0.12192025949560481;1.163136538262106"
750,79,2,"0.12191991175338872;1.1631396268659737"
750,80,2,"0.121920678102167;1.1631222521952513"
750,81,2,"0.12192155335654392;1.1631218681234696"
750,82,2,"0.12192068489531131;1.163126567439965"
750,83,2,"0.12192503260124236;1.163126567439965"
750,84,2,"0.1219198120272922;1.1631508788666893"
750,85,2,"0.12192293844385159;1.1631310693127428"
750,86,2,"0.12192010458750688;1.163143236404886"
750,87,2,"0.12192034394755442;1.1631252596249715"
750,88,2,"0.12192173795769438;1.1631222521952513"
750,89,2,"0.1219197950141588;1.163199427447645"
750,90,2,"0.12192081648142394;1.1631508788666893"
750,91,2,"0.12192034394755442;1.1631252596249715"
750,92,2,"0.12192035834937061;1.163133376436489"
750,93,2,"0.12192081648142394;1.1631218681234696"
750,94,2,"0.1219204539782633;1.1631647728241974"
750,95,2,"0.12192173795769438;1.1631222521952513"
750,96,2,"0.12192003186907181;1.1631475002389786"
750,97,2,"0.12192650017881612;1.1631615946873652"
750,98,2,"0.12192035834937061;1.163133376436489"
750,99,2,"0.12192003186907181;1.1631475002389786"
750,100,2,"0.12192173795769438;1.1631222521952513"
750,101,2,"0.12192173795769438;1.1631222521952513"
750,102,2,"0.12192125916535576;1.1631396268659737"
750,103,2,"0.12192230339616365;1.1631252596249715"
750,104,2,"0.12192556987354297;1.1631703546807275"
750,105,2,"0.12192034394755442;1.1631252596249715"
750,106,2,"0.12192178289527157;1.1631310693127428"
750,107,2,"0.12191987805622462;1.1631615946873652"
750,108,2,"0.12192003186907181;1.1631475002389786"
750,109,2,"0.12192364240336143;1.1631396268659737"
750,110,2,"0.12192003186907181;1.1631475002389786"
750,111,2,"0.12192010458750688;1.163143236404886"
750,112,2,"0.12192334274337407;1.1631218681234696"
750,113,2,"0.12192010458750688;1.163143236404886"
750,114,2,"0.1219197889220736;1.1631647728241974"
750,115,2,"0.121920678102167;1.1631222521952513"
750,116,2,"0.12192209382051906;1.16312386330286"
750,117,2,"0.12192155335654392;1.1631218681234696"
750,118,2,"0.1219204539782633;1.1631647728241974"
750,119,2,"0.1219197950141588;1.1631555313950839"
750,120,2,"0.1219197950141588;1.1631555313950839"
750,121,2,"0.12191987805622462;1.1631615946873652"
750,122,2,"0.12192008878118132;1.1631310693127428"
750,123,2,"0.12192650017881612;1.1631615946873652"
750,124,2,"0.12192209382051906;1.16312386330286"
750,125,2,"0.12192003186907181;1.1631475002389786"
750,126,2,"0.12192503260124236;1.163126567439965"
750,127,2,"0.1219198120272922;1.1631508788666893"
750,128,2,"0.12192637408909893;1.163136538262106"
750,129,2,"0.12192238856723346;1.1631252596249715"
750,130,2,"0.12192108347680151;1.1631227505945672"
750,131,2,"0.12192334274337407;1.1631218681234696"
750,132,2,"0.12192155335654392;1.1631218681234696"
750,133,2,"0.12192525437603213;1.1631647728241974"
750,134,2,"0.1219197950141588;1.163199427447645"
750,135,2,"0.1219197889220736;1.1631858296683453"
750,136,2,"0.12191979884072322;1.1631788829412908"
750,137,2,"0.1219197950141588;1.1631555313950839"
750,138,2,"0.12192334274337407;1.1631218681234696"
750,139,2,"0.12192008878118132;1.163187750293156"
750,140,2,"0.12192003186907181;1.1631475002389786"
750,141,2,"0.12192364240336143;1.1631396268659737"
750,142,2,"0.1219253700671452;1.16312864733553"
750,143,2,"0.12192503260124236;1.163126567439965"
750,144,2,"0.1219198120272922;1.1632075503970867"
750,145,2,"0.12192746582641571;1.1631475002389786"
750,146,2,"0.12192035834937061;1.163133376436489"
750,147,2,"0.1219197950141588;1.163199427447645"
750,148,2,"0.12192035834937061;1.163133376436489"
750,149,2,"0.12192034394755442;1.1631703546807275"
750,150,2,"0.1219198120272922;1.1632075503970867"
800,1,2,"0.1219197950141588;1.1631555313950839"
800,2,2,"0.12192173795769438;1.1631222521952513"
800,3,2,"0.12192125916535576;1.1631396268659737"
800,4,2,"0.12192010458750688;1.163143236404886"
800,5,2,"0.12192650017881612;1.1631615946873652"
800,6,2,"0.12192173795769438;1.1631222521952513"
800,7,2,"0.12192262446609128;1.16312386330286"
800,8,2,"0.121920678102167;1.1631222521952513"
800,9,2,"0.12192173795769438;1.1631222521952513"
800,10,2,"0.121920678102167;1.1631222521952513"
800,11,2,"0.12191991175338872;1.163207667968021"
800,12,2,"0.121920678102167;1.1631555313950839"
800,13,2,"0.12192025949560481;1.163136538262106"
800,14,2,"0.12192003186907181;1.1631475002389786"
800,15,2,"0.12192068489531131;1.163126567439965"
800,16,2,"0.1219197889220736;1.1631858296683453"
800,17,2,"0.12191987805622462;1.1631615946873652"
800,18,2,"0.12192209382051906;1.16312386330286"
800,19,2,"0.12192125916535576;1.1631396268659737"
800,20,2,"0.12191979884072322;1.1631788829412908"
800,21,2,"0.12192600608345347;1.163133376436489"
800,22,2,"0.12192108347680151;1.1631227505945672"
800,23,2,"0.12192003186907181;1.1631475002389786"
800,24,2,"0.12192068489531131;1.163126567439965"
800,25,2,"0.12191991175338872;1.163207667968021"
800,26,2,"0.12192178289527157;1.1631310693127428"
800,27,2,"0.12192068489531131;1.163126567439965"
800,28,2,"0.12192034394755442;1.1631252596249715"
800,29,2,"0.12192364240336143;1.1631396268659737"
800,30,2,"0.12192035834937061;1.163133376436489"
800,31,2,"0.1219197950141588;1.163199427447645"
800,32,2,"0.1219197889220736;1.1631647728241974"
800,33,2,"0.12192173795769438;1.1631222521952513"
800,34,2,"0.12191987805622462;1.1631615946873652"
800,35,2,"0.12192034394755442;1.1631703546807275"
800,36,2,"0.12192008878118132;1.1631310693127428"
800,37,2,"0.1219198120272922;1.1631508788666893"
800,38,2,"0.12192178289527157;1.1631310693127428"
800,39,2,"0.12192125916535576;1.1631396268659737"
800,40,2,"0.12192173795769438;1.1631222521952513"
800,41,2,"0.12192034394755442;1.1631703546807275"
800,42,2,"0.12192178289527157;1.1631310693127428"
800,43,2,"0.12192209382051906;1.16312386330286"
800,44,2,"0.121920678102167;1.1631222521952513"
800,45,2,"0.1219197889220736;1.1631647728241974"
800,46,2,"0.12192003186907181;1.1631475002389786"
800,47,2,"0.12192155335654392;1.1631218681234696"
800,48,2,"0.12192600608345347;1.163133376436489"
800,49,2,"0.1219197889220736;1.1631647728241974"
800,50,2,"0.12192034394755442;1.1631252596249715"
800,51,2,"0.12192003186907181;1.1631218681234696"
800,52,2,"0.12192600608345347;1.163133376436489"
800,53,2,"0.12192081648142394;1.1631508788666893"
800,54,2,"0.12192125916535576;1.1631396268659737"
800,55,2,"0.12192108347680151;1.1631227505945672"
800,56,2,"0.12192025949560481;1.163136538262106"
800,57,2,"0.1219253700671452;1.16312864733553"
800,58,2,"0.12192125916535576;1.1631396268659737"
800,59,2,"0.12191991175338872;1.1631396268659737"
800,60,2,"0.12192008878118132;1.1631310693127428"
800,61,2,"0.12192637408909893;1.163136538262106"
800,62,2,"0.12192414514183444;1.1631227505945672"
800,63,2,"0.12192081648142394;1.1631508788666893"
800,64,2,"0.12192025949560481;1.163136538262106"
800,65,2,"0.12192025949560481;1.163136538262106"
800,66,2,"0.12191987805622462;1.1631615946873652"
800,67,2,"0.12192334274337407;1.1631218681234696"
800,68,2,"0.12192238856723346;1.1631252596249715"
800,69,2,"0.12192334274337407;1.1631218681234696"
800,70,2,"0.1219197950141588;1.163199427447645"
800,71,2,"0.12191987805622462;1.1631615946873652"
800,72,2,"0.1219197950141588;1.163199427447645"
800,73,2,"0.121920678102167;1.1631555313950839"
800,74,2,"0.12192364240336143;1.1631396268659737"
800,75,2,"0.12192600608345347;1.163133376436489"
800,76,2,"0.12191991175338872;1.163207667968021"
800,77,2,"0.12192108347680151;1.1631227505945672"
800,78,2,"0.12192008878118132;1.163187750293156"
800,79,2,"0.12191979884072322;1.1631703546807275"
800,80,2,"0.12191991175338872;1.1631396268659737"
800,81,2,"0.12192008878118132;1.1631310693127428"
800,82,2,"0.12191979884072322;1.1631703546807275"
800,83,2,"0.121920678102167;1.1631555313950839"
800,84,2,"0.12192173795769438;1.1631222521952513"
800,85,2,"0.12191979884072322;1.1631703546807275"
800,86,2,"0.12192334274337407;1.1631218681234696"
800,87,2,"0.12191991175338872;1.163207667968021"
800,88,2,"0.12192178289527157;1.1631310693127428"
800,89,2,"0.12192034394755442;1.1631703546807275"
800,90,2,"0.12192068489531131;1.163126567439965"
800,91,2,"0.12192008878118132;1.163187750293156"
800,92,2,"0.1219198120272922;1.1632075503970867"
800,93,2,"0.12192068489531131;1.163126567439965"
800,94,2,"0.12191979884072322;1.1631703546807275"
800,95,2,"0.1219253700671452;1.16312864733553"
800,96,2,"0.12192003186907181;1.1631475002389786"
800,97,2,"0.12192125916535576;1.1631396268659737"
800,98,2,"0.12192034394755442;1.1631703546807275"
800,99,2,"0.12192034394755442;1.1631252596249715"
800,100,2,"0.12192155335654392;1.1631218681234696"
800,101,2,"0.12192178289527157;1.1631310693127428"
800,102,2,"0.12192441458718449;1.1631508788666893"
800,103,2,"0.12192081648142394;1.1631508788666893"
800,104,2,"0.12192003186907181;1.1631475002389786"
800,105,2,"0.12192035834937061;1.163133376436489"
800,106,2,"0.12192441458718449;1.1631508788666893"
800,107,2,"0.12191991175338872;1.163207667968021"
800,108,2,"0.12192178289527157;1.1631310693127428"
800,109,2,"0.1219197889220736;1.1631647728241974"
800,110,2,"0.12192003186907181;1.1631475002389786"
800,111,2,"0.1219204539782633;1.1631647728241974"
800,112,2,"0.12192008878118132;1.163187750293156"
800,113,2,"0.12192003186907181;1.1631475002389786"
800,114,2,"0.1219204539782633;1.16312386330286"
800,115,2,"0.12192081648142394;1.1631508788666893"
800,116,2,"0.1219204539782633;1.1631647728241974"
800,117,2,"0.12192025949560481;1.163136538262106"
800,118,2,"0.1219204539782633;1.1631647728241974"
800,119,2,"0.12192637408909893;1.163136538262106"
800,120,2,"0.12192230339616365;1.1631252596249715"
800,121,2,"0.12192125916535576;1.1631396268659737"
800,122,2,"0.12191987805622462;1.1631615946873652"
800,123,2,"0.12192068489531131;1.163126567439965"
800,124,2,"0.12192035834937061;1.163133376436489"
800,125,2,"0.12192068489531131;1.163126567439965"
800,126,2,"0.12192081648142394;1.1631508788666893"
800,127,2,"0.121920678102167;1.1631222521952513"
800,128,2,"0.12192081648142394;1.1631508788666893"
800,129,2,"0.12191987805622462;1.1631615946873652"
800,130,2,"0.12192125916535576;1.1631396268659737"
800,131,2,"0.12191979884072322;1.1631788829412908"
800,132,2,"0.12192364240336143;1.1631396268659737"
800,133,2,"0.1219204539782633;1.16312386330286"
800,134,2,"0.1219197950141588;1.163199427447645"
800,135,2,"0.12192108347680151;1.1631227505945672"
800,136,2,"0.12191979884072322;1.1631788829412908"
800,137,2,"0.12191987805622462;1.1631615946873652"
800,138,2,"0.12192010458750688;1.163143236404886"
800,139,2,"0.12191991175338872;1.163207667968021"
800,140,2,"0.12192414514183444;1.1631227505945672"
800,141,2,"0.1219198120272922;1.1631508788666893"
800,142,2,"0.12192108347680151;1.1631227505945672"
800,143,2,"0.12192008878118132;1.1631310693127428"
800,144,2,"0.12192155335654392;1.1631218681234696"
800,145,2,"0.12191979884072322;1.1631788829412908"
800,146,2,"0.12192108347680151;1.1631227505945672"
800,147,2,"0.121920678102167;1.1631222521952513"
800,148,2,"0.12192209382051906;1.16312386330286"
800,149,2,"0.1219204539782633;1.16312386330286"
800,150,2,"0.12191991175338872;1.163207667968021"
850,1,2,"0.12192364240336143;1.1631396268659737"
850,2,2,"0.12192068489531131;1.163126567439965"
850,3,2,"0.12192008878118132;1.1631615946873652"
850,4,2,"0.12191991175338872;1.163207667968021"
850,5,2,"0.12192173795769438;1.1631222521952513"
850,6,2,"0.1219197889220736;1.1631858296683453"
850,7,2,"0.12192025949560481;1.163136538262106"
850,8,2,"0.12192008878118132;1.1631310693127428"
850,9,2,"0.12192637408909893;1.163136538262106"
850,10,2,"0.12192230339616365;1.1631252596249715"
850,11,2,"0.12192155335654392;1.1631218681234696"
850,12,2,"0.12192556987354297;1.1631703546807275"
850,13,2,"0.12192025949560481;1.163136538262106"
850,14,2,"0.12191987805622462;1.1631615946873652"
850,15,2,"0.1219204539782633;1.1631647728241974"
850,16,2,"0.12192108347680151;1.1631227505945672"
850,17,2,"0.12192230339616365;1.1631252596249715"
850,18,2,"0.12192068489531131;1.163126567439965"
850,19,2,"0.12192034394755442;1.1631252596249715"
850,20,2,"0.1219197889220736;1.1631647728241974"
850,21,2,"0.12191979884072322;1.1631788829412908"
850,22,2,"0.12192008878118132;1.1631615946873652"
850,23,2,"0.12192081648142394;1.1631218681234696"
850,24,2,"0.12192108347680151;1.1631227505945672"
850,25,2,"0.12192035834937061;1.163133376436489"
850,26,2,"0.12192209382051906;1.16312386330286"
850,27,2,"0.12192108347680151;1.1631227505945672"
850,28,2,"0.1219197889220736;1.1631647728241974"
850,29,2,"0.1219198120272922;1.1631508788666893"
850,30,2,"0.1219198120272922;1.1632075503970867"
850,31,2,"0.12192108347680151;1.1631227505945672"
850,32,2,"0.12192503260124236;1.163126567439965"
850,33,2,"0.12192108347680151;1.1631227505945672"
850,34,2,"0.12192364240336143;1.1631396268659737"
850,35,2,"0.12191979884072322;1.1631703546807275"
850,36,2,"0.12191979884072322;1.1631703546807275"
850,37,2,"0.12192081648142394;1.1631218681234696"
850,38,2,"0.121920678102167;1.1631555313950839"
850,39,2,"0.12192230339616365;1.1631252596249715"
850,40,2,"0.12192003186907181;1.1631475002389786"
850,41,2,"0.12191991175338872;1.1631475002389786"
850,42,2,"0.121920678102167;1.1631555313950839"
850,43,2,"0.12191991175338872;1.163207667968021"
850,44,2,"0.12192035834937061;1.1631252596249715"
850,45,2,"0.1219197950141588;1.163199427447645"
850,46,2,"0.12191991175338872;1.1631396268659737"
850,47,2,"0.12192108347680151;1.1631227505945672"
850,48,2,"0.1219204539782633;1.1631647728241974"
850,49,2,"0.12191991175338872;1.1631475002389786"
850,50,2,"0.12192637408909893;1.163136538262106"
850,51,2,"0.12192034394755442;1.1631252596249715"
850,52,2,"0.12192003186907181;1.1631475002389786"
850,53,2,"0.12192010458750688;1.1631222521952513"
850,54,2,"0.12192035834937061;1.163133376436489"
850,55,2,"0.1219197889220736;1.1631647728241974"
850,56,2,"0.1219197950141588;1.1631555313950839"
850,57,2,"0.12192025949560481;1.163136538262106"
850,58,2,"0.121920678102167;1.1631555313950839"
850,59,2,"0.12192209382051906;1.16312386330286"
850,60,2,"0.12191991175338872;1.1631396268659737"
850,61,2,"0.12192035834937061;1.163133376436489"
850,62,2,"0.12192003186907181;1.1631475002389786"
850,63,2,"0.12192230339616365;1.1631252596249715"
850,64,2,"0.1219197889220736;1.1631647728241974"
850,65,2,"0.12192025949560481;1.163136538262106"
850,66,2,"0.12191987805622462;1.1631615946873652"
850,67,2,"0.12192068489531131;1.163126567439965"
850,68,2,"0.1219198120272922;1.163136538262106"
850,69,2,"0.1219198120272922;1.163136538262106"
850,70,2,"0.1219198120272922;1.1632075503970867"
850,71,2,"0.12192081648142394;1.1631508788666893"
850,72,2,"0.12192238856723346;1.1631252596249715"
850,73,2,"0.12192209382051906;1.16312386330286"
850,74,2,"0.12192209382051906;1.16312386330286"
850,75,2,"0.1219204539782633;1.1631647728241974"
850,76,2,"0.12192081648142394;1.1631508788666893"
850,77,2,"0.12192010458750688;1.1631222521952513"
850,78,2,"0.1219197950141588;1.1631555313950839"
850,79,2,"0.12192173795769438;1.1631222521952513"
850,80,2,"0.12192081648142394;1.1631508788666893"
850,81,2,"0.12192035834937061;1.163133376436489"
850,82,2,"0.12192034394755442;1.1631703546807275"
850,83,2,"0.12192600608345347;1.163133376436489"
850,84,2,"0.12191987805622462;1.1631615946873652"
850,85,2,"0.121920678102167;1.1631222521952513"
850,86,2,"0.12192025949560481;1.163136538262106"
850,87,2,"0.121920678102167;1.1631555313950839"
850,88,2,"0.12192008878118132;1.1631615946873652"
850,89,2,"0.1219204539782633;1.16312386330286"
850,90,2,"0.1219197889220736;1.1631858296683453"
850,91,2,"0.1219198120272922;1.1631508788666893"
850,92,2,"0.1219197889220736;1.1631858296683453"
850,93,2,"0.12192081648142394;1.1631218681234696"
850,94,2,"0.12192068489531131;1.163126567439965"
850,95,2,"0.12192637408909893;1.163136538262106"
850,96,2,"0.12192068489531131;1.163126567439965"
850,97,2,"0.12192230339616365;1.1631252596249715"
850,98,2,"0.12191987805622462;1.1631615946873652"
850,99,2,"0.12192081648142394;1.1631218681234696"
850,100,2,"0.1219197889220736;1.1631858296683453"
850,101,2,"0.12192230339616365;1.1631252596249715"
850,102,2,"0.12192003186907181;1.1631475002389786"
850,103,2,"0.12192081648142394;1.1631218681234696"
850,104,2,"0.12192209382051906;1.16312386330286"
850,105,2,"0.12192155335654392;1.1631218681234696"
850,106,2,"0.12192035834937061;1.163133376436489"
850,107,2,"0.12192178289527157;1.1631310693127428"
850,108,2,"0.12192068489531131;1.163126567439965"
850,109,2,"0.12191979884072322;1.163126567439965"
850,110,2,"0.12192238856723346;1.1631252596249715"
850,111,2,"0.1219204539782633;1.16312386330286"
850,112,2,"0.12192035834937061;1.163133376436489"
850,113,2,"0.12191991175338872;1.1631475002389786"
850,114,2,"0.12192155335654392;1.1631218681234696"
850,115,2,"0.12191987805622462;1.1631615946873652"
850,116,2,"0.1219197950141588;1.163199427447645"
850,117,2,"0.12192108347680151;1.1631227505945672"
850,118,2,"0.1219197950141588;1.163199427447645"
850,119,2,"0.12192035834937061;1.163133376436489"
850,120,2,"0.12191979884072322;1.1631788829412908"
850,121,2,"0.12192108347680151;1.1631227505945672"
850,122,2,"0.12191979884072322;1.1631788829412908"
850,123,2,"0.12191991175338872;1.163207667968021"
850,124,2,"0.1219197889220736;1.1631858296683453"
850,125,2,"0.1219198120272922;1.1631508788666893"
850,126,2,"0.12192178289527157;1.1631310693127428"
850,127,2,"0.1219197950141588;1.1631555313950839"
850,128,2,"0.12192068489531131;1.163126567439965"
850,129,2,"0.12192003186907181;1.1631218681234696"
850,130,2,"0.1219198120272922;1.1631508788666893"
850,131,2,"0.12191987805622462;1.1631227505945672"
850,132,2,"0.1219197950141588;1.163199427447645"
850,133,2,"0.12191991175338872;1.1631475002389786"
850,134,2,"0.12192125916535576;1.1631396268659737"
850,135,2,"0.12192081648142394;1.1631508788666893"
850,136,2,"0.12192470621992482;1.1631555313950839"
850,137,2,"0.1219197950141588;1.1631555313950839"
850,138,2,"0.12192034394755442;1.1631703546807275"
850,139,2,"0.12192035834937061;1.163133376436489"
850,140,2,"0.12192035834937061;1.1631252596249715"
850,141,2,"0.1219197889220736;1.1631647728241974"
850,142,2,"0.12192173795769438;1.1631222521952513"
850,143,2,"0.12192003186907181;1.1631218681234696"
850,144,2,"0.1219198120272922;1.1631508788666893"
850,145,2,"0.121920678102167;1.1631555313950839"
850,146,2,"0.1219197889220736;1.1631647728241974"
850,147,2,"0.12192173795769438;1.1631222521952513"
850,148,2,"0.12192008878118132;1.163187750293156"
850,149,2,"0.12192173795769438;1.1631222521952513"
850,150,2,"0.12192108347680151;1.1631227505945672"
900,1,2,"0.12192173795769438;1.1631222521952513"
900,2,2,"0.121920678102167;1.1631555313950839"
900,3,2,"0.1219197889220736;1.1631858296683453"
900,4,2,"0.12192293844385159;1.1631310693127428"
900,5,2,"0.1219198120272922;1.163136538262106"
900,6,2,"0.12192008878118132;1.1631310693127428"
900,7,2,"0.12191987805622462;1.1631227505945672"
900,8,2,"0.12192003186907181;1.1631475002389786"
900,9,2,"0.12192034394755442;1.1631252596249715"
900,10,2,"0.12192025949560481;1.163136538262106"
900,11,2,"0.12192003186907181;1.1631475002389786"
900,12,2,"0.12191979884072322;1.163126567439965"
900,13,2,"0.12191991175338872;1.163207667968021"
900,14,2,"0.12192068489531131;1.163126567439965"
900,15,2,"0.1219197889220736;1.1631858296683453"
900,16,2,"0.12192108347680151;1.1631227505945672"
900,17,2,"0.1219198120272922;1.163136538262106"
900,18,2,"0.12192173795769438;1.1631222521952513"
900,19,2,"0.1219204539782633;1.16312386330286"
900,20,2,"0.12192081648142394;1.1631218681234696"
900,21,2,"0.12192035834937061;1.1631252596249715"
900,22,2,"0.12191987805622462;1.1631615946873652"
900,23,2,"0.12192035834937061;1.163133376436489"
900,24,2,"0.12192155335654392;1.1631218681234696"
900,25,2,"0.12192010458750688;1.1631222521952513"
900,26,2,"0.12192230339616365;1.1631252596249715"
900,27,2,"0.12192010458750688;1.1631222521952513"
900,28,2,"0.12192173795769438;1.1631222521952513"
900,29,2,"0.12192034394755442;1.1631252596249715"
900,30,2,"0.12191979884072322;1.1631788829412908"
900,31,2,"0.12192025949560481;1.163136538262106"
900,32,2,"0.12192034394755442;1.1631252596249715"
900,33,2,"0.12191991175338872;1.1631396268659737"
900,34,2,"0.12192068489531131;1.163126567439965"
900,35,2,"0.1219198120272922;1.1632075503970867"
900,36,2,"0.12192108347680151;1.1631227505945672"
900,37,2,"0.12192034394755442;1.1631703546807275"
900,38,2,"0.12192125916535576;1.1631396268659737"
900,39,2,"0.1219198120272922;1.1632075503970867"
900,40,2,"0.12192008878118132;1.1631310693127428"
900,41,2,"0.121920678102167;1.1631555313950839"
900,42,2,"0.12191991175338872;1.163207667968021"
900,43,2,"0.1219197889220736;1.1631858296683453"
900,44,2,"0.1219197950141588;1.163133376436489"
900,45,2,"0.12191991175338872;1.163207667968021"
900,46,2,"0.12191991175338872;1.1631396268659737"
900,47,2,"0.1219197950141588;1.1631555313950839"
900,48,2,"0.12192035834937061;1.163133376436489"
900,49,2,"0.12192209382051906;1.16312386330286"
900,50,2,"0.12192034394755442;1.1631703546807275"
900,51,2,"0.12192008878118132;1.1631310693127428"
900,52,2,"0.1219197950141588;1.163199427447645"
900,53,2,"0.12192035834937061;1.163133376436489"
900,54,2,"0.1219198120272922;1.1631508788666893"
900,55,2,"0.12192008878118132;1.1631310693127428"
900,56,2,"0.12192081648142394;1.1631218681234696"
900,57,2,"0.12192081648142394;1.1631508788666893"
900,58,2,"0.12192209382051906;1.16312386330286"
900,59,2,"0.12192068489531131;1.163126567439965"
900,60,2,"0.12192003186907181;1.1631475002389786"
900,61,2,"0.12192178289527157;1.1631310693127428"
900,62,2,"0.12192173795769438;1.1631222521952513"
900,63,2,"0.121920678102167;1.1631222521952513"
900,64,2,"0.12192010458750688;1.1631222521952513"
900,65,2,"0.12192003186907181;1.1631475002389786"
900,66,2,"0.1219198120272922;1.1632075503970867"
900,67,2,"0.12191987805622462;1.1631615946873652"
900,68,2,"0.1219197950141588;1.1631555313950839"
900,69,2,"0.12192034394755442;1.1631252596249715"
900,70,2,"0.1219204539782633;1.1631647728241974"
900,71,2,"0.12192003186907181;1.1631218681234696"
900,72,2,"0.12192108347680151;1.1631227505945672"
900,73,2,"0.1219197889220736;1.16312864733553"
900,74,2,"0.12192178289527157;1.1631310693127428"
900,75,2,"0.12192155335654392;1.1631218681234696"
900,76,2,"0.1219197889220736;1.1631647728241974"
900,77,2,"0.12191991175338872;1.1631475002389786"
900,78,2,"0.121920678102167;1.1631555313950839"
900,79,2,"0.1219197950141588;1.163199427447645"
900,80,2,"0.12191987805622462;1.1631615946873652"
900,81,2,"0.1219197889220736;1.16312864733553"
900,82,2,"0.1219198120272922;1.1632075503970867"
900,83,2,"0.12192178289527157;1.1631310693127428"
900,84,2,"0.12192068489531131;1.163126567439965"
900,85,2,"0.12191979884072322;1.1631703546807275"
900,86,2,"0.12192081648142394;1.1631508788666893"
900,87,2,"0.1219197889220736;1.1631647728241974"
900,88,2,"0.12192034394755442;1.1631252596249715"
900,89,2,"0.1219198120272922;1.1632075503970867"
900,90,2,"0.121920678102167;1.1631555313950839"
900,91,2,"0.12192034394755442;1.1631703546807275"
900,92,2,"0.12192035834937061;1.163133376436489"
900,93,2,"0.12192108347680151;1.1631227505945672"
900,94,2,"0.12191991175338872;1.1631396268659737"
900,95,2,"0.12191987805622462;1.1631615946873652"
900,96,2,"0.1219197889220736;1.16312864733553"
900,97,2,"0.1219197950141588;1.1631555313950839"
900,98,2,"0.12192025949560481;1.163136538262106"
900,99,2,"0.12191991175338872;1.1631396268659737"
900,100,2,"0.1219204539782633;1.1631647728241974"
900,101,2,"0.12192081648142394;1.1631218681234696"
900,102,2,"0.12191979884072322;1.163126567439965"
900,103,2,"0.12192003186907181;1.1631475002389786"
900,104,2,"0.12192068489531131;1.163126567439965"
900,105,2,"0.1219204539782633;1.1631647728241974"
900,106,2,"0.12192125916535576;1.1631396268659737"
900,107,2,"0.1219197889220736;1.1631647728241974"
900,108,2,"0.1219204539782633;1.16312386330286"
900,109,2,"0.12191991175338872;1.1631396268659737"
900,110,2,"0.12192003186907181;1.1631475002389786"
900,111,2,"0.12191979884072322;1.163126567439965"
900,112,2,"0.12191979884072322;1.1631788829412908"
900,113,2,"0.12192125916535576;1.1631396268659737"
900,114,2,"0.12192155335654392;1.1631218681234696"
900,115,2,"0.12192003186907181;1.1631475002389786"
900,116,2,"0.1219197889220736;1.16312864733553"
900,117,2,"0.1219198120272922;1.1631508788666893"
900,118,2,"0.12191979884072322;1.163126567439965"
900,119,2,"0.12192025949560481;1.163136538262106"
900,120,2,"0.12192068489531131;1.163126567439965"
900,121,2,"0.12192068489531131;1.163126567439965"
900,122,2,"0.12192008878118132;1.163187750293156"
900,123,2,"0.12192035834937061;1.163133376436489"
900,124,2,"0.12191991175338872;1.163207667968021"
900,125,2,"0.12192068489531131;1.163126567439965"
900,126,2,"0.12192108347680151;1.1631227505945672"
900,127,2,"0.12192003186907181;1.1631475002389786"
900,128,2,"0.12192003186907181;1.1631475002389786"
900,129,2,"0.12192003186907181;1.1631475002389786"
900,130,2,"0.1219197950141588;1.1631555313950839"
900,131,2,"0.1219204539782633;1.16312386330286"
900,132,2,"0.1219204539782633;1.16312386330286"
900,133,2,"0.1219197889220736;1.1631647728241974"
900,134,2,"0.12192035834937061;1.163133376436489"
900,135,2,"0.12192125916535576;1.1631396268659737"
900,136,2,"0.12192081648142394;1.1631508788666893"
900,137,2,"0.12192025949560481;1.163136538262106"
900,138,2,"0.12192209382051906;1.16312386330286"
900,139,2,"0.1219197950141588;1.1631555313950839"
900,140,2,"0.12192209382051906;1.16312386330286"
900,141,2,"0.1219204539782633;1.1631647728241974"
900,142,2,"0.1219197889220736;1.1631647728241974"
900,143,2,"0.12192008878118132;1.1631310693127428"
900,144,2,"0.12191991175338872;1.1631396268659737"
900,145,2,"0.12192173795769438;1.1631222521952513"
900,146,2,"0.1219204539782633;1.1631647728241974"
900,147,2,"0.12191991175338872;1.163207667968021"
900,148,2,"0.12191979884072322;1.1631788829412908"
900,149,2,"0.12191987805622462;1.1631615946873652"
900,150,2,"0.12192025949560481;1.163136538262106"
950,1,2,"0.08986511662329941;1.163133376436489"
950,2,2,"0.08995879616819752;1.1631475002389786"
950,3,2,"0.09057166502292724;1.1631218681234696"
950,4,2,"0.10470986181446702;1.163133376436489"
950,5,2,"0.092814317521936;1.163199427447645"
950,6,2,"0.08995837001223621;1.163133376436489"
950,7,2,"0.08995954484369771;1.1631396268659737"
950,8,2,"0.08719403508059201;1.1631508788666893"
950,9,2,"0.08995846368650373;1.1631703546807275"
950,10,2,"0.07954672935828495;1.1631396268659737"
950,11,2,"0.09473522013747876;1.1631396268659737"
950,12,2,"0.09057182626655816;1.1631615946873652"
950,13,2,"0.09004789014368092;1.1631227505945672"
950,14,2,"0.08818973966672132;1.1631252596249715"
950,15,2,"0.09973795987831813;1.1632075503970867"
950,16,2,"0.09057168446599845;1.1631227505945672"
950,17,2,"0.0904990078149123;1.1631310693127428"
950,18,2,"0.10487975541637835;1.163136538262106"
950,19,2,"0.08525411693657149;1.1631252596249715"
950,20,2,"0.0779140172105117;1.1631252596249715"
950,21,2,"0.08856935466817588;1.1631615946873652"
950,22,2,"0.08377296994800852;1.163187750293156"
950,23,2,"0.10487971596081516;1.16312386330286"
950,24,2,"0.10524780316296078;1.1632075503970867"
950,25,2,"0.10431315173811966;1.163207667968021"
950,26,2,"0.07791334402216882;1.1631508788666893"
950,27,2,"0.07791313426760747;1.1631475002389786"
950,28,2,"0.10401930899988364;1.1631555313950839"
950,29,2,"0.09051712133971518;1.1631227505945672"
950,30,2,"0.0889733783224101;1.1631227505945672"
950,31,2,"0.10535210820814205;1.1631615946873652"
950,32,2,"0.10046046474737941;1.1631858296683453"
950,33,2,"0.09675070192669287;1.163133376436489"
950,34,2,"0.1045638228386643;1.16312386330286"
950,35,2,"0.10487979290259129;1.163126567439965"
950,36,2,"0.07791485452260645;1.1631227505945672"
950,37,2,"0.08995814135652802;1.1631222521952513"
950,38,2,"0.08996070886327548;1.1631218681234696"
950,39,2,"0.09020025006332608;1.1631218681234696"
950,40,2,"0.09425978363623139;1.1631703546807275"
950,41,2,"0.09086064743951494;1.16312386330286"
950,42,2,"0.0902567934693397;1.1631222521952513"
950,43,2,"0.08540418747635306;1.163126567439965"
950,44,2,"0.07938589339474525;1.1631227505945672"
950,45,2,"0.09564278054653728;1.1631218681234696"
950,46,2,"0.08281785911318965;1.1631508788666893"
950,47,2,"0.09340668483960315;1.1631227505945672"
950,48,2,"0.08996036559889058;1.1631252596249715"
950,49,2,"0.0899596081082675;1.1631227505945672"
950,50,2,"0.07791599575123806;1.163136538262106"
950,51,2,"0.08995873325098169;1.1631615946873652"
950,52,2,"0.09228583681625166;1.163136538262106"
950,53,2,"0.1007144041116927;1.1631310693127428"
950,54,2,"0.09091592901210867;1.1631788829412908"
950,55,2,"0.08516840723285996;1.1631555313950839"
950,56,2,"0.0905717856169228;1.1631475002389786"
950,57,2,"0.07791432686452335;1.163126567439965"
950,58,2,"0.08296133239498367;1.1631222521952513"
950,59,2,"0.09400917206653508;1.1631555313950839"
950,60,2,"0.08996024119276774;1.16312386330286"
950,61,2,"0.08995841638383348;1.1631647728241974"
950,62,2,"0.08556877565548682;1.1631222521952513"
950,63,2,"0.10507402035952382;1.1631218681234696"
950,64,2,"0.07791411730925492;1.16312386330286"
950,65,2,"0.09057174343300527;1.1631647728241974"
950,66,2,"0.08168738381248672;1.16312386330286"
950,67,2,"0.1051774537652402;1.163133376436489"
950,68,2,"0.0905716470873358;1.16312386330286"
950,69,2,"0.09061431341219246;1.1631252596249715"
950,70,2,"0.08995821909349895;1.1631396268659737"
950,71,2,"0.10488523266788122;1.1631555313950839"
950,72,2,"0.10487979891906299;1.163126567439965"
950,73,2,"0.09004599114723622;1.1631227505945672"
950,74,2,"0.0899593331906827;1.163126567439965"
950,75,2,"0.09052418480391121;1.1631222521952513"
950,76,2,"0.07791508071767074;1.1631218681234696"
950,77,2,"0.10562468124849578;1.1631396268659737"
950,78,2,"0.09090755777465133;1.1632075503970867"
950,79,2,"0.07791320482646952;1.163133376436489"
950,80,2,"0.07791320482646952;1.163133376436489"
950,81,2,"0.10128382919366355;1.1631615946873652"
950,82,2,"0.10444253382092891;1.1631615946873652"
950,83,2,"0.09057174974662184;1.163136538262106"
950,84,2,"0.07791485452260645;1.1631227505945672"
950,85,2,"0.08996112494445785;1.1631227505945672"
950,86,2,"0.09243789868874708;1.1631252596249715"
950,87,2,"0.0940966484625083;1.1632075503970867"
950,88,2,"0.09297823249214916;1.1631703546807275"
950,89,2,"0.09118051781737557;1.1631647728241974"
950,90,2,"0.07815865843471834;1.163136538262106"
950,91,2,"0.08995901919180681;1.1631647728241974"
950,92,2,"0.08151100030016646;1.16312386330286"
950,93,2,"0.08181855943788431;1.16312386330286"
950,94,2,"0.07806824912879651;1.16312386330286"
950,95,2,"0.08996070886327548;1.1631218681234696"
950,96,2,"0.08231720889295273;1.16312386330286"
950,97,2,"0.09055667869335984;1.1631222521952513"
950,98,2,"0.07791468151883295;1.1631227505945672"
950,99,2,"0.10487971152480512;1.1631615946873652"
950,100,2,"0.09053341909852633;1.1631396268659737"
950,101,2,"0.08995855848289022;1.1631475002389786"
950,102,2,"0.07791732867044471;1.1631508788666893"
950,103,2,"0.10470191998047626;1.1631788829412908"
950,104,2,"0.07813428027074734;1.1631555313950839"
950,105,2,"0.07791508071767074;1.1631218681234696"
950,106,2,"0.08752879826145468;1.163126567439965"
950,107,2,"0.10487971152480512;1.1631615946873652"
950,108,2,"0.10632403477473557;1.1631218681234696"
950,109,2,"0.0899596081082675;1.1631227505945672"
950,110,2,"0.09263529012588051;1.163126567439965"
950,111,2,"0.08996019551512618;1.1631252596249715"
950,112,2,"0.0906685644223434;1.1631647728241974"
950,113,2,"0.09028509152104887;1.163136538262106"
950,114,2,"0.07791657095591312;1.1631475002389786"
950,115,2,"0.09080199851493305;1.1631555313950839"
950,116,2,"0.1045139237377093;1.1631310693127428"
950,117,2,"0.1048843280091965;1.1631252596249715"
950,118,2,"0.07791313902785221;1.1631615946873652"
950,119,2,"0.09338704316764919;1.163133376436489"
950,120,2,"0.10333690338613927;1.163136538262106"
950,121,2,"0.09057163902841654;1.163126567439965"
950,122,2,"0.09206473435485264;1.1631252596249715"
950,123,2,"0.07880582904076672;1.1631218681234696"
950,124,2,"0.07791468151883295;1.1631227505945672"
950,125,2,"0.08995893863942042;1.1631703546807275"
950,126,2,"0.10583514619321174;1.1631555313950839"
950,127,2,"0.09074550499767331;1.1631615946873652"
950,128,2,"0.08995821909349895;1.1631396268659737"
950,129,2,"0.09587889210690172;1.1631703546807275"
950,130,2,"0.086664344337125;1.163126567439965"
950,131,2,"0.0779140172105117;1.1631252596249715"
950,132,2,"0.07791720122114132;1.1631615946873652"
950,133,2,"0.07791523370913754;1.1631222521952513"
950,134,2,"0.08996019551512618;1.1631252596249715"
950,135,2,"0.09138234137826069;1.1631475002389786"
950,136,2,"0.09061233445799739;1.1631227505945672"
950,137,2,"0.10245122550478775;1.1631703546807275"
950,138,2,"0.09203435955973614;1.163126567439965"
950,139,2,"0.09053052686055281;1.16312386330286"
950,140,2,"0.08996036559889058;1.1631252596249715"
950,141,2,"0.07791720122114132;1.1631615946873652"
950,142,2,"0.09214939354802443;1.1631310693127428"
950,143,2,"0.09024381031859698;1.163136538262106"
950,144,2,"0.08898753282732443;1.16312386330286"
950,145,2,"0.09496985264483437;1.1631647728241974"
950,146,2,"0.07931312306810435;1.1631252596249715"
950,147,2,"0.07791346814710734;1.1631227505945672"
950,148,2,"0.0925294054692341;1.1631218681234696"
950,149,2,"0.09001903098631872;1.1631475002389786"
950,150,2,"0.09267881029165238;1.1631227505945672"
1000,1,2,"0.08995841415693838;1.163136538262106"
1000,2,2,"0.07791445967555749;1.1631218681234696"
1000,3,2,"0.08417809342995683;1.1631615946873652"
1000,4,2,"0.08995893863942042;1.1631703546807275"
1000,5,2,"0.08177106313323174;1.163136538262106"
1000,6,2,"0.07791346814710734;1.1631227505945672"
1000,7,2,"0.08995841638383348;1.1631647728241974"
1000,8,2,"0.07808173342998434;1.16312386330286"
1000,9,2,"0.07791400778845275;1.1631252596249715"
1000,10,2,"0.09677038788591716;1.1632075503970867"
1000,11,2,"0.07791313426760747;1.1631475002389786"
1000,12,2,"0.08995813793882529;1.1631252596249715"
1000,13,2,"0.09017746200606966;1.1631310693127428"
1000,14,2,"0.08995819327795071;1.1631227505945672"
1000,15,2,"0.08926063286617839;1.16312386330286"
1000,16,2,"0.0818485241958791;1.1631396268659737"
1000,17,2,"0.07791317774558126;1.163136538262106"
1000,18,2,"0.09017410461346616;1.1631252596249715"
1000,19,2,"0.07791795959822206;1.1631647728241974"
1000,20,2,"0.0779155241029332;1.16312386330286"
1000,21,2,"0.08079021166382773;1.1631218681234696"
1000,22,2,"0.0899581357847294;1.16312386330286"
1000,23,2,"0.08995821909349895;1.1631396268659737"
1000,24,2,"0.0779155241029332;1.16312386330286"
1000,25,2,"0.07791334402216882;1.1631508788666893"
1000,26,2,"0.07966241661885763;1.1631703546807275"
1000,27,2,"0.07791580389985761;1.163133376436489"
1000,28,2,"0.07791508071767074;1.1631218681234696"
1000,29,2,"0.10204591674981238;1.163199427447645"
1000,30,2,"0.07791485452260645;1.1631227505945672"
1000,31,2,"0.08044388018205359;1.163133376436489"
1000,32,2,"0.08995846368650373;1.1631703546807275"
1000,33,2,"0.07791657095591312;1.1631475002389786"
1000,34,2,"0.09003463746190345;1.1631396268659737"
1000,35,2,"0.07791580389985761;1.163133376436489"
1000,36,2,"0.08335106796939463;1.1631647728241974"
1000,37,2,"0.08995900497862264;1.163136538262106"
1000,38,2,"0.07791485452260645;1.1631227505945672"
1000,39,2,"0.08678080161010006;1.163133376436489"
1000,40,2,"0.08173845244123425;1.1631703546807275"
1000,41,2,"0.0779137530181429;1.1631222521952513"
1000,42,2,"0.09999284784576475;1.1631222521952513"
1000,43,2,"0.08995893863942042;1.1631703546807275"
1000,44,2,"0.09708778897633746;1.1631858296683453"
1000,45,2,"0.09343405444712846;1.163199427447645"
1000,46,2,"0.07791674053163851;1.1631396268659737"
1000,47,2,"0.08558078916473101;1.16312386330286"
1000,48,2,"0.08462666151710431;1.1631218681234696"
1000,49,2,"0.08995813793882529;1.1631252596249715"
1000,50,2,"0.08650004836983818;1.1631227505945672"
1000,51,2,"0.08995985443793496;1.1631310693127428"
1000,52,2,"0.0779140172105117;1.1631252596249715"
1000,53,2,"0.08995819327795071;1.1631227505945672"
1000,54,2,"0.07791523370913754;1.1631222521952513"
1000,55,2,"0.0779156926220069;1.1631252596249715"
1000,56,2,"0.08995841638383348;1.1631647728241974"
1000,57,2,"0.08996112494445785;1.1631227505945672"
1000,58,2,"0.0779155241029332;1.16312386330286"
1000,59,2,"0.08941251355988854;1.163133376436489"
1000,60,2,"0.07822381124356093;1.1631218681234696"
1000,61,2,"0.08995901919180681;1.1631647728241974"
1000,62,2,"0.07879588611859145;1.1631222521952513"
1000,63,2,"0.07909231666303847;1.163126567439965"
1000,64,2,"0.0779135145422033;1.1631396268659737"
1000,65,2,"0.07797991364713584;1.1631475002389786"
1000,66,2,"0.08995893863942042;1.1631703546807275"
1000,67,2,"0.07791400778845275;1.1631252596249715"
1000,68,2,"0.07791523370913754;1.1631222521952513"
1000,69,2,"0.08996019551512618;1.1631252596249715"
1000,70,2,"0.07965139921932542;1.1631508788666893"
1000,71,2,"0.09006535394677102;1.163136538262106"
1000,72,2,"0.08668547650656758;1.1631218681234696"
1000,73,2,"0.08996476198171455;1.163136538262106"
1000,74,2,"0.08491260534786896;1.1631222521952513"
1000,75,2,"0.0779137356125093;1.1631310693127428"
1000,76,2,"0.09649606270042982;1.1631615946873652"
1000,77,2,"0.0779140172105117;1.1631252596249715"
1000,78,2,"0.08995841415693838;1.163136538262106"
1000,79,2,"0.07791530239976657;1.163126567439965"
1000,80,2,"0.09015416031954876;1.1631252596249715"
1000,81,2,"0.10035424133837678;1.16312386330286"
1000,82,2,"0.07791788717377296;1.1631703546807275"
1000,83,2,"0.08997434918357271;1.163187750293156"
1000,84,2,"0.07791400778845275;1.1631252596249715"
1000,85,2,"0.07791313902785221;1.1631615946873652"
1000,86,2,"0.0899583033209773;1.1631508788666893"
1000,87,2,"0.07842157360397572;1.163133376436489"
1000,88,2,"0.09807270896361926;1.163136538262106"
1000,89,2,"0.09768593124331287;1.163136538262106"
1000,90,2,"0.08996024119276774;1.16312386330286"
1000,91,2,"0.08470879660933502;1.163133376436489"
1000,92,2,"0.08995855848289022;1.1631475002389786"
1000,93,2,"0.07791366992009427;1.1631218681234696"
1000,94,2,"0.0899583033209773;1.1631508788666893"
1000,95,2,"0.08996112494445785;1.1631227505945672"
1000,96,2,"0.0899583403346143;1.1631555313950839"
1000,97,2,"0.07999617652220288;1.1631222521952513"
1000,98,2,"0.08995841415693838;1.163136538262106"
1000,99,2,"0.08995814135652802;1.1631222521952513"
1000,100,2,"0.0876849026161732;1.163126567439965"
1000,101,2,"0.0901169259216528;1.1631218681234696"
1000,102,2,"0.0932463556498212;1.1631508788666893"
1000,103,2,"0.07791313426760747;1.1631475002389786"
1000,104,2,"0.0899583033209773;1.1631508788666893"
1000,105,2,"0.08995813793882529;1.1631252596249715"
1000,106,2,"0.0899593331906827;1.163126567439965"
1000,107,2,"0.07791445967555749;1.1631218681234696"
1000,108,2,"0.08996019551512618;1.1631252596249715"
1000,109,2,"0.08996032474697777;1.16312386330286"
1000,110,2,"0.08995985443793496;1.1631310693127428"
1000,111,2,"0.0779156926220069;1.1631252596249715"
1000,112,2,"0.07791732867044471;1.1631508788666893"
1000,113,2,"0.09646900738734566;1.1631555313950839"
1000,114,2,"0.08138306166256089;1.16312386330286"
1000,115,2,"0.09007196538497561;1.1631252596249715"
1000,116,2,"0.09012959454900248;1.1631555313950839"
1000,117,2,"0.0899605682802311;1.1631222521952513"
1000,118,2,"0.08995924163683382;1.16312864733553"
1000,119,2,"0.09017004447152017;1.1631310693127428"
1000,120,2,"0.09395188259353586;1.163136538262106"
1000,121,2,"0.07791366992009427;1.1631218681234696"
1000,122,2,"0.08805501146262676;1.163126567439965"
1000,123,2,"0.08995841638383348;1.1631647728241974"
1000,124,2,"0.0892565098436992;1.1631222521952513"
1000,125,2,"0.08700624905564903;1.1631310693127428"
1000,126,2,"0.08995814971368032;1.1631218681234696"
1000,127,2,"0.08995816390915967;1.1631310693127428"
1000,128,2,"0.09707902626091354;1.163199427447645"
1000,129,2,"0.09786839487198995;1.1631788829412908"
1000,130,2,"0.08992220840173733;1.1631647728241974"
1000,131,2,"0.10086860374594207;1.1631227505945672"
1000,132,2,"0.0873461230401592;1.1631475002389786"
1000,133,2,"0.07791732867044471;1.1631508788666893"
1000,134,2,"0.07791485452260645;1.1631227505945672"
1000,135,2,"0.08995816390915967;1.1631310693127428"
1000,136,2,"0.07791508071767074;1.1631218681234696"
1000,137,2,"0.08344547264605469;1.1631252596249715"
1000,138,2,"0.07794555990516056;1.1631252596249715"
1000,139,2,"0.09042477140064903;1.1631310693127428"
1000,140,2,"0.0899583403346143;1.1631555313950839"
1000,141,2,"0.0899596081082675;1.1631227505945672"
1000,142,2,"0.08995893863942042;1.1631703546807275"
1000,143,2,"0.07791795959822206;1.1631647728241974"
1000,144,2,"0.08995841415693838;1.163136538262106"
1000,145,2,"0.08995861568556424;1.1631615946873652"
1000,146,2,"0.08693731079838803;1.1631475002389786"
1000,147,2,"0.08995900497862264;1.163136538262106"
1000,148,2,"0.08759914077655521;1.1631647728241974"
1000,149,2,"0.07791411730925492;1.16312386330286"
1000,150,2,"0.07791334402216882;1.1631508788666893"
1050,1,2,"0.0899581357847294;1.16312386330286"
1050,2,2,"0.08213707343042549;1.1631252596249715"
1050,3,2,"0.07791433163255577;1.1631222521952513"
1050,4,2,"0.08996112494445785;1.1631227505945672"
1050,5,2,"0.08995826665007906;1.163126567439965"
1050,6,2,"0.07792325406988115;1.1631218681234696"
1050,7,2,"0.07791366992009427;1.1631218681234696"
1050,8,2,"0.08484607617799164;1.1631615946873652"
1050,9,2,"0.08992814521811954;1.1631615946873652"
1050,10,2,"0.07949448769790439;1.1631227505945672"
1050,11,2,"0.07901029894205204;1.1631396268659737"
1050,12,2,"0.0779137530181429;1.1631222521952513"
1050,13,2,"0.08494749684713111;1.1631227505945672"
1050,14,2,"0.077913295359551;1.1631555313950839"
1050,15,2,"0.07791619503946912;1.1631310693127428"
1050,16,2,"0.08996112494445785;1.1631227505945672"
1050,17,2,"0.08995813793882529;1.1631252596249715"
1050,18,2,"0.07791523370913754;1.1631222521952513"
1050,19,2,"0.0893512740414047;1.1631227505945672"
1050,20,2,"0.08995841638383348;1.1631647728241974"
1050,21,2,"0.0899593331906827;1.163126567439965"
1050,22,2,"0.07791788717377296;1.1631703546807275"
1050,23,2,"0.08010838066499151;1.16312386330286"
1050,24,2,"0.08995837001223621;1.163133376436489"
1050,25,2,"0.07791331295312859;1.163126567439965"
1050,26,2,"0.07791485452260645;1.1631227505945672"
1050,27,2,"0.08995813793882529;1.1631252596249715"
1050,28,2,"0.07801999299589508;1.1631647728241974"
1050,29,2,"0.0899583033209773;1.1631508788666893"
1050,30,2,"0.08995954484369771;1.1631396268659737"
1050,31,2,"0.08995954484369771;1.1631396268659737"
1050,32,2,"0.08995991082191178;1.1631218681234696"
1050,33,2,"0.077913295359551;1.1631555313950839"
1050,34,2,"0.07791468151883295;1.1631227505945672"
1050,35,2,"0.07801293154899823;1.1631647728241974"
1050,36,2,"0.07791795959822206;1.1631647728241974"
1050,37,2,"0.077913295359551;1.1631555313950839"
1050,38,2,"0.07791313902785221;1.1631615946873652"
1050,39,2,"0.07794199864212074;1.1631396268659737"
1050,40,2,"0.08863870222828706;1.1631227505945672"
1050,41,2,"0.08995837001223621;1.163133376436489"
1050,42,2,"0.08995924163683382;1.16312864733553"
1050,43,2,"0.07791433163255577;1.1631222521952513"
1050,44,2,"0.0899593331906827;1.163126567439965"
1050,45,2,"0.07791732867044471;1.1631508788666893"
1050,46,2,"0.08995837001223621;1.163133376436489"
1050,47,2,"0.077913295359551;1.1631555313950839"
1050,48,2,"0.0899583033209773;1.1631508788666893"
1050,49,2,"0.07791432686452335;1.163126567439965"
1050,50,2,"0.0876025315413895;1.1631703546807275"
1050,51,2,"0.08995855848289022;1.1631475002389786"
1050,52,2,"0.0899583033209773;1.1631508788666893"
1050,53,2,"0.08995893863942042;1.1631703546807275"
1050,54,2,"0.07791674053163851;1.1631396268659737"
1050,55,2,"0.07791319255046013;1.1631703546807275"
1050,56,2,"0.07791322372526932;1.1631647728241974"
1050,57,2,"0.08995924163683382;1.16312864733553"
1050,58,2,"0.07791599575123806;1.163136538262106"
1050,59,2,"0.07791317774558126;1.163136538262106"
1050,60,2,"0.0779156926220069;1.1631252596249715"
1050,61,2,"0.07791346814710734;1.1631227505945672"
1050,62,2,"0.07791313902785221;1.1631615946873652"
1050,63,2,"0.08448521327737636;1.1631508788666893"
1050,64,2,"0.08995900497862264;1.163136538262106"
1050,65,2,"0.07791795959822206;1.1631647728241974"
1050,66,2,"0.07791720122114132;1.1631615946873652"
1050,67,2,"0.0779137356125093;1.1631310693127428"
1050,68,2,"0.08912646119263125;1.1631555313950839"
1050,69,2,"0.08995855848289022;1.1631475002389786"
1050,70,2,"0.07791795959822206;1.1631647728241974"
1050,71,2,"0.08995954484369771;1.1631396268659737"
1050,72,2,"0.07791432686452335;1.163126567439965"
1050,73,2,"0.08995837001223621;1.163133376436489"
1050,74,2,"0.08995821909349895;1.1631396268659737"
1050,75,2,"0.0779135145422033;1.1631396268659737"
1050,76,2,"0.07791411730925492;1.16312386330286"
1050,77,2,"0.07791657095591312;1.1631475002389786"
1050,78,2,"0.08995893863942042;1.1631703546807275"
1050,79,2,"0.0779140172105117;1.1631252596249715"
1050,80,2,"0.08995814135652802;1.1631222521952513"
1050,81,2,"0.08995821909349895;1.1631396268659737"
1050,82,2,"0.07791485452260645;1.1631227505945672"
1050,83,2,"0.07791433163255577;1.1631222521952513"
1050,84,2,"0.08995861568556424;1.1631615946873652"
1050,85,2,"0.0899581357847294;1.16312386330286"
1050,86,2,"0.0779155241029332;1.16312386330286"
1050,87,2,"0.07791445967555749;1.1631218681234696"
1050,88,2,"0.0899607332152811;1.163126567439965"
1050,89,2,"0.07791674053163851;1.1631396268659737"
1050,90,2,"0.0779155241029332;1.16312386330286"
1050,91,2,"0.07791391780459145;1.16312386330286"
1050,92,2,"0.08995917484161081;1.1631555313950839"
1050,93,2,"0.07791317774558126;1.163136538262106"
1050,94,2,"0.08995855848289022;1.1631475002389786"
1050,95,2,"0.07791391780459145;1.16312386330286"
1050,96,2,"0.07791445967555749;1.1631218681234696"
1050,97,2,"0.07791674053163851;1.1631396268659737"
1050,98,2,"0.07791754856687887;1.1631555313950839"
1050,99,2,"0.08092046201143878;1.16312386330286"
1050,100,2,"0.07962713523376776;1.1631252596249715"
1050,101,2,"0.08996032474697777;1.16312386330286"
1050,102,2,"0.07791319255046013;1.1631703546807275"
1050,103,2,"0.08996024119276774;1.16312386330286"
1050,104,2,"0.07791788717377296;1.1631703546807275"
1050,105,2,"0.07791485452260645;1.1631227505945672"
1050,106,2,"0.0899583033209773;1.1631508788666893"
1050,107,2,"0.08996036559889058;1.1631252596249715"
1050,108,2,"0.07791313902785221;1.1631615946873652"
1050,109,2,"0.0795388318261909;1.1631310693127428"
1050,110,2,"0.07791530239976657;1.163126567439965"
1050,111,2,"0.0779137356125093;1.1631310693127428"
1050,112,2,"0.0899593331906827;1.163126567439965"
1050,113,2,"0.08995908622345976;1.163133376436489"
1050,114,2,"0.08995954484369771;1.1631396268659737"
1050,115,2,"0.08995900497862264;1.163136538262106"
1050,116,2,"0.07791433163255577;1.1631222521952513"
1050,117,2,"0.08825581679275968;1.1631555313950839"
1050,118,2,"0.08995901919180681;1.1631647728241974"
1050,119,2,"0.0789113768395617;1.1631222521952513"
1050,120,2,"0.07791523370913754;1.1631222521952513"
1050,121,2,"0.07791320482646952;1.163133376436489"
1050,122,2,"0.08995908622345976;1.163133376436489"
1050,123,2,"0.08995991082191178;1.1631218681234696"
1050,124,2,"0.07791320482646952;1.163133376436489"
1050,125,2,"0.0779135145422033;1.1631396268659737"
1050,126,2,"0.0779135145422033;1.1631396268659737"
1050,127,2,"0.0779135145422033;1.1631396268659737"
1050,128,2,"0.08660376434476763;1.1631508788666893"
1050,129,2,"0.08332769504090118;1.1631396268659737"
1050,130,2,"0.08995855848289022;1.1631475002389786"
1050,131,2,"0.07791322372526932;1.1631647728241974"
1050,132,2,"0.08781908592495667;1.1631222521952513"
1050,133,2,"0.07791720122114132;1.1631615946873652"
1050,134,2,"0.07791319255046013;1.1631703546807275"
1050,135,2,"0.0779137356125093;1.1631310693127428"
1050,136,2,"0.07952028441893597;1.1631218681234696"
1050,137,2,"0.08995873325098169;1.1631615946873652"
1050,138,2,"0.07862670712348135;1.163126567439965"
1050,139,2,"0.07791432686452335;1.163126567439965"
1050,140,2,"0.08621067412964163;1.1631475002389786"
1050,141,2,"0.07791508071767074;1.1631218681234696"
1050,142,2,"0.07791313902785221;1.1631615946873652"
1050,143,2,"0.07791391780459145;1.16312386330286"
1050,144,2,"0.08933048987151354;1.1631475002389786"
1050,145,2,"0.07791319255046013;1.1631703546807275"
1050,146,2,"0.07791530239976657;1.163126567439965"
1050,147,2,"0.08995900497862264;1.163136538262106"
1050,148,2,"0.07791432686452335;1.163126567439965"
1050,149,2,"0.08995837001223621;1.163133376436489"
1050,150,2,"0.08996112494445785;1.1631227505945672"
1100,1,2,"0.08295025642061347;1.1631218681234696"
1100,2,2,"0.0899596081082675;1.1631227505945672"
1100,3,2,"0.07791720122114132;1.1631615946873652"
1100,4,2,"0.07791366992009427;1.1631218681234696"
1100,5,2,"0.07791366992009427;1.1631218681234696"
1100,6,2,"0.07791485452260645;1.1631227505945672"
1100,7,2,"0.07791391780459145;1.16312386330286"
1100,8,2,"0.08995991082191178;1.1631218681234696"
1100,9,2,"0.08906470789463018;1.1631218681234696"
1100,10,2,"0.07791599575123806;1.163136538262106"
1100,11,2,"0.0779137530181429;1.1631222521952513"
1100,12,2,"0.08995821909349895;1.1631396268659737"
1100,13,2,"0.07791411730925492;1.16312386330286"
1100,14,2,"0.08995873325098169;1.1631615946873652"
1100,15,2,"0.07791445967555749;1.1631218681234696"
1100,16,2,"0.07791334402216882;1.1631508788666893"
1100,17,2,"0.0779137356125093;1.1631310693127428"
1100,18,2,"0.07791313426760747;1.1631475002389786"
1100,19,2,"0.07791795959822206;1.1631647728241974"
1100,20,2,"0.07791400778845275;1.1631252596249715"
1100,21,2,"0.08995900497862264;1.163136538262106"
1100,22,2,"0.07791485452260645;1.1631227505945672"
1100,23,2,"0.07791366992009427;1.1631218681234696"
1100,24,2,"0.07791319255046013;1.1631703546807275"
1100,25,2,"0.07791732867044471;1.1631508788666893"
1100,26,2,"0.07791334402216882;1.1631508788666893"
1100,27,2,"0.0820019175408317;1.16312386330286"
1100,28,2,"0.0779135145422033;1.1631396268659737"
1100,29,2,"0.07791619503946912;1.1631310693127428"
1100,30,2,"0.08871375887786112;1.1631508788666893"
1100,31,2,"0.08110091008200733;1.1631310693127428"
1100,32,2,"0.07791313902785221;1.1631615946873652"
1100,33,2,"0.07943434841266313;1.1631647728241974"
1100,34,2,"0.0779155241029332;1.16312386330286"
1100,35,2,"0.08995846368650373;1.1631703546807275"
1100,36,2,"0.07791599575123806;1.163136538262106"
1100,37,2,"0.08996024119276774;1.16312386330286"
1100,38,2,"0.07791313426760747;1.1631475002389786"
1100,39,2,"0.08132378931554779;1.1631218681234696"
1100,40,2,"0.0779155241029332;1.16312386330286"
1100,41,2,"0.07791468151883295;1.1631227505945672"
1100,42,2,"0.07791319255046013;1.1631703546807275"
1100,43,2,"0.07791313426760747;1.1631475002389786"
1100,44,2,"0.0784474837772405;1.1631555313950839"
1100,45,2,"0.08474544604958947;1.163136538262106"
1100,46,2,"0.08995814135652802;1.1631222521952513"
1100,47,2,"0.07791366992009427;1.1631218681234696"
1100,48,2,"0.07791320482646952;1.163133376436489"
1100,49,2,"0.07791485452260645;1.1631227505945672"
1100,50,2,"0.08995879616819752;1.1631475002389786"
1100,51,2,"0.07791317774558126;1.163136538262106"
1100,52,2,"0.07791346814710734;1.1631227505945672"
1100,53,2,"0.0779137356125093;1.1631310693127428"
1100,54,2,"0.07791433163255577;1.1631222521952513"
1100,55,2,"0.07827316713937077;1.1631227505945672"
1100,56,2,"0.08034035966924992;1.163126567439965"
1100,57,2,"0.08995816390915967;1.1631310693127428"
1100,58,2,"0.08995814971368032;1.1631218681234696"
1100,59,2,"0.07791432686452335;1.163126567439965"
1100,60,2,"0.07791674053163851;1.1631396268659737"
1100,61,2,"0.07802415866104885;1.1631508788666893"
1100,62,2,"0.07791319255046013;1.1631703546807275"
1100,63,2,"0.07791391780459145;1.16312386330286"
1100,64,2,"0.0796697603618312;1.1631647728241974"
1100,65,2,"0.07791391780459145;1.16312386330286"
1100,66,2,"0.07791391780459145;1.16312386330286"
1100,67,2,"0.077913295359551;1.1631555313950839"
1100,68,2,"0.07815338677911159;1.163126567439965"
1100,69,2,"0.07791322372526932;1.1631647728241974"
1100,70,2,"0.07791346814710734;1.1631227505945672"
1100,71,2,"0.07791674053163851;1.1631396268659737"
1100,72,2,"0.07791732867044471;1.1631508788666893"
1100,73,2,"0.07791391780459145;1.16312386330286"
1100,74,2,"0.07791346814710734;1.1631227505945672"
1100,75,2,"0.07791795959822206;1.16312864733553"
1100,76,2,"0.0779155241029332;1.16312386330286"
1100,77,2,"0.07791366992009427;1.1631218681234696"
1100,78,2,"0.07791334402216882;1.1631508788666893"
1100,79,2,"0.07791619503946912;1.1631310693127428"
1100,80,2,"0.08996036559889058;1.1631252596249715"
1100,81,2,"0.07791400778845275;1.1631252596249715"
1100,82,2,"0.08011940526966234;1.163133376436489"
1100,83,2,"0.07791322372526932;1.1631647728241974"
1100,84,2,"0.07791468151883295;1.1631227505945672"
1100,85,2,"0.0816804261756139;1.1631222521952513"
1100,86,2,"0.07791754856687887;1.1631555313950839"
1100,87,2,"0.08995813793882529;1.1631252596249715"
1100,88,2,"0.0779155241029332;1.16312386330286"
1100,89,2,"0.0779137356125093;1.1631310693127428"
1100,90,2,"0.0779155241029332;1.16312386330286"
1100,91,2,"0.07791411730925492;1.16312386330286"
1100,92,2,"0.07791657095591312;1.1631475002389786"
1100,93,2,"0.08617594576684162;1.16312864733553"
1100,94,2,"0.08309716965144172;1.1631218681234696"
1100,95,2,"0.07791331295312859;1.163126567439965"
1100,96,2,"0.077913295359551;1.1631555313950839"
1100,97,2,"0.07791530239976657;1.163126567439965"
1100,98,2,"0.0779137356125093;1.1631310693127428"
1100,99,2,"0.07791754856687887;1.1631555313950839"
1100,100,2,"0.07791391780459145;1.16312386330286"
1100,101,2,"0.07791657095591312;1.1631475002389786"
1100,102,2,"0.07791432686452335;1.163126567439965"
1100,103,2,"0.08996112494445785;1.1631227505945672"
1100,104,2,"0.07880240579549051;1.1631218681234696"
1100,105,2,"0.07796388810183236;1.163126567439965"
1100,106,2,"0.07791657095591312;1.1631475002389786"
1100,107,2,"0.0779137356125093;1.1631310693127428"
1100,108,2,"0.07939851846988011;1.163126567439965"
1100,109,2,"0.08424108905981821;1.1631218681234696"
1100,110,2,"0.077913295359551;1.1631555313950839"
1100,111,2,"0.08722647248930603;1.1631475002389786"
1100,112,2,"0.0899581357847294;1.16312386330286"
1100,113,2,"0.07791432686452335;1.163126567439965"
1100,114,2,"0.077913295359551;1.1631555313950839"
1100,115,2,"0.0779156926220069;1.1631252596249715"
1100,116,2,"0.077913295359551;1.1631555313950839"
1100,117,2,"0.0779137530181429;1.1631222521952513"
1100,118,2,"0.07791599575123806;1.163136538262106"
1100,119,2,"0.0779155241029332;1.16312386330286"
1100,120,2,"0.0779155241029332;1.16312386330286"
1100,121,2,"0.08862306538781017;1.163133376436489"
1100,122,2,"0.08995826665007906;1.163126567439965"
1100,123,2,"0.07791445967555749;1.1631218681234696"
1100,124,2,"0.08037157354054421;1.1631252596249715"
1100,125,2,"0.08141849469364831;1.1631508788666893"
1100,126,2,"0.07791580389985761;1.1631252596249715"
1100,127,2,"0.0779155241029332;1.16312386330286"
1100,128,2,"0.08110091008200733;1.1631310693127428"
1100,129,2,"0.07791400778845275;1.1631252596249715"
1100,130,2,"0.07818199220741122;1.1631252596249715"
1100,131,2,"0.08995954484369771;1.1631396268659737"
1100,132,2,"0.07791485452260645;1.1631227505945672"
1100,133,2,"0.07791720122114132;1.1631615946873652"
1100,134,2,"0.07791432686452335;1.163126567439965"
1100,135,2,"0.07791468151883295;1.1631227505945672"
1100,136,2,"0.07791720122114132;1.1631615946873652"
1100,137,2,"0.07791530239976657;1.163126567439965"
1100,138,2,"0.07791754856687887;1.1631555313950839"
1100,139,2,"0.07791788717377296;1.1631703546807275"
1100,140,2,"0.07791580389985761;1.163133376436489"
1100,141,2,"0.07791445967555749;1.1631218681234696"
1100,142,2,"0.0779155241029332;1.16312386330286"
1100,143,2,"0.07791468151883295;1.1631227505945672"
1100,144,2,"0.07791433163255577;1.1631222521952513"
1100,145,2,"0.07791432686452335;1.163126567439965"
1100,146,2,"0.07791508071767074;1.1631218681234696"
1100,147,2,"0.07791346814710734;1.1631227505945672"
1100,148,2,"0.08995917484161081;1.1631555313950839"
1100,149,2,"0.07791619503946912;1.1631310693127428"
1100,150,2,"0.07791313426760747;1.1631475002389786"
1150,1,2,"0.07791317774558126;1.163136538262106"
1150,2,2,"0.0779156926220069;1.1631252596249715"
1150,3,2,"0.07791523370913754;1.1631222521952513"
1150,4,2,"0.07791411730925492;1.16312386330286"
1150,5,2,"0.07791317774558126;1.163136538262106"
1150,6,2,"0.085292739189769;1.1631222521952513"
1150,7,2,"0.0779137356125093;1.1631310693127428"
1150,8,2,"0.07791619503946912;1.1631310693127428"
1150,9,2,"0.0779156926220069;1.1631252596249715"
1150,10,2,"0.08659312775768338;1.1631396268659737"
1150,11,2,"0.07791580389985761;1.163133376436489"
1150,12,2,"0.07791391780459145;1.16312386330286"
1150,13,2,"0.07791468151883295;1.1631227505945672"
1150,14,2,"0.07791391780459145;1.16312386330286"
1150,15,2,"0.07791530239976657;1.163126567439965"
1150,16,2,"0.07810788893715104;1.163133376436489"
1150,17,2,"0.07791433163255577;1.1631222521952513"
1150,18,2,"0.07791391780459145;1.16312386330286"
1150,19,2,"0.07791530239976657;1.163126567439965"
1150,20,2,"0.07791508071767074;1.1631218681234696"
1150,21,2,"0.07791366992009427;1.1631218681234696"
1150,22,2,"0.0779135145422033;1.1631396268659737"
1150,23,2,"0.0779140172105117;1.1631252596249715"
1150,24,2,"0.07791313902785221;1.1631615946873652"
1150,25,2,"0.07791580389985761;1.163133376436489"
1150,26,2,"0.08128117788589485;1.1631475002389786"
1150,27,2,"0.07791674053163851;1.1631396268659737"
1150,28,2,"0.07791320482646952;1.163133376436489"
1150,29,2,"0.07791313902785221;1.1631615946873652"
1150,30,2,"0.07791334402216882;1.1631508788666893"
1150,31,2,"0.08164035716309603;1.16312386330286"
1150,32,2,"0.07791619503946912;1.1631310693127428"
1150,33,2,"0.07791313426760747;1.1631475002389786"
1150,34,2,"0.0779137356125093;1.1631310693127428"
1150,35,2,"0.08921309594837677;1.1631703546807275"
1150,36,2,"0.07791599575123806;1.163136538262106"
1150,37,2,"0.07791346814710734;1.1631227505945672"
1150,38,2,"0.07791508071767074;1.1631218681234696"
1150,39,2,"0.07791313426760747;1.1631475002389786"
1150,40,2,"0.07791795959822206;1.1631647728241974"
1150,41,2,"0.07833932155058408;1.1631218681234696"
1150,42,2,"0.0779155241029332;1.16312386330286"
1150,43,2,"0.07791366992009427;1.1631218681234696"
1150,44,2,"0.07791313902785221;1.1631615946873652"
1150,45,2,"0.07791411730925492;1.16312386330286"
1150,46,2,"0.07791485452260645;1.1631227505945672"
1150,47,2,"0.07791795959822206;1.16312864733553"
1150,48,2,"0.07791391780459145;1.16312386330286"
1150,49,2,"0.07791346814710734;1.1631227505945672"
1150,50,2,"0.07791331295312859;1.163126567439965"
1150,51,2,"0.0779137356125093;1.1631310693127428"
1150,52,2,"0.0779137356125093;1.1631310693127428"
1150,53,2,"0.07791313426760747;1.1631475002389786"
1150,54,2,"0.0779135145422033;1.1631396268659737"
1150,55,2,"0.0840991219433312;1.1631218681234696"
1150,56,2,"0.07791411730925492;1.16312386330286"
1150,57,2,"0.0785246754799366;1.1631475002389786"
1150,58,2,"0.0779155241029332;1.16312386330286"
1150,59,2,"0.07791346814710734;1.1631227505945672"
1150,60,2,"0.07791322372526932;1.1631647728241974"
1150,61,2,"0.07791400778845275;1.1631252596249715"
1150,62,2,"0.0779137356125093;1.1631310693127428"
1150,63,2,"0.07791468151883295;1.1631227505945672"
1150,64,2,"0.08280634365797106;1.1631396268659737"
1150,65,2,"0.07791445967555749;1.1631218681234696"
1150,66,2,"0.07791334402216882;1.1631508788666893"
1150,67,2,"0.07808276936968041;1.163136538262106"
1150,68,2,"0.07791580389985761;1.163133376436489"
1150,69,2,"0.07791523370913754;1.1631222521952513"
1150,70,2,"0.0779156926220069;1.1631252596249715"
1150,71,2,"0.07791657095591312;1.1631475002389786"
1150,72,2,"0.0779137356125093;1.1631310693127428"
1150,73,2,"0.07791317774558126;1.163136538262106"
1150,74,2,"0.07791346814710734;1.1631227505945672"
1150,75,2,"0.07791657095591312;1.1631218681234696"
1150,76,2,"0.07791619503946912;1.1631310693127428"
1150,77,2,"0.07791619503946912;1.1631310693127428"
1150,78,2,"0.07791720122114132;1.1631227505945672"
1150,79,2,"0.07791313902785221;1.1631615946873652"
1150,80,2,"0.07791754856687887;1.1631555313950839"
1150,81,2,"0.07791400778845275;1.1631252596249715"
1150,82,2,"0.07791433163255577;1.1631222521952513"
1150,83,2,"0.07791657095591312;1.1631218681234696"
1150,84,2,"0.07791732867044471;1.1631508788666893"
1150,85,2,"0.08807614547079706;1.163126567439965"
1150,86,2,"0.07791317774558126;1.163136538262106"
1150,87,2,"0.07791485452260645;1.1631227505945672"
1150,88,2,"0.07791319255046013;1.1631703546807275"
1150,89,2,"0.077913295359551;1.1631555313950839"
1150,90,2,"0.07791411730925492;1.16312386330286"
1150,91,2,"0.07791732867044471;1.163136538262106"
1150,92,2,"0.07791674053163851;1.1631396268659737"
1150,93,2,"0.08104254170343479;1.16312386330286"
1150,94,2,"0.07791508071767074;1.1631218681234696"
1150,95,2,"0.07791657095591312;1.1631475002389786"
1150,96,2,"0.0782549786539122;1.16312386330286"
1150,97,2,"0.07791317774558126;1.163136538262106"
1150,98,2,"0.07791317774558126;1.163136538262106"
1150,99,2,"0.07791334402216882;1.1631508788666893"
1150,100,2,"0.07791319255046013;1.1631703546807275"
1150,101,2,"0.07791523370913754;1.1631222521952513"
1150,102,2,"0.07791788717377296;1.1631703546807275"
1150,103,2,"0.08412684576399543;1.1631310693127428"
1150,104,2,"0.0874833732660657;1.1631647728241974"
1150,105,2,"0.08909453752756738;1.1631218681234696"
1150,106,2,"0.07874250532894468;1.1631227505945672"
1150,107,2,"0.07791445967555749;1.1631218681234696"
1150,108,2,"0.08732641635750471;1.1631703546807275"
1150,109,2,"0.07791523370913754;1.1631222521952513"
1150,110,2,"0.07791485452260645;1.1631227505945672"
1150,111,2,"0.07791795959822206;1.16312864733553"
1150,112,2,"0.08842949905836436;1.1631252596249715"
1150,113,2,"0.07791346814710734;1.1631227505945672"
1150,114,2,"0.07791485452260645;1.1631227505945672"
1150,115,2,"0.07791319255046013;1.1631703546807275"
1150,116,2,"0.07791657095591312;1.1631475002389786"
1150,117,2,"0.07791795959822206;1.16312864733553"
1150,118,2,"0.07791319255046013;1.1631703546807275"
1150,119,2,"0.07791674053163851;1.1631396268659737"
1150,120,2,"0.07791322372526932;1.1631647728241974"
1150,121,2,"0.07791523370913754;1.1631222521952513"
1150,122,2,"0.07791657095591312;1.1631218681234696"
1150,123,2,"0.0779155241029332;1.16312386330286"
1150,124,2,"0.07791433163255577;1.1631222521952513"
1150,125,2,"0.07860050487840947;1.1631647728241974"
1150,126,2,"0.07791411730925492;1.16312386330286"
1150,127,2,"0.07791754856687887;1.1631555313950839"
1150,128,2,"0.07791485452260645;1.1631227505945672"
1150,129,2,"0.07791468151883295;1.1631227505945672"
1150,130,2,"0.07791411730925492;1.16312386330286"
1150,131,2,"0.07791788717377296;1.1631703546807275"
1150,132,2,"0.07791391780459145;1.16312386330286"
1150,133,2,"0.07791334402216882;1.1631508788666893"
1150,134,2,"0.07791346814710734;1.1631227505945672"
1150,135,2,"0.07791319255046013;1.1631703546807275"
1150,136,2,"0.07791720122114132;1.1631615946873652"
1150,137,2,"0.08061015381150272;1.163126567439965"
1150,138,2,"0.07791445967555749;1.1631218681234696"
1150,139,2,"0.07791322372526932;1.1631647728241974"
1150,140,2,"0.0779156926220069;1.1631252596249715"
1150,141,2,"0.07791580389985761;1.163133376436489"
1150,142,2,"0.07810586288820817;1.1631222521952513"
1150,143,2,"0.07791523370913754;1.1631222521952513"
1150,144,2,"0.07791366992009427;1.1631218681234696"
1150,145,2,"0.08025325794311075;1.1631252596249715"
1150,146,2,"0.07791400778845275;1.1631252596249715"
1150,147,2,"0.07791366992009427;1.1631218681234696"
1150,148,2,"0.0779140172105117;1.1631252596249715"
1150,149,2,"0.07791580389985761;1.1631252596249715"
1150,150,2,"0.07791508071767074;1.1631218681234696"
1200,1,2,"0.07791319255046013;1.1631703546807275"
1200,2,2,"0.07791468151883295;1.1631227505945672"
1200,3,2,"0.07791580389985761;1.1631252596249715"
1200,4,2,"0.07791530239976657;1.163126567439965"
1200,5,2,"0.07791485452260645;1.1631227505945672"
1200,6,2,"0.07791599575123806;1.16312386330286"
1200,7,2,"0.07791580389985761;1.163133376436489"
1200,8,2,"0.07791391780459145;1.16312386330286"
1200,9,2,"0.07796752186318716;1.163136538262106"
1200,10,2,"0.07791599575123806;1.163136538262106"
1200,11,2,"0.07791319255046013;1.1631703546807275"
1200,12,2,"0.07791391780459145;1.16312386330286"
1200,13,2,"0.0779135145422033;1.1631396268659737"
1200,14,2,"0.077913295359551;1.1631555313950839"
1200,15,2,"0.07791530239976657;1.163126567439965"
1200,16,2,"0.07791580389985761;1.163133376436489"
1200,17,2,"0.07791732867044471;1.1631508788666893"
1200,18,2,"0.07791445967555749;1.1631218681234696"
1200,19,2,"0.07791619503946912;1.1631310693127428"
1200,20,2,"0.07791674053163851;1.1631396268659737"
1200,21,2,"0.07791795959822206;1.16312864733553"
1200,22,2,"0.07791732867044471;1.1631508788666893"
1200,23,2,"0.07791795959822206;1.1631647728241974"
1200,24,2,"0.07791523370913754;1.1631222521952513"
1200,25,2,"0.07791317774558126;1.163136538262106"
1200,26,2,"0.077913295359551;1.1631555313950839"
1200,27,2,"0.07791599575123806;1.163136538262106"
1200,28,2,"0.0779155241029332;1.16312386330286"
1200,29,2,"0.07791445967555749;1.1631218681234696"
1200,30,2,"0.07791366992009427;1.1631218681234696"
1200,31,2,"0.077913295359551;1.1631555313950839"
1200,32,2,"0.07791317774558126;1.163136538262106"
1200,33,2,"0.07791599575123806;1.16312386330286"
1200,34,2,"0.07791788717377296;1.163126567439965"
1200,35,2,"0.07791317774558126;1.163136538262106"
1200,36,2,"0.0779156926220069;1.1631252596249715"
1200,37,2,"0.07791411730925492;1.16312386330286"
1200,38,2,"0.07791411730925492;1.16312386330286"
1200,39,2,"0.0779137356125093;1.1631310693127428"
1200,40,2,"0.07791319255046013;1.1631703546807275"
1200,41,2,"0.0779140172105117;1.1631252596249715"
1200,42,2,"0.0779137530181429;1.1631222521952513"
1200,43,2,"0.07791317774558126;1.163136538262106"
1200,44,2,"0.07791391780459145;1.16312386330286"
1200,45,2,"0.07791331295312859;1.163126567439965"
1200,46,2,"0.0779156926220069;1.1631252596249715"
1200,47,2,"0.07791322372526932;1.1631647728241974"
1200,48,2,"0.07791530239976657;1.163126567439965"
1200,49,2,"0.07791313426760747;1.1631475002389786"
1200,50,2,"0.07791657095591312;1.1631475002389786"
1200,51,2,"0.07791366992009427;1.1631218681234696"
1200,52,2,"0.07791674053163851;1.1631396268659737"
1200,53,2,"0.0779155241029332;1.16312386330286"
1200,54,2,"0.07791599575123806;1.16312386330286"
1200,55,2,"0.07791523370913754;1.1631222521952513"
1200,56,2,"0.07791754856687887;1.1631555313950839"
1200,57,2,"0.07791788717377296;1.163126567439965"
1200,58,2,"0.07791530239976657;1.163126567439965"
1200,59,2,"0.07791313426760747;1.1631475002389786"
1200,60,2,"0.07791411730925492;1.16312386330286"
1200,61,2,"0.077922350447997;1.1631227505945672"
1200,62,2,"0.07791313902785221;1.1631615946873652"
1200,63,2,"0.07791433163255577;1.1631222521952513"
1200,64,2,"0.07791657095591312;1.1631475002389786"
1200,65,2,"0.07791523370913754;1.1631222521952513"
1200,66,2,"0.07791580389985761;1.163133376436489"
1200,67,2,"0.07791508071767074;1.1631218681234696"
1200,68,2,"0.07791433163255577;1.1631222521952513"
1200,69,2,"0.0779135145422033;1.1631396268659737"
1200,70,2,"0.07791366992009427;1.1631218681234696"
1200,71,2,"0.07791432686452335;1.163126567439965"
1200,72,2,"0.07791320482646952;1.163133376436489"
1200,73,2,"0.07791319255046013;1.1631703546807275"
1200,74,2,"0.0779137356125093;1.1631310693127428"
1200,75,2,"0.07791795959822206;1.1631647728241974"
1200,76,2,"0.0779137356125093;1.1631310693127428"
1200,77,2,"0.07791508071767074;1.1631218681234696"
1200,78,2,"0.0779156926220069;1.1631252596249715"
1200,79,2,"0.07791508071767074;1.1631218681234696"
1200,80,2,"0.0779137530181429;1.1631222521952513"
1200,81,2,"0.0779140172105117;1.1631252596249715"
1200,82,2,"0.0779135145422033;1.1631396268659737"
1200,83,2,"0.07791485452260645;1.1631227505945672"
1200,84,2,"0.07791580389985761;1.1631252596249715"
1200,85,2,"0.0779156926220069;1.1631252596249715"
1200,86,2,"0.0779155241029332;1.16312386330286"
1200,87,2,"0.07791313426760747;1.1631475002389786"
1200,88,2,"0.07791530239976657;1.163126567439965"
1200,89,2,"0.07791331295312859;1.163126567439965"
1200,90,2,"0.07791331295312859;1.163126567439965"
1200,91,2,"0.07791732867044471;1.163136538262106"
1200,92,2,"0.07791400778845275;1.1631252596249715"
1200,93,2,"0.07791468151883295;1.1631227505945672"
1200,94,2,"0.07791508071767074;1.1631218681234696"
1200,95,2,"0.07791331295312859;1.163126567439965"
1200,96,2,"0.07791400778845275;1.1631252596249715"
1200,97,2,"0.0779137356125093;1.1631310693127428"
1200,98,2,"0.07791580389985761;1.163133376436489"
1200,99,2,"0.07791523370913754;1.1631222521952513"
1200,100,2,"0.07791411730925492;1.16312386330286"
1200,101,2,"0.07791795959822206;1.16312864733553"
1200,102,2,"0.07791313902785221;1.1631615946873652"
1200,103,2,"0.0779155241029332;1.16312386330286"
1200,104,2,"0.07791795959822206;1.1631647728241974"
1200,105,2,"0.07791580389985761;1.1631252596249715"
1200,106,2,"0.07791788717377296;1.163126567439965"
1200,107,2,"0.07791313426760747;1.1631475002389786"
1200,108,2,"0.07791322372526932;1.1631647728241974"
1200,109,2,"0.07791674053163851;1.1631396268659737"
1200,110,2,"0.07791580389985761;1.1631252596249715"
1200,111,2,"0.07791657095591312;1.1631218681234696"
1200,112,2,"0.07791391780459145;1.16312386330286"
1200,113,2,"0.07791795959822206;1.1631647728241974"
1200,114,2,"0.0779137356125093;1.1631310693127428"
1200,115,2,"0.07791674053163851;1.1631396268659737"
1200,116,2,"0.07791530239976657;1.163126567439965"
1200,117,2,"0.0779137356125093;1.1631310693127428"
1200,118,2,"0.07791530239976657;1.163126567439965"
1200,119,2,"0.07791320482646952;1.163133376436489"
1200,120,2,"0.07791485452260645;1.1631227505945672"
1200,121,2,"0.07791468151883295;1.1631227505945672"
1200,122,2,"0.07791732867044471;1.163136538262106"
1200,123,2,"0.07791599575123806;1.163136538262106"
1200,124,2,"0.07791432686452335;1.163126567439965"
1200,125,2,"0.07791619503946912;1.1631310693127428"
1200,126,2,"0.07791320482646952;1.163133376436489"
1200,127,2,"0.07791400778845275;1.1631252596249715"
1200,128,2,"0.07791334402216882;1.1631508788666893"
1200,129,2,"0.0779155241029332;1.16312386330286"
1200,130,2,"0.07791411730925492;1.16312386330286"
1200,131,2,"0.07791530239976657;1.163126567439965"
1200,132,2,"0.07791346814710734;1.1631227505945672"
1200,133,2,"0.07791346814710734;1.1631227505945672"
1200,134,2,"0.07791674053163851;1.1631396268659737"
1200,135,2,"0.07791619503946912;1.1631310693127428"
1200,136,2,"0.07791674053163851;1.1631396268659737"
1200,137,2,"0.07791331295312859;1.163126567439965"
1200,138,2,"0.07791391780459145;1.16312386330286"
1200,139,2,"0.07791391780459145;1.16312386330286"
1200,140,2,"0.0779155241029332;1.16312386330286"
1200,141,2,"0.07791445967555749;1.1631218681234696"
1200,142,2,"0.07791795959822206;1.1631647728241974"
1200,143,2,"0.07791674053163851;1.1631396268659737"
1200,144,2,"0.07791320482646952;1.163133376436489"
1200,145,2,"0.07791445967555749;1.1631218681234696"
1200,146,2,"0.07791317774558126;1.163136538262106"
1200,147,2,"0.07791411730925492;1.16312386330286"
1200,148,2,"0.07801899245205346;1.1631475002389786"
1200,149,2,"0.07791411730925492;1.16312386330286"
1200,150,2,"0.07791485452260645;1.1631227505945672"
1250,1,2,"0.07791508071767074;1.1631218681234696"
1250,2,2,"0.0779140172105117;1.1631252596249715"
1250,3,2,"0.07791433163255577;1.1631222521952513"
1250,4,2,"0.0779137356125093;1.163126567439965"
1250,5,2,"0.07791400778845275;1.1631252596249715"
1250,6,2,"0.077913295359551;1.1631555313950839"
1250,7,2,"0.07791674053163851;1.1631396268659737"
1250,8,2,"0.07791619503946912;1.1631310693127428"
1250,9,2,"0.07791674053163851;1.1631396268659737"
1250,10,2,"0.07791732867044471;1.163136538262106"
1250,11,2,"0.07791320482646952;1.163133376436489"
1250,12,2,"0.07791322372526932;1.16312386330286"
1250,13,2,"0.0779137356125093;1.1631310693127428"
1250,14,2,"0.0779135145422033;1.1631396268659737"
1250,15,2,"0.07791508071767074;1.1631218681234696"
1250,16,2,"0.07791485452260645;1.1631227505945672"
1250,17,2,"0.07791432686452335;1.163126567439965"
1250,18,2,"0.07791366992009427;1.1631218681234696"
1250,19,2,"0.07791346814710734;1.1631227505945672"
1250,20,2,"0.0779155241029332;1.16312386330286"
1250,21,2,"0.0779135145422033;1.1631396268659737"
1250,22,2,"0.07791485452260645;1.1631227505945672"
1250,23,2,"0.07791320482646952;1.163133376436489"
1250,24,2,"0.07791320482646952;1.163133376436489"
1250,25,2,"0.07791400778845275;1.1631252596249715"
1250,26,2,"0.077913295359551;1.1631555313950839"
1250,27,2,"0.07791788717377296;1.1631703546807275"
1250,28,2,"0.07791468151883295;1.1631227505945672"
1250,29,2,"0.07791334402216882;1.1631508788666893"
1250,30,2,"0.07791508071767074;1.1631218681234696"
1250,31,2,"0.07791313426760747;1.1631475002389786"
1250,32,2,"0.07791530239976657;1.163126567439965"
1250,33,2,"0.07791674053163851;1.1631396268659737"
1250,34,2,"0.07791400778845275;1.1631252596249715"
1250,35,2,"0.07791674053163851;1.1631396268659737"
1250,36,2,"0.07791346814710734;1.1631227505945672"
1250,37,2,"0.077913295359551;1.1631555313950839"
1250,38,2,"0.07791508071767074;1.1631218681234696"
1250,39,2,"0.07791732867044471;1.163136538262106"
1250,40,2,"0.07791580389985761;1.1631252596249715"
1250,41,2,"0.07791720122114132;1.1631615946873652"
1250,42,2,"0.07791331295312859;1.163126567439965"
1250,43,2,"0.07791400778845275;1.1631252596249715"
1250,44,2,"0.07791322372526932;1.1631647728241974"
1250,45,2,"0.07791674053163851;1.1631396268659737"
1250,46,2,"0.07791445967555749;1.1631218681234696"
1250,47,2,"0.07791319255046013;1.1631703546807275"
1250,48,2,"0.07791508071767074;1.1631218681234696"
1250,49,2,"0.07791795959822206;1.16312864733553"
1250,50,2,"0.07791599575123806;1.163136538262106"
1250,51,2,"0.07791334402216882;1.1631218681234696"
1250,52,2,"0.0779137530181429;1.1631222521952513"
1250,53,2,"0.07791317774558126;1.163136538262106"
1250,54,2,"0.0779137356125093;1.163126567439965"
1250,55,2,"0.07791523370913754;1.1631222521952513"
1250,56,2,"0.07791331295312859;1.163126567439965"
1250,57,2,"0.07791468151883295;1.1631227505945672"
1250,58,2,"0.07791445967555749;1.1631218681234696"
1250,59,2,"0.07791411730925492;1.16312386330286"
1250,60,2,"0.07791331295312859;1.163126567439965"
1250,61,2,"0.07791320482646952;1.163133376436489"
1250,62,2,"0.07791580389985761;1.1631252596249715"
1250,63,2,"0.0779156926220069;1.1631252596249715"
1250,64,2,"0.07791508071767074;1.1631218681234696"
1250,65,2,"0.0779155241029332;1.16312386330286"
1250,66,2,"0.0779137356125093;1.163126567439965"
1250,67,2,"0.077913295359551;1.1631555313950839"
1250,68,2,"0.07791674053163851;1.1631396268659737"
1250,69,2,"0.0779156926220069;1.1631252596249715"
1250,70,2,"0.07791391780459145;1.16312386330286"
1250,71,2,"0.0779156926220069;1.1631252596249715"
1250,72,2,"0.07791322372526932;1.1631647728241974"
1250,73,2,"0.07791411730925492;1.16312386330286"
1250,74,2,"0.07791334402216882;1.1631218681234696"
1250,75,2,"0.07791530239976657;1.163126567439965"
1250,76,2,"0.07791319255046013;1.1631703546807275"
1250,77,2,"0.07791391780459145;1.16312386330286"
1250,78,2,"0.07791411730925492;1.16312386330286"
1250,79,2,"0.0779135145422033;1.1631396268659737"
1250,80,2,"0.07791317774558126;1.163136538262106"
1250,81,2,"0.07791322372526932;1.1631647728241974"
1250,82,2,"0.07791366992009427;1.1631218681234696"
1250,83,2,"0.07791523370913754;1.1631222521952513"
1250,84,2,"0.07791334402216882;1.1631508788666893"
1250,85,2,"0.0779156926220069;1.1631252596249715"
1250,86,2,"0.0779137530181429;1.1631222521952513"
1250,87,2,"0.07791317774558126;1.163136538262106"
1250,88,2,"0.0779137356125093;1.163126567439965"
1250,89,2,"0.07791317774558126;1.163136538262106"
1250,90,2,"0.07791322372526932;1.1631647728241974"
1250,91,2,"0.07791313426760747;1.1631475002389786"
1250,92,2,"0.077913295359551;1.1631555313950839"
1250,93,2,"0.07791331295312859;1.163126567439965"
1250,94,2,"0.07791334402216882;1.1631218681234696"
1250,95,2,"0.0779137530181429;1.1631222521952513"
1250,96,2,"0.07791432686452335;1.163126567439965"
1250,97,2,"0.07791334402216882;1.1631508788666893"
1250,98,2,"0.07791445967555749;1.1631218681234696"
1250,99,2,"0.07791320482646952;1.163133376436489"
1250,100,2,"0.07791523370913754;1.1631222521952513"
1250,101,2,"0.07791523370913754;1.1631222521952513"
1250,102,2,"0.0779140172105117;1.1631252596249715"
1250,103,2,"0.0779137356125093;1.1631310693127428"
1250,104,2,"0.07791599575123806;1.16312386330286"
1250,105,2,"0.0779137356125093;1.1631310693127428"
1250,106,2,"0.07791411730925492;1.16312386330286"
1250,107,2,"0.0779137356125093;1.1631310693127428"
1250,108,2,"0.07791788717377296;1.1631703546807275"
1250,109,2,"0.07791400778845275;1.1631252596249715"
1250,110,2,"0.07791445967555749;1.1631218681234696"
1250,111,2,"0.07791432686452335;1.163126567439965"
1250,112,2,"0.07791468151883295;1.1631227505945672"
1250,113,2,"0.07791411730925492;1.16312386330286"
1250,114,2,"0.07791366992009427;1.1631218681234696"
1250,115,2,"0.07791331295312859;1.163126567439965"
1250,116,2,"0.07791331295312859;1.163126567439965"
1250,117,2,"0.07791580389985761;1.1631252596249715"
1250,118,2,"0.0779137356125093;1.1631310693127428"
1250,119,2,"0.0779135145422033;1.1631396268659737"
1250,120,2,"0.07791720122114132;1.1631615946873652"
1250,121,2,"0.07791432686452335;1.163126567439965"
1250,122,2,"0.07791366992009427;1.1631218681234696"
1250,123,2,"0.07791322372526932;1.1631647728241974"
1250,124,2,"0.07791346814710734;1.1631227505945672"
1250,125,2,"0.07791530239976657;1.163126567439965"
1250,126,2,"0.07791657095591312;1.1631218681234696"
1250,127,2,"0.07791400778845275;1.1631252596249715"
1250,128,2,"0.077913295359551;1.1631555313950839"
1250,129,2,"0.07791391780459145;1.16312386330286"
1250,130,2,"0.077913295359551;1.1631555313950839"
1250,131,2,"0.07791754856687887;1.163133376436489"
1250,132,2,"0.0779137356125093;1.163126567439965"
1250,133,2,"0.07791317774558126;1.163136538262106"
1250,134,2,"0.07791400778845275;1.1631252596249715"
1250,135,2,"0.077913295359551;1.1631555313950839"
1250,136,2,"0.07791795959822206;1.16312864733553"
1250,137,2,"0.07791720122114132;1.1631615946873652"
1250,138,2,"0.07791788717377296;1.1631703546807275"
1250,139,2,"0.07791391780459145;1.16312386330286"
1250,140,2,"0.07791523370913754;1.1631222521952513"
1250,141,2,"0.0779140172105117;1.1631252596249715"
1250,142,2,"0.07791313902785221;1.1631615946873652"
1250,143,2,"0.07791322372526932;1.1631647728241974"
1250,144,2,"0.0779140172105117;1.1631252596249715"
1250,145,2,"0.07791523370913754;1.1631222521952513"
1250,146,2,"0.07791320482646952;1.163133376436489"
1250,147,2,"0.07791599575123806;1.163136538262106"
1250,148,2,"0.07791508071767074;1.1631218681234696"
1250,149,2,"0.0779155241029332;1.16312386330286"
1250,150,2,"0.07791334402216882;1.1631508788666893"
1300,1,2,"0.07791580389985761;1.163133376436489"
1300,2,2,"0.0779137356125093;1.1631310693127428"
1300,3,2,"0.07791445967555749;1.1631218681234696"
1300,4,2,"0.07791432686452335;1.163126567439965"
1300,5,2,"0.07791320482646952;1.163133376436489"
1300,6,2,"0.07791432686452335;1.163126567439965"
1300,7,2,"0.07791411730925492;1.16312386330286"
1300,8,2,"0.07791674053163851;1.1631396268659737"
1300,9,2,"0.07791317774558126;1.163136538262106"
1300,10,2,"0.07791580389985761;1.1631252596249715"
1300,11,2,"0.07791432686452335;1.163126567439965"
1300,12,2,"0.0779156926220069;1.1631252596249715"
1300,13,2,"0.07791391780459145;1.16312386330286"
1300,14,2,"0.0779137530181429;1.1631222521952513"
1300,15,2,"0.07791432686452335;1.163126567439965"
1300,16,2,"0.07791599575123806;1.163136538262106"
1300,17,2,"0.07791530239976657;1.163126567439965"
1300,18,2,"0.07791366992009427;1.1631218681234696"
1300,19,2,"0.07791523370913754;1.1631222521952513"
1300,20,2,"0.07791366992009427;1.1631218681234696"
1300,21,2,"0.07791599575123806;1.163136538262106"
1300,22,2,"0.07791366992009427;1.1631218681234696"
1300,23,2,"0.07791580389985761;1.1631252596249715"
1300,24,2,"0.077913295359551;1.1631555313950839"
1300,25,2,"0.07791313902785221;1.1631615946873652"
1300,26,2,"0.07791432686452335;1.163126567439965"
1300,27,2,"0.07791400778845275;1.1631252596249715"
1300,28,2,"0.07791432686452335;1.163126567439965"
1300,29,2,"0.07791331295312859;1.163126567439965"
1300,30,2,"0.07791411730925492;1.16312386330286"
1300,31,2,"0.07791599575123806;1.16312386330286"
1300,32,2,"0.07791334402216882;1.1631508788666893"
1300,33,2,"0.07791313426760747;1.1631475002389786"
1300,34,2,"0.07791334402216882;1.1631508788666893"
1300,35,2,"0.07791313902785221;1.1631615946873652"
1300,36,2,"0.077913295359551;1.1631555313950839"
1300,37,2,"0.07791523370913754;1.1631222521952513"
1300,38,2,"0.07791720122114132;1.1631227505945672"
1300,39,2,"0.07791346814710734;1.1631227505945672"
1300,40,2,"0.077913295359551;1.1631555313950839"
1300,41,2,"0.07791317774558126;1.163136538262106"
1300,42,2,"0.07791468151883295;1.1631227505945672"
1300,43,2,"0.07791400778845275;1.1631252596249715"
1300,44,2,"0.07791366992009427;1.1631218681234696"
1300,45,2,"0.0779137356125093;1.1631310693127428"
1300,46,2,"0.07791445967555749;1.1631218681234696"
1300,47,2,"0.07791523370913754;1.1631222521952513"
1300,48,2,"0.07791366992009427;1.1631218681234696"
1300,49,2,"0.07791391780459145;1.16312386330286"
1300,50,2,"0.07791400778845275;1.1631252596249715"
1300,51,2,"0.07791445967555749;1.1631218681234696"
1300,52,2,"0.0779155241029332;1.16312386330286"
1300,53,2,"0.07791334402216882;1.1631508788666893"
1300,54,2,"0.0779140172105117;1.1631252596249715"
1300,55,2,"0.07791319255046013;1.1631703546807275"
1300,56,2,"0.07791468151883295;1.1631227505945672"
1300,57,2,"0.07791720122114132;1.1631227505945672"
1300,58,2,"0.07791319255046013;1.1631252596249715"
1300,59,2,"0.07791599575123806;1.16312386330286"
1300,60,2,"0.07791320482646952;1.163133376436489"
1300,61,2,"0.0779135145422033;1.1631396268659737"
1300,62,2,"0.07791599575123806;1.16312386330286"
1300,63,2,"0.0779140172105117;1.1631252596249715"
1300,64,2,"0.07791366992009427;1.1631218681234696"
1300,65,2,"0.07791523370913754;1.1631222521952513"
1300,66,2,"0.07791313426760747;1.1631475002389786"
1300,67,2,"0.07791319255046013;1.1631703546807275"
1300,68,2,"0.07791400778845275;1.1631252596249715"
1300,69,2,"0.07791391780459145;1.16312386330286"
1300,70,2,"0.0779140172105117;1.1631252596249715"
1300,71,2,"0.07791468151883295;1.1631227505945672"
1300,72,2,"0.0779135145422033;1.1631396268659737"
1300,73,2,"0.07791346814710734;1.1631227505945672"
1300,74,2,"0.07791346814710734;1.1631227505945672"
1300,75,2,"0.07791334402216882;1.1631508788666893"
1300,76,2,"0.07791754856687887;1.163133376436489"
1300,77,2,"0.07791468151883295;1.1631227505945672"
1300,78,2,"0.07791346814710734;1.1631227505945672"
1300,79,2,"0.07791732867044471;1.163136538262106"
1300,80,2,"0.07791523370913754;1.1631222521952513"
1300,81,2,"0.07791674053163851;1.1631396268659737"
1300,82,2,"0.07791366992009427;1.1631218681234696"
1300,83,2,"0.07791432686452335;1.163126567439965"
1300,84,2,"0.077913295359551;1.1631555313950839"
1300,85,2,"0.07791788717377296;1.163126567439965"
1300,86,2,"0.07791320482646952;1.163133376436489"
1300,87,2,"0.0779156926220069;1.1631252596249715"
1300,88,2,"0.07791400778845275;1.1631252596249715"
1300,89,2,"0.07791433163255577;1.1631222521952513"
1300,90,2,"0.07791346814710734;1.1631227505945672"
1300,91,2,"0.07791720122114132;1.1631227505945672"
1300,92,2,"0.0779156926220069;1.1631252596249715"
1300,93,2,"0.077913295359551;1.1631555313950839"
1300,94,2,"0.07791674053163851;1.1631396268659737"
1300,95,2,"0.0779140172105117;1.1631252596249715"
1300,96,2,"0.07791346814710734;1.1631227505945672"
1300,97,2,"0.0779155241029332;1.16312386330286"
1300,98,2,"0.0779137530181429;1.1631222521952513"
1300,99,2,"0.07791317774558126;1.163136538262106"
1300,100,2,"0.07791319255046013;1.1631703546807275"
1300,101,2,"0.07791319255046013;1.1631703546807275"
1300,102,2,"0.07791411730925492;1.16312386330286"
1300,103,2,"0.0779140172105117;1.1631252596249715"
1300,104,2,"0.07791599575123806;1.16312386330286"
1300,105,2,"0.07791366992009427;1.1631218681234696"
1300,106,2,"0.0779137356125093;1.1631310693127428"
1300,107,2,"0.07791485452260645;1.1631227505945672"
1300,108,2,"0.07791432686452335;1.163126567439965"
1300,109,2,"0.07791322372526932;1.1631647728241974"
1300,110,2,"0.07791788717377296;1.163126567439965"
1300,111,2,"0.07791720122114132;1.1631227505945672"
1300,112,2,"0.07791319255046013;1.1631703546807275"
1300,113,2,"0.07791788717377296;1.163126567439965"
1300,114,2,"0.07791313426760747;1.1631475002389786"
1300,115,2,"0.07791411730925492;1.16312386330286"
1300,116,2,"0.07791619503946912;1.1631310693127428"
1300,117,2,"0.07791754856687887;1.1631555313950839"
1300,118,2,"0.07791432686452335;1.163126567439965"
1300,119,2,"0.07791580389985761;1.163133376436489"
1300,120,2,"0.07791508071767074;1.1631218681234696"
1300,121,2,"0.07791674053163851;1.1631396268659737"
1300,122,2,"0.07791468151883295;1.1631227505945672"
1300,123,2,"0.07791657095591312;1.1631218681234696"
1300,124,2,"0.07791400778845275;1.1631252596249715"
1300,125,2,"0.0779155241029332;1.16312386330286"
1300,126,2,"0.07791445967555749;1.1631218681234696"
1300,127,2,"0.07791366992009427;1.1631218681234696"
1300,128,2,"0.07791334402216882;1.1631508788666893"
1300,129,2,"0.07791400778845275;1.1631252596249715"
1300,130,2,"0.077913295359551;1.1631555313950839"
1300,131,2,"0.07791485452260645;1.1631227505945672"
1300,132,2,"0.07791313902785221;1.1631615946873652"
1300,133,2,"0.07791313902785221;1.1631615946873652"
1300,134,2,"0.07791485452260645;1.1631227505945672"
1300,135,2,"0.07791346814710734;1.1631227505945672"
1300,136,2,"0.07791322372526932;1.1631647728241974"
1300,137,2,"0.0779135145422033;1.1631396268659737"
1300,138,2,"0.0779155241029332;1.16312386330286"
1300,139,2,"0.07791346814710734;1.1631227505945672"
1300,140,2,"0.07791445967555749;1.1631218681234696"
1300,141,2,"0.077913295359551;1.1631222521952513"
1300,142,2,"0.07791313426760747;1.1631396268659737"
1300,143,2,"0.0779135145422033;1.1631227505945672"
1300,144,2,"0.07791754856687887;1.163133376436489"
1300,145,2,"0.07791732867044471;1.1631508788666893"
1300,146,2,"0.07791433163255577;1.1631222521952513"
1300,147,2,"0.07791391780459145;1.16312386330286"
1300,148,2,"0.07791720122114132;1.1631227505945672"
1300,149,2,"0.07791468151883295;1.1631227505945672"
1300,150,2,"0.07791400778845275;1.1631252596249715"
1350,1,2,"0.0779137356125093;1.1631310693127428"
1350,2,2,"0.07791346814710734;1.1631227505945672"
1350,3,2,"0.077913295359551;1.1631555313950839"
1350,4,2,"0.07791530239976657;1.163126567439965"
1350,5,2,"0.0779135145422033;1.1631396268659737"
1350,6,2,"0.0779135145422033;1.1631396268659737"
1350,7,2,"0.0779137356125093;1.163126567439965"
1350,8,2,"0.07791317774558126;1.163136538262106"
1350,9,2,"0.07791391780459145;1.16312386330286"
1350,10,2,"0.0779155241029332;1.16312386330286"
1350,11,2,"0.07791320482646952;1.163133376436489"
1350,12,2,"0.07791400778845275;1.1631252596249715"
1350,13,2,"0.07791657095591312;1.1631218681234696"
1350,14,2,"0.07791317774558126;1.163136538262106"
1350,15,2,"0.07791391780459145;1.16312386330286"
1350,16,2,"0.07791317774558126;1.163136538262106"
1350,17,2,"0.07791366992009427;1.1631218681234696"
1350,18,2,"0.07791657095591312;1.1631218681234696"
1350,19,2,"0.0779135145422033;1.1631227505945672"
1350,20,2,"0.07791485452260645;1.1631227505945672"
1350,21,2,"0.07791432686452335;1.163126567439965"
1350,22,2,"0.07791400778845275;1.1631252596249715"
1350,23,2,"0.07791313902785221;1.1631615946873652"
1350,24,2,"0.07791433163255577;1.1631222521952513"
1350,25,2,"0.07791445967555749;1.1631218681234696"
1350,26,2,"0.07791795959822206;1.16312864733553"
1350,27,2,"0.07791331295312859;1.163126567439965"
1350,28,2,"0.07791334402216882;1.1631508788666893"
1350,29,2,"0.07791468151883295;1.1631227505945672"
1350,30,2,"0.07791346814710734;1.1631227505945672"
1350,31,2,"0.0779140172105117;1.1631252596249715"
1350,32,2,"0.07791317774558126;1.163136538262106"
1350,33,2,"0.07791400778845275;1.1631252596249715"
1350,34,2,"0.07791317774558126;1.163136538262106"
1350,35,2,"0.0779137356125093;1.163126567439965"
1350,36,2,"0.07791391780459145;1.16312386330286"
1350,37,2,"0.07791366992009427;1.1631218681234696"
1350,38,2,"0.07791346814710734;1.1631227505945672"
1350,39,2,"0.07791391780459145;1.16312386330286"
1350,40,2,"0.07791720122114132;1.1631227505945672"
1350,41,2,"0.0779137356125093;1.1631310693127428"
1350,42,2,"0.0779135145422033;1.1631227505945672"
1350,43,2,"0.07791619503946912;1.1631310693127428"
1350,44,2,"0.07791433163255577;1.1631222521952513"
1350,45,2,"0.07791366992009427;1.1631218681234696"
1350,46,2,"0.07791334402216882;1.1631218681234696"
1350,47,2,"0.07791317774558126;1.163136538262106"
1350,48,2,"0.07791580389985761;1.1631252596249715"
1350,49,2,"0.07791599575123806;1.16312386330286"
1350,50,2,"0.0779156926220069;1.1631252596249715"
1350,51,2,"0.07791580389985761;1.1631252596249715"
1350,52,2,"0.07791391780459145;1.16312386330286"
1350,53,2,"0.07791523370913754;1.1631222521952513"
1350,54,2,"0.0779155241029332;1.16312386330286"
1350,55,2,"0.077913295359551;1.1631555313950839"
1350,56,2,"0.07791313426760747;1.1631475002389786"
1350,57,2,"0.07791334402216882;1.1631218681234696"
1350,58,2,"0.07791366992009427;1.1631218681234696"
1350,59,2,"0.07791313426760747;1.1631475002389786"
1350,60,2,"0.07791346814710734;1.1631227505945672"
1350,61,2,"0.07791391780459145;1.16312386330286"
1350,62,2,"0.07791346814710734;1.1631227505945672"
1350,63,2,"0.07791720122114132;1.1631227505945672"
1350,64,2,"0.07791468151883295;1.1631227505945672"
1350,65,2,"0.07791320482646952;1.163133376436489"
1350,66,2,"0.07791320482646952;1.163133376436489"
1350,67,2,"0.07791322372526932;1.1631647728241974"
1350,68,2,"0.07791619503946912;1.1631310693127428"
1350,69,2,"0.07791334402216882;1.1631508788666893"
1350,70,2,"0.07791313902785221;1.1631615946873652"
1350,71,2,"0.07791366992009427;1.1631218681234696"
1350,72,2,"0.07791334402216882;1.1631218681234696"
1350,73,2,"0.07791334402216882;1.1631508788666893"
1350,74,2,"0.07791331295312859;1.163126567439965"
1350,75,2,"0.07791334402216882;1.1631508788666893"
1350,76,2,"0.07791508071767074;1.1631218681234696"
1350,77,2,"0.07791508071767074;1.1631218681234696"
1350,78,2,"0.07791530239976657;1.163126567439965"
1350,79,2,"0.07791391780459145;1.16312386330286"
1350,80,2,"0.07791313426760747;1.1631475002389786"
1350,81,2,"0.07791400778845275;1.1631252596249715"
1350,82,2,"0.0779140172105117;1.1631252596249715"
1350,83,2,"0.0779135145422033;1.1631227505945672"
1350,84,2,"0.07791754856687887;1.163133376436489"
1350,85,2,"0.07791346814710734;1.1631227505945672"
1350,86,2,"0.07791400778845275;1.1631252596249715"
1350,87,2,"0.07791432686452335;1.163126567439965"
1350,88,2,"0.07791317774558126;1.163136538262106"
1350,89,2,"0.07791580389985761;1.1631252596249715"
1350,90,2,"0.07791720122114132;1.1631227505945672"
1350,91,2,"0.07791445967555749;1.1631218681234696"
1350,92,2,"0.07791530239976657;1.163126567439965"
1350,93,2,"0.07791400778845275;1.1631252596249715"
1350,94,2,"0.07791331295312859;1.163126567439965"
1350,95,2,"0.07791599575123806;1.16312386330286"
1350,96,2,"0.07791468151883295;1.1631227505945672"
1350,97,2,"0.07791400778845275;1.1631252596249715"
1350,98,2,"0.07791732867044471;1.163136538262106"
1350,99,2,"0.0779137356125093;1.1631310693127428"
1350,100,2,"0.07791433163255577;1.1631222521952513"
1350,101,2,"0.07791317774558126;1.163136538262106"
1350,102,2,"0.07791433163255577;1.1631222521952513"
1350,103,2,"0.07791320482646952;1.163133376436489"
1350,104,2,"0.07791433163255577;1.1631222521952513"
1350,105,2,"0.07791319255046013;1.1631703546807275"
1350,106,2,"0.07791391780459145;1.16312386330286"
1350,107,2,"0.0779137356125093;1.1631310693127428"
1350,108,2,"0.07791319255046013;1.1631703546807275"
1350,109,2,"0.07791523370913754;1.1631222521952513"
1350,110,2,"0.07791366992009427;1.1631218681234696"
1350,111,2,"0.07791580389985761;1.1631252596249715"
1350,112,2,"0.07791468151883295;1.1631227505945672"
1350,113,2,"0.0779140172105117;1.1631252596249715"
1350,114,2,"0.07791674053163851;1.1631396268659737"
1350,115,2,"0.07791411730925492;1.16312386330286"
1350,116,2,"0.07791468151883295;1.1631227505945672"
1350,117,2,"0.07791720122114132;1.1631227505945672"
1350,118,2,"0.07791319255046013;1.1631252596249715"
1350,119,2,"0.07791657095591312;1.1631218681234696"
1350,120,2,"0.0779140172105117;1.1631252596249715"
1350,121,2,"0.07791322372526932;1.16312386330286"
1350,122,2,"0.07791433163255577;1.1631222521952513"
1350,123,2,"0.0779137356125093;1.1631310693127428"
1350,124,2,"0.07791580389985761;1.1631252596249715"
1350,125,2,"0.07791400778845275;1.1631252596249715"
1350,126,2,"0.07791485452260645;1.1631227505945672"
1350,127,2,"0.07791331295312859;1.163126567439965"
1350,128,2,"0.07791523370913754;1.1631222521952513"
1350,129,2,"0.07791322372526932;1.1631647728241974"
1350,130,2,"0.07791320482646952;1.163133376436489"
1350,131,2,"0.07791331295312859;1.163126567439965"
1350,132,2,"0.07791317774558126;1.163136538262106"
1350,133,2,"0.07791508071767074;1.1631218681234696"
1350,134,2,"0.07791366992009427;1.1631218681234696"
1350,135,2,"0.07791320482646952;1.163133376436489"
1350,136,2,"0.07791754856687887;1.163133376436489"
1350,137,2,"0.07791366992009427;1.1631218681234696"
1350,138,2,"0.07791411730925492;1.16312386330286"
1350,139,2,"0.07791319255046013;1.1631703546807275"
1350,140,2,"0.0779137356125093;1.1631310693127428"
1350,141,2,"0.07791530239976657;1.163126567439965"
1350,142,2,"0.07791313902785221;1.1631615946873652"
1350,143,2,"0.0779135145422033;1.1631396268659737"
1350,144,2,"0.07791317774558126;1.163136538262106"
1350,145,2,"0.07791334402216882;1.1631218681234696"
1350,146,2,"0.07791400778845275;1.1631252596249715"
1350,147,2,"0.07791754856687887;1.163133376436489"
1350,148,2,"0.07791530239976657;1.163126567439965"
1350,149,2,"0.0779155241029332;1.16312386330286"
1350,150,2,"0.07791313902785221;1.1631615946873652"
1400,1,2,"0.07791432686452335;1.163126567439965"
1400,2,2,"0.07791530239976657;1.163126567439965"
1400,3,2,"0.07791319255046013;1.1631252596249715"
1400,4,2,"0.0779135145422033;1.1631227505945672"
1400,5,2,"0.07791391780459145;1.16312386330286"
1400,6,2,"0.07791322372526932;1.1631647728241974"
1400,7,2,"0.07791319255046013;1.1631252596249715"
1400,8,2,"0.0779140172105117;1.1631252596249715"
1400,9,2,"0.07791322372526932;1.16312386330286"
1400,10,2,"0.07791674053163851;1.1631396268659737"
1400,11,2,"0.07791366992009427;1.1629980821096284"
1400,12,2,"0.07791795959822206;1.16312864733553"
1400,13,2,"0.07791720122114132;1.1631227505945672"
1400,14,2,"0.07791366992009427;1.1631218681234696"
1400,15,2,"0.07791346814710734;1.1631227505945672"
1400,16,2,"0.0779137530181429;1.1631222521952513"
1400,17,2,"0.07791468151883295;1.1631227505945672"
1400,18,2,"0.077913295359551;1.1631555313950839"
1400,19,2,"0.0779137356125093;1.1631310693127428"
1400,20,2,"0.07791313902785221;1.1631310693127428"
1400,21,2,"0.07791411730925492;1.16312386330286"
1400,22,2,"0.07791317774558126;1.163136538262106"
1400,23,2,"0.07791468151883295;1.1631227505945672"
1400,24,2,"0.0779137356125093;1.1631310693127428"
1400,25,2,"0.07791346814710734;1.1631227505945672"
1400,26,2,"0.0779135145422033;1.163021495555333"
1400,27,2,"0.07791317774558126;1.163136538262106"
1400,28,2,"0.07791322372526932;1.16312386330286"
1400,29,2,"0.0779137530181429;1.1631222521952513"
1400,30,2,"0.07791320482646952;1.163133376436489"
1400,31,2,"0.0779156926220069;1.1631252596249715"
1400,32,2,"0.07791317774558126;1.163136538262106"
1400,33,2,"0.07791485452260645;1.1631227505945672"
1400,34,2,"0.0779137356125093;1.1631310693127428"
1400,35,2,"0.07791433163255577;1.1631222521952513"
1400,36,2,"0.07791433163255577;1.1631222521952513"
1400,37,2,"0.07791319255046013;1.1631252596249715"
1400,38,2,"0.07791366992009427;1.1631218681234696"
1400,39,2,"0.0779140172105117;1.1631252596249715"
1400,40,2,"0.0779135145422033;1.163021495555333"
1400,41,2,"0.07791317774558126;1.163117992506254"
1400,42,2,"0.07791445967555749;1.1631218681234696"
1400,43,2,"0.0779135145422033;1.1630866536839428"
1400,44,2,"0.0779156926220069;1.1631252596249715"
1400,45,2,"0.07791400778845275;1.1631252596249715"
1400,46,2,"0.077913295359551;1.1631555313950839"
1400,47,2,"0.07791445967555749;1.1631218681234696"
1400,48,2,"0.0779137356125093;1.163126567439965"
1400,49,2,"0.07791317774558126;1.163136538262106"
1400,50,2,"0.07791433163255577;1.1631222521952513"
1400,51,2,"0.07791391780459145;1.16312386330286"
1400,52,2,"0.07791530239976657;1.163126567439965"
1400,53,2,"0.0779135145422033;1.1631396268659737"
1400,54,2,"0.07791313426760747;1.1631475002389786"
1400,55,2,"0.07791391780459145;1.16312386330286"
1400,56,2,"0.07791366992009427;1.1631218681234696"
1400,57,2,"0.07791366992009427;1.1631218681234696"
1400,58,2,"0.07791317774558126;1.163136538262106"
1400,59,2,"0.07791319255046013;1.1631252596249715"
1400,60,2,"0.07791391780459145;1.16312386330286"
1400,61,2,"0.07791366992009427;1.1631218681234696"
1400,62,2,"0.077913295359551;1.1631555313950839"
1400,63,2,"0.07791508071767074;1.1631218681234696"
1400,64,2,"0.07791346814710734;1.1631227505945672"
1400,65,2,"0.077913295359551;1.1631555313950839"
1400,66,2,"0.07791313902785221;1.1631615946873652"
1400,67,2,"0.0779137356125093;1.1631310693127428"
1400,68,2,"0.07791319255046013;1.1631703546807275"
1400,69,2,"0.07791322372526932;1.16312386330286"
1400,70,2,"0.07791674053163851;1.1631396268659737"
1400,71,2,"0.07791530239976657;1.163126567439965"
1400,72,2,"0.07791433163255577;1.1631222521952513"
1400,73,2,"0.07791346814710734;1.1631227505945672"
1400,74,2,"0.07791322372526932;1.16312864733553"
1400,75,2,"0.07791391780459145;1.16312386330286"
1400,76,2,"0.07791445967555749;1.1631218681234696"
1400,77,2,"0.07791433163255577;1.1631222521952513"
1400,78,2,"0.07791317774558126;1.163136538262106"
1400,79,2,"0.07791313426760747;1.1630140501216635"
1400,80,2,"0.07791346814710734;1.162996985235939"
1400,81,2,"0.07791317774558126;1.163136538262106"
1400,82,2,"0.0779156926220069;1.1631252596249715"
1400,83,2,"0.0779137356125093;1.163126567439965"
1400,84,2,"0.077913295359551;1.1631222521952513"
1400,85,2,"0.07791720122114132;1.1631227505945672"
1400,86,2,"0.07791445967555749;1.1631218681234696"
1400,87,2,"0.07791366992009427;1.1631218681234696"
1400,88,2,"0.07791313426760747;1.1631396268659737"
1400,89,2,"0.07791400778845275;1.1631252596249715"
1400,90,2,"0.07791432686452335;1.163126567439965"
1400,91,2,"0.07791411730925492;1.16312386330286"
1400,92,2,"0.07791433163255577;1.1631222521952513"
1400,93,2,"0.07791599575123806;1.16312386330286"
1400,94,2,"0.07791400778845275;1.1631252596249715"
1400,95,2,"0.07791322372526932;1.16312386330286"
1400,96,2,"0.07791432686452335;1.163126567439965"
1400,97,2,"0.07791320482646952;1.163133376436489"
1400,98,2,"0.07791313426760747;1.1631396268659737"
1400,99,2,"0.07791319255046013;1.1630553228427465"
1400,100,2,"0.0779137356125093;1.16311182525953"
1400,101,2,"0.07791720122114132;1.1631227505945672"
1400,102,2,"0.07791433163255577;1.1631222521952513"
1400,103,2,"0.07791319255046013;1.1631703546807275"
1400,104,2,"0.07791411730925492;1.16312386330286"
1400,105,2,"0.07791346814710734;1.1631227505945672"
1400,106,2,"0.07791720122114132;1.1631227505945672"
1400,107,2,"0.07791319255046013;1.1631252596249715"
1400,108,2,"0.0779137530181429;1.1631222521952513"
1400,109,2,"0.0779135145422033;1.1631396268659737"
1400,110,2,"0.07791366992009427;1.1629980821096284"
1400,111,2,"0.07791317774558126;1.163136538262106"
1400,112,2,"0.07791400778845275;1.1631252596249715"
1400,113,2,"0.0779137356125093;1.1631310693127428"
1400,114,2,"0.07791322372526932;1.1631647728241974"
1400,115,2,"0.077913295359551;1.163133376436489"
1400,116,2,"0.07791391780459145;1.16312386330286"
1400,117,2,"0.077913295359551;1.1630576827778134"
1400,118,2,"0.07791366992009427;1.1631218681234696"
1400,119,2,"0.07791319255046013;1.1631703546807275"
1400,120,2,"0.07791411730925492;1.16312386330286"
1400,121,2,"0.07791313902785221;1.1630738263271398"
1400,122,2,"0.0779135145422033;1.1631227505945672"
1400,123,2,"0.07791619503946912;1.1631310693127428"
1400,124,2,"0.0779137356125093;1.1631310693127428"
1400,125,2,"0.07791366992009427;1.1631218681234696"
1400,126,2,"0.07791320482646952;1.1631252596249715"
1400,127,2,"0.0779137356125093;1.1631310693127428"
1400,128,2,"0.07791400778845275;1.1631252596249715"
1400,129,2,"0.07791319255046013;1.163126567439965"
1400,130,2,"0.07791432686452335;1.163126567439965"
1400,131,2,"0.07791320482646952;1.163133376436489"
1400,132,2,"0.07791331295312859;1.163126567439965"
1400,133,2,"0.07791432686452335;1.163126567439965"
1400,134,2,"0.07791391780459145;1.16312386330286"
1400,135,2,"0.07791320482646952;1.1631252596249715"
1400,136,2,"0.07791599575123806;1.16312386330286"
1400,137,2,"0.07791331295312859;1.163126567439965"
1400,138,2,"0.07791331295312859;1.163126567439965"
1400,139,2,"0.07791657095591312;1.1631218681234696"
1400,140,2,"0.07791334402216882;1.1631508788666893"
1400,141,2,"0.07791322372526932;1.1631647728241974"
1400,142,2,"0.07791313426760747;1.1631475002389786"
1400,143,2,"0.07791366992009427;1.1631218681234696"
1400,144,2,"0.07791317774558126;1.163117992506254"
1400,145,2,"0.07791319255046013;1.1630553228427465"
1400,146,2,"0.0779137356125093;1.163126567439965"
1400,147,2,"0.0779140172105117;1.1631252596249715"
1400,148,2,"0.07791433163255577;1.1631222521952513"
1400,149,2,"0.07791391780459145;1.16312386330286"
1400,150,2,"0.07791317774558126;1.163136538262106"
1450,1,2,"0.07791319255046013;1.1630400580340472"
1450,2,2,"0.07791331295312859;1.163126567439965"
1450,3,2,"0.07791322372526932;1.16312864733553"
1450,4,2,"0.07791331295312859;1.163126567439965"
1450,5,2,"0.07791391780459145;1.16312386330286"
1450,6,2,"0.07791313426760747;1.1631396268659737"
1450,7,2,"0.077913295359551;1.1631222521952513"
1450,8,2,"0.0779140172105117;1.1631252596249715"
1450,9,2,"0.07791331295312859;1.163126567439965"
1450,10,2,"0.07791322372526932;1.16304598145044"
1450,11,2,"0.07791432686452335;1.163126567439965"
1450,12,2,"0.07791445967555749;1.1631218681234696"
1450,13,2,"0.07791346814710734;1.1631227505945672"
1450,14,2,"0.0779137356125093;1.16311182525953"
1450,15,2,"0.0779137356125093;1.163126567439965"
1450,16,2,"0.07791391780459145;1.16312386330286"
1450,17,2,"0.0779137356125093;1.163011409106174"
1450,18,2,"0.077913295359551;1.1631222521952513"
1450,19,2,"0.077913295359551;1.163133376436489"
1450,20,2,"0.07791432686452335;1.163126567439965"
1450,21,2,"0.07791366992009427;1.1631218681234696"
1450,22,2,"0.0779135145422033;1.1630866536839428"
1450,23,2,"0.07791468151883295;1.1631227505945672"
1450,24,2,"0.07791400778845275;1.1631252596249715"
1450,25,2,"0.0779140172105117;1.1631252596249715"
1450,26,2,"0.0779137356125093;1.163126567439965"
1450,27,2,"0.07791580389985761;1.1631252596249715"
1450,28,2,"0.07791313902785221;1.1631310693127428"
1450,29,2,"0.07791331295312859;1.163126567439965"
1450,30,2,"0.07791320482646952;1.1631268449739764"
1450,31,2,"0.07791313902785221;1.1631615946873652"
1450,32,2,"0.07791580389985761;1.1631252596249715"
1450,33,2,"0.07791433163255577;1.1631222521952513"
1450,34,2,"0.07791411730925492;1.16312386330286"
1450,35,2,"0.07791322372526932;1.16312386330286"
1450,36,2,"0.07791391780459145;1.16312386330286"
1450,37,2,"0.07791400778845275;1.1631252596249715"
1450,38,2,"0.07791317774558126;1.163136538262106"
1450,39,2,"0.07791320482646952;1.1631252596249715"
1450,40,2,"0.07791468151883295;1.1631227505945672"
1450,41,2,"0.0779140172105117;1.1631252596249715"
1450,42,2,"0.07791313902785221;1.1631310693127428"
1450,43,2,"0.07791445967555749;1.1631218681234696"
1450,44,2,"0.07791619503946912;1.1631310693127428"
1450,45,2,"0.07791322372526932;1.16312864733553"
1450,46,2,"0.0779135145422033;1.1631227505945672"
1450,47,2,"0.07791391780459145;1.16312386330286"
1450,48,2,"0.07791674053163851;1.1631396268659737"
1450,49,2,"0.077913295359551;1.163133376436489"
1450,50,2,"0.07791445967555749;1.1631218681234696"
1450,51,2,"0.07791320482646952;1.1631268449739764"
1450,52,2,"0.0779135145422033;1.1631227505945672"
1450,53,2,"0.0779137356125093;1.163126567439965"
1450,54,2,"0.07791317774558126;1.163005549238407"
1450,55,2,"0.0779137356125093;1.163126567439965"
1450,56,2,"0.0779135145422033;1.1630866536839428"
1450,57,2,"0.07791334402216882;1.1631508788666893"
1450,58,2,"0.07791331295312859;1.163126567439965"
1450,59,2,"0.07791346814710734;1.1631227505945672"
1450,60,2,"0.07791366992009427;1.1631218681234696"
1450,61,2,"0.07791313902785221;1.1631310693127428"
1450,62,2,"0.0779155241029332;1.16312386330286"
1450,63,2,"0.07791320482646952;1.163003229058854"
1450,64,2,"0.07791411730925492;1.16312386330286"
1450,65,2,"0.07791319255046013;1.1630400580340472"
1450,66,2,"0.07791313902785221;1.1631227505945672"
1450,67,2,"0.07791317774558126;1.163117992506254"
1450,68,2,"0.07791619503946912;1.1631310693127428"
1450,69,2,"0.0779140172105117;1.1631252596249715"
1450,70,2,"0.0779135145422033;1.1631396268659737"
1450,71,2,"0.0779137356125093;1.1631310693127428"
1450,72,2,"0.07791346814710734;1.1631227505945672"
1450,73,2,"0.07791366992009427;1.1631218681234696"
1450,74,2,"0.07791366992009427;1.1631218681234696"
1450,75,2,"0.07791320482646952;1.1631252596249715"
1450,76,2,"0.0779137530181429;1.1631222521952513"
1450,77,2,"0.07791331295312859;1.1629986825697756"
1450,78,2,"0.07791400778845275;1.1631252596249715"
1450,79,2,"0.07791313426760747;1.1631396268659737"
1450,80,2,"0.07791468151883295;1.1631227505945672"
1450,81,2,"0.07791433163255577;1.1631222521952513"
1450,82,2,"0.07791732867044471;1.163136538262106"
1450,83,2,"0.0779137356125093;1.1631310693127428"
1450,84,2,"0.07791366992009427;1.1631218681234696"
1450,85,2,"0.07791391780459145;1.16312386330286"
1450,86,2,"0.07791317774558126;1.163117992506254"
1450,87,2,"0.07791320482646952;1.1631252596249715"
1450,88,2,"0.077913295359551;1.1631555313950839"
1450,89,2,"0.07791411730925492;1.16312386330286"
1450,90,2,"0.07791391780459145;1.16312386330286"
1450,91,2,"0.07791445967555749;1.1631218681234696"
1450,92,2,"0.07791320482646952;1.163133376436489"
1450,93,2,"0.07791432686452335;1.163126567439965"
1450,94,2,"0.0779137356125093;1.163126567439965"
1450,95,2,"0.07791391780459145;1.16312386330286"
1450,96,2,"0.07791599575123806;1.16312386330286"
1450,97,2,"0.0779137356125093;1.1631310693127428"
1450,98,2,"0.07791313902785221;1.1631227505945672"
1450,99,2,"0.07791331295312859;1.1629986825697756"
1450,100,2,"0.07791433163255577;1.1631222521952513"
1450,101,2,"0.0779135145422033;1.1630866536839428"
1450,102,2,"0.07791411730925492;1.16312386330286"
1450,103,2,"0.077913295359551;1.1631555313950839"
1450,104,2,"0.07791319255046013;1.1631252596249715"
1450,105,2,"0.07791411730925492;1.16312386330286"
1450,106,2,"0.07791331295312859;1.1629986825697756"
1450,107,2,"0.07791346814710734;1.1631227505945672"
1450,108,2,"0.0779137530181429;1.1631222521952513"
1450,109,2,"0.07791530239976657;1.163126567439965"
1450,110,2,"0.07791313426760747;1.1631218681234696"
1450,111,2,"0.07791313426760747;1.1630140501216635"
1450,112,2,"0.07791322372526932;1.16304598145044"
1450,113,2,"0.0779135145422033;1.1631227505945672"
1450,114,2,"0.07791433163255577;1.1631222521952513"
1450,115,2,"0.07791411730925492;1.16312386330286"
1450,116,2,"0.07791468151883295;1.1631227505945672"
1450,117,2,"0.07791366992009427;1.1631218681234696"
1450,118,2,"0.07791313426760747;1.1631475002389786"
1450,119,2,"0.07791331295312859;1.163126567439965"
1450,120,2,"0.07791366992009427;1.1631218681234696"
1450,121,2,"0.07791313902785221;1.1631310693127428"
1450,122,2,"0.07791346814710734;1.1631227505945672"
1450,123,2,"0.07791319255046013;1.1630553228427465"
1450,124,2,"0.07791346814710734;1.1631227505945672"
1450,125,2,"0.07791391780459145;1.16312386330286"
1450,126,2,"0.07791331295312859;1.163126567439965"
1450,127,2,"0.07791432686452335;1.163126567439965"
1450,128,2,"0.07791320482646952;1.163133376436489"
1450,129,2,"0.07791391780459145;1.16312386330286"
1450,130,2,"0.077913295359551;1.1630576827778134"
1450,131,2,"0.07791322372526932;1.1631647728241974"
1450,132,2,"0.07791445967555749;1.1631218681234696"
1450,133,2,"0.07791320482646952;1.163003229058854"
1450,134,2,"0.07791313902785221;1.163025533611242"
1450,135,2,"0.07791319255046013;1.1630400580340472"
1450,136,2,"0.07791433163255577;1.1631222521952513"
1450,137,2,"0.07791320482646952;1.163133376436489"
1450,138,2,"0.07791346814710734;1.1631227505945672"
1450,139,2,"0.07791432686452335;1.163126567439965"
1450,140,2,"0.07791468151883295;1.1631227505945672"
1450,141,2,"0.077913295359551;1.163133376436489"
1450,142,2,"0.07791346814710734;1.162996985235939"
1450,143,2,"0.0779135145422033;1.1631396268659737"
1450,144,2,"0.07791319255046013;1.163126567439965"
1450,145,2,"0.07791346814710734;1.1631227505945672"
1450,146,2,"0.07791334402216882;1.1631218681234696"
1450,147,2,"0.07791331295312859;1.163126567439965"
1450,148,2,"0.07791788717377296;1.163126567439965"
1450,149,2,"0.07791319255046013;1.1631703546807275"
1450,150,2,"0.07791322372526932;1.16312864733553"
1500,1,2,"0.0779137356125093;1.1631310693127428"
1500,2,2,"0.0779140172105117;1.1631252596249715"
1500,3,2,"0.07791319255046013;1.1631252596249715"
1500,4,2,"0.077913295359551;1.1630576827778134"
1500,5,2,"0.07791391780459145;1.16312386330286"
1500,6,2,"0.07791322372526932;1.1630493163693423"
1500,7,2,"0.07791322372526932;1.16304598145044"
1500,8,2,"0.07791313426760747;1.1631218681234696"
1500,9,2,"0.07791334402216882;1.163136538262106"
1500,10,2,"0.07791317774558126;1.163136538262106"
1500,11,2,"0.07791366992009427;1.1629980821096284"
1500,12,2,"0.07791319255046013;1.1630553228427465"
1500,13,2,"0.07791334402216882;1.163136538262106"
1500,14,2,"0.07791331295312859;1.163126567439965"
1500,15,2,"0.07791320482646952;1.163003229058854"
1500,16,2,"0.0779135145422033;1.163021495555333"
1500,17,2,"0.07791433163255577;1.1631222521952513"
1500,18,2,"0.07791313426760747;1.1631396268659737"
1500,19,2,"0.07791391780459145;1.16312386330286"
1500,20,2,"0.07791331295312859;1.163126567439965"
1500,21,2,"0.07791331295312859;1.163126567439965"
1500,22,2,"0.07791313902785221;1.1631310693127428"
1500,23,2,"0.07791411730925492;1.16312386330286"
1500,24,2,"0.07791313426760747;1.1631396268659737"
1500,25,2,"0.07791366992009427;1.1631218681234696"
1500,26,2,"0.0779135145422033;1.163021495555333"
1500,27,2,"0.07791320482646952;1.1631268449739764"
1500,28,2,"0.07791391780459145;1.16312386330286"
1500,29,2,"0.07791400778845275;1.1631252596249715"
1500,30,2,"0.07791334402216882;1.163136538262106"
1500,31,2,"0.07791331295312859;1.163126567439965"
1500,32,2,"0.07791313426760747;1.1631218681234696"
1500,33,2,"0.07791317774558126;1.163005549238407"
1500,34,2,"0.07791400778845275;1.1631252596249715"
1500,35,2,"0.077913295359551;1.1631222521952513"
1500,36,2,"0.0779137356125093;1.1631310693127428"
1500,37,2,"0.0779137530181429;1.1631222521952513"
1500,38,2,"0.07791391780459145;1.1630019192020788"
1500,39,2,"0.07791720122114132;1.1631227505945672"
1500,40,2,"0.0779137356125093;1.163011409106174"
1500,41,2,"0.0779137530181429;1.1631222521952513"
1500,42,2,"0.07791320482646952;1.163133376436489"
1500,43,2,"0.07791366992009427;1.1631218681234696"
1500,44,2,"0.07791320482646952;1.163133376436489"
1500,45,2,"0.0779137530181429;1.1631222521952513"
1500,46,2,"0.0779135145422033;1.1631396268659737"
1500,47,2,"0.07791445967555749;1.1631218681234696"
1500,48,2,"0.077913295359551;1.1631222521952513"
1500,49,2,"0.07791313426760747;1.1631396268659737"
1500,50,2,"0.07791366992009427;1.1631218681234696"
1500,51,2,"0.07791400778845275;1.1631252596249715"
1500,52,2,"0.07791319255046013;1.1630553228427465"
1500,53,2,"0.07791400778845275;1.1631252596249715"
1500,54,2,"0.07791391780459145;1.1630019192020788"
1500,55,2,"0.07791313902785221;1.1631227505945672"
1500,56,2,"0.07791468151883295;1.1631227505945672"
1500,57,2,"0.077913295359551;1.1630576827778134"
1500,58,2,"0.07791468151883295;1.1631227505945672"
1500,59,2,"0.07791468151883295;1.1631227505945672"
1500,60,2,"0.07791334402216882;1.1631218681234696"
1500,61,2,"0.07791391780459145;1.16312386330286"
1500,62,2,"0.07791400778845275;1.1631252596249715"
1500,63,2,"0.07791322372526932;1.1630493163693423"
1500,64,2,"0.07791322372526932;1.16304598145044"
1500,65,2,"0.07791346814710734;1.1631227505945672"
1500,66,2,"0.07791346814710734;1.162996985235939"
1500,67,2,"0.077913295359551;1.1630576827778134"
1500,68,2,"0.07791320482646952;1.1631252596249715"
1500,69,2,"0.07791366992009427;1.1631218681234696"
1500,70,2,"0.07791346814710734;1.1631227505945672"
1500,71,2,"0.07791366992009427;1.1629980821096284"
1500,72,2,"0.07791320482646952;1.163133376436489"
1500,73,2,"0.07791334402216882;1.1630647266152518"
1500,74,2,"0.077913295359551;1.1630576827778134"
1500,75,2,"0.07791317774558126;1.16312386330286"
1500,76,2,"0.07791433163255577;1.1631222521952513"
1500,77,2,"0.07791366992009427;1.1631218681234696"
1500,78,2,"0.07791319255046013;1.1631703546807275"
1500,79,2,"0.07791319255046013;1.1630553228427465"
1500,80,2,"0.0779137356125093;1.163126567439965"
1500,81,2,"0.07791331295312859;1.163126567439965"
1500,82,2,"0.077913295359551;1.1630576827778134"
1500,83,2,"0.07791322372526932;1.16312386330286"
1500,84,2,"0.07791346814710734;1.1631227505945672"
1500,85,2,"0.07791366992009427;1.1631218681234696"
1500,86,2,"0.07791391780459145;1.1630019192020788"
1500,87,2,"0.07791320482646952;1.1631268449739764"
1500,88,2,"0.07791320482646952;1.1631252596249715"
1500,89,2,"0.0779135145422033;1.1631227505945672"
1500,90,2,"0.07791322372526932;1.16312386330286"
1500,91,2,"0.0779140172105117;1.1631252596249715"
1500,92,2,"0.07791313426760747;1.1631218681234696"
1500,93,2,"0.07791391780459145;1.16312386330286"
1500,94,2,"0.07791468151883295;1.1631227505945672"
1500,95,2,"0.07791366992009427;1.1631218681234696"
1500,96,2,"0.07791317774558126;1.163117992506254"
1500,97,2,"0.07791317774558126;1.163136538262106"
1500,98,2,"0.07791313426760747;1.1630947318597233"
1500,99,2,"0.07791322372526932;1.16304598145044"
1500,100,2,"0.0779135145422033;1.1630866536839428"
1500,101,2,"0.07791366992009427;1.1631218681234696"
1500,102,2,"0.07791313902785221;1.1631227505945672"
1500,103,2,"0.0779135145422033;1.1631227505945672"
1500,104,2,"0.07791400778845275;1.1631252596249715"
1500,105,2,"0.07791313426760747;1.1630947318597233"
1500,106,2,"0.07791317774558126;1.163117992506254"
1500,107,2,"0.07791313902785221;1.1631310693127428"
1500,108,2,"0.07791317774558126;1.163136538262106"
1500,109,2,"0.07791346814710734;1.1631227505945672"
1500,110,2,"0.0779137356125093;1.163011409106174"
1500,111,2,"0.07791366992009427;1.1629980821096284"
1500,112,2,"0.077913295359551;1.163133376436489"
1500,113,2,"0.07791432686452335;1.163126567439965"
1500,114,2,"0.07791317774558126;1.163136538262106"
1500,115,2,"0.0779137530181429;1.1631222521952513"
1500,116,2,"0.07791445967555749;1.1631218681234696"
1500,117,2,"0.077913295359551;1.163133376436489"
1500,118,2,"0.077913295359551;1.163133376436489"
1500,119,2,"0.07791331295312859;1.163126567439965"
1500,120,2,"0.0779137356125093;1.16311182525953"
1500,121,2,"0.07791391780459145;1.16312386330286"
1500,122,2,"0.0779135145422033;1.163021495555333"
1500,123,2,"0.07791432686452335;1.163126567439965"
1500,124,2,"0.07791313902785221;1.163025533611242"
1500,125,2,"0.07791331295312859;1.163126567439965"
1500,126,2,"0.07791468151883295;1.1631227505945672"
1500,127,2,"0.0779135145422033;1.1630866536839428"
1500,128,2,"0.07791334402216882;1.163136538262106"
1500,129,2,"0.07791313426760747;1.1630140501216635"
1500,130,2,"0.07791331295312859;1.163126567439965"
1500,131,2,"0.07791317774558126;1.163005549238407"
1500,132,2,"0.0779140172105117;1.1631252596249715"
1500,133,2,"0.0779135145422033;1.163021495555333"
1500,134,2,"0.07791331295312859;1.1629986825697756"
1500,135,2,"0.07791433163255577;1.1631222521952513"
1500,136,2,"0.07791445967555749;1.1631218681234696"
1500,137,2,"0.07791317774558126;1.163005549238407"
1500,138,2,"0.07791313426760747;1.1630140501216635"
1500,139,2,"0.0779140172105117;1.1631252596249715"
1500,140,2,"0.07791468151883295;1.1631227505945672"
1500,141,2,"0.07791313902785221;1.163025533611242"
1500,142,2,"0.07791313902785221;1.1630738263271398"
1500,143,2,"0.07791391780459145;1.16312386330286"
1500,144,2,"0.07791313902785221;1.163025533611242"
1500,145,2,"0.0779137356125093;1.163126567439965"
1500,146,2,"0.07791334402216882;1.163136538262106"
1500,147,2,"0.07791366992009427;1.1629980821096284"
1500,148,2,"0.0779137356125093;1.16311182525953"
1500,149,2,"0.07791366992009427;1.1631218681234696"
1500,150,2,"0.07791400778845275;1.1630039394802019"
