segment_length,run_index,rank,births
10,1,0,""
10,2,0,""
10,3,0,""
10,4,0,""
10,5,0,""
10,6,0,""
10,7,0,""
10,8,0,""
10,9,0,""
10,10,0,""
10,11,0,""
10,12,0,""
10,13,0,""
10,14,0,""
10,15,0,""
10,16,0,""
10,17,0,""
10,18,0,""
10,19,0,""
10,20,0,""
10,21,0,""
10,22,0,""
10,23,0,""
10,24,0,""
10,25,0,""
10,26,0,""
10,27,0,""
10,28,0,""
10,29,0,""
10,30,0,""
10,31,0,""
10,32,0,""
10,33,0,""
10,34,0,""
10,35,0,""
10,36,0,""
10,37,0,""
10,38,0,""
10,39,0,""
10,40,0,""
10,41,0,""
10,42,0,""
10,43,0,""
10,44,0,""
10,45,0,""
10,46,0,""
10,47,0,""
10,48,0,""
10,49,0,""
10,50,0,""
10,51,0,""
10,52,0,""
10,53,0,""
10,54,0,""
10,55,0,""
10,56,0,""
10,57,0,""
10,58,0,""
10,59,0,""
10,60,0,""
10,61,0,""
10,62,0,""
10,63,0,""
10,64,0,""
10,65,0,""
10,66,0,""
10,67,0,""
10,68,0,""
10,69,0,""
10,70,0,""
10,71,0,""
10,72,0,""
10,73,0,""
10,74,0,""
10,75,0,""
10,76,0,""
10,77,0,""
10,78,0,""
10,79,0,""
10,80,0,""
10,81,0,""
10,82,0,""
10,83,0,""
10,84,0,""
10,85,0,""
10,86,0,""
10,87,0,""
10,88,0,""
10,89,0,""
10,90,0,""
10,91,0,""
10,92,0,""
10,93,0,""
10,94,0,""
10,95,0,""
10,96,0,""
10,97,0,""
10,98,0,""
10,99,0,""
10,100,0,""
10,101,0,""
10,102,0,""
10,103,0,""
10,104,0,""
10,105,0,""
10,106,0,""
10,107,0,""
10,108,0,""
10,109,0,""
10,110,0,""
10,111,0,""
10,112,0,""
10,113,0,""
10,114,0,""
10,115,0,""
10,116,0,""
10,117,0,""
10,118,0,""
10,119,0,""
10,120,0,""
10,121,0,""
10,122,0,""
10,123,0,""
10,124,0,""
10,125,0,""
10,126,0,""
10,127,0,""
10,128,0,""
10,129,0,""
10,130,0,""
10,131,0,""
10,132,0,""
10,133,0,""
10,134,0,""
10,135,0,""
10,136,0,""
10,137,0,""
10,138,0,""
10,139,0,""
10,140,0,""
10,141,0,""
10,142,0,""
10,143,0,""
10,144,0,""
10,145,0,""
10,146,0,""
10,147,0,""
10,148,0,""
10,149,0,""
10,150,0,""
20,1,0,""
20,2,0,""
20,3,0,""
20,4,0,""
20,5,0,""
20,6,0,""
20,7,0,""
20,8,0,""
20,9,0,""
20,10,0,""
20,11,0,""
20,12,0,""
20,13,0,""
20,14,0,""
20,15,0,""
20,16,0,""
20,17,0,""
20,18,0,""
20,19,0,""
20,20,0,""
20,21,1,"0.23286487153536506"
20,22,0,""
20,23,0,""
20,24,0,""
20,25,1,"0.1980922348552858"
20,26,1,"0.21855033858545483"
20,27,0,""
20,28,0,""
20,29,0,""
20,30,1,"0.2693103295051315"
20,31,0,""
20,32,0,""
20,33,0,""
20,34,0,""
20,35,0,""
20,36,0,""
20,37,0,""
20,38,0,""
20,39,0,""
20,40,0,""
20,41,0,""
20,42,0,""
20,43,0,""
20,44,0,""
20,45,0,""
20,46,0,""
20,47,0,""
20,48,0,""
20,49,0,""
20,50,0,""
20,51,1,"0.2235081096332326"
20,52,0,""
20,53,0,""
20,54,0,""
20,55,0,""
20,56,0,""
20,57,0,""
20,58,0,""
20,59,0,""
20,60,0,""
20,61,0,""
20,62,0,""
20,63,0,""
20,64,0,""
20,65,0,""
20,66,0,""
20,67,0,""
20,68,0,""
20,69,0,""
20,70,0,""
20,71,0,""
20,72,0,""
20,73,0,""
20,74,0,""
20,75,0,""
20,76,0,""
20,77,0,""
20,78,0,""
20,79,0,""
20,80,0,""
20,81,0,""
20,82,0,""
20,83,0,""
20,84,0,""
20,85,0,""
20,86,0,""
20,87,0,""
20,88,0,""
20,89,0,""
20,90,0,""
20,91,0,""
20,92,0,""
20,93,0,""
20,94,0,""
20,95,0,""
20,96,1,"0.26342792209873184"
20,97,0,""
20,98,0,""
20,99,0,""
20,100,1,"0.2532139841587669"
20,101,0,""
20,102,0,""
20,103,0,""
20,104,0,""
20,105,0,""
20,106,0,""
20,107,0,""
20,108,0,""
20,109,0,""
20,110,0,""
20,111,0,""
20,112,0,""
20,113,0,""
20,114,0,""
20,115,0,""
20,116,0,""
20,117,1,"0.2787784802581092"
20,118,0,""
20,119,0,""
20,120,0,""
20,121,1,"0.2462629104962831"
20,122,0,""
20,123,1,"0.2775633053673351"
20,124,0,""
20,125,0,""
20,126,0,""
20,127,0,""
20,128,0,""
20,129,0,""
20,130,0,""
20,131,0,""
20,132,0,""
20,133,0,""
20,134,0,""
20,135,0,""
20,136,0,""
20,137,0,""
20,138,0,""
20,139,0,""
20,140,0,""
20,141,0,""
20,142,0,""
20,143,0,""
20,144,0,""
20,145,0,""
20,146,0,""
20,147,0,""
20,148,0,""
20,149,0,""
20,150,0,""
30,1,1,"0.1528017865891792"
30,2,1,"0.14947318764167844"
30,3,0,""
30,4,0,""
30,5,1,"0.06841764476712377"
30,6,0,""
30,7,0,""
30,8,1,"0.19557408119637934"
30,9,1,"0.11625783776741014"
30,10,1,"0.22704316008950712"
30,11,0,""
30,12,1,"0.0713249461265453"
30,13,0,""
30,14,0,""
30,15,1,"0.07114937636026081"
30,16,0,""
30,17,0,""
30,18,0,""
30,19,1,"0.1959620350557729"
30,20,0,""
30,21,0,""
30,22,0,""
30,23,0,""
30,24,0,""
30,25,0,""
30,26,0,""
30,27,0,""
30,28,0,""
30,29,1,"0.19557408119637934"
30,30,1,"0.06821616536125213"
30,31,0,""
30,32,1,"0.08303660022493094"
30,33,0,""
30,34,1,"0.08093929268377613"
30,35,0,""
30,36,1,"0.0715731924428482"
30,37,0,""
30,38,1,"0.19453599116879566"
30,39,0,""
30,40,0,""
30,41,1,"0.14134751253720465"
30,42,1,"0.07074082214488585"
30,43,0,""
30,44,1,"0.07120746078310836"
30,45,0,""
30,46,0,""
30,47,1,"0.07035237178403628"
30,48,0,""
30,49,0,""
30,50,0,""
30,51,1,"0.19464054228105937"
30,52,1,"0.10601458161590403"
30,53,1,"0.19327697794194518"
30,54,1,"0.06904895611448114"
30,55,1,"0.06962204642427397"
30,56,1,"0.20121720554125397"
30,57,1,"0.12159470618603418"
30,58,0,""
30,59,1,"0.19488718877407837"
30,60,1,"0.19337379859299053"
30,61,1,"0.11777168429797198"
30,62,0,""
30,63,1,"0.06877547481731304"
30,64,0,""
30,65,1,"0.07045991580204425"
30,66,0,""
30,67,0,""
30,68,0,""
30,69,1,"0.06877547481731304"
30,70,0,""
30,71,0,""
30,72,1,"0.25503352756612424"
30,73,0,""
30,74,0,""
30,75,0,""
30,76,1,"0.07045991580204425"
30,77,0,""
30,78,0,""
30,79,0,""
30,80,1,"0.07159559144661766"
30,81,0,""
30,82,1,"0.06908468102399762"
30,83,1,"0.14731145587584069"
30,84,1,"0.19323589352866702"
30,85,1,"0.0691627397914539"
30,86,1,"0.07130444825559519"
30,87,0,""
30,88,1,"0.08642553578847008"
30,89,1,"0.19308953873826212"
30,90,1,"0.07030574701056937"
30,91,0,""
30,92,1,"0.2160748325429487"
30,93,1,"0.08619611516944181"
30,94,1,"0.06803085437371044"
30,95,0,""
30,96,1,"0.06839240052396349"
30,97,0,""
30,98,1,"0.1947241821298616"
30,99,0,""
30,100,0,""
30,101,0,""
30,102,0,""
30,103,0,""
30,104,0,""
30,105,1,"0.13061106627904473"
30,106,0,""
30,107,0,""
30,108,0,""
30,109,0,""
30,110,0,""
30,111,0,""
30,112,0,""
30,113,1,"0.07168031214343852"
30,114,1,"0.07145214040970572"
30,115,0,""
30,116,1,"0.19802682778500913"
30,117,0,""
30,118,1,"0.06803420142308046"
30,119,0,""
30,120,0,""
30,121,1,"0.06839240052396349"
30,122,0,""
30,123,1,"0.19308953873826212"
30,124,1,"0.07054362628064641"
30,125,0,""
30,126,1,"0.1937534991703241"
30,127,1,"0.06999791726754123"
30,128,0,""
30,129,1,"0.06802666535473921"
30,130,0,""
30,131,0,""
30,132,1,"0.07215642774053262"
30,133,1,"0.06868217949148189"
30,134,1,"0.07159559144661766"
30,135,1,"0.19327697794194518"
30,136,1,"0.23300290047641073"
30,137,1,"0.07152163086652476"
30,138,1,"0.0680216190659124"
30,139,1,"0.08861440152125753"
30,140,1,"0.19494631916226093"
30,141,1,"0.0869627204097464"
30,142,0,""
30,143,1,"0.07696913050263268"
30,144,1,"0.19313470404039665"
30,145,0,""
30,146,1,"0.19793562312129062"
30,147,1,"0.1977994301254032"
30,148,0,""
30,149,1,"0.1949660932430271"
30,150,1,"0.11187967544107975"
40,1,1,"0.06834977639902072"
40,2,1,"0.06924332097279574"
40,3,0,""
40,4,1,"0.1961621560691166"
40,5,0,""
40,6,0,""
40,7,0,""
40,8,0,""
40,9,1,"0.07040804630585654"
40,10,0,""
40,11,1,"0.06805179740276149"
40,12,1,"0.07040804630585654"
40,13,1,"0.10280046733099872"
40,14,0,""
40,15,1,"0.19693901158443747"
40,16,1,"0.06897919767641279"
40,17,0,""
40,18,1,"0.07054362628064641"
40,19,1,"0.06887450765340374"
40,20,1,"0.06923823392949403"
40,21,1,"0.07029902769088811"
40,22,1,"0.07189992866640223"
40,23,0,""
40,24,1,"0.07183235349043539"
40,25,1,"0.19605394527735673"
40,26,1,"0.1934309011232043"
40,27,1,"0.19557408119637934"
40,28,0,""
40,29,0,""
40,30,1,"0.06880646781465896"
40,31,1,"0.09013433672844139"
40,32,1,"0.1934693880165326"
40,33,1,"0.06802139667758175"
40,34,1,"0.12906070900157493"
40,35,0,""
40,36,1,"0.13175299369368812"
40,37,1,"0.19319723099919203"
40,38,1,"0.07009407363303292"
40,39,1,"0.17069653825101627"
40,40,1,"0.0680336387422418"
40,41,1,"0.19305342164554667"
40,42,0,""
40,43,1,"0.06884227650290467"
40,44,0,""
40,45,1,"0.07120746078310836"
40,46,1,"0.06887450765340374"
40,47,1,"0.15242904113755218"
40,48,1,"0.19868475501989463"
40,49,0,""
40,50,0,""
40,51,1,"0.0682347823179571"
40,52,1,"0.06908946393351695"
40,53,0,""
40,54,0,""
40,55,1,"0.07189992866640223"
40,56,1,"0.07035665580318261"
40,57,1,"0.07976590380385218"
40,58,0,""
40,59,1,"0.09550608151444795"
40,60,0,""
40,61,1,"0.07054362628064641"
40,62,1,"0.19456840238527986"
40,63,1,"0.06890731525970469"
40,64,1,"0.0717041414915066"
40,65,1,"0.19329175958390737"
40,66,1,"0.06887450765340374"
40,67,1,"0.06944743691439495"
40,68,1,"0.12154244475778991"
40,69,1,"0.07837818876769338"
40,70,1,"0.07030574701056937"
40,71,0,""
40,72,1,"0.06980560367067658"
40,73,1,"0.07047358541675813"
40,74,1,"0.06904895611448114"
40,75,1,"0.08168257221751109"
40,76,1,"0.06837077644886407"
40,77,1,"0.07196327639488231"
40,78,1,"0.0680216190659124"
40,79,1,"0.10308504198087302"
40,80,0,""
40,81,1,"0.08617541929386287"
40,82,1,"0.06818335756214575"
40,83,0,""
40,84,0,""
40,85,1,"0.06851645429506244"
40,86,1,"0.06803543601397917"
40,87,0,""
40,88,1,"0.06999791726754123"
40,89,1,"0.07159559144661766"
40,90,1,"0.07905594870301196"
40,91,0,""
40,92,1,"0.07999298627025044"
40,93,1,"0.0681282051754496"
40,94,1,"0.08242323780340693"
40,95,0,""
40,96,1,"0.1931243603921235"
40,97,1,"0.15262148737244036"
40,98,1,"0.07175594176048251"
40,99,0,""
40,100,1,"0.19318452544232367"
40,101,1,"0.19356893893111746"
40,102,1,"0.1976455038344648"
40,103,1,"0.06901379411501317"
40,104,1,"0.10691498618130542"
40,105,1,"0.06808429898126299"
40,106,1,"0.19348754223314588"
40,107,1,"0.06834977639902072"
40,108,1,"0.06865361942534959"
40,109,0,""
40,110,1,"0.07101681603583934"
40,111,1,"0.07120746078310836"
40,112,1,"0.07129500430017761"
40,113,1,"0.06830965818213307"
40,114,1,"0.07056774166878822"
40,115,1,"0.06828805610970767"
40,116,0,""
40,117,0,""
40,118,1,"0.15498767782048511"
40,119,0,""
40,120,1,"0.19682891152338794"
40,121,1,"0.10670640115131876"
40,122,1,"0.08566456918418797"
40,123,0,""
40,124,1,"0.19366321971254047"
40,125,1,"0.15082933479489888"
40,126,0,""
40,127,1,"0.09753136377351052"
40,128,0,""
40,129,1,"0.06871524534414183"
40,130,1,"0.06802979909263683"
40,131,1,"0.07175594176048251"
40,132,1,"0.06830708543701072"
40,133,0,""
40,134,1,"0.08002313654043523"
40,135,0,""
40,136,0,""
40,137,1,"0.19320755886358826"
40,138,1,"0.06944743691439495"
40,139,1,"0.06912582324340709"
40,140,1,"0.06837077644886407"
40,141,1,"0.18910444186721168"
40,142,0,""
40,143,1,"0.07045991580204425"
40,144,1,"0.07215642774053262"
40,145,1,"0.07079563098047896"
40,146,1,"0.1932628939850534"
40,147,1,"0.07349313155384472"
40,148,1,"0.06821616536125213"
40,149,0,""
40,150,1,"0.19778180348228114"
50,1,0,""
50,2,1,"0.06839531683638285"
50,3,1,"0.07029294110386444"
50,4,0,""
50,5,1,"0.08681810071349604"
50,6,0,""
50,7,1,"0.07079563098047896"
50,8,0,""
50,9,1,"0.07009407363303292"
50,10,1,"0.06830708543701072"
50,11,0,""
50,12,1,"0.07073399467998708"
50,13,0,""
50,14,0,""
50,15,1,"0.07045991580204425"
50,16,1,"0.07145214040970572"
50,17,1,"0.06851645429506244"
50,18,1,"0.06802173219720327"
50,19,1,"0.07151245342373556"
50,20,1,"0.06862565468820007"
50,21,1,"0.06828805610970767"
50,22,1,"0.071842552196928"
50,23,1,"0.06948885674034189"
50,24,0,""
50,25,0,""
50,26,1,"0.0689451694441491"
50,27,1,"0.06932903082480749"
50,28,1,"0.0703989376675298"
50,29,1,"0.07812285358932534"
50,30,1,"0.19461195181780236"
50,31,0,""
50,32,1,"0.0718286692524713"
50,33,1,"0.07060629795140982"
50,34,0,""
50,35,1,"0.06897919767641279"
50,36,1,"0.07753090207452346"
50,37,1,"0.06802666535473921"
50,38,1,"0.07100780206071539"
50,39,1,"0.06839240052396349"
50,40,1,"0.10091889142360444"
50,41,0,""
50,42,1,"0.07029902769088811"
50,43,0,""
50,44,1,"0.0680249140125629"
50,45,0,""
50,46,0,""
50,47,0,""
50,48,1,"0.0713249461265453"
50,49,1,"0.07024866781532645"
50,50,0,""
50,51,1,"0.0689451694441491"
50,52,0,""
50,53,1,"0.06966564887869665"
50,54,1,"0.19380573035247914"
50,55,1,"0.06820041604809944"
50,56,1,"0.08512920621850223"
50,57,1,"0.06862565468820007"
50,58,0,""
50,59,1,"0.0845973580688708"
50,60,1,"0.1080451497911014"
50,61,0,""
50,62,1,"0.09495158503548319"
50,63,1,"0.0777015010712334"
50,64,1,"0.07163435480672052"
50,65,0,""
50,66,1,"0.19365473351499837"
50,67,1,"0.06802173219720327"
50,68,1,"0.06805956208567161"
50,69,0,""
50,70,1,"0.06808429898126299"
50,71,1,"0.06966564887869665"
50,72,1,"0.06805179740276149"
50,73,1,"0.1936484486888069"
50,74,0,""
50,75,0,""
50,76,0,""
50,77,0,""
50,78,0,""
50,79,1,"0.07094031951879928"
50,80,1,"0.09985421179902926"
50,81,0,""
50,82,1,"0.07100780206071539"
50,83,0,""
50,84,1,"0.0680216190659124"
50,85,0,""
50,86,1,"0.06887450765340374"
50,87,1,"0.06809520497868686"
50,88,1,"0.06809520497868686"
50,89,1,"0.07030574701056937"
50,90,1,"0.19495760198064072"
50,91,0,""
50,92,0,""
50,93,0,""
50,94,1,"0.06962204642427397"
50,95,1,"0.09944165084380657"
50,96,1,"0.06856801478045904"
50,97,1,"0.06811654359913305"
50,98,1,"0.06828805610970767"
50,99,1,"0.06804419433948092"
50,100,1,"0.06848833111669164"
50,101,0,""
50,102,1,"0.19320755886358826"
50,103,0,""
50,104,0,""
50,105,1,"0.06837077644886407"
50,106,0,""
50,107,1,"0.07844452912797693"
50,108,0,""
50,109,1,"0.2518480300861499"
50,110,1,"0.07114170166733016"
50,111,0,""
50,112,1,"0.07074274335481165"
50,113,1,"0.06812980222174676"
50,114,1,"0.19495760198064072"
50,115,0,""
50,116,1,"0.08134472582461165"
50,117,1,"0.07094031951879928"
50,118,1,"0.06859470129869137"
50,119,1,"0.06802297726697847"
50,120,1,"0.06802115989378943"
50,121,1,"0.0698615501205664"
50,122,1,"0.193923480799431"
50,123,1,"0.06884227650290467"
50,124,0,""
50,125,1,"0.06803134570842706"
50,126,0,""
50,127,1,"0.06848833111669164"
50,128,1,"0.06825190214958805"
50,129,0,""
50,130,1,"0.0687450664612049"
50,131,1,"0.06832940282894794"
50,132,1,"0.0692819658970462"
50,133,1,"0.08241043396211685"
50,134,1,"0.12497089668660563"
50,135,1,"0.06808553242625572"
50,136,1,"0.0708508991144696"
50,137,1,"0.0914403485005627"
50,138,0,""
50,139,1,"0.06970977252320547"
50,140,1,"0.06844059145129587"
50,141,1,"0.08103651825230841"
50,142,1,"0.09502542976690892"
50,143,1,"0.0687450664612049"
50,144,1,"0.09925309396306713"
50,145,1,"0.0680216190659124"
50,146,0,""
50,147,1,"0.06820041604809944"
50,148,1,"0.06978722807645463"
50,149,0,""
50,150,1,"0.08134472582461165"
60,1,1,"0.06887450765340374"
60,2,1,"0.08243653950408202"
60,3,1,"0.06936089162189787"
60,4,1,"0.19478038942691195"
60,5,1,"0.06854193159993277"
60,6,1,"0.07138434168931021"
60,7,0,""
60,8,1,"0.06849158539487796"
60,9,0,""
60,10,1,"0.19323589352866702"
60,11,1,"0.19495760198064072"
60,12,1,"0.06807538264476753"
60,13,1,"0.0681853130514975"
60,14,1,"0.06814220950128794"
60,15,1,"0.08083821464268924"
60,16,1,"0.06999791726754123"
60,17,1,"0.06862565468820007"
60,18,1,"0.06807538264476753"
60,19,1,"0.06865361942534959"
60,20,1,"0.07056774166878822"
60,21,1,"0.06804566397607144"
60,22,0,""
60,23,1,"0.06826966087837988"
60,24,0,""
60,25,1,"0.07029294110386444"
60,26,1,"0.06803134570842706"
60,27,1,"0.06826966087837988"
60,28,1,"0.1934746367709421"
60,29,1,"0.06957329080188633"
60,30,1,"0.2536524435649059"
60,31,1,"0.0713922560660464"
60,32,1,"0.06859828784535688"
60,33,1,"0.06880646781465896"
60,34,1,"0.08909906864885409"
60,35,1,"0.06994125377552121"
60,36,1,"0.06826966087837988"
60,37,1,"0.06823255863645038"
60,38,1,"0.06851645429506244"
60,39,0,""
60,40,1,"0.06948885674034189"
60,41,1,"0.06805956208567161"
60,42,1,"0.08845293719310476"
60,43,0,""
60,44,1,"0.06871133231275711"
60,45,1,"0.08052440447107212"
60,46,0,""
60,47,1,"0.08134472582461165"
60,48,1,"0.06802173219720327"
60,49,0,""
60,50,1,"0.087899533951754"
60,51,1,"0.06844059145129587"
60,52,1,"0.06871524534414183"
60,53,1,"0.06805025748756312"
60,54,1,"0.0687450664612049"
60,55,1,"0.06839531683638285"
60,56,0,""
60,57,1,"0.19370316770252818"
60,58,1,"0.06667843720763725"
60,59,1,"0.0703989376675298"
60,60,1,"0.06908468102399762"
60,61,1,"0.06802173219720327"
60,62,1,"0.06826966087837988"
60,63,0,""
60,64,1,"0.06908468102399762"
60,65,1,"0.071842552196928"
60,66,1,"0.06897919767641279"
60,67,1,"0.0715731924428482"
60,68,1,"0.20004785414711376"
60,69,1,"0.0695370182898468"
60,70,1,"0.06808553242625572"
60,71,1,"0.06936089162189787"
60,72,1,"0.06940116704969872"
60,73,1,"0.06868217949148189"
60,74,1,"0.06820041604809944"
60,75,1,"0.0777289679078332"
60,76,1,"0.06957896786828338"
60,77,1,"0.08791443254691143"
60,78,1,"0.07152163086652476"
60,79,1,"0.07023429431098101"
60,80,1,"0.06805956208567161"
60,81,0,""
60,82,1,"0.0669246675189166"
60,83,1,"0.06908946393351695"
60,84,1,"0.06923823392949403"
60,85,1,"0.1934309011232043"
60,86,1,"0.07030047145600336"
60,87,1,"0.07035237178403628"
60,88,1,"0.06904895611448114"
60,89,1,"0.06815527268583026"
60,90,1,"0.09679042209484291"
60,91,1,"0.0689406966950687"
60,92,1,"0.08185469905435445"
60,93,1,"0.07672092886983224"
60,94,1,"0.06803085437371044"
60,95,1,"0.06890731525970469"
60,96,1,"0.06664014407408404"
60,97,0,""
60,98,0,""
60,99,0,""
60,100,1,"0.06803884293114078"
60,101,1,"0.07101681603583934"
60,102,0,""
60,103,1,"0.07010052410538757"
60,104,1,"0.07624956324570736"
60,105,0,""
60,106,1,"0.07051226157661351"
60,107,1,"0.0681282051754496"
60,108,1,"0.06932842088632933"
60,109,1,"0.07030047145600336"
60,110,1,"0.09201592436120137"
60,111,1,"0.07102698092180022"
60,112,1,"0.0680249140125629"
60,113,1,"0.1934693880165326"
60,114,0,""
60,115,1,"0.06803134570842706"
60,116,0,""
60,117,1,"0.0672597871454074"
60,118,0,""
60,119,1,"0.06940116704969872"
60,120,1,"0.07115434206590318"
60,121,0,""
60,122,1,"0.06844059145129587"
60,123,1,"0.06707588572246725"
60,124,1,"0.1941121761945068"
60,125,1,"0.06877547481731304"
60,126,1,"0.06812980222174676"
60,127,1,"0.06802979909263683"
60,128,1,"0.06821616536125213"
60,129,1,"0.06974523320568465"
60,130,1,"0.06803884293114078"
60,131,1,"0.06904895611448114"
60,132,1,"0.06871524534414183"
60,133,1,"0.06839531683638285"
60,134,1,"0.06846415440063108"
60,135,1,"0.06957896786828338"
60,136,1,"0.07108518695721382"
60,137,1,"0.07060805154363564"
60,138,1,"0.06802139667758175"
60,139,1,"0.06804566397607144"
60,140,1,"0.06805025748756312"
60,141,1,"0.06805025748756312"
60,142,0,""
60,143,0,""
60,144,1,"0.07051226157661351"
60,145,1,"0.06830965818213307"
60,146,1,"0.0697603775411254"
60,147,1,"0.19462217662808795"
60,148,1,"0.07138434168931021"
60,149,1,"0.06862565468820007"
60,150,1,"0.0691627397914539"
70,1,1,"0.06805025748756312"
70,2,1,"0.0691627397914539"
70,3,1,"0.06802173219720327"
70,4,1,"0.071264470897787"
70,5,1,"0.06803420142308046"
70,6,1,"0.06907773189186668"
70,7,0,""
70,8,1,"0.06859470129869137"
70,9,1,"0.06814220950128794"
70,10,1,"0.0689451694441491"
70,11,1,"0.06920021091060241"
70,12,1,"0.06808429898126299"
70,13,0,""
70,14,1,"0.06807538264476753"
70,15,1,"0.06932115700828341"
70,16,1,"0.08026865829094626"
70,17,1,"0.06667969515473494"
70,18,1,"0.0698615501205664"
70,19,0,""
70,20,1,"0.06802173219720327"
70,21,1,"0.07870239200687207"
70,22,1,"0.07014941330395172"
70,23,1,"0.06666192433733617"
70,24,1,"0.07045991580204425"
70,25,1,"0.06672891041708998"
70,26,0,""
70,27,1,"0.06805266222773426"
70,28,1,"0.06851645429506244"
70,29,1,"0.06818335756214575"
70,30,1,"0.09649353528718717"
70,31,1,"0.06859470129869137"
70,32,1,"0.0672597871454074"
70,33,1,"0.07035665580318261"
70,34,1,"0.07060805154363564"
70,35,0,""
70,36,1,"0.06907773189186668"
70,37,1,"0.06871133231275711"
70,38,1,"0.06912582324340709"
70,39,1,"0.06811654359913305"
70,40,1,"0.06666960656953347"
70,41,0,""
70,42,1,"0.06940655215697418"
70,43,1,"0.07074274335481165"
70,44,1,"0.06816898947693363"
70,45,1,"0.0671091448481341"
70,46,1,"0.06908468102399762"
70,47,1,"0.06834977639902072"
70,48,1,"0.06830708543701072"
70,49,1,"0.090224591642544"
70,50,1,"0.06689899021810661"
70,51,1,"0.07164250281278543"
70,52,1,"0.07821053024428276"
70,53,1,"0.19446195507636216"
70,54,1,"0.06887450765340374"
70,55,1,"0.06802115989378943"
70,56,1,"0.06846415440063108"
70,57,1,"0.06673364003771352"
70,58,1,"0.06803884293114078"
70,59,1,"0.07163435480672052"
70,60,1,"0.06908468102399762"
70,61,1,"0.07073358359868284"
70,62,1,"0.06920021091060241"
70,63,1,"0.06669265754714318"
70,64,1,"0.08620345166499108"
70,65,1,"0.06803543601397917"
70,66,1,"0.07029902769088811"
70,67,1,"0.06936089162189787"
70,68,1,"0.06887450765340374"
70,69,1,"0.19470031911664537"
70,70,1,"0.06844059145129587"
70,71,0,""
70,72,1,"0.06805025748756312"
70,73,1,"0.07004574607828923"
70,74,1,"0.06810554278244278"
70,75,1,"0.06940116704969872"
70,76,1,"0.08909906864885409"
70,77,1,"0.06730479351347626"
70,78,1,"0.06844059145129587"
70,79,1,"0.19351525723858534"
70,80,1,"0.06804020947205953"
70,81,1,"0.08295392582407468"
70,82,1,"0.06900029946089059"
70,83,1,"0.06671927075463671"
70,84,1,"0.06701308807135316"
70,85,1,"0.06823255863645038"
70,86,1,"0.09443186189199247"
70,87,1,"0.06667151278217419"
70,88,1,"0.06862565468820007"
70,89,1,"0.07060805154363564"
70,90,1,"0.06920021091060241"
70,91,1,"0.06802297726697847"
70,92,1,"0.06854374911306646"
70,93,1,"0.0680249140125629"
70,94,1,"0.06970977252320547"
70,95,1,"0.06940116704969872"
70,96,1,"0.06839531683638285"
70,97,1,"0.06816898947693363"
70,98,1,"0.06808429898126299"
70,99,1,"0.1937534991703241"
70,100,1,"0.1940499046520084"
70,101,1,"0.06985134249173956"
70,102,1,"0.06804020947205953"
70,103,1,"0.06823255863645038"
70,104,1,"0.07051924358439751"
70,105,1,"0.1940499046520084"
70,106,1,"0.06802481945281727"
70,107,1,"0.07074274335481165"
70,108,1,"0.06821616536125213"
70,109,1,"0.06844059145129587"
70,110,1,"0.19494631916226093"
70,111,1,"0.06768183280072304"
70,112,1,"0.19370316770252818"
70,113,1,"0.06901379411501317"
70,114,1,"0.06995058991918433"
70,115,1,"0.06810554278244278"
70,116,1,"0.06808429898126299"
70,117,1,"0.0681282051754496"
70,118,1,"0.07636245673297999"
70,119,1,"0.06802666535473921"
70,120,1,"0.06815527268583026"
70,121,1,"0.06664600048681657"
70,122,1,"0.07060805154363564"
70,123,1,"0.06908946393351695"
70,124,1,"0.07685233302124321"
70,125,1,"0.07623138511896559"
70,126,1,"0.06957329080188633"
70,127,1,"0.06803085437371044"
70,128,1,"0.07014941330395172"
70,129,1,"0.06990376675177921"
70,130,1,"0.06844059145129587"
70,131,1,"0.06916695484397396"
70,132,1,"0.06908946393351695"
70,133,1,"0.06834977639902072"
70,134,1,"0.06804419433948092"
70,135,1,"0.06948885674034189"
70,136,1,"0.06803085437371044"
70,137,0,""
70,138,1,"0.06665031130469953"
70,139,1,"0.06887450765340374"
70,140,1,"0.06854193159993277"
70,141,0,""
70,142,1,"0.0890098721029429"
70,143,1,"0.1936021605354662"
70,144,1,"0.07590073046196637"
70,145,1,"0.06818335756214575"
70,146,1,"0.06818335756214575"
70,147,1,"0.06816898947693363"
70,148,1,"0.06802666535473921"
70,149,1,"0.06957896786828338"
70,150,1,"0.07108411856668219"
80,1,1,"0.06707588572246725"
80,2,1,"0.04533137117722929"
80,3,1,"0.05674338220059154"
80,4,1,"0.06802979909263683"
80,5,1,"0.05047986842072065"
80,6,1,"0.0168514072437766"
80,7,1,"0.06803085437371044"
80,8,1,"0.026106539026281583"
80,9,1,"0.04315320053859768"
80,10,1,"0.01859495051901642"
80,11,1,"0.04753508645698907"
80,12,1,"0.06862565468820007"
80,13,1,"0.06837077644886407"
80,14,1,"0.06802666535473921"
80,15,1,"0.06678650307655482"
80,16,1,"0.06818335756214575"
80,17,1,"0.018151845867337733"
80,18,1,"0.026796459033896117"
80,19,1,"0.01867608476540819"
80,20,1,"0.0669797188493414"
80,21,1,"0.026697824578502075"
80,22,1,"0.06859828784535688"
80,23,1,"0.019932114162514135"
80,24,1,"0.01921272011296245"
80,25,1,"0.05085321391097756"
80,26,1,"0.06802423562794466"
80,27,1,"0.050840883581631253"
80,28,1,"0.0353190203909581"
80,29,1,"0.04224268553849093"
80,30,1,"0.023938682698146026"
80,31,1,"0.06802666535473921"
80,32,1,"0.06666192433733617"
80,33,1,"0.017314576322935305"
80,34,1,"0.020825592519245054"
80,35,1,"0.050867157444463615"
80,36,1,"0.03848039380682205"
80,37,1,"0.06678402180008111"
80,38,1,"0.0421248380775811"
80,39,1,"0.017166254842799804"
80,40,1,"0.025094021689838115"
80,41,1,"0.02012388923382939"
80,42,1,"0.055727630944681826"
80,43,1,"0.04225246817143806"
80,44,1,"0.06684833320273094"
80,45,1,"0.054035929108190564"
80,46,1,"0.0503219778029396"
80,47,1,"0.06811654359913305"
80,48,1,"0.023697203137975978"
80,49,1,"0.06664092695680553"
80,50,1,"0.01794401788849501"
80,51,1,"0.0667660130597745"
80,52,1,"0.026641404612012504"
80,53,1,"0.06834977639902072"
80,54,1,"0.04787049751104463"
80,55,1,"0.06664243526371494"
80,56,1,"0.04259940793497428"
80,57,1,"0.06806713628283878"
80,58,1,"0.050916201315552016"
80,59,1,"0.022815116463117242"
80,60,1,"0.05080213291728197"
80,61,1,"0.046296699490688306"
80,62,1,"0.01664481677277462"
80,63,1,"0.06664243526371494"
80,64,1,"0.017049170525337342"
80,65,1,"0.06667151278217419"
80,66,1,"0.0667134929860901"
80,67,1,"0.047900301135019585"
80,68,1,"0.020926047098540356"
80,69,1,"0.06802115989378943"
80,70,1,"0.025648621676834862"
80,71,1,"0.06868217949148189"
80,72,1,"0.06701308807135316"
80,73,1,"0.038226223980868876"
80,74,1,"0.023963035238594138"
80,75,1,"0.050619951262615544"
80,76,1,"0.06809520497868686"
80,77,1,"0.02253892127278839"
80,78,1,"0.05219206860791539"
80,79,1,"0.02526568989035654"
80,80,1,"0.06665097248976559"
80,81,1,"0.03239744161732086"
80,82,1,"0.06815527268583026"
80,83,1,"0.05237837104642343"
80,84,1,"0.02654423512560286"
80,85,1,"0.019042321585062087"
80,86,1,"0.021809356172958094"
80,87,1,"0.026268876923034153"
80,88,1,"0.0171158774834115"
80,89,1,"0.04834957975397266"
80,90,1,"0.05449607120107033"
80,91,1,"0.046769173525657175"
80,92,1,"0.06664092695680553"
80,93,1,"0.06805956208567161"
80,94,1,"0.020559327593950065"
80,95,1,"0.06802139667758175"
80,96,1,"0.04686532275132655"
80,97,1,"0.01721667779886088"
80,98,1,"0.052151978069891275"
80,99,1,"0.02451388235357647"
80,100,1,"0.053215525741123385"
80,101,1,"0.02611752165339951"
80,102,1,"0.06821616536125213"
80,103,1,"0.06846415440063108"
80,104,1,"0.06846415440063108"
80,105,1,"0.04141496900662046"
80,106,1,"0.0167417199283634"
80,107,1,"0.03527187731821796"
80,108,1,"0.06667969515473494"
80,109,1,"0.0681282051754496"
80,110,1,"0.0669246675189166"
80,111,1,"0.06678402180008111"
80,112,1,"0.025527421268739227"
80,113,1,"0.06672891041708998"
80,114,1,"0.05179637751369877"
80,115,1,"0.051751842061876815"
80,116,1,"0.028528364689834856"
80,117,1,"0.03585057567618045"
80,118,1,"0.0449982263489792"
80,119,1,"0.06802754039904688"
80,120,1,"0.05334662357850663"
80,121,1,"0.06668074813365324"
80,122,1,"0.017886276909775994"
80,123,1,"0.04138741137548701"
80,124,1,"0.06802233139561123"
80,125,1,"0.06665662791875922"
80,126,1,"0.06806713628283878"
80,127,1,"0.06803543601397917"
80,128,1,"0.06802979909263683"
80,129,1,"0.018218650173688098"
80,130,1,"0.050594562831737265"
80,131,1,"0.01727840782667449"
80,132,1,"0.06805266222773426"
80,133,1,"0.04985376660185001"
80,134,1,"0.029378312891586003"
80,135,1,"0.04291407470297688"
80,136,1,"0.017626134742792232"
80,137,1,"0.06805025748756312"
80,138,1,"0.066805891675521"
80,139,1,"0.051666319199824576"
80,140,1,"0.05021917654954749"
80,141,1,"0.049224771324680595"
80,142,1,"0.06809520497868686"
80,143,1,"0.04648121712054711"
80,144,1,"0.06820041604809944"
80,145,1,"0.03385540302445329"
80,146,1,"0.0680216190659124"
80,147,1,"0.025056989328611782"
80,148,1,"0.02243551273916392"
80,149,1,"0.06837077644886407"
80,150,1,"0.019018240411109517"
90,1,1,"0.016939115600099523"
90,2,1,"0.06809520497868686"
90,3,1,"0.025449177968797188"
90,4,1,"0.06802250799257918"
90,5,1,"0.06711365171441855"
90,6,1,"0.06802173219720327"
90,7,1,"0.06805266222773426"
90,8,1,"0.016901530127200862"
90,9,1,"0.02451388235357647"
90,10,1,"0.029180566790082876"
90,11,1,"0.06664287343016151"
90,12,1,"0.016708932782258847"
90,13,1,"0.06670108928756974"
90,14,1,"0.020773712243695938"
90,15,1,"0.025056989328611782"
90,16,1,"0.06808553242625572"
90,17,1,"0.0258941449268314"
90,18,1,"0.021786712786010538"
90,19,1,"0.02486364653093079"
90,20,1,"0.022221696016826747"
90,21,1,"0.01878000419275255"
90,22,1,"0.016585425595559193"
90,23,1,"0.02578325918159468"
90,24,1,"0.06805956208567161"
90,25,1,"0.023312197366284915"
90,26,1,"0.0669797188493414"
90,27,1,"0.06687139059164865"
90,28,1,"0.023938682698146026"
90,29,1,"0.02212690917786825"
90,30,1,"0.02485624456060669"
90,31,1,"0.024268334192877838"
90,32,1,"0.06671927075463671"
90,33,1,"0.024268334192877838"
90,34,1,"0.06665097248976559"
90,35,1,"0.02558426089899266"
90,36,1,"0.06701308807135316"
90,37,1,"0.018334334524466606"
90,38,1,"0.022965745201343434"
90,39,1,"0.022498205235956366"
90,40,1,"0.017166254842799804"
90,41,1,"0.020345001144468536"
90,42,1,"0.02163098004703044"
90,43,1,"0.06802115989378943"
90,44,1,"0.024975170728156956"
90,45,1,"0.06839531683638285"
90,46,1,"0.06734585949086161"
90,47,1,"0.06665097248976559"
90,48,1,"0.01669472239791795"
90,49,1,"0.0254234638303065"
90,50,1,"0.06848833111669164"
90,51,1,"0.06803884293114078"
90,52,1,"0.0167417199283634"
90,53,1,"0.020552444472264956"
90,54,1,"0.02301485997388368"
90,55,1,"0.018987989571826076"
90,56,1,"0.06664092695680553"
90,57,1,"0.02629617558477876"
90,58,1,"0.017523730408059865"
90,59,1,"0.018218650173688098"
90,60,1,"0.06666347368647126"
90,61,1,"0.06802250799257918"
90,62,1,"0.016585425595559193"
90,63,1,"0.024424386548135283"
90,64,1,"0.01864886186527922"
90,65,1,"0.01855944863370754"
90,66,1,"0.0210400045278945"
90,67,1,"0.0680216190659124"
90,68,1,"0.017058871138385102"
90,69,1,"0.0667660130597745"
90,70,1,"0.024394702218382143"
90,71,1,"0.019276152943334995"
90,72,1,"0.018450353975269264"
90,73,1,"0.02312726697241675"
90,74,1,"0.06803085437371044"
90,75,1,"0.06682650096307302"
90,76,1,"0.023785599343979027"
90,77,1,"0.06664243526371494"
90,78,1,"0.06814220950128794"
90,79,1,"0.06714831813225564"
90,80,1,"0.06664070454498748"
90,81,1,"0.06808553242625572"
90,82,1,"0.023809805639024732"
90,83,1,"0.018283483996918867"
90,84,1,"0.019138673055771886"
90,85,1,"0.02476441848556302"
90,86,1,"0.021091885557174603"
90,87,1,"0.019493354020668114"
90,88,1,"0.019088554447964087"
90,89,1,"0.022815116463117242"
90,90,1,"0.06665539421334901"
90,91,1,"0.06664287343016151"
90,92,1,"0.01988235105568723"
90,93,1,"0.01721667779886088"
90,94,1,"0.06664533281174864"
90,95,1,"0.01805601561651799"
90,96,1,"0.06802233139561123"
90,97,1,"0.01935976737911804"
90,98,1,"0.023482287417414625"
90,99,1,"0.01738848169865882"
90,100,1,"0.06802979909263683"
90,101,1,"0.019267416108207775"
90,102,1,"0.06809520497868686"
90,103,1,"0.06809520497868686"
90,104,1,"0.023332060946208374"
90,105,1,"0.024633002782843808"
90,106,1,"0.0191235343804901"
90,107,1,"0.01738848169865882"
90,108,1,"0.01938391157956494"
90,109,1,"0.01820520725960666"
90,110,1,"0.024117214447657482"
90,111,1,"0.018097150833961906"
90,112,1,"0.016891882456624853"
90,113,1,"0.0680336387422418"
90,114,1,"0.017738939317717008"
90,115,1,"0.026631416228004922"
90,116,1,"0.022815116463117242"
90,117,1,"0.019296936962686292"
90,118,1,"0.017264075116793922"
90,119,1,"0.018585410081434037"
90,120,1,"0.022815116463117242"
90,121,1,"0.06802297726697847"
90,122,1,"0.06665001984598533"
90,123,1,"0.01867608476540819"
90,124,1,"0.023086804025589668"
90,125,1,"0.02255679821852501"
90,126,1,"0.026106539026281583"
90,127,1,"0.019241525210944615"
90,128,1,"0.06803884293114078"
90,129,1,"0.02066307272018024"
90,130,1,"0.017257376816826257"
90,131,1,"0.01933058683165714"
90,132,1,"0.01921286942587886"
90,133,1,"0.06804020947205953"
90,134,1,"0.02675192111155987"
90,135,1,"0.06808553242625572"
90,136,1,"0.018487316122989133"
90,137,1,"0.02010773116642125"
90,138,1,"0.01721667779886088"
90,139,1,"0.017042495479160726"
90,140,1,"0.0257622053005589"
90,141,1,"0.018466052808216858"
90,142,1,"0.01659033507946067"
90,143,1,"0.06665539421334901"
90,144,1,"0.025379725202385985"
90,145,1,"0.019389108790645763"
90,146,1,"0.019103928145408556"
90,147,1,"0.030211495904476852"
90,148,1,"0.019103928145408556"
90,149,1,"0.018872299235020623"
90,150,1,"0.016708932782258847"
100,1,1,"0.06682650096307302"
100,2,1,"0.06730479351347626"
100,3,1,"0.019551060810575026"
100,4,1,"0.06808429898126299"
100,5,1,"0.017738939317717008"
100,6,1,"0.06665031130469953"
100,7,1,"0.024268334192877838"
100,8,1,"0.01664481677277462"
100,9,1,"0.023017321114350984"
100,10,1,"0.025427620278558057"
100,11,1,"0.01659496611235911"
100,12,1,"0.06678650307655482"
100,13,1,"0.0680216190659124"
100,14,1,"0.019551060810575026"
100,15,1,"0.066805891675521"
100,16,1,"0.024602286435062338"
100,17,1,"0.026631416228004922"
100,18,1,"0.06805025748756312"
100,19,1,"0.021572472831270607"
100,20,1,"0.022721340390863307"
100,21,1,"0.02440211953437231"
100,22,1,"0.01706083259608153"
100,23,1,"0.01876404201016171"
100,24,1,"0.06664533281174864"
100,25,1,"0.016608075511457477"
100,26,1,"0.02087747385575068"
100,27,1,"0.06807538264476753"
100,28,1,"0.06668206373679025"
100,29,1,"0.01821623743354212"
100,30,1,"0.02066307272018024"
100,31,1,"0.017206925404730417"
100,32,1,"0.02526155407252141"
100,33,1,"0.021572472831270607"
100,34,1,"0.06722138445472069"
100,35,1,"0.01867608476540819"
100,36,1,"0.06666347368647126"
100,37,1,"0.06664243526371494"
100,38,1,"0.06687139059164865"
100,39,1,"0.020988122742488673"
100,40,1,"0.06668982205481833"
100,41,1,"0.06804020947205953"
100,42,1,"0.018879490310823387"
100,43,1,"0.01864886186527922"
100,44,1,"0.02566491921818099"
100,45,1,"0.06714831813225564"
100,46,1,"0.06664070454498748"
100,47,1,"0.019352402944402124"
100,48,1,"0.017206925404730417"
100,49,1,"0.06803884293114078"
100,50,1,"0.02226925362430746"
100,51,1,"0.017896238311411065"
100,52,1,"0.06664015782966318"
100,53,1,"0.02163120193776759"
100,54,1,"0.01659033507946067"
100,55,1,"0.06672891041708998"
100,56,1,"0.02114376540146326"
100,57,1,"0.0681853130514975"
100,58,1,"0.06664015782966318"
100,59,1,"0.06667843720763725"
100,60,1,"0.020182595068826633"
100,61,1,"0.017150713780303656"
100,62,1,"0.06666192433733617"
100,63,1,"0.06667843720763725"
100,64,1,"0.06806713628283878"
100,65,1,"0.01663525845692586"
100,66,1,"0.06664070454498748"
100,67,1,"0.023785599343979027"
100,68,1,"0.06805266222773426"
100,69,1,"0.06668206373679025"
100,70,1,"0.020559327593950065"
100,71,1,"0.018038283881812448"
100,72,1,"0.022965745201343434"
100,73,1,"0.021786712786010538"
100,74,1,"0.019492487259763137"
100,75,1,"0.02064075083398548"
100,76,1,"0.06665662791875922"
100,77,1,"0.06805025748756312"
100,78,1,"0.016832555282347787"
100,79,1,"0.024117214447657482"
100,80,1,"0.06805956208567161"
100,81,1,"0.016801335486704604"
100,82,1,"0.06682650096307302"
100,83,1,"0.023809805639024732"
100,84,1,"0.06758274115005283"
100,85,1,"0.01669472239791795"
100,86,1,"0.025261070767922115"
100,87,1,"0.06664014407408404"
100,88,1,"0.016939115600099523"
100,89,1,"0.022711817746136235"
100,90,1,"0.02526568989035654"
100,91,1,"0.06730479351347626"
100,92,1,"0.021254403701946867"
100,93,1,"0.021579353570828103"
100,94,1,"0.019138673055771886"
100,95,1,"0.024785466587617152"
100,96,1,"0.017169193435225622"
100,97,1,"0.06669265754714318"
100,98,1,"0.01804534018832561"
100,99,1,"0.06802139667758175"
100,100,1,"0.02317879516376947"
100,101,1,"0.01932926079348242"
100,102,1,"0.0680216190659124"
100,103,1,"0.02680078501294749"
100,104,1,"0.06802173219720327"
100,105,1,"0.06802139667758175"
100,106,1,"0.017264075116793922"
100,107,1,"0.018110478915695775"
100,108,1,"0.02136503059394859"
100,109,1,"0.01821456496057625"
100,110,1,"0.06672891041708998"
100,111,1,"0.025113960743136734"
100,112,1,"0.025324100189592434"
100,113,1,"0.022752446286538847"
100,114,1,"0.06664015782966318"
100,115,1,"0.06803134570842706"
100,116,1,"0.018585410081434037"
100,117,1,"0.017499420966013854"
100,118,1,"0.018164525798258814"
100,119,1,"0.018151845867337733"
100,120,1,"0.02066307272018024"
100,121,1,"0.022590607928142215"
100,122,1,"0.06666960656953347"
100,123,1,"0.06811654359913305"
100,124,1,"0.06664014407408404"
100,125,1,"0.019130868508805094"
100,126,1,"0.06671745477896246"
100,127,1,"0.06738817608646541"
100,128,1,"0.06803884293114078"
100,129,1,"0.025170917713255872"
100,130,1,"0.024919344972319506"
100,131,1,"0.0168514072437766"
100,132,1,"0.020338120440512267"
100,133,1,"0.06678402180008111"
100,134,1,"0.06689899021810661"
100,135,1,"0.018038283881812448"
100,136,1,"0.018388693741086988"
100,137,1,"0.02241254963142802"
100,138,1,"0.06667969515473494"
100,139,1,"0.02061119868824743"
100,140,1,"0.06812980222174676"
100,141,1,"0.018541101565865765"
100,142,1,"0.024226962492652333"
100,143,1,"0.02549091681386804"
100,144,1,"0.06804020947205953"
100,145,1,"0.017499420966013854"
100,146,1,"0.06671745477896246"
100,147,1,"0.018169327406307816"
100,148,1,"0.06704386734399685"
100,149,1,"0.018038283881812448"
100,150,1,"0.06803085437371044"
110,1,1,"0.017169193435225622"
110,2,1,"0.06684833320273094"
110,3,1,"0.017106158015606835"
110,4,1,"0.017156518853568087"
110,5,1,"0.06666347368647126"
110,6,1,"0.017042495479160726"
110,7,1,"0.06802115989378943"
110,8,1,"0.01659496611235911"
110,9,1,"0.022108091321793543"
110,10,1,"0.017109195809889975"
110,11,1,"0.022163062535536814"
110,12,1,"0.01785262769794179"
110,13,1,"0.024760347163285155"
110,14,1,"0.06664287343016151"
110,15,1,"0.017166254842799804"
110,16,1,"0.023963035238594138"
110,17,1,"0.06805179740276149"
110,18,1,"0.017008593909158116"
110,19,1,"0.017150713780303656"
110,20,1,"0.02429299816540458"
110,21,1,"0.06802979909263683"
110,22,1,"0.06665662791875922"
110,23,1,"0.06664014407408404"
110,24,1,"0.06678650307655482"
110,25,1,"0.021897229938628613"
110,26,1,"0.017008593909158116"
110,27,1,"0.06802173219720327"
110,28,1,"0.018879490310823387"
110,29,1,"0.016958365000337625"
110,30,1,"0.017169193435225622"
110,31,1,"0.01672682988109598"
110,32,1,"0.0669246675189166"
110,33,1,"0.019259987788896055"
110,34,1,"0.06814220950128794"
110,35,1,"0.017150713780303656"
110,36,1,"0.06682650096307302"
110,37,1,"0.020981706182493592"
110,38,1,"0.06668982205481833"
110,39,1,"0.025612150920648596"
110,40,1,"0.02227344995459987"
110,41,1,"0.019241525210944615"
110,42,1,"0.0667492199617843"
110,43,1,"0.016814518796272226"
110,44,1,"0.022965745201343434"
110,45,1,"0.06814220950128794"
110,46,1,"0.0169989100680227"
110,47,1,"0.06670108928756974"
110,48,1,"0.06707588572246725"
110,49,1,"0.018283483996918867"
110,50,1,"0.06671745477896246"
110,51,1,"0.0674376200729576"
110,52,1,"0.06704386734399685"
110,53,1,"0.018298696480149937"
110,54,1,"0.0667492199617843"
110,55,1,"0.024113227476800215"
110,56,1,"0.017985151992508892"
110,57,1,"0.06664243526371494"
110,58,1,"0.021358147552525582"
110,59,1,"0.02253892127278839"
110,60,1,"0.06682650096307302"
110,61,1,"0.06665001984598533"
110,62,1,"0.025940836977555237"
110,63,1,"0.06805266222773426"
110,64,1,"0.06673364003771352"
110,65,1,"0.019267416108207775"
110,66,1,"0.01935976737911804"
110,67,1,"0.022325193814933926"
110,68,1,"0.01918616871461752"
110,69,1,"0.016691770705869913"
110,70,1,"0.01706083259608153"
110,71,1,"0.06665001984598533"
110,72,1,"0.01653564878349565"
110,73,1,"0.018529789665824994"
110,74,1,"0.01810717283501476"
110,75,1,"0.023482287417414625"
110,76,1,"0.06670108928756974"
110,77,1,"0.06810554278244278"
110,78,1,"0.06670108928756974"
110,79,1,"0.018843061971905734"
110,80,1,"0.02253892127278839"
110,81,1,"0.016801335486704604"
110,82,1,"0.026631416228004922"
110,83,1,"0.06804566397607144"
110,84,1,"0.018898685573644065"
110,85,1,"0.01732436331294852"
110,86,1,"0.06678650307655482"
110,87,1,"0.0669797188493414"
110,88,1,"0.020345001144468536"
110,89,1,"0.06802233139561123"
110,90,1,"0.0667660130597745"
110,91,1,"0.021579353570828103"
110,92,1,"0.022752446286538847"
110,93,1,"0.017257376816826257"
110,94,1,"0.06667843720763725"
110,95,1,"0.06678650307655482"
110,96,1,"0.0168514072437766"
110,97,1,"0.06672891041708998"
110,98,1,"0.06667969515473494"
110,99,1,"0.01785262769794179"
110,100,1,"0.016891882456624853"
110,101,1,"0.06664092695680553"
110,102,1,"0.017156518853568087"
110,103,1,"0.018466052808216858"
110,104,1,"0.01933058683165714"
110,105,1,"0.06664015782966318"
110,106,1,"0.06808429898126299"
110,107,1,"0.06669265754714318"
110,108,1,"0.0667660130597745"
110,109,1,"0.01864886186527922"
110,110,1,"0.01659496611235911"
110,111,1,"0.06666347368647126"
110,112,1,"0.06682650096307302"
110,113,1,"0.06704386734399685"
110,114,1,"0.06664600048681657"
110,115,1,"0.02301485997388368"
110,116,1,"0.02526568989035654"
110,117,1,"0.06665001984598533"
110,118,1,"0.019492487259763137"
110,119,1,"0.06802754039904688"
110,120,1,"0.06671745477896246"
110,121,1,"0.018038283881812448"
110,122,1,"0.06671745477896246"
110,123,1,"0.017156518853568087"
110,124,1,"0.06682650096307302"
110,125,1,"0.019551060810575026"
110,126,1,"0.02316305147476006"
110,127,1,"0.01938391157956494"
110,128,1,"0.016585425595559193"
110,129,1,"0.018646623063094555"
110,130,1,"0.018164525798258814"
110,131,1,"0.0680216190659124"
110,132,1,"0.022325193814933926"
110,133,1,"0.018898685573644065"
110,134,1,"0.02276347374746327"
110,135,1,"0.06678402180008111"
110,136,1,"0.018218650173688098"
110,137,1,"0.01864886186527922"
110,138,1,"0.025079276456712204"
110,139,1,"0.02076682776206898"
110,140,1,"0.01921286942587886"
110,141,1,"0.019276152943334995"
110,142,1,"0.06664939371406936"
110,143,1,"0.02130627708940449"
110,144,1,"0.024449196223743988"
110,145,1,"0.018218650173688098"
110,146,1,"0.0669246675189166"
110,147,1,"0.018347615353504078"
110,148,1,"0.019276152943334995"
110,149,1,"0.06669265754714318"
110,150,1,"0.06670108928756974"
120,1,1,"0.01659496611235911"
120,2,1,"0.01785262769794179"
120,3,1,"0.06666347368647126"
120,4,1,"0.017982477550185023"
120,5,1,"0.01659033507946067"
120,6,1,"0.021897229938628613"
120,7,1,"0.06665031130469953"
120,8,1,"0.016901530127200862"
120,9,1,"0.017166254842799804"
120,10,1,"0.01938391157956494"
120,11,1,"0.026631416228004922"
120,12,1,"0.018987989571826076"
120,13,1,"0.017109195809889975"
120,14,1,"0.01826573519475176"
120,15,1,"0.017264075116793922"
120,16,1,"0.0262953142519876"
120,17,1,"0.0667492199617843"
120,18,1,"0.016920938721290756"
120,19,1,"0.016901530127200862"
120,20,1,"0.06671927075463671"
120,21,1,"0.02013076642296423"
120,22,1,"0.06130503863502871"
120,23,1,"0.01850486632491505"
120,24,1,"0.016751315771924975"
120,25,1,"0.025449177968797188"
120,26,1,"0.06664015782966318"
120,27,1,"0.021897229938628613"
120,28,1,"0.018656020606525207"
120,29,1,"0.018169327406307816"
120,30,1,"0.016608075511457477"
120,31,1,"0.06678402180008111"
120,32,1,"0.02130627708940449"
120,33,1,"0.05375714210653799"
120,34,1,"0.022821968507513616"
120,35,1,"0.023017321114350984"
120,36,1,"0.05460713583300109"
120,37,1,"0.018987989571826076"
120,38,1,"0.01785262769794179"
120,39,1,"0.02061119868824743"
120,40,1,"0.01821623743354212"
120,41,1,"0.06664014407408404"
120,42,1,"0.01659033507946067"
120,43,1,"0.06667843720763725"
120,44,1,"0.06666347368647126"
120,45,1,"0.023959068486513375"
120,46,1,"0.01867608476540819"
120,47,1,"0.017738939317717008"
120,48,1,"0.018038283881812448"
120,49,1,"0.018443125430640164"
120,50,1,"0.01668514641369532"
120,51,1,"0.022597465911223517"
120,52,1,"0.05953517705181597"
120,53,1,"0.018283483996918867"
120,54,1,"0.017264075116793922"
120,55,1,"0.06667843720763725"
120,56,1,"0.01669472239791795"
120,57,1,"0.024606337249687447"
120,58,1,"0.016708932782258847"
120,59,1,"0.02646292348748303"
120,60,1,"0.06664243526371494"
120,61,1,"0.06802233139561123"
120,62,1,"0.018098556440026253"
120,63,1,"0.017042495479160726"
120,64,1,"0.01933058683165714"
120,65,1,"0.018529789665824994"
120,66,1,"0.02526155407252141"
120,67,1,"0.018818141683756874"
120,68,1,"0.016920938721290756"
120,69,1,"0.06666192433733617"
120,70,1,"0.018298696480149937"
120,71,1,"0.016832555282347787"
120,72,1,"0.02316305147476006"
120,73,1,"0.02680078501294749"
120,74,1,"0.06666192433733617"
120,75,1,"0.018098070267892147"
120,76,1,"0.017169193435225622"
120,77,1,"0.01870569278367629"
120,78,1,"0.056460902216855756"
120,79,1,"0.016939115600099523"
120,80,1,"0.019018240411109517"
120,81,1,"0.06684833320273094"
120,82,1,"0.06738817608646541"
120,83,1,"0.026631416228004922"
120,84,1,"0.017166254842799804"
120,85,1,"0.018388693741086988"
120,86,1,"0.06667843720763725"
120,87,1,"0.06802666535473921"
120,88,1,"0.01738848169865882"
120,89,1,"0.01855944863370754"
120,90,1,"0.06005053001413792"
120,91,1,"0.018443125430640164"
120,92,1,"0.01805601561651799"
120,93,1,"0.017264075116793922"
120,94,1,"0.01864886186527922"
120,95,1,"0.0674376200729576"
120,96,1,"0.023482287417414625"
120,97,1,"0.018155042795664673"
120,98,1,"0.01663525845692586"
120,99,1,"0.06005053001413792"
120,100,1,"0.017109195809889975"
120,101,1,"0.021254403701946867"
120,102,1,"0.016841776723557834"
120,103,1,"0.017058871138385102"
120,104,1,"0.01944079075685938"
120,105,1,"0.06809520497868686"
120,106,1,"0.06665097248976559"
120,107,1,"0.020234430616370817"
120,108,1,"0.06669265754714318"
120,109,1,"0.02076682776206898"
120,110,1,"0.018443125430640164"
120,111,1,"0.06682650096307302"
120,112,1,"0.06665662791875922"
120,113,1,"0.017206925404730417"
120,114,1,"0.06667969515473494"
120,115,1,"0.01804534018832561"
120,116,1,"0.06682650096307302"
120,117,1,"0.06678650307655482"
120,118,1,"0.06105169805699378"
120,119,1,"0.018872299235020623"
120,120,1,"0.017259784631491776"
120,121,1,"0.01876432041732595"
120,122,1,"0.06668074813365324"
120,123,1,"0.018466052808216858"
120,124,1,"0.018169327406307816"
120,125,1,"0.05443751499167997"
120,126,1,"0.018818141683756874"
120,127,1,"0.020234430616370817"
120,128,1,"0.060763053461564166"
120,129,1,"0.01944079075685938"
120,130,1,"0.0669246675189166"
120,131,1,"0.024760347163285155"
120,132,1,"0.0191235343804901"
120,133,1,"0.06666960656953347"
120,134,1,"0.06687454253082224"
120,135,1,"0.01785262769794179"
120,136,1,"0.0617791636105715"
120,137,1,"0.025449177968797188"
120,138,1,"0.017514208116999223"
120,139,1,"0.06711365171441855"
120,140,1,"0.018298696480149937"
120,141,1,"0.017008593909158116"
120,142,1,"0.017042495479160726"
120,143,1,"0.02301485997388368"
120,144,1,"0.06669265754714318"
120,145,1,"0.017150713780303656"
120,146,1,"0.0669246675189166"
120,147,1,"0.01864886186527922"
120,148,1,"0.017794363432859058"
120,149,1,"0.06678402180008111"
120,150,1,"0.01785262769794179"
130,1,1,"0.018169327406307816"
130,2,1,"0.023938682698146026"
130,3,1,"0.06664092695680553"
130,4,1,"0.053598037424655444"
130,5,1,"0.06157949314987946"
130,6,1,"0.024602286435062338"
130,7,1,"0.023785599343979027"
130,8,1,"0.0667492199617843"
130,9,1,"0.06678402180008111"
130,10,1,"0.019551060810575026"
130,11,1,"0.016901530127200862"
130,12,1,"0.016901530127200862"
130,13,1,"0.016585425595559193"
130,14,1,"0.019389108790645763"
130,15,1,"0.01878000419275255"
130,16,1,"0.01727840782667449"
130,17,1,"0.06678402180008111"
130,18,1,"0.06672891041708998"
130,19,1,"0.062022323291597924"
130,20,1,"0.023938682698146026"
130,21,1,"0.017264075116793922"
130,22,1,"0.023312197366284915"
130,23,1,"0.019276152943334995"
130,24,1,"0.0191235343804901"
130,25,1,"0.020929355803778346"
130,26,1,"0.018646623063094555"
130,27,1,"0.05310065713662416"
130,28,1,"0.05260493382235166"
130,29,1,"0.01672682988109598"
130,30,1,"0.016901530127200862"
130,31,1,"0.018388693741086988"
130,32,1,"0.02658671433484544"
130,33,1,"0.016708932782258847"
130,34,1,"0.020500577266221804"
130,35,1,"0.01672682988109598"
130,36,1,"0.026641810508902748"
130,37,1,"0.01932201216257806"
130,38,1,"0.01672682988109598"
130,39,1,"0.025100569563986944"
130,40,1,"0.026106539026281583"
130,41,1,"0.017109195809889975"
130,42,1,"0.019276152943334995"
130,43,1,"0.016948698050487203"
130,44,1,"0.017264075116793922"
130,45,1,"0.021254403701946867"
130,46,1,"0.06665031130469953"
130,47,1,"0.016708932782258847"
130,48,1,"0.017257376816826257"
130,49,1,"0.01896533686571996"
130,50,1,"0.018898685573644065"
130,51,1,"0.019276152943334995"
130,52,1,"0.01758431215085315"
130,53,1,"0.018529789665824994"
130,54,1,"0.01972006674691958"
130,55,1,"0.0262953142519876"
130,56,1,"0.056078601373811085"
130,57,1,"0.06667843720763725"
130,58,1,"0.02429299816540458"
130,59,1,"0.05595562373150823"
130,60,1,"0.016891882456624853"
130,61,1,"0.06311429155238692"
130,62,1,"0.018283483996918867"
130,63,1,"0.060935892704477045"
130,64,1,"0.066805891675521"
130,65,1,"0.061955614694423476"
130,66,1,"0.02076682776206898"
130,67,1,"0.018319246074879798"
130,68,1,"0.06665001984598533"
130,69,1,"0.017109195809889975"
130,70,1,"0.05459741434515052"
130,71,1,"0.017206925404730417"
130,72,1,"0.01690818529784604"
130,73,1,"0.060935892704477045"
130,74,1,"0.017374923633298366"
130,75,1,"0.018283483996918867"
130,76,1,"0.018283483996918867"
130,77,1,"0.020338120440512267"
130,78,1,"0.0166041747157699"
130,79,1,"0.05810177104487912"
130,80,1,"0.01870569278367629"
130,81,1,"0.017008593909158116"
130,82,1,"0.018098070267892147"
130,83,1,"0.016791722242523698"
130,84,1,"0.01842647141151137"
130,85,1,"0.01933744193046769"
130,86,1,"0.053598037424655444"
130,87,1,"0.019296936962686292"
130,88,1,"0.05882802084243624"
130,89,1,"0.0168514072437766"
130,90,1,"0.018218650173688098"
130,91,1,"0.0171158774834115"
130,92,1,"0.021202527804949304"
130,93,1,"0.0168514072437766"
130,94,1,"0.0168514072437766"
130,95,1,"0.01804534018832561"
130,96,1,"0.02316305147476006"
130,97,1,"0.02114376540146326"
130,98,1,"0.019259987788896055"
130,99,1,"0.06678402180008111"
130,100,1,"0.05391640366040424"
130,101,1,"0.0191235343804901"
130,102,1,"0.02087747385575068"
130,103,1,"0.018218650173688098"
130,104,1,"0.01690818529784604"
130,105,1,"0.01909670713741373"
130,106,1,"0.020825592519245054"
130,107,1,"0.05712915638370143"
130,108,1,"0.019018240411109517"
130,109,1,"0.0667134929860901"
130,110,1,"0.06672702923244306"
130,111,1,"0.05260493382235166"
130,112,1,"0.017257376816826257"
130,113,1,"0.016939115600099523"
130,114,1,"0.053280310095918895"
130,115,1,"0.016948698050487203"
130,116,1,"0.019276152943334995"
130,117,1,"0.054629785571727"
130,118,1,"0.01738848169865882"
130,119,1,"0.020552444472264956"
130,120,1,"0.025427620278558057"
130,121,1,"0.05934102966139468"
130,122,1,"0.020404206675111065"
130,123,1,"0.016708932782258847"
130,124,1,"0.054286065946129614"
130,125,1,"0.018902949114538433"
130,126,1,"0.018646623063094555"
130,127,1,"0.060222672732263026"
130,128,1,"0.016801335486704604"
130,129,1,"0.0169989100680227"
130,130,1,"0.017267145498859444"
130,131,1,"0.025104684764550654"
130,132,1,"0.018541101565865765"
130,133,1,"0.018541101565865765"
130,134,1,"0.0169989100680227"
130,135,1,"0.01828004897769323"
130,136,1,"0.05278397717977858"
130,137,1,"0.06670445365028677"
130,138,1,"0.0269936774173766"
130,139,1,"0.018898685573644065"
130,140,1,"0.06102838746831229"
130,141,1,"0.01785262769794179"
130,142,1,"0.05393754952945152"
130,143,1,"0.06666192433733617"
130,144,1,"0.017156518853568087"
130,145,1,"0.017150713780303656"
130,146,1,"0.06085282558462084"
130,147,1,"0.066805891675521"
130,148,1,"0.06085282558462084"
130,149,1,"0.06673364003771352"
130,150,1,"0.01876432041732595"
140,1,1,"0.018098556440026253"
140,2,1,"0.0667660130597745"
140,3,1,"0.018372825201339864"
140,4,1,"0.01664481677277462"
140,5,1,"0.061478369473413855"
140,6,1,"0.017264075116793922"
140,7,1,"0.017109195809889975"
140,8,1,"0.018840661332088345"
140,9,1,"0.016891882456624853"
140,10,1,"0.020552444472264956"
140,11,1,"0.018164525798258814"
140,12,1,"0.016708932782258847"
140,13,1,"0.020773712243695938"
140,14,1,"0.02076682776206898"
140,15,1,"0.017257376816826257"
140,16,1,"0.023959068486513375"
140,17,1,"0.01663525845692586"
140,18,1,"0.018413815673445598"
140,19,1,"0.05684438036646959"
140,20,1,"0.019276152943334995"
140,21,1,"0.01727840782667449"
140,22,1,"0.054629785571727"
140,23,1,"0.02429299816540458"
140,24,1,"0.018283483996918867"
140,25,1,"0.024606337249687447"
140,26,1,"0.0544163069642105"
140,27,1,"0.018169327406307816"
140,28,1,"0.06005053001413792"
140,29,1,"0.05679636777203199"
140,30,1,"0.016891882456624853"
140,31,1,"0.017046516792675857"
140,32,1,"0.018413815673445598"
140,33,1,"0.018098556440026253"
140,34,1,"0.061131861379193735"
140,35,1,"0.019276152943334995"
140,36,1,"0.0595124192443334"
140,37,1,"0.06673364003771352"
140,38,1,"0.018283483996918867"
140,39,1,"0.01672682988109598"
140,40,1,"0.018319246074879798"
140,41,1,"0.017626134742792232"
140,42,1,"0.0553717214617095"
140,43,1,"0.02316305147476006"
140,44,1,"0.054096985367279464"
140,45,1,"0.01878000419275255"
140,46,1,"0.019138673055771886"
140,47,1,"0.0667134929860901"
140,48,1,"0.018413815673445598"
140,49,1,"0.017166254842799804"
140,50,1,"0.020773712243695938"
140,51,1,"0.018585410081434037"
140,52,1,"0.02212690917786825"
140,53,1,"0.016891882456624853"
140,54,1,"0.018872299235020623"
140,55,1,"0.018098070267892147"
140,56,1,"0.01785262769794179"
140,57,1,"0.06678402180008111"
140,58,1,"0.019389108790645763"
140,59,1,"0.016751315771924975"
140,60,1,"0.01653564878349565"
140,61,1,"0.016708932782258847"
140,62,1,"0.026806934924627483"
140,63,1,"0.019276152943334995"
140,64,1,"0.0169989100680227"
140,65,1,"0.018818141683756874"
140,66,1,"0.02675192111155987"
140,67,1,"0.0166041747157699"
140,68,1,"0.017886276909775994"
140,69,1,"0.016791722242523698"
140,70,1,"0.0667660130597745"
140,71,1,"0.01738848169865882"
140,72,1,"0.023482287417414625"
140,73,1,"0.05899882696539322"
140,74,1,"0.06670445365028677"
140,75,1,"0.06665539421334901"
140,76,1,"0.06678402180008111"
140,77,1,"0.01795399607765024"
140,78,1,"0.061674883157167834"
140,79,1,"0.016545171367416"
140,80,1,"0.017206925404730417"
140,81,1,"0.018668818487997983"
140,82,1,"0.016814518796272226"
140,83,1,"0.06682650096307302"
140,84,1,"0.02012388923382939"
140,85,1,"0.016891882456624853"
140,86,1,"0.05532520141955479"
140,87,1,"0.016701349024526916"
140,88,1,"0.016585425595559193"
140,89,1,"0.053598037424655444"
140,90,1,"0.024785466587617152"
140,91,1,"0.05844920394592385"
140,92,1,"0.01659496611235911"
140,93,1,"0.01816508110131227"
140,94,1,"0.06669265754714318"
140,95,1,"0.017982477550185023"
140,96,1,"0.061955614694423476"
140,97,1,"0.016939115600099523"
140,98,1,"0.06239343704818842"
140,99,1,"0.020773712243695938"
140,100,1,"0.016708932782258847"
140,101,1,"0.016608075511457477"
140,102,1,"0.05278397717977858"
140,103,1,"0.021091885557174603"
140,104,1,"0.017257376816826257"
140,105,1,"0.016545171367416"
140,106,1,"0.018933712132590978"
140,107,1,"0.021091885557174603"
140,108,1,"0.019138673055771886"
140,109,1,"0.016585425595559193"
140,110,1,"0.023963035238594138"
140,111,1,"0.01659496611235911"
140,112,1,"0.058124307442065405"
140,113,1,"0.016920938721290756"
140,114,1,"0.016701349024526916"
140,115,1,"0.018585410081434037"
140,116,1,"0.05443751499167997"
140,117,1,"0.01853739739829963"
140,118,1,"0.018098556440026253"
140,119,1,"0.018005022729279906"
140,120,1,"0.016841776723557834"
140,121,1,"0.0210400045278945"
140,122,1,"0.016841776723557834"
140,123,1,"0.02675192111155987"
140,124,1,"0.017267145498859444"
140,125,1,"0.019276152943334995"
140,126,1,"0.01664481677277462"
140,127,1,"0.018646623063094555"
140,128,1,"0.05934102966139468"
140,129,1,"0.024449196223743988"
140,130,1,"0.016585425595559193"
140,131,1,"0.054286065946129614"
140,132,1,"0.016801335486704604"
140,133,1,"0.06668982205481833"
140,134,1,"0.05953517705181597"
140,135,1,"0.05462836982795997"
140,136,1,"0.016751315771924975"
140,137,1,"0.016585425595559193"
140,138,1,"0.01785262769794179"
140,139,1,"0.017267145498859444"
140,140,1,"0.023809805639024732"
140,141,1,"0.017259784631491776"
140,142,1,"0.018840661332088345"
140,143,1,"0.0169989100680227"
140,144,1,"0.017514208116999223"
140,145,1,"0.018319246074879798"
140,146,1,"0.017156518853568087"
140,147,1,"0.018585410081434037"
140,148,1,"0.026641810508902748"
140,149,1,"0.06668206373679025"
140,150,1,"0.06665539421334901"
150,1,1,"0.018283483996918867"
150,2,1,"0.017374923633298366"
150,3,1,"0.017166254842799804"
150,4,1,"0.018413815673445598"
150,5,1,"0.018098070267892147"
150,6,1,"0.018898685573644065"
150,7,1,"0.016948698050487203"
150,8,1,"0.018413815673445598"
150,9,1,"0.0169989100680227"
150,10,1,"0.016901530127200862"
150,11,1,"0.01785262769794179"
150,12,1,"0.05572380877161227"
150,13,1,"0.053439092463413274"
150,14,1,"0.054096985367279464"
150,15,1,"0.019276152943334995"
150,16,1,"0.018466052808216858"
150,17,1,"0.054096985367279464"
150,18,1,"0.0544163069642105"
150,19,1,"0.024602286435062338"
150,20,1,"0.02526155407252141"
150,21,1,"0.018151845867337733"
150,22,1,"0.061955614694423476"
150,23,1,"0.017156518853568087"
150,24,1,"0.017476169846977512"
150,25,1,"0.023809805639024732"
150,26,1,"0.020929355803778346"
150,27,1,"0.05829425735503978"
150,28,1,"0.05684438036646959"
150,29,1,"0.01653564878349565"
150,30,1,"0.01859495051901642"
150,31,1,"0.05643611563166677"
150,32,1,"0.017008593909158116"
150,33,1,"0.016841776723557834"
150,34,1,"0.018646623063094555"
150,35,1,"0.018898685573644065"
150,36,1,"0.02061119868824743"
150,37,1,"0.02013076642296423"
150,38,1,"0.060417868593748876"
150,39,1,"0.019259987788896055"
150,40,1,"0.0166041747157699"
150,41,1,"0.017626134742792232"
150,42,1,"0.060763053461564166"
150,43,1,"0.017058871138385102"
150,44,1,"0.023809805639024732"
150,45,1,"0.023312197366284915"
150,46,1,"0.018585410081434037"
150,47,1,"0.01672682988109598"
150,48,1,"0.01738848169865882"
150,49,1,"0.017156518853568087"
150,50,1,"0.0254234638303065"
150,51,1,"0.016948698050487203"
150,52,1,"0.05478846312918255"
150,53,1,"0.0262953142519876"
150,54,1,"0.01690818529784604"
150,55,1,"0.018038283881812448"
150,56,1,"0.017626134742792232"
150,57,1,"0.01668514641369532"
150,58,1,"0.02526155407252141"
150,59,1,"0.017008593909158116"
150,60,1,"0.023963035238594138"
150,61,1,"0.017166254842799804"
150,62,1,"0.018433595319103154"
150,63,1,"0.01876404201016171"
150,64,1,"0.025612150920648596"
150,65,1,"0.06024552943389274"
150,66,1,"0.01664481677277462"
150,67,1,"0.016701349024526916"
150,68,1,"0.017206925404730417"
150,69,1,"0.017049170525337342"
150,70,1,"0.016891882456624853"
150,71,1,"0.01668514641369532"
150,72,1,"0.017259784631491776"
150,73,1,"0.016791722242523698"
150,74,1,"0.019138673055771886"
150,75,1,"0.017008593909158116"
150,76,1,"0.06059037768513092"
150,77,1,"0.019259987788896055"
150,78,1,"0.018331967365601522"
150,79,1,"0.017150713780303656"
150,80,1,"0.016701349024526916"
150,81,1,"0.020182595068826633"
150,82,1,"0.05572380877161227"
150,83,1,"0.02130627708940449"
150,84,1,"0.05643611563166677"
150,85,1,"0.018098070267892147"
150,86,1,"0.023938682698146026"
150,87,1,"0.016545171367416"
150,88,1,"0.060935892704477045"
150,89,1,"0.0553717214617095"
150,90,1,"0.054976158491417036"
150,91,1,"0.016545171367416"
150,92,1,"0.017257376816826257"
150,93,1,"0.016939115600099523"
150,94,1,"0.016901530127200862"
150,95,1,"0.018843061971905734"
150,96,1,"0.023482287417414625"
150,97,1,"0.01659496611235911"
150,98,1,"0.017982477550185023"
150,99,1,"0.018169327406307816"
150,100,1,"0.024785466587617152"
150,101,1,"0.053259251828015435"
150,102,1,"0.024760347163285155"
150,103,1,"0.018466052808216858"
150,104,1,"0.016751315771924975"
150,105,1,"0.016545171367416"
150,106,1,"0.05425657209834901"
150,107,1,"0.018529789665824994"
150,108,1,"0.022867622984803427"
150,109,1,"0.017156518853568087"
150,110,1,"0.05278397717977858"
150,111,1,"0.02076682776206898"
150,112,1,"0.018646623063094555"
150,113,1,"0.023938682698146026"
150,114,1,"0.017109195809889975"
150,115,1,"0.01668514641369532"
150,116,1,"0.016691770705869913"
150,117,1,"0.019138673055771886"
150,118,1,"0.05953517705181597"
150,119,1,"0.019276152943334995"
150,120,1,"0.02012388923382939"
150,121,1,"0.016801335486704604"
150,122,1,"0.016814518796272226"
150,123,1,"0.05294223126552515"
150,124,1,"0.01669472239791795"
150,125,1,"0.018169327406307816"
150,126,1,"0.05412777676894285"
150,127,1,"0.05643611563166677"
150,128,1,"0.017042495479160726"
150,129,1,"0.017049170525337342"
150,130,1,"0.021254403701946867"
150,131,1,"0.01653564878349565"
150,132,1,"0.020182595068826633"
150,133,1,"0.017046516792675857"
150,134,1,"0.01706083259608153"
150,135,1,"0.017264075116793922"
150,136,1,"0.016958365000337625"
150,137,1,"0.019276152943334995"
150,138,1,"0.018646623063094555"
150,139,1,"0.06130503863502871"
150,140,1,"0.02061119868824743"
150,141,1,"0.018319246074879798"
150,142,1,"0.058124307442065405"
150,143,1,"0.01859495051901642"
150,144,1,"0.01826573519475176"
150,145,1,"0.016708932782258847"
150,146,1,"0.017514208116999223"
150,147,1,"0.0171158774834115"
150,148,1,"0.027532854364689777"
150,149,1,"0.01663525845692586"
150,150,1,"0.01785262769794179"
160,1,1,"0.02012388923382939"
160,2,1,"0.023312197366284915"
160,3,1,"0.01721667779886088"
160,4,1,"0.018038283881812448"
160,5,1,"0.01659496611235911"
160,6,1,"0.020552444472264956"
160,7,1,"0.018283483996918867"
160,8,1,"0.01668514641369532"
160,9,1,"0.01659033507946067"
160,10,1,"0.01668514641369532"
160,11,1,"0.018098556440026253"
160,12,1,"0.01662193343470221"
160,13,1,"0.016898535360844385"
160,14,1,"0.0167417199283634"
160,15,1,"0.05572380877161227"
160,16,1,"0.02115064981793446"
160,17,1,"0.018529789665824994"
160,18,1,"0.05262589787142795"
160,19,1,"0.024760347163285155"
160,20,1,"0.01672682988109598"
160,21,1,"0.02114376540146326"
160,22,1,"0.02646292348748303"
160,23,1,"0.0167417199283634"
160,24,1,"0.017626134742792232"
160,25,1,"0.018098556440026253"
160,26,1,"0.018151845867337733"
160,27,1,"0.021091885557174603"
160,28,1,"0.016841776723557834"
160,29,1,"0.017738939317717008"
160,30,1,"0.017257376816826257"
160,31,1,"0.01706083259608153"
160,32,1,"0.05882802084243624"
160,33,1,"0.053259251828015435"
160,34,1,"0.018987989571826076"
160,35,1,"0.01663525845692586"
160,36,1,"0.0169989100680227"
160,37,1,"0.05643611563166677"
160,38,1,"0.017259784631491776"
160,39,1,"0.056078601373811085"
160,40,1,"0.018298696480149937"
160,41,1,"0.018413815673445598"
160,42,1,"0.02087747385575068"
160,43,1,"0.025427620278558057"
160,44,1,"0.01668514641369532"
160,45,1,"0.05844920394592385"
160,46,1,"0.0167417199283634"
160,47,1,"0.0168514072437766"
160,48,1,"0.05462836982795997"
160,49,1,"0.025100569563986944"
160,50,1,"0.016545171367416"
160,51,1,"0.018646623063094555"
160,52,1,"0.01842647141151137"
160,53,1,"0.02526155407252141"
160,54,1,"0.01721667779886088"
160,55,1,"0.01727840782667449"
160,56,1,"0.016898535360844385"
160,57,1,"0.05679636777203199"
160,58,1,"0.01721667779886088"
160,59,1,"0.023963035238594138"
160,60,1,"0.0169989100680227"
160,61,1,"0.061674883157167834"
160,62,1,"0.016832555282347787"
160,63,1,"0.066805891675521"
160,64,1,"0.020559327593950065"
160,65,1,"0.016898535360844385"
160,66,1,"0.016801335486704604"
160,67,1,"0.018646623063094555"
160,68,1,"0.017049170525337342"
160,69,1,"0.018646623063094555"
160,70,1,"0.0171158774834115"
160,71,1,"0.016801335486704604"
160,72,1,"0.0553717214617095"
160,73,1,"0.01662193343470221"
160,74,1,"0.017738939317717008"
160,75,1,"0.025079276456712204"
160,76,1,"0.054096985367279464"
160,77,1,"0.017008593909158116"
160,78,1,"0.016791722242523698"
160,79,1,"0.06005053001413792"
160,80,1,"0.054096985367279464"
160,81,1,"0.016814518796272226"
160,82,1,"0.018898685573644065"
160,83,1,"0.01878000419275255"
160,84,1,"0.053259251828015435"
160,85,1,"0.018898685573644065"
160,86,1,"0.018646623063094555"
160,87,1,"0.01821456496057625"
160,88,1,"0.017206925404730417"
160,89,1,"0.018413815673445598"
160,90,1,"0.0667660130597745"
160,91,1,"0.06130503863502871"
160,92,1,"0.01785262769794179"
160,93,1,"0.017169193435225622"
160,94,1,"0.018818141683756874"
160,95,1,"0.06671927075463671"
160,96,1,"0.023482287417414625"
160,97,1,"0.061403391536321884"
160,98,1,"0.020500577266221804"
160,99,1,"0.016545171367416"
160,100,1,"0.01653564878349565"
160,101,1,"0.024268334192877838"
160,102,1,"0.017267145498859444"
160,103,1,"0.02526155407252141"
160,104,1,"0.01664481677277462"
160,105,1,"0.05684438036646959"
160,106,1,"0.017267145498859444"
160,107,1,"0.020825592519245054"
160,108,1,"0.017259784631491776"
160,109,1,"0.06102838746831229"
160,110,1,"0.01664481677277462"
160,111,1,"0.026106539026281583"
160,112,1,"0.053598037424655444"
160,113,1,"0.01664481677277462"
160,114,1,"0.016608075511457477"
160,115,1,"0.054976158491417036"
160,116,1,"0.019259987788896055"
160,117,1,"0.016898535360844385"
160,118,1,"0.026106539026281583"
160,119,1,"0.061674883157167834"
160,120,1,"0.016920938721290756"
160,121,1,"0.01721667779886088"
160,122,1,"0.05294223126552515"
160,123,1,"0.017169193435225622"
160,124,1,"0.017257376816826257"
160,125,1,"0.06274201637916085"
160,126,1,"0.05444720354092015"
160,127,1,"0.01668514641369532"
160,128,1,"0.054976158491417036"
160,129,1,"0.05294223126552515"
160,130,1,"0.0667492199617843"
160,131,1,"0.01672682988109598"
160,132,1,"0.017738939317717008"
160,133,1,"0.016608075511457477"
160,134,1,"0.01706083259608153"
160,135,1,"0.01721667779886088"
160,136,1,"0.016958365000337625"
160,137,1,"0.016801335486704604"
160,138,1,"0.018038283881812448"
160,139,1,"0.016948698050487203"
160,140,1,"0.019018240411109517"
160,141,1,"0.017267145498859444"
160,142,1,"0.01727840782667449"
160,143,1,"0.024449196223743988"
160,144,1,"0.02226925362430746"
160,145,1,"0.054286065946129614"
160,146,1,"0.01721667779886088"
160,147,1,"0.01668514641369532"
160,148,1,"0.020345001144468536"
160,149,1,"0.01876432041732595"
160,150,1,"0.024113227476800215"
170,1,1,"0.017738939317717008"
170,2,1,"0.017169193435225622"
170,3,1,"0.01659496611235911"
170,4,1,"0.018098556440026253"
170,5,1,"0.01659033507946067"
170,6,1,"0.017499420966013854"
170,7,1,"0.016898535360844385"
170,8,1,"0.0169989100680227"
170,9,1,"0.017042495479160726"
170,10,1,"0.017985151992508892"
170,11,1,"0.0168514072437766"
170,12,1,"0.016751315771924975"
170,13,1,"0.01804534018832561"
170,14,1,"0.018529789665824994"
170,15,1,"0.019259987788896055"
170,16,1,"0.018541101565865765"
170,17,1,"0.017985151992508892"
170,18,1,"0.017626134742792232"
170,19,1,"0.017985151992508892"
170,20,1,"0.018433595319103154"
170,21,1,"0.016958365000337625"
170,22,1,"0.016791722242523698"
170,23,1,"0.019138673055771886"
170,24,1,"0.02646292348748303"
170,25,1,"0.02114376540146326"
170,26,1,"0.01669472239791795"
170,27,1,"0.016832555282347787"
170,28,1,"0.05460713583300109"
170,29,1,"0.024602286435062338"
170,30,1,"0.01785262769794179"
170,31,1,"0.018541101565865765"
170,32,1,"0.025586294323910765"
170,33,1,"0.01721667779886088"
170,34,1,"0.017738939317717008"
170,35,1,"0.02255679821852501"
170,36,1,"0.018898685573644065"
170,37,1,"0.016939115600099523"
170,38,1,"0.01878000419275255"
170,39,1,"0.017049170525337342"
170,40,1,"0.01664481677277462"
170,41,1,"0.016708932782258847"
170,42,1,"0.01662193343470221"
170,43,1,"0.018098556440026253"
170,44,1,"0.017982477550185023"
170,45,1,"0.01706083259608153"
170,46,1,"0.017156518853568087"
170,47,1,"0.01727840782667449"
170,48,1,"0.02013076642296423"
170,49,1,"0.016708932782258847"
170,50,1,"0.017042495479160726"
170,51,1,"0.02494460906113768"
170,52,1,"0.01664481677277462"
170,53,1,"0.018038283881812448"
170,54,1,"0.01842647141151137"
170,55,1,"0.05532520141955479"
170,56,1,"0.01864886186527922"
170,57,1,"0.023332060946208374"
170,58,1,"0.020338120440512267"
170,59,1,"0.01876432041732595"
170,60,1,"0.023963035238594138"
170,61,1,"0.05684438036646959"
170,62,1,"0.01664481677277462"
170,63,1,"0.017985151992508892"
170,64,1,"0.05532520141955479"
170,65,1,"0.016898535360844385"
170,66,1,"0.020448713993964553"
170,67,1,"0.017206925404730417"
170,68,1,"0.017042495479160726"
170,69,1,"0.017042495479160726"
170,70,1,"0.01785262769794179"
170,71,1,"0.02526155407252141"
170,72,1,"0.017049170525337342"
170,73,1,"0.05262589787142795"
170,74,1,"0.01669472239791795"
170,75,1,"0.018656020606525207"
170,76,1,"0.01738848169865882"
170,77,1,"0.018038283881812448"
170,78,1,"0.019276152943334995"
170,79,1,"0.01659033507946067"
170,80,1,"0.021202527804949304"
170,81,1,"0.0544163069642105"
170,82,1,"0.018413815673445598"
170,83,1,"0.025079276456712204"
170,84,1,"0.020448713993964553"
170,85,1,"0.025449177968797188"
170,86,1,"0.02476441848556302"
170,87,1,"0.01662193343470221"
170,88,1,"0.016791722242523698"
170,89,1,"0.016608075511457477"
170,90,1,"0.017264075116793922"
170,91,1,"0.024602286435062338"
170,92,1,"0.017499420966013854"
170,93,1,"0.019138673055771886"
170,94,1,"0.017626134742792232"
170,95,1,"0.05393754952945152"
170,96,1,"0.017626134742792232"
170,97,1,"0.02429299816540458"
170,98,1,"0.016801335486704604"
170,99,1,"0.016939115600099523"
170,100,1,"0.017499420966013854"
170,101,1,"0.02429299816540458"
170,102,1,"0.023482287417414625"
170,103,1,"0.016939115600099523"
170,104,1,"0.016691770705869913"
170,105,1,"0.019138673055771886"
170,106,1,"0.017982477550185023"
170,107,1,"0.017206925404730417"
170,108,1,"0.017169193435225622"
170,109,1,"0.0605022422325583"
170,110,1,"0.017049170525337342"
170,111,1,"0.01876432041732595"
170,112,1,"0.020929355803778346"
170,113,1,"0.016708932782258847"
170,114,1,"0.020182595068826633"
170,115,1,"0.016801335486704604"
170,116,1,"0.0171158774834115"
170,117,1,"0.01721667779886088"
170,118,1,"0.0171158774834115"
170,119,1,"0.017257376816826257"
170,120,1,"0.016958365000337625"
170,121,1,"0.017008593909158116"
170,122,1,"0.016958365000337625"
170,123,1,"0.016948698050487203"
170,124,1,"0.017499420966013854"
170,125,1,"0.017267145498859444"
170,126,1,"0.018151845867337733"
170,127,1,"0.019276152943334995"
170,128,1,"0.05572380877161227"
170,129,1,"0.018646623063094555"
170,130,1,"0.020988122742488673"
170,131,1,"0.019018240411109517"
170,132,1,"0.01706083259608153"
170,133,1,"0.016708932782258847"
170,134,1,"0.017738939317717008"
170,135,1,"0.01738848169865882"
170,136,1,"0.01662193343470221"
170,137,1,"0.019276152943334995"
170,138,1,"0.01663525845692586"
170,139,1,"0.017257376816826257"
170,140,1,"0.017982477550185023"
170,141,1,"0.018433595319103154"
170,142,1,"0.016891882456624853"
170,143,1,"0.018646623063094555"
170,144,1,"0.05459741434515052"
170,145,1,"0.01878000419275255"
170,146,1,"0.017109195809889975"
170,147,1,"0.023312197366284915"
170,148,1,"0.01805601561651799"
170,149,1,"0.024785466587617152"
170,150,1,"0.01721667779886088"
180,1,1,"0.018298696480149937"
180,2,1,"0.01662193343470221"
180,3,1,"0.017264075116793922"
180,4,1,"0.018098070267892147"
180,5,1,"0.017042495479160726"
180,6,1,"0.016814518796272226"
180,7,1,"0.019018240411109517"
180,8,1,"0.01664481677277462"
180,9,1,"0.016545171367416"
180,10,1,"0.016898535360844385"
180,11,1,"0.01664481677277462"
180,12,1,"0.0262953142519876"
180,13,1,"0.018098556440026253"
180,14,1,"0.021091885557174603"
180,15,1,"0.017264075116793922"
180,16,1,"0.021254403701946867"
180,17,1,"0.017042495479160726"
180,18,1,"0.020552444472264956"
180,19,1,"0.026106539026281583"
180,20,1,"0.017058871138385102"
180,21,1,"0.017982477550185023"
180,22,1,"0.016585425595559193"
180,23,1,"0.017257376816826257"
180,24,1,"0.0168514072437766"
180,25,1,"0.018038283881812448"
180,26,1,"0.016920938721290756"
180,27,1,"0.018038283881812448"
180,28,1,"0.020552444472264956"
180,29,1,"0.016545171367416"
180,30,1,"0.016958365000337625"
180,31,1,"0.01804534018832561"
180,32,1,"0.02494460906113768"
180,33,1,"0.024113227476800215"
180,34,1,"0.017166254842799804"
180,35,1,"0.017106158015606835"
180,36,1,"0.016832555282347787"
180,37,1,"0.018413815673445598"
180,38,1,"0.056078601373811085"
180,39,1,"0.017106158015606835"
180,40,1,"0.053598037424655444"
180,41,1,"0.01878000419275255"
180,42,1,"0.016948698050487203"
180,43,1,"0.017264075116793922"
180,44,1,"0.05847079302353297"
180,45,1,"0.016948698050487203"
180,46,1,"0.017150713780303656"
180,47,1,"0.019276152943334995"
180,48,1,"0.05462836982795997"
180,49,1,"0.01669472239791795"
180,50,1,"0.01663525845692586"
180,51,1,"0.018098070267892147"
180,52,1,"0.01706083259608153"
180,53,1,"0.017514208116999223"
180,54,1,"0.020988122742488673"
180,55,1,"0.016814518796272226"
180,56,1,"0.016939115600099523"
180,57,1,"0.06085282558462084"
180,58,1,"0.016691770705869913"
180,59,1,"0.02675192111155987"
180,60,1,"0.018169327406307816"
180,61,1,"0.018098070267892147"
180,62,1,"0.01659033507946067"
180,63,1,"0.025449177968797188"
180,64,1,"0.02076682776206898"
180,65,1,"0.01664481677277462"
180,66,1,"0.017106158015606835"
180,67,1,"0.016801335486704604"
180,68,1,"0.01864886186527922"
180,69,1,"0.05310065713662416"
180,70,1,"0.019259987788896055"
180,71,1,"0.018646623063094555"
180,72,1,"0.01721667779886088"
180,73,1,"0.017264075116793922"
180,74,1,"0.017206925404730417"
180,75,1,"0.0168514072437766"
180,76,1,"0.0550992403429239"
180,77,1,"0.016708932782258847"
180,78,1,"0.022702000197350265"
180,79,1,"0.01706083259608153"
180,80,1,"0.016801335486704604"
180,81,1,"0.05679636777203199"
180,82,1,"0.01785262769794179"
180,83,1,"0.017259784631491776"
180,84,1,"0.024919344972319506"
180,85,1,"0.025612150920648596"
180,86,1,"0.021202527804949304"
180,87,1,"0.017499420966013854"
180,88,1,"0.05310065713662416"
180,89,1,"0.017106158015606835"
180,90,1,"0.01662193343470221"
180,91,1,"0.01663525845692586"
180,92,1,"0.017514208116999223"
180,93,1,"0.016832555282347787"
180,94,1,"0.017150713780303656"
180,95,1,"0.016585425595559193"
180,96,1,"0.02658671433484544"
180,97,1,"0.019276152943334995"
180,98,1,"0.0166041747157699"
180,99,1,"0.017156518853568087"
180,100,1,"0.018656020606525207"
180,101,1,"0.016939115600099523"
180,102,1,"0.05412777676894285"
180,103,1,"0.0167417199283634"
180,104,1,"0.017166254842799804"
180,105,1,"0.019259987788896055"
180,106,1,"0.026696879537783946"
180,107,1,"0.05532520141955479"
180,108,1,"0.016608075511457477"
180,109,1,"0.017150713780303656"
180,110,1,"0.01664481677277462"
180,111,1,"0.05412777676894285"
180,112,1,"0.01672682988109598"
180,113,1,"0.0210400045278945"
180,114,1,"0.01653564878349565"
180,115,1,"0.01664481677277462"
180,116,1,"0.05679636777203199"
180,117,1,"0.017267145498859444"
180,118,1,"0.054286065946129614"
180,119,1,"0.020559327593950065"
180,120,1,"0.01859495051901642"
180,121,1,"0.021091885557174603"
180,122,1,"0.01805601561651799"
180,123,1,"0.017257376816826257"
180,124,1,"0.016948698050487203"
180,125,1,"0.017169193435225622"
180,126,1,"0.016832555282347787"
180,127,1,"0.01664481677277462"
180,128,1,"0.01664481677277462"
180,129,1,"0.01664481677277462"
180,130,1,"0.02012388923382939"
180,131,1,"0.016901530127200862"
180,132,1,"0.016901530127200862"
180,133,1,"0.025100569563986944"
180,134,1,"0.020929355803778346"
180,135,1,"0.024760347163285155"
180,136,1,"0.01738848169865882"
180,137,1,"0.016898535360844385"
180,138,1,"0.016691770705869913"
180,139,1,"0.019276152943334995"
180,140,1,"0.025427620278558057"
180,141,1,"0.05389991783325458"
180,142,1,"0.017109195809889975"
180,143,1,"0.016814518796272226"
180,144,1,"0.017156518853568087"
180,145,1,"0.01659033507946067"
180,146,1,"0.02013076642296423"
180,147,1,"0.018098556440026253"
180,148,1,"0.016958365000337625"
180,149,1,"0.016801335486704604"
180,150,1,"0.01804534018832561"
190,1,1,"0.026806934924627483"
190,2,1,"0.016948698050487203"
190,3,1,"0.018646623063094555"
190,4,1,"0.041199075215485825"
190,5,1,"0.01706083259608153"
190,6,1,"0.017514208116999223"
190,7,1,"0.017150713780303656"
190,8,1,"0.054976158491417036"
190,9,1,"0.01663525845692586"
190,10,1,"0.020825592519245054"
190,11,1,"0.056078601373811085"
190,12,1,"0.016791722242523698"
190,13,1,"0.016832555282347787"
190,14,1,"0.017982477550185023"
190,15,1,"0.017106158015606835"
190,16,1,"0.019018240411109517"
190,17,1,"0.016814518796272226"
190,18,1,"0.01804534018832561"
190,19,1,"0.017982477550185023"
190,20,1,"0.017049170525337342"
190,21,1,"0.01659496611235911"
190,22,1,"0.01805601561651799"
190,23,1,"0.016608075511457477"
190,24,1,"0.01785262769794179"
190,25,1,"0.018098556440026253"
190,26,1,"0.017267145498859444"
190,27,1,"0.016708932782258847"
190,28,1,"0.020338120440512267"
190,29,1,"0.01727840782667449"
190,30,1,"0.017008593909158116"
190,31,1,"0.016585425595559193"
190,32,1,"0.017264075116793922"
190,33,1,"0.0544163069642105"
190,34,1,"0.016608075511457477"
190,35,1,"0.038845908026287866"
190,36,1,"0.054629785571727"
190,37,1,"0.01659033507946067"
190,38,1,"0.016939115600099523"
190,39,1,"0.0168514072437766"
190,40,1,"0.02255679821852501"
190,41,1,"0.01669472239791795"
190,42,1,"0.01668514641369532"
190,43,1,"0.017166254842799804"
190,44,1,"0.054629785571727"
190,45,1,"0.016939115600099523"
190,46,1,"0.01738848169865882"
190,47,1,"0.020234430616370817"
190,48,1,"0.01820520725960666"
190,49,1,"0.025776039034522462"
190,50,1,"0.0166041747157699"
190,51,1,"0.018529789665824994"
190,52,1,"0.023332060946208374"
190,53,1,"0.017259784631491776"
190,54,1,"0.016958365000337625"
190,55,1,"0.01690818529784604"
190,56,1,"0.016708932782258847"
190,57,1,"0.017206925404730417"
190,58,1,"0.016701349024526916"
190,59,1,"0.01690818529784604"
190,60,1,"0.018283483996918867"
190,61,1,"0.018656020606525207"
190,62,1,"0.018038283881812448"
190,63,1,"0.01653564878349565"
190,64,1,"0.01876432041732595"
190,65,1,"0.02115064981793446"
190,66,1,"0.016901530127200862"
190,67,1,"0.04705984221696658"
190,68,1,"0.016901530127200862"
190,69,1,"0.017982477550185023"
190,70,1,"0.0210400045278945"
190,71,1,"0.022702000197350265"
190,72,1,"0.017169193435225622"
190,73,1,"0.01727840782667449"
190,74,1,"0.016958365000337625"
190,75,1,"0.018038283881812448"
190,76,1,"0.026631416228004922"
190,77,1,"0.017156518853568087"
190,78,1,"0.017106158015606835"
190,79,1,"0.05462836982795997"
190,80,1,"0.05462836982795997"
190,81,1,"0.02301485997388368"
190,82,1,"0.016801335486704604"
190,83,1,"0.017042495479160726"
190,84,1,"0.054629785571727"
190,85,1,"0.01727840782667449"
190,86,1,"0.017982477550185023"
190,87,1,"0.017106158015606835"
190,88,1,"0.018898685573644065"
190,89,1,"0.05532520141955479"
190,90,1,"0.020773712243695938"
190,91,1,"0.05460713583300109"
190,92,1,"0.01876432041732595"
190,93,1,"0.01876432041732595"
190,94,1,"0.016691770705869913"
190,95,1,"0.016939115600099523"
190,96,1,"0.016901530127200862"
190,97,1,"0.018038283881812448"
190,98,1,"0.01721667779886088"
190,99,1,"0.025104684764550654"
190,100,1,"0.017150713780303656"
190,101,1,"0.018169327406307816"
190,102,1,"0.01785262769794179"
190,103,1,"0.01672682988109598"
190,104,1,"0.01662193343470221"
190,105,1,"0.026631416228004922"
190,106,1,"0.017166254842799804"
190,107,1,"0.025104684764550654"
190,108,1,"0.01653564878349565"
190,109,1,"0.025776039034522462"
190,110,1,"0.0262953142519876"
190,111,1,"0.016545171367416"
190,112,1,"0.017046516792675857"
190,113,1,"0.017042495479160726"
190,114,1,"0.01664481677277462"
190,115,1,"0.019276152943334995"
190,116,1,"0.017259784631491776"
190,117,1,"0.017049170525337342"
190,118,1,"0.01659496611235911"
190,119,1,"0.0171158774834115"
190,120,1,"0.02476441848556302"
190,121,1,"0.017626134742792232"
190,122,1,"0.016841776723557834"
190,123,1,"0.019138673055771886"
190,124,1,"0.01721667779886088"
190,125,1,"0.018898685573644065"
190,126,1,"0.022702000197350265"
190,127,1,"0.018529789665824994"
190,128,1,"0.054757456032267414"
190,129,1,"0.018413815673445598"
190,130,1,"0.017166254842799804"
190,131,1,"0.017049170525337342"
190,132,1,"0.016585425595559193"
190,133,1,"0.016701349024526916"
190,134,1,"0.016841776723557834"
190,135,1,"0.016948698050487203"
190,136,1,"0.020234430616370817"
190,137,1,"0.025612150920648596"
190,138,1,"0.021091885557174603"
190,139,1,"0.016901530127200862"
190,140,1,"0.01820520725960666"
190,141,1,"0.016585425595559193"
190,142,1,"0.024268334192877838"
190,143,1,"0.020559327593950065"
190,144,1,"0.020345001144468536"
190,145,1,"0.05532520141955479"
190,146,1,"0.016545171367416"
190,147,1,"0.019018240411109517"
190,148,1,"0.01653564878349565"
190,149,1,"0.02526568989035654"
190,150,1,"0.01727840782667449"
200,1,1,"0.01804534018832561"
200,2,1,"0.019138673055771886"
200,3,1,"0.01659496611235911"
200,4,1,"0.020286272570212944"
200,5,1,"0.0166041747157699"
200,6,1,"0.016832555282347787"
200,7,1,"0.018656020606525207"
200,8,1,"0.016901530127200862"
200,9,1,"0.017985151992508892"
200,10,1,"0.017106158015606835"
200,11,1,"0.016708932782258847"
200,12,1,"0.016920938721290756"
200,13,1,"0.02087747385575068"
200,14,1,"0.016832555282347787"
200,15,1,"0.018283483996918867"
200,16,1,"0.026696879537783946"
200,17,1,"0.023959068486513375"
200,18,1,"0.016920938721290756"
200,19,1,"0.017264075116793922"
200,20,1,"0.019259987788896055"
200,21,1,"0.017058871138385102"
200,22,1,"0.022721340390863307"
200,23,1,"0.018319246074879798"
200,24,1,"0.02013076642296423"
200,25,1,"0.017267145498859444"
200,26,1,"0.01663525845692586"
200,27,1,"0.017257376816826257"
200,28,1,"0.017058871138385102"
200,29,1,"0.01706083259608153"
200,30,1,"0.054629785571727"
200,31,1,"0.026806934924627483"
200,32,1,"0.018413815673445598"
200,33,1,"0.01664481677277462"
200,34,1,"0.017150713780303656"
200,35,1,"0.017257376816826257"
200,36,1,"0.017499420966013854"
200,37,1,"0.017042495479160726"
200,38,1,"0.02646292348748303"
200,39,1,"0.0171158774834115"
200,40,1,"0.018898685573644065"
200,41,1,"0.018038283881812448"
200,42,1,"0.016891882456624853"
200,43,1,"0.02255679821852501"
200,44,1,"0.017264075116793922"
200,45,1,"0.01706083259608153"
200,46,1,"0.018098556440026253"
200,47,1,"0.016608075511457477"
200,48,1,"0.017058871138385102"
200,49,1,"0.016920938721290756"
200,50,1,"0.019018240411109517"
200,51,1,"0.016814518796272226"
200,52,1,"0.017049170525337342"
200,53,1,"0.016832555282347787"
200,54,1,"0.016701349024526916"
200,55,1,"0.020500577266221804"
200,56,1,"0.017046516792675857"
200,57,1,"0.01727840782667449"
200,58,1,"0.026106539026281583"
200,59,1,"0.0171158774834115"
200,60,1,"0.020182595068826633"
200,61,1,"0.0417032163832067"
200,62,1,"0.016891882456624853"
200,63,1,"0.05572380877161227"
200,64,1,"0.017156518853568087"
200,65,1,"0.016708932782258847"
200,66,1,"0.020286272570212944"
200,67,1,"0.017985151992508892"
200,68,1,"0.016701349024526916"
200,69,1,"0.016841776723557834"
200,70,1,"0.01738848169865882"
200,71,1,"0.017042495479160726"
200,72,1,"0.02226925362430746"
200,73,1,"0.017042495479160726"
200,74,1,"0.018038283881812448"
200,75,1,"0.018098070267892147"
200,76,1,"0.02301485997388368"
200,77,1,"0.017049170525337342"
200,78,1,"0.016898535360844385"
200,79,1,"0.02675192111155987"
200,80,1,"0.017982477550185023"
200,81,1,"0.016691770705869913"
200,82,1,"0.01672682988109598"
200,83,1,"0.01805601561651799"
200,84,1,"0.017985151992508892"
200,85,1,"0.01659496611235911"
200,86,1,"0.018487316122989133"
200,87,1,"0.02114376540146326"
200,88,1,"0.01804534018832561"
200,89,1,"0.01804534018832561"
200,90,1,"0.018283483996918867"
200,91,1,"0.02114376540146326"
200,92,1,"0.018169327406307816"
200,93,1,"0.01653564878349565"
200,94,1,"0.01738848169865882"
200,95,1,"0.01727840782667449"
200,96,1,"0.01878000419275255"
200,97,1,"0.01668514641369532"
200,98,1,"0.016898535360844385"
200,99,1,"0.01659033507946067"
200,100,1,"0.017626134742792232"
200,101,1,"0.01653564878349565"
200,102,1,"0.017267145498859444"
200,103,1,"0.016708932782258847"
200,104,1,"0.021202527804949304"
200,105,1,"0.016920938721290756"
200,106,1,"0.016958365000337625"
200,107,1,"0.019138673055771886"
200,108,1,"0.016545171367416"
200,109,1,"0.016608075511457477"
200,110,1,"0.016814518796272226"
200,111,1,"0.016545171367416"
200,112,1,"0.01785262769794179"
200,113,1,"0.01690818529784604"
200,114,1,"0.016901530127200862"
200,115,1,"0.016920938721290756"
200,116,1,"0.01878000419275255"
200,117,1,"0.01668514641369532"
200,118,1,"0.052989342060358026"
200,119,1,"0.0169989100680227"
200,120,1,"0.01804534018832561"
200,121,1,"0.01653564878349565"
200,122,1,"0.017166254842799804"
200,123,1,"0.017046516792675857"
200,124,1,"0.018038283881812448"
200,125,1,"0.02087747385575068"
200,126,1,"0.0168514072437766"
200,127,1,"0.017259784631491776"
200,128,1,"0.01706083259608153"
200,129,1,"0.01672682988109598"
200,130,1,"0.018433595319103154"
200,131,1,"0.021254403701946867"
200,132,1,"0.016708932782258847"
200,133,1,"0.01785262769794179"
200,134,1,"0.03666402681550765"
200,135,1,"0.017259784631491776"
200,136,1,"0.017058871138385102"
200,137,1,"0.023785599343979027"
200,138,1,"0.016545171367416"
200,139,1,"0.017259784631491776"
200,140,1,"0.01878000419275255"
200,141,1,"0.02241254963142802"
200,142,1,"0.018898685573644065"
200,143,1,"0.017264075116793922"
200,144,1,"0.01804534018832561"
200,145,1,"0.01805601561651799"
200,146,1,"0.0167417199283634"
200,147,1,"0.017042495479160726"
200,148,1,"0.017046516792675857"
200,149,1,"0.016608075511457477"
200,150,1,"0.017267145498859444"
210,1,1,"0.022721340390863307"
210,2,1,"0.016920938721290756"
210,3,1,"0.01659033507946067"
210,4,1,"0.01727840782667449"
210,5,1,"0.017166254842799804"
210,6,1,"0.020182595068826633"
210,7,1,"0.01653564878349565"
210,8,1,"0.016791722242523698"
210,9,1,"0.018529789665824994"
210,10,1,"0.016832555282347787"
210,11,1,"0.017738939317717008"
210,12,1,"0.016891882456624853"
210,13,1,"0.01721667779886088"
210,14,1,"0.01662193343470221"
210,15,1,"0.016814518796272226"
210,16,1,"0.01727840782667449"
210,17,1,"0.016920938721290756"
210,18,1,"0.016701349024526916"
210,19,1,"0.017008593909158116"
210,20,1,"0.017046516792675857"
210,21,1,"0.01672682988109598"
210,22,1,"0.01672682988109598"
210,23,1,"0.01876432041732595"
210,24,1,"0.017514208116999223"
210,25,1,"0.04787806895023385"
210,26,1,"0.02646292348748303"
210,27,1,"0.016920938721290756"
210,28,1,"0.04754030842066331"
210,29,1,"0.01738848169865882"
210,30,1,"0.017150713780303656"
210,31,1,"0.017150713780303656"
210,32,1,"0.018646623063094555"
210,33,1,"0.01662193343470221"
210,34,1,"0.01721667779886088"
210,35,1,"0.017499420966013854"
210,36,1,"0.017264075116793922"
210,37,1,"0.01662193343470221"
210,38,1,"0.01659496611235911"
210,39,1,"0.017150713780303656"
210,40,1,"0.020234430616370817"
210,41,1,"0.017514208116999223"
210,42,1,"0.02658671433484544"
210,43,1,"0.020552444472264956"
210,44,1,"0.01672682988109598"
210,45,1,"0.017106158015606835"
210,46,1,"0.017514208116999223"
210,47,1,"0.01662193343470221"
210,48,1,"0.021202527804949304"
210,49,1,"0.017206925404730417"
210,50,1,"0.01663525845692586"
210,51,1,"0.018169327406307816"
210,52,1,"0.02526155407252141"
210,53,1,"0.018898685573644065"
210,54,1,"0.018098556440026253"
210,55,1,"0.01663525845692586"
210,56,1,"0.02680078501294749"
210,57,1,"0.017264075116793922"
210,58,1,"0.0166041747157699"
210,59,1,"0.020773712243695938"
210,60,1,"0.016545171367416"
210,61,1,"0.019018240411109517"
210,62,1,"0.01659496611235911"
210,63,1,"0.01738848169865882"
210,64,1,"0.017042495479160726"
210,65,1,"0.017264075116793922"
210,66,1,"0.016585425595559193"
210,67,1,"0.018098070267892147"
210,68,1,"0.02012388923382939"
210,69,1,"0.018169327406307816"
210,70,1,"0.017499420966013854"
210,71,1,"0.017150713780303656"
210,72,1,"0.017206925404730417"
210,73,1,"0.01842647141151137"
210,74,1,"0.024760347163285155"
210,75,1,"0.017738939317717008"
210,76,1,"0.016608075511457477"
210,77,1,"0.01664481677277462"
210,78,1,"0.018898685573644065"
210,79,1,"0.017982477550185023"
210,80,1,"0.01659033507946067"
210,81,1,"0.04145088385944168"
210,82,1,"0.02646292348748303"
210,83,1,"0.018298696480149937"
210,84,1,"0.016791722242523698"
210,85,1,"0.022721340390863307"
210,86,1,"0.019259987788896055"
210,87,1,"0.016939115600099523"
210,88,1,"0.021091885557174603"
210,89,1,"0.018098556440026253"
210,90,1,"0.019259987788896055"
210,91,1,"0.016691770705869913"
210,92,1,"0.022108091321793543"
210,93,1,"0.01804534018832561"
210,94,1,"0.018169327406307816"
210,95,1,"0.016691770705869913"
210,96,1,"0.019138673055771886"
210,97,1,"0.018098556440026253"
210,98,1,"0.019276152943334995"
210,99,1,"0.01876432041732595"
210,100,1,"0.016920938721290756"
210,101,1,"0.016608075511457477"
210,102,1,"0.01663525845692586"
210,103,1,"0.020559327593950065"
210,104,1,"0.01672682988109598"
210,105,1,"0.017008593909158116"
210,106,1,"0.01738848169865882"
210,107,1,"0.01820520725960666"
210,108,1,"0.01659496611235911"
210,109,1,"0.016814518796272226"
210,110,1,"0.017166254842799804"
210,111,1,"0.0169989100680227"
210,112,1,"0.016958365000337625"
210,113,1,"0.0171158774834115"
210,114,1,"0.017150713780303656"
210,115,1,"0.017042495479160726"
210,116,1,"0.018298696480149937"
210,117,1,"0.02012388923382939"
210,118,1,"0.018433595319103154"
210,119,1,"0.01668514641369532"
210,120,1,"0.01668514641369532"
210,121,1,"0.0171158774834115"
210,122,1,"0.0171158774834115"
210,123,1,"0.020396855127629326"
210,124,1,"0.04168750081608932"
210,125,1,"0.017738939317717008"
210,126,1,"0.017150713780303656"
210,127,1,"0.017156518853568087"
210,128,1,"0.020988122742488673"
210,129,1,"0.017150713780303656"
210,130,1,"0.018169327406307816"
210,131,1,"0.017046516792675857"
210,132,1,"0.01659033507946067"
210,133,1,"0.016585425595559193"
210,134,1,"0.01663525845692586"
210,135,1,"0.018098070267892147"
210,136,1,"0.017058871138385102"
210,137,1,"0.020448713993964553"
210,138,1,"0.017166254842799804"
210,139,1,"0.017206925404730417"
210,140,1,"0.01664481677277462"
210,141,1,"0.047652912061147884"
210,142,1,"0.01659496611235911"
210,143,1,"0.016691770705869913"
210,144,1,"0.0167417199283634"
210,145,1,"0.016751315771924975"
210,146,1,"0.02675192111155987"
210,147,1,"0.017042495479160726"
210,148,1,"0.017206925404730417"
210,149,1,"0.017514208116999223"
210,150,1,"0.01727840782667449"
220,1,1,"0.016939115600099523"
220,2,1,"0.016801335486704604"
220,3,1,"0.016585425595559193"
220,4,1,"0.01653564878349565"
220,5,1,"0.01653564878349565"
220,6,1,"0.021254403701946867"
220,7,1,"0.016691770705869913"
220,8,1,"0.020396855127629326"
220,9,1,"0.018646623063094555"
220,10,1,"0.0166041747157699"
220,11,1,"0.016891882456624853"
220,12,1,"0.0210400045278945"
220,13,1,"0.01876432041732595"
220,14,1,"0.018529789665824994"
220,15,1,"0.019138673055771886"
220,16,1,"0.017267145498859444"
220,17,1,"0.018098070267892147"
220,18,1,"0.02061119868824743"
220,19,1,"0.017264075116793922"
220,20,1,"0.017985151992508892"
220,21,1,"0.017042495479160726"
220,22,1,"0.017008593909158116"
220,23,1,"0.01653564878349565"
220,24,1,"0.01663525845692586"
220,25,1,"0.01785262769794179"
220,26,1,"0.017267145498859444"
220,27,1,"0.01669472239791795"
220,28,1,"0.017738939317717008"
220,29,1,"0.016814518796272226"
220,30,1,"0.024602286435062338"
220,31,1,"0.016814518796272226"
220,32,1,"0.01659496611235911"
220,33,1,"0.017046516792675857"
220,34,1,"0.016901530127200862"
220,35,1,"0.018413815673445598"
220,36,1,"0.0166041747157699"
220,37,1,"0.018283483996918867"
220,38,1,"0.016708932782258847"
220,39,1,"0.01664481677277462"
220,40,1,"0.019259987788896055"
220,41,1,"0.01721667779886088"
220,42,1,"0.016751315771924975"
220,43,1,"0.016708932782258847"
220,44,1,"0.02012388923382939"
220,45,1,"0.016898535360844385"
220,46,1,"0.01659033507946067"
220,47,1,"0.018646623063094555"
220,48,1,"0.02114376540146326"
220,49,1,"0.018541101565865765"
220,50,1,"0.016948698050487203"
220,51,1,"0.01804534018832561"
220,52,1,"0.019018240411109517"
220,53,1,"0.0169989100680227"
220,54,1,"0.01659033507946067"
220,55,1,"0.016801335486704604"
220,56,1,"0.017166254842799804"
220,57,1,"0.017259784631491776"
220,58,1,"0.0168514072437766"
220,59,1,"0.017206925404730417"
220,60,1,"0.020825592519245054"
220,61,1,"0.026641810508902748"
220,62,1,"0.01663525845692586"
220,63,1,"0.016691770705869913"
220,64,1,"0.03644645631240594"
220,65,1,"0.016691770705869913"
220,66,1,"0.016691770705869913"
220,67,1,"0.01662193343470221"
220,68,1,"0.016958365000337625"
220,69,1,"0.017109195809889975"
220,70,1,"0.019018240411109517"
220,71,1,"0.018098556440026253"
220,72,1,"0.01785262769794179"
220,73,1,"0.016691770705869913"
220,74,1,"0.016832555282347787"
220,75,1,"0.017264075116793922"
220,76,1,"0.02212690917786825"
220,77,1,"0.01653564878349565"
220,78,1,"0.017267145498859444"
220,79,1,"0.01805601561651799"
220,80,1,"0.035983991258238895"
220,81,1,"0.017985151992508892"
220,82,1,"0.01706083259608153"
220,83,1,"0.02680078501294749"
220,84,1,"0.026696879537783946"
220,85,1,"0.01668514641369532"
220,86,1,"0.01864886186527922"
220,87,1,"0.016920938721290756"
220,88,1,"0.019259987788896055"
220,89,1,"0.018098070267892147"
220,90,1,"0.017046516792675857"
220,91,1,"0.01876432041732595"
220,92,1,"0.01664481677277462"
220,93,1,"0.041214727613516626"
220,94,1,"0.0168514072437766"
220,95,1,"0.02130627708940449"
220,96,1,"0.01662193343470221"
220,97,1,"0.04156913585844215"
220,98,1,"0.018098070267892147"
220,99,1,"0.02012388923382939"
220,100,1,"0.016691770705869913"
220,101,1,"0.01664481677277462"
220,102,1,"0.017206925404730417"
220,103,1,"0.01727840782667449"
220,104,1,"0.01653564878349565"
220,105,1,"0.01672682988109598"
220,106,1,"0.0167417199283634"
220,107,1,"0.018098070267892147"
220,108,1,"0.017259784631491776"
220,109,1,"0.018646623063094555"
220,110,1,"0.01662193343470221"
220,111,1,"0.0167417199283634"
220,112,1,"0.01669472239791795"
220,113,1,"0.017206925404730417"
220,114,1,"0.01662193343470221"
220,115,1,"0.016545171367416"
220,116,1,"0.01662193343470221"
220,117,1,"0.016891882456624853"
220,118,1,"0.0166041747157699"
220,119,1,"0.02013076642296423"
220,120,1,"0.019259987788896055"
220,121,1,"0.01706083259608153"
220,122,1,"0.017169193435225622"
220,123,1,"0.019138673055771886"
220,124,1,"0.016920938721290756"
220,125,1,"0.020988122742488673"
220,126,1,"0.026579400971054896"
220,127,1,"0.019259987788896055"
220,128,1,"0.016814518796272226"
220,129,1,"0.016920938721290756"
220,130,1,"0.016545171367416"
220,131,1,"0.017150713780303656"
220,132,1,"0.01727840782667449"
220,133,1,"0.016585425595559193"
220,134,1,"0.017206925404730417"
220,135,1,"0.01721667779886088"
220,136,1,"0.016585425595559193"
220,137,1,"0.04156913585844215"
220,138,1,"0.019276152943334995"
220,139,1,"0.018898685573644065"
220,140,1,"0.017257376816826257"
220,141,1,"0.016939115600099523"
220,142,1,"0.017046516792675857"
220,143,1,"0.01721667779886088"
220,144,1,"0.018298696480149937"
220,145,1,"0.017206925404730417"
220,146,1,"0.017058871138385102"
220,147,1,"0.019018240411109517"
220,148,1,"0.01690818529784604"
220,149,1,"0.01805601561651799"
220,150,1,"0.016708932782258847"
230,1,1,"0.017042495479160726"
230,2,1,"0.018413815673445598"
230,3,1,"0.016701349024526916"
230,4,1,"0.016608075511457477"
230,5,1,"0.017042495479160726"
230,6,1,"0.01668514641369532"
230,7,1,"0.0169989100680227"
230,8,1,"0.016814518796272226"
230,9,1,"0.016545171367416"
230,10,1,"0.017150713780303656"
230,11,1,"0.017257376816826257"
230,12,1,"0.016691770705869913"
230,13,1,"0.01721667779886088"
230,14,1,"0.01669472239791795"
230,15,1,"0.017166254842799804"
230,16,1,"0.017514208116999223"
230,17,1,"0.01659033507946067"
230,18,1,"0.016691770705869913"
230,19,1,"0.017166254842799804"
230,20,1,"0.02526155407252141"
230,21,1,"0.01653564878349565"
230,22,1,"0.017738939317717008"
230,23,1,"0.017049170525337342"
230,24,1,"0.01659496611235911"
230,25,1,"0.017257376816826257"
230,26,1,"0.016708932782258847"
230,27,1,"0.018098556440026253"
230,28,1,"0.0171158774834115"
230,29,1,"0.016791722242523698"
230,30,1,"0.04133274703301145"
230,31,1,"0.018283483996918867"
230,32,1,"0.01805601561651799"
230,33,1,"0.016708932782258847"
230,34,1,"0.018098070267892147"
230,35,1,"0.018413815673445598"
230,36,1,"0.0166041747157699"
230,37,1,"0.016832555282347787"
230,38,1,"0.017058871138385102"
230,39,1,"0.018169327406307816"
230,40,1,"0.017264075116793922"
230,41,1,"0.01738848169865882"
230,42,1,"0.019259987788896055"
230,43,1,"0.01653564878349565"
230,44,1,"0.01659496611235911"
230,45,1,"0.016608075511457477"
230,46,1,"0.01727840782667449"
230,47,1,"0.017264075116793922"
230,48,1,"0.016691770705869913"
230,49,1,"0.016832555282347787"
230,50,1,"0.016958365000337625"
230,51,1,"0.0169989100680227"
230,52,1,"0.018098070267892147"
230,53,1,"0.016708932782258847"
230,54,1,"0.017738939317717008"
230,55,1,"0.0168514072437766"
230,56,1,"0.016608075511457477"
230,57,1,"0.016708932782258847"
230,58,1,"0.016901530127200862"
230,59,1,"0.016832555282347787"
230,60,1,"0.017109195809889975"
230,61,1,"0.016841776723557834"
230,62,1,"0.017259784631491776"
230,63,1,"0.01721667779886088"
230,64,1,"0.018319246074879798"
230,65,1,"0.019138673055771886"
230,66,1,"0.01738848169865882"
230,67,1,"0.017042495479160726"
230,68,1,"0.017257376816826257"
230,69,1,"0.01668514641369532"
230,70,1,"0.016545171367416"
230,71,1,"0.0167417199283634"
230,72,1,"0.018151845867337733"
230,73,1,"0.016898535360844385"
230,74,1,"0.019018240411109517"
230,75,1,"0.01664481677277462"
230,76,1,"0.01805601561651799"
230,77,1,"0.016814518796272226"
230,78,1,"0.016801335486704604"
230,79,1,"0.018529789665824994"
230,80,1,"0.01690818529784604"
230,81,1,"0.016841776723557834"
230,82,1,"0.018298696480149937"
230,83,1,"0.01664481677277462"
230,84,1,"0.01785262769794179"
230,85,1,"0.017169193435225622"
230,86,1,"0.01804534018832561"
230,87,1,"0.0254234638303065"
230,88,1,"0.016751315771924975"
230,89,1,"0.01690818529784604"
230,90,1,"0.016608075511457477"
230,91,1,"0.017106158015606835"
230,92,1,"0.018098556440026253"
230,93,1,"0.018283483996918867"
230,94,1,"0.021202527804949304"
230,95,1,"0.0167417199283634"
230,96,1,"0.018283483996918867"
230,97,1,"0.017042495479160726"
230,98,1,"0.017042495479160726"
230,99,1,"0.017267145498859444"
230,100,1,"0.01663525845692586"
230,101,1,"0.016701349024526916"
230,102,1,"0.018898685573644065"
230,103,1,"0.017259784631491776"
230,104,1,"0.018433595319103154"
230,105,1,"0.016939115600099523"
230,106,1,"0.024760347163285155"
230,107,1,"0.016939115600099523"
230,108,1,"0.018413815673445598"
230,109,1,"0.01668514641369532"
230,110,1,"0.017008593909158116"
230,111,1,"0.017264075116793922"
230,112,1,"0.035983991258238895"
230,113,1,"0.019018240411109517"
230,114,1,"0.017008593909158116"
230,115,1,"0.01663525845692586"
230,116,1,"0.0167417199283634"
230,117,1,"0.017264075116793922"
230,118,1,"0.01663525845692586"
230,119,1,"0.016948698050487203"
230,120,1,"0.03644645631240594"
230,121,1,"0.016701349024526916"
230,122,1,"0.01664481677277462"
230,123,1,"0.019259987788896055"
230,124,1,"0.020552444472264956"
230,125,1,"0.017499420966013854"
230,126,1,"0.016608075511457477"
230,127,1,"0.019276152943334995"
230,128,1,"0.02646292348748303"
230,129,1,"0.01721667779886088"
230,130,1,"0.016608075511457477"
230,131,1,"0.01672682988109598"
230,132,1,"0.01669472239791795"
230,133,1,"0.017267145498859444"
230,134,1,"0.016832555282347787"
230,135,1,"0.016751315771924975"
230,136,1,"0.016585425595559193"
230,137,1,"0.017166254842799804"
230,138,1,"0.016939115600099523"
230,139,1,"0.02115064981793446"
230,140,1,"0.016545171367416"
230,141,1,"0.017257376816826257"
230,142,1,"0.01878000419275255"
230,143,1,"0.016701349024526916"
230,144,1,"0.01653564878349565"
230,145,1,"0.018413815673445598"
230,146,1,"0.016841776723557834"
230,147,1,"0.0168514072437766"
230,148,1,"0.017049170525337342"
230,149,1,"0.017257376816826257"
230,150,1,"0.017058871138385102"
240,1,1,"0.01663525845692586"
240,2,1,"0.024760347163285155"
240,3,1,"0.026579400971054896"
240,4,1,"0.017166254842799804"
240,5,1,"0.03666402681550765"
240,6,1,"0.018283483996918867"
240,7,1,"0.017514208116999223"
240,8,1,"0.016691770705869913"
240,9,1,"0.017042495479160726"
240,10,1,"0.0166041747157699"
240,11,1,"0.01663525845692586"
240,12,1,"0.01669472239791795"
240,13,1,"0.017150713780303656"
240,14,1,"0.01662193343470221"
240,15,1,"0.018372825201339864"
240,16,1,"0.017257376816826257"
240,17,1,"0.01826573519475176"
240,18,1,"0.019138673055771886"
240,19,1,"0.016814518796272226"
240,20,1,"0.017150713780303656"
240,21,1,"0.017264075116793922"
240,22,1,"0.01785262769794179"
240,23,1,"0.017264075116793922"
240,24,1,"0.01668514641369532"
240,25,1,"0.017042495479160726"
240,26,1,"0.01878000419275255"
240,27,1,"0.0166041747157699"
240,28,1,"0.019259987788896055"
240,29,1,"0.019138673055771886"
240,30,1,"0.0168514072437766"
240,31,1,"0.01662193343470221"
240,32,1,"0.016898535360844385"
240,33,1,"0.018283483996918867"
240,34,1,"0.01672682988109598"
240,35,1,"0.017042495479160726"
240,36,1,"0.016545171367416"
240,37,1,"0.01876432041732595"
240,38,1,"0.01876432041732595"
240,39,1,"0.016814518796272226"
240,40,1,"0.01663525845692586"
240,41,1,"0.017982477550185023"
240,42,1,"0.018038283881812448"
240,43,1,"0.017042495479160726"
240,44,1,"0.016691770705869913"
240,45,1,"0.03677297854562243"
240,46,1,"0.018413815673445598"
240,47,1,"0.03644645631240594"
240,48,1,"0.036323436874379805"
240,49,1,"0.018169327406307816"
240,50,1,"0.0167417199283634"
240,51,1,"0.01653564878349565"
240,52,1,"0.018098556440026253"
240,53,1,"0.019259987788896055"
240,54,1,"0.018283483996918867"
240,55,1,"0.01668514641369532"
240,56,1,"0.019276152943334995"
240,57,1,"0.01672682988109598"
240,58,1,"0.017166254842799804"
240,59,1,"0.016708932782258847"
240,60,1,"0.016608075511457477"
240,61,1,"0.016832555282347787"
240,62,1,"0.018529789665824994"
240,63,1,"0.01659033507946067"
240,64,1,"0.01664481677277462"
240,65,1,"0.01668514641369532"
240,66,1,"0.017257376816826257"
240,67,1,"0.017058871138385102"
240,68,1,"0.01659033507946067"
240,69,1,"0.017738939317717008"
240,70,1,"0.0168514072437766"
240,71,1,"0.017206925404730417"
240,72,1,"0.01842647141151137"
240,73,1,"0.016751315771924975"
240,74,1,"0.018098070267892147"
240,75,1,"0.017264075116793922"
240,76,1,"0.018098070267892147"
240,77,1,"0.017058871138385102"
240,78,1,"0.016545171367416"
240,79,1,"0.016939115600099523"
240,80,1,"0.018038283881812448"
240,81,1,"0.017982477550185023"
240,82,1,"0.017150713780303656"
240,83,1,"0.017008593909158116"
240,84,1,"0.017257376816826257"
240,85,1,"0.016545171367416"
240,86,1,"0.017046516792675857"
240,87,1,"0.018169327406307816"
240,88,1,"0.017166254842799804"
240,89,1,"0.016958365000337625"
240,90,1,"0.017169193435225622"
240,91,1,"0.017042495479160726"
240,92,1,"0.017985151992508892"
240,93,1,"0.01721667779886088"
240,94,1,"0.03655518541234676"
240,95,1,"0.016958365000337625"
240,96,1,"0.016920938721290756"
240,97,1,"0.016814518796272226"
240,98,1,"0.017257376816826257"
240,99,1,"0.016701349024526916"
240,100,1,"0.016608075511457477"
240,101,1,"0.017264075116793922"
240,102,1,"0.01659496611235911"
240,103,1,"0.019259987788896055"
240,104,1,"0.017264075116793922"
240,105,1,"0.017257376816826257"
240,106,1,"0.01672682988109598"
240,107,1,"0.018169327406307816"
240,108,1,"0.018433595319103154"
240,109,1,"0.017150713780303656"
240,110,1,"0.027532854364689777"
240,111,1,"0.01664481677277462"
240,112,1,"0.016691770705869913"
240,113,1,"0.017264075116793922"
240,114,1,"0.016814518796272226"
240,115,1,"0.017150713780303656"
240,116,1,"0.017166254842799804"
240,117,1,"0.018098070267892147"
240,118,1,"0.036323436874379805"
240,119,1,"0.0171158774834115"
240,120,1,"0.03666402681550765"
240,121,1,"0.01721667779886088"
240,122,1,"0.017106158015606835"
240,123,1,"0.0166041747157699"
240,124,1,"0.017626134742792232"
240,125,1,"0.016791722242523698"
240,126,1,"0.0171158774834115"
240,127,1,"0.016920938721290756"
240,128,1,"0.017267145498859444"
240,129,1,"0.019259987788896055"
240,130,1,"0.01876432041732595"
240,131,1,"0.017166254842799804"
240,132,1,"0.019018240411109517"
240,133,1,"0.016832555282347787"
240,134,1,"0.018098556440026253"
240,135,1,"0.016814518796272226"
240,136,1,"0.016948698050487203"
240,137,1,"0.025586294323910765"
240,138,1,"0.016691770705869913"
240,139,1,"0.016691770705869913"
240,140,1,"0.019259987788896055"
240,141,1,"0.019138673055771886"
240,142,1,"0.017499420966013854"
240,143,1,"0.018098556440026253"
240,144,1,"0.01706083259608153"
240,145,1,"0.016939115600099523"
240,146,1,"0.016898535360844385"
240,147,1,"0.016901530127200862"
240,148,1,"0.0167417199283634"
240,149,1,"0.016608075511457477"
240,150,1,"0.021254403701946867"
250,1,1,"0.02526155407252141"
250,2,1,"0.017982477550185023"
250,3,1,"0.018298696480149937"
250,4,1,"0.017259784631491776"
250,5,1,"0.016920938721290756"
250,6,1,"0.01690818529784604"
250,7,1,"0.017150713780303656"
250,8,1,"0.016814518796272226"
250,9,1,"0.017150713780303656"
250,10,1,"0.017106158015606835"
250,11,1,"0.017514208116999223"
250,12,1,"0.017046516792675857"
250,13,1,"0.018098070267892147"
250,14,1,"0.017156518853568087"
250,15,1,"0.016939115600099523"
250,16,1,"0.018541101565865765"
250,17,1,"0.017206925404730417"
250,18,1,"0.01653564878349565"
250,19,1,"0.016832555282347787"
250,20,1,"0.019259987788896055"
250,21,1,"0.017156518853568087"
250,22,1,"0.01727840782667449"
250,23,1,"0.01706083259608153"
250,24,1,"0.026806934924627483"
250,25,1,"0.016841776723557834"
250,26,1,"0.01690818529784604"
250,27,1,"0.018898685573644065"
250,28,1,"0.01721667779886088"
250,29,1,"0.020988122742488673"
250,30,1,"0.01738848169865882"
250,31,1,"0.016708932782258847"
250,32,1,"0.017166254842799804"
250,33,1,"0.016948698050487203"
250,34,1,"0.016920938721290756"
250,35,1,"0.016948698050487203"
250,36,1,"0.016832555282347787"
250,37,1,"0.01662193343470221"
250,38,1,"0.01738848169865882"
250,39,1,"0.017042495479160726"
250,40,1,"0.026579400971054896"
250,41,1,"0.016585425595559193"
250,42,1,"0.0262953142519876"
250,43,1,"0.016920938721290756"
250,44,1,"0.03644645631240594"
250,45,1,"0.016948698050487203"
250,46,1,"0.016939115600099523"
250,47,1,"0.01663525845692586"
250,48,1,"0.01738848169865882"
250,49,1,"0.017264075116793922"
250,50,1,"0.0166041747157699"
250,51,1,"0.01738848169865882"
250,52,1,"0.016891882456624853"
250,53,1,"0.017042495479160726"
250,54,1,"0.017259784631491776"
250,55,1,"0.01668514641369532"
250,56,1,"0.016958365000337625"
250,57,1,"0.01721667779886088"
250,58,1,"0.016939115600099523"
250,59,1,"0.016901530127200862"
250,60,1,"0.01672682988109598"
250,61,1,"0.0171158774834115"
250,62,1,"0.026579400971054896"
250,63,1,"0.016545171367416"
250,64,1,"0.017058871138385102"
250,65,1,"0.017046516792675857"
250,66,1,"0.017259784631491776"
250,67,1,"0.01690818529784604"
250,68,1,"0.018098556440026253"
250,69,1,"0.016545171367416"
250,70,1,"0.016691770705869913"
250,71,1,"0.016545171367416"
250,72,1,"0.017046516792675857"
250,73,1,"0.016901530127200862"
250,74,1,"0.01738848169865882"
250,75,1,"0.017166254842799804"
250,76,1,"0.01663525845692586"
250,77,1,"0.01669472239791795"
250,78,1,"0.016901530127200862"
250,79,1,"0.017150713780303656"
250,80,1,"0.01804534018832561"
250,81,1,"0.017046516792675857"
250,82,1,"0.018646623063094555"
250,83,1,"0.016701349024526916"
250,84,1,"0.017267145498859444"
250,85,1,"0.016545171367416"
250,86,1,"0.018038283881812448"
250,87,1,"0.016898535360844385"
250,88,1,"0.017259784631491776"
250,89,1,"0.01804534018832561"
250,90,1,"0.017046516792675857"
250,91,1,"0.016708932782258847"
250,92,1,"0.01662193343470221"
250,93,1,"0.017169193435225622"
250,94,1,"0.01738848169865882"
250,95,1,"0.018038283881812448"
250,96,1,"0.017206925404730417"
250,97,1,"0.017267145498859444"
250,98,1,"0.0168514072437766"
250,99,1,"0.025079276456712204"
250,100,1,"0.01668514641369532"
250,101,1,"0.01668514641369532"
250,102,1,"0.017982477550185023"
250,103,1,"0.016814518796272226"
250,104,1,"0.018283483996918867"
250,105,1,"0.018098070267892147"
250,106,1,"0.016901530127200862"
250,107,1,"0.017259784631491776"
250,108,1,"0.018898685573644065"
250,109,1,"0.016920938721290756"
250,110,1,"0.016939115600099523"
250,111,1,"0.017206925404730417"
250,112,1,"0.01721667779886088"
250,113,1,"0.016608075511457477"
250,114,1,"0.01653564878349565"
250,115,1,"0.016958365000337625"
250,116,1,"0.017169193435225622"
250,117,1,"0.017257376816826257"
250,118,1,"0.016814518796272226"
250,119,1,"0.017156518853568087"
250,120,1,"0.016585425595559193"
250,121,1,"0.017206925404730417"
250,122,1,"0.01653564878349565"
250,123,1,"0.017109195809889975"
250,124,1,"0.016832555282347787"
250,125,1,"0.017166254842799804"
250,126,1,"0.01664481677277462"
250,127,1,"0.016841776723557834"
250,128,1,"0.01662193343470221"
250,129,1,"0.016691770705869913"
250,130,1,"0.01662193343470221"
250,131,1,"0.01706083259608153"
250,132,1,"0.017259784631491776"
250,133,1,"0.017042495479160726"
250,134,1,"0.016920938721290756"
250,135,1,"0.01878000419275255"
250,136,1,"0.027509847627129148"
250,137,1,"0.018529789665824994"
250,138,1,"0.018898685573644065"
250,139,1,"0.016691770705869913"
250,140,1,"0.01668514641369532"
250,141,1,"0.017982477550185023"
250,142,1,"0.018529789665824994"
250,143,1,"0.017109195809889975"
250,144,1,"0.01820520725960666"
250,145,1,"0.01668514641369532"
250,146,1,"0.0171158774834115"
250,147,1,"0.0166041747157699"
250,148,1,"0.017058871138385102"
250,149,1,"0.019259987788896055"
250,150,1,"0.026641810508902748"
260,1,1,"0.017257376816826257"
260,2,1,"0.018098070267892147"
260,3,1,"0.016939115600099523"
260,4,1,"0.017206925404730417"
260,5,1,"0.017514208116999223"
260,6,1,"0.017206925404730417"
260,7,1,"0.016608075511457477"
260,8,1,"0.018098556440026253"
260,9,1,"0.0166041747157699"
260,10,1,"0.017257376816826257"
260,11,1,"0.017206925404730417"
260,12,1,"0.016545171367416"
260,13,1,"0.016691770705869913"
260,14,1,"0.016891882456624853"
260,15,1,"0.017626134742792232"
260,16,1,"0.0166041747157699"
260,17,1,"0.017166254842799804"
260,18,1,"0.01653564878349565"
260,19,1,"0.01668514641369532"
260,20,1,"0.01653564878349565"
260,21,1,"0.0166041747157699"
260,22,1,"0.0168514072437766"
260,23,1,"0.017257376816826257"
260,24,1,"0.01662193343470221"
260,25,1,"0.018529789665824994"
260,26,1,"0.017206925404730417"
260,27,1,"0.016841776723557834"
260,28,1,"0.017206925404730417"
260,29,1,"0.017166254842799804"
260,30,1,"0.016608075511457477"
260,31,1,"0.0166041747157699"
260,32,1,"0.01785262769794179"
260,33,1,"0.018169327406307816"
260,34,1,"0.017267145498859444"
260,35,1,"0.016585425595559193"
260,36,1,"0.01662193343470221"
260,37,1,"0.01668514641369532"
260,38,1,"0.016585425595559193"
260,39,1,"0.016832555282347787"
260,40,1,"0.01662193343470221"
260,41,1,"0.01804534018832561"
260,42,1,"0.01721667779886088"
260,43,1,"0.016920938721290756"
260,44,1,"0.0168514072437766"
260,45,1,"0.018098070267892147"
260,46,1,"0.016939115600099523"
260,47,1,"0.01668514641369532"
260,48,1,"0.018646623063094555"
260,49,1,"0.01876432041732595"
260,50,1,"0.016920938721290756"
260,51,1,"0.016939115600099523"
260,52,1,"0.017046516792675857"
260,53,1,"0.01785262769794179"
260,54,1,"0.035983991258238895"
260,55,1,"0.01663525845692586"
260,56,1,"0.01727840782667449"
260,57,1,"0.016585425595559193"
260,58,1,"0.018413815673445598"
260,59,1,"0.0166041747157699"
260,60,1,"0.017514208116999223"
260,61,1,"0.017150713780303656"
260,62,1,"0.0166041747157699"
260,63,1,"0.035983991258238895"
260,64,1,"0.0168514072437766"
260,65,1,"0.01668514641369532"
260,66,1,"0.016708932782258847"
260,67,1,"0.01663525845692586"
260,68,1,"0.017985151992508892"
260,69,1,"0.016691770705869913"
260,70,1,"0.017982477550185023"
260,71,1,"0.01721667779886088"
260,72,1,"0.017150713780303656"
260,73,1,"0.016832555282347787"
260,74,1,"0.016832555282347787"
260,75,1,"0.017267145498859444"
260,76,1,"0.01864886186527922"
260,77,1,"0.026696879537783946"
260,78,1,"0.016832555282347787"
260,79,1,"0.017042495479160726"
260,80,1,"0.01668514641369532"
260,81,1,"0.018098556440026253"
260,82,1,"0.018646623063094555"
260,83,1,"0.017206925404730417"
260,84,1,"0.01662193343470221"
260,85,1,"0.01672682988109598"
260,86,1,"0.01706083259608153"
260,87,1,"0.016545171367416"
260,88,1,"0.016841776723557834"
260,89,1,"0.01659033507946067"
260,90,1,"0.016801335486704604"
260,91,1,"0.016585425595559193"
260,92,1,"0.016545171367416"
260,93,1,"0.01662193343470221"
260,94,1,"0.018098556440026253"
260,95,1,"0.020929355803778346"
260,96,1,"0.019018240411109517"
260,97,1,"0.017046516792675857"
260,98,1,"0.018038283881812448"
260,99,1,"0.016898535360844385"
260,100,1,"0.01663525845692586"
260,101,1,"0.01663525845692586"
260,102,1,"0.016901530127200862"
260,103,1,"0.017982477550185023"
260,104,1,"0.0166041747157699"
260,105,1,"0.0168514072437766"
260,106,1,"0.016814518796272226"
260,107,1,"0.02646292348748303"
260,108,1,"0.018372825201339864"
260,109,1,"0.025100569563986944"
260,110,1,"0.01672682988109598"
260,111,1,"0.016585425595559193"
260,112,1,"0.01663525845692586"
260,113,1,"0.01672682988109598"
260,114,1,"0.018169327406307816"
260,115,1,"0.016608075511457477"
260,116,1,"0.01805601561651799"
260,117,1,"0.01690818529784604"
260,118,1,"0.017626134742792232"
260,119,1,"0.017514208116999223"
260,120,1,"0.017058871138385102"
260,121,1,"0.018098556440026253"
260,122,1,"0.01721667779886088"
260,123,1,"0.01664481677277462"
260,124,1,"0.016920938721290756"
260,125,1,"0.017046516792675857"
260,126,1,"0.016939115600099523"
260,127,1,"0.018646623063094555"
260,128,1,"0.017267145498859444"
260,129,1,"0.016920938721290756"
260,130,1,"0.01662193343470221"
260,131,1,"0.01727840782667449"
260,132,1,"0.018529789665824994"
260,133,1,"0.01659496611235911"
260,134,1,"0.0254234638303065"
260,135,1,"0.016832555282347787"
260,136,1,"0.017499420966013854"
260,137,1,"0.017150713780303656"
260,138,1,"0.019259987788896055"
260,139,1,"0.016832555282347787"
260,140,1,"0.019138673055771886"
260,141,1,"0.016701349024526916"
260,142,1,"0.016708932782258847"
260,143,1,"0.0210400045278945"
260,144,1,"0.01706083259608153"
260,145,1,"0.017106158015606835"
260,146,1,"0.01659033507946067"
260,147,1,"0.016691770705869913"
260,148,1,"0.016585425595559193"
260,149,1,"0.01721667779886088"
260,150,1,"0.016920938721290756"
270,1,1,"0.016814518796272226"
270,2,1,"0.016832555282347787"
270,3,1,"0.01662193343470221"
270,4,1,"0.017166254842799804"
270,5,1,"0.017150713780303656"
270,6,1,"0.017150713780303656"
270,7,1,"0.017259784631491776"
270,8,1,"0.017042495479160726"
270,9,1,"0.01669472239791795"
270,10,1,"0.017046516792675857"
270,11,1,"0.0171158774834115"
270,12,1,"0.016920938721290756"
270,13,1,"0.01664481677277462"
270,14,1,"0.017042495479160726"
270,15,1,"0.01876432041732595"
270,16,1,"0.016898535360844385"
270,17,1,"0.01653564878349565"
270,18,1,"0.01664481677277462"
270,19,1,"0.017738939317717008"
270,20,1,"0.018541101565865765"
270,21,1,"0.017626134742792232"
270,22,1,"0.016920938721290756"
270,23,1,"0.016585425595559193"
270,24,1,"0.01659033507946067"
270,25,1,"0.0187100012874527"
270,26,1,"0.0173176570983515"
270,27,1,"0.01672682988109598"
270,28,1,"0.01785262769794179"
270,29,1,"0.01721667779886088"
270,30,1,"0.016832555282347787"
270,31,1,"0.017257376816826257"
270,32,1,"0.017042495479160726"
270,33,1,"0.016841776723557834"
270,34,1,"0.01804534018832561"
270,35,1,"0.017206925404730417"
270,36,1,"0.016691770705869913"
270,37,1,"0.01664481677277462"
270,38,1,"0.016832555282347787"
270,39,1,"0.016691770705869913"
270,40,1,"0.016585425595559193"
270,41,1,"0.016814518796272226"
270,42,1,"0.018319246074879798"
270,43,1,"0.016814518796272226"
270,44,1,"0.01659033507946067"
270,45,1,"0.01653564878349565"
270,46,1,"0.01738848169865882"
270,47,1,"0.01804534018832561"
270,48,1,"0.017257376816826257"
270,49,1,"0.0166041747157699"
270,50,1,"0.016545171367416"
270,51,1,"0.017257376816826257"
270,52,1,"0.016691770705869913"
270,53,1,"0.01668514641369532"
270,54,1,"0.017046516792675857"
270,55,1,"0.01662193343470221"
270,56,1,"0.0167417199283634"
270,57,1,"0.017267145498859444"
270,58,1,"0.018646623063094555"
270,59,1,"0.016708932782258847"
270,60,1,"0.016832555282347787"
270,61,1,"0.016691770705869913"
270,62,1,"0.016832555282347787"
270,63,1,"0.016585425595559193"
270,64,1,"0.01721667779886088"
270,65,1,"0.01706083259608153"
270,66,1,"0.01706083259608153"
270,67,1,"0.017264075116793922"
270,68,1,"0.016814518796272226"
270,69,1,"0.017267145498859444"
270,70,1,"0.016585425595559193"
270,71,1,"0.0168514072437766"
270,72,1,"0.017267145498859444"
270,73,1,"0.026641810508902748"
270,74,1,"0.01672682988109598"
270,75,1,"0.017267145498859444"
270,76,1,"0.018487316122989133"
270,77,1,"0.026631416228004922"
270,78,1,"0.017166254842799804"
270,79,1,"0.01669472239791795"
270,80,1,"0.0167417199283634"
270,81,1,"0.017049170525337342"
270,82,1,"0.017049170525337342"
270,83,1,"0.024760347163285155"
270,84,1,"0.01706083259608153"
270,85,1,"0.016832555282347787"
270,86,1,"0.016545171367416"
270,87,1,"0.017626134742792232"
270,88,1,"0.0166041747157699"
270,89,1,"0.017257376816826257"
270,90,1,"0.016585425595559193"
270,91,1,"0.016939115600099523"
270,92,1,"0.017166254842799804"
270,93,1,"0.016920938721290756"
270,94,1,"0.016958365000337625"
270,95,1,"0.0166041747157699"
270,96,1,"0.01721667779886088"
270,97,1,"0.017985151992508892"
270,98,1,"0.017106158015606835"
270,99,1,"0.016814518796272226"
270,100,1,"0.01659033507946067"
270,101,1,"0.0166041747157699"
270,102,1,"0.01659033507946067"
270,103,1,"0.01706083259608153"
270,104,1,"0.01659033507946067"
270,105,1,"0.016751315771924975"
270,106,1,"0.01669472239791795"
270,107,1,"0.016814518796272226"
270,108,1,"0.01663525845692586"
270,109,1,"0.01668514641369532"
270,110,1,"0.018646623063094555"
270,111,1,"0.017257376816826257"
270,112,1,"0.01727840782667449"
270,113,1,"0.026579400971054896"
270,114,1,"0.018098556440026253"
270,115,1,"0.016901530127200862"
270,116,1,"0.01721667779886088"
270,117,1,"0.016585425595559193"
270,118,1,"0.016545171367416"
270,119,1,"0.01664481677277462"
270,120,1,"0.017982477550185023"
270,121,1,"0.017046516792675857"
270,122,1,"0.01659033507946067"
270,123,1,"0.018098070267892147"
270,124,1,"0.017257376816826257"
270,125,1,"0.017985151992508892"
270,126,1,"0.017008593909158116"
270,127,1,"0.0262953142519876"
270,128,1,"0.01668514641369532"
270,129,1,"0.017499420966013854"
270,130,1,"0.01706083259608153"
270,131,1,"0.01672682988109598"
270,132,1,"0.0166041747157699"
270,133,1,"0.021202527804949304"
270,134,1,"0.0168514072437766"
270,135,1,"0.017514208116999223"
270,136,1,"0.01690818529784604"
270,137,1,"0.01653564878349565"
270,138,1,"0.016901530127200862"
270,139,1,"0.01663525845692586"
270,140,1,"0.016814518796272226"
270,141,1,"0.017166254842799804"
270,142,1,"0.01659496611235911"
270,143,1,"0.017150713780303656"
270,144,1,"0.017042495479160726"
270,145,1,"0.017267145498859444"
270,146,1,"0.016920938721290756"
270,147,1,"0.01690818529784604"
270,148,1,"0.017166254842799804"
270,149,1,"0.017046516792675857"
270,150,1,"0.01659496611235911"
280,1,1,"0.017206925404730417"
280,2,1,"0.017166254842799804"
280,3,1,"0.01663525845692586"
280,4,1,"0.017156518853568087"
280,5,1,"0.016691770705869913"
280,6,1,"0.017499420966013854"
280,7,1,"0.018413815673445598"
280,8,1,"0.017257376816826257"
280,9,1,"0.017109195809889975"
280,10,1,"0.018098556440026253"
280,11,1,"0.01653564878349565"
280,12,1,"0.017264075116793922"
280,13,1,"0.016585425595559193"
280,14,1,"0.01664481677277462"
280,15,1,"0.017008593909158116"
280,16,1,"0.016891882456624853"
280,17,1,"0.01721667779886088"
280,18,1,"0.01662193343470221"
280,19,1,"0.016814518796272226"
280,20,1,"0.01659496611235911"
280,21,1,"0.016901530127200862"
280,22,1,"0.0166041747157699"
280,23,1,"0.01727840782667449"
280,24,1,"0.0169989100680227"
280,25,1,"0.017008593909158116"
280,26,1,"0.0210400045278945"
280,27,1,"0.0166041747157699"
280,28,1,"0.017109195809889975"
280,29,1,"0.016891882456624853"
280,30,1,"0.01706083259608153"
280,31,1,"0.016545171367416"
280,32,1,"0.017042495479160726"
280,33,1,"0.021254403701946867"
280,34,1,"0.016814518796272226"
280,35,1,"0.018298696480149937"
280,36,1,"0.018298696480149937"
280,37,1,"0.018413815673445598"
280,38,1,"0.018646623063094555"
280,39,1,"0.017982477550185023"
280,40,1,"0.024760347163285155"
280,41,1,"0.017042495479160726"
280,42,1,"0.016939115600099523"
280,43,1,"0.017150713780303656"
280,44,1,"0.016545171367416"
280,45,1,"0.016841776723557834"
280,46,1,"0.01662193343470221"
280,47,1,"0.016939115600099523"
280,48,1,"0.017206925404730417"
280,49,1,"0.0166041747157699"
280,50,1,"0.018298696480149937"
280,51,1,"0.016608075511457477"
280,52,1,"0.017166254842799804"
280,53,1,"0.017150713780303656"
280,54,1,"0.016708932782258847"
280,55,1,"0.016691770705869913"
280,56,1,"0.019138673055771886"
280,57,1,"0.01653564878349565"
280,58,1,"0.0166041747157699"
280,59,1,"0.016545171367416"
280,60,1,"0.016691770705869913"
280,61,1,"0.01653564878349565"
280,62,1,"0.01662193343470221"
280,63,1,"0.017058871138385102"
280,64,1,"0.016585425595559193"
280,65,1,"0.01662193343470221"
280,66,1,"0.018529789665824994"
280,67,1,"0.0169989100680227"
280,68,1,"0.01663525845692586"
280,69,1,"0.017109195809889975"
280,70,1,"0.018098556440026253"
280,71,1,"0.017166254842799804"
280,72,1,"0.01659033507946067"
280,73,1,"0.016585425595559193"
280,74,1,"0.017264075116793922"
280,75,1,"0.016691770705869913"
280,76,1,"0.017058871138385102"
280,77,1,"0.01659033507946067"
280,78,1,"0.017042495479160726"
280,79,1,"0.0167417199283634"
280,80,1,"0.016832555282347787"
280,81,1,"0.016898535360844385"
280,82,1,"0.016545171367416"
280,83,1,"0.017206925404730417"
280,84,1,"0.016701349024526916"
280,85,1,"0.016585425595559193"
280,86,1,"0.016939115600099523"
280,87,1,"0.01653564878349565"
280,88,1,"0.016708932782258847"
280,89,1,"0.016841776723557834"
280,90,1,"0.017206925404730417"
280,91,1,"0.016608075511457477"
280,92,1,"0.01659033507946067"
280,93,1,"0.0166041747157699"
280,94,1,"0.016545171367416"
280,95,1,"0.017046516792675857"
280,96,1,"0.024919344972319506"
280,97,1,"0.01706083259608153"
280,98,1,"0.016708932782258847"
280,99,1,"0.016545171367416"
280,100,1,"0.0169989100680227"
280,101,1,"0.016585425595559193"
280,102,1,"0.01659033507946067"
280,103,1,"0.016751315771924975"
280,104,1,"0.016901530127200862"
280,105,1,"0.016832555282347787"
280,106,1,"0.016585425595559193"
280,107,1,"0.01663525845692586"
280,108,1,"0.01659033507946067"
280,109,1,"0.017156518853568087"
280,110,1,"0.01653564878349565"
280,111,1,"0.017042495479160726"
280,112,1,"0.016920938721290756"
280,113,1,"0.018098070267892147"
280,114,1,"0.017264075116793922"
280,115,1,"0.01690818529784604"
280,116,1,"0.01669472239791795"
280,117,1,"0.01662193343470221"
280,118,1,"0.01653564878349565"
280,119,1,"0.016751315771924975"
280,120,1,"0.016608075511457477"
280,121,1,"0.016791722242523698"
280,122,1,"0.017156518853568087"
280,123,1,"0.016814518796272226"
280,124,1,"0.016814518796272226"
280,125,1,"0.0187100012874527"
280,126,1,"0.017514208116999223"
280,127,1,"0.016814518796272226"
280,128,1,"0.017985151992508892"
280,129,1,"0.018898685573644065"
280,130,1,"0.017206925404730417"
280,131,1,"0.017514208116999223"
280,132,1,"0.017169193435225622"
280,133,1,"0.017206925404730417"
280,134,1,"0.018283483996918867"
280,135,1,"0.017514208116999223"
280,136,1,"0.0166041747157699"
280,137,1,"0.01672682988109598"
280,138,1,"0.016958365000337625"
280,139,1,"0.01664481677277462"
280,140,1,"0.017267145498859444"
280,141,1,"0.017499420966013854"
280,142,1,"0.0167417199283634"
280,143,1,"0.01664481677277462"
280,144,1,"0.017042495479160726"
280,145,1,"0.016545171367416"
280,146,1,"0.017206925404730417"
280,147,1,"0.017257376816826257"
280,148,1,"0.01659033507946067"
280,149,1,"0.01669472239791795"
280,150,1,"0.016898535360844385"
290,1,1,"0.01663525845692586"
290,2,1,"0.017166254842799804"
290,3,1,"0.017264075116793922"
290,4,1,"0.01672682988109598"
290,5,1,"0.016691770705869913"
290,6,1,"0.016708932782258847"
290,7,1,"0.016701349024526916"
290,8,1,"0.017257376816826257"
290,9,1,"0.01672682988109598"
290,10,1,"0.017499420966013854"
290,11,1,"0.017626134742792232"
290,12,1,"0.016939115600099523"
290,13,1,"0.016832555282347787"
290,14,1,"0.0169989100680227"
290,15,1,"0.017259784631491776"
290,16,1,"0.016608075511457477"
290,17,1,"0.017206925404730417"
290,18,1,"0.01878000419275255"
290,19,1,"0.01662193343470221"
290,20,1,"0.017206925404730417"
290,21,1,"0.01664481677277462"
290,22,1,"0.017150713780303656"
290,23,1,"0.01727840782667449"
290,24,1,"0.016841776723557834"
290,25,1,"0.017257376816826257"
290,26,1,"0.018098070267892147"
290,27,1,"0.017257376816826257"
290,28,1,"0.01659496611235911"
290,29,1,"0.017169193435225622"
290,30,1,"0.01864886186527922"
290,31,1,"0.018529789665824994"
290,32,1,"0.017257376816826257"
290,33,1,"0.018298696480149937"
290,34,1,"0.016608075511457477"
290,35,1,"0.02115064981793446"
290,36,1,"0.016608075511457477"
290,37,1,"0.016920938721290756"
290,38,1,"0.016898535360844385"
290,39,1,"0.017514208116999223"
290,40,1,"0.01721667779886088"
290,41,1,"0.017982477550185023"
290,42,1,"0.016791722242523698"
290,43,1,"0.017058871138385102"
290,44,1,"0.016814518796272226"
290,45,1,"0.017264075116793922"
290,46,1,"0.017738939317717008"
290,47,1,"0.016691770705869913"
290,48,1,"0.016948698050487203"
290,49,1,"0.01662193343470221"
290,50,1,"0.016939115600099523"
290,51,1,"0.01706083259608153"
290,52,1,"0.017738939317717008"
290,53,1,"0.017259784631491776"
290,54,1,"0.0166041747157699"
290,55,1,"0.017206925404730417"
290,56,1,"0.017150713780303656"
290,57,1,"0.017267145498859444"
290,58,1,"0.017166254842799804"
290,59,1,"0.019018240411109517"
290,60,1,"0.0168514072437766"
290,61,1,"0.016791722242523698"
290,62,1,"0.017046516792675857"
290,63,1,"0.0171158774834115"
290,64,1,"0.019259987788896055"
290,65,1,"0.01663525845692586"
290,66,1,"0.016585425595559193"
290,67,1,"0.017042495479160726"
290,68,1,"0.016814518796272226"
290,69,1,"0.017257376816826257"
290,70,1,"0.017150713780303656"
290,71,1,"0.016814518796272226"
290,72,1,"0.017008593909158116"
290,73,1,"0.01653564878349565"
290,74,1,"0.01653564878349565"
290,75,1,"0.017257376816826257"
290,76,1,"0.016891882456624853"
290,77,1,"0.017169193435225622"
290,78,1,"0.016920938721290756"
290,79,1,"0.016708932782258847"
290,80,1,"0.01721667779886088"
290,81,1,"0.01668514641369532"
290,82,1,"0.017042495479160726"
290,83,1,"0.016814518796272226"
290,84,1,"0.0168514072437766"
290,85,1,"0.016608075511457477"
290,86,1,"0.017042495479160726"
290,87,1,"0.017514208116999223"
290,88,1,"0.01878000419275255"
290,89,1,"0.016901530127200862"
290,90,1,"0.016691770705869913"
290,91,1,"0.017058871138385102"
290,92,1,"0.01706083259608153"
290,93,1,"0.017166254842799804"
290,94,1,"0.017259784631491776"
290,95,1,"0.016608075511457477"
290,96,1,"0.018283483996918867"
290,97,1,"0.018098070267892147"
290,98,1,"0.016585425595559193"
290,99,1,"0.017169193435225622"
290,100,1,"0.01659033507946067"
290,101,1,"0.017150713780303656"
290,102,1,"0.019259987788896055"
290,103,1,"0.01662193343470221"
290,104,1,"0.01663525845692586"
290,105,1,"0.016901530127200862"
290,106,1,"0.017169193435225622"
290,107,1,"0.016801335486704604"
290,108,1,"0.01659033507946067"
290,109,1,"0.017166254842799804"
290,110,1,"0.01664481677277462"
290,111,1,"0.018169327406307816"
290,112,1,"0.017499420966013854"
290,113,1,"0.017156518853568087"
290,114,1,"0.01659033507946067"
290,115,1,"0.016901530127200862"
290,116,1,"0.01721667779886088"
290,117,1,"0.018646623063094555"
290,118,1,"0.0167417199283634"
290,119,1,"0.01672682988109598"
290,120,1,"0.01653564878349565"
290,121,1,"0.01659496611235911"
290,122,1,"0.016832555282347787"
290,123,1,"0.016545171367416"
290,124,1,"0.017008593909158116"
290,125,1,"0.016691770705869913"
290,126,1,"0.017166254842799804"
290,127,1,"0.024919344972319506"
290,128,1,"0.01706083259608153"
290,129,1,"0.016691770705869913"
290,130,1,"0.01662193343470221"
290,131,1,"0.018433595319103154"
290,132,1,"0.017058871138385102"
290,133,1,"0.02114376540146326"
290,134,1,"0.01659496611235911"
290,135,1,"0.01663525845692586"
290,136,1,"0.01659033507946067"
290,137,1,"0.01706083259608153"
290,138,1,"0.016832555282347787"
290,139,1,"0.017166254842799804"
290,140,1,"0.01721667779886088"
290,141,1,"0.01662193343470221"
290,142,1,"0.016832555282347787"
290,143,1,"0.017150713780303656"
290,144,1,"0.016751315771924975"
290,145,1,"0.016832555282347787"
290,146,1,"0.017267145498859444"
290,147,1,"0.01672682988109598"
290,148,1,"0.01672682988109598"
290,149,1,"0.01663525845692586"
290,150,1,"0.017264075116793922"
300,1,1,"0.0169989100680227"
300,2,1,"0.017257376816826257"
300,3,1,"0.01663525845692586"
300,4,1,"0.01662193343470221"
300,5,1,"0.016608075511457477"
300,6,1,"0.017109195809889975"
300,7,1,"0.017264075116793922"
300,8,1,"0.01664481677277462"
300,9,1,"0.017106158015606835"
300,10,1,"0.016898535360844385"
300,11,1,"0.01653564878349565"
300,12,1,"0.016545171367416"
300,13,1,"0.017106158015606835"
300,14,1,"0.01672682988109598"
300,15,1,"0.01706083259608153"
300,16,1,"0.017738939317717008"
300,17,1,"0.01659033507946067"
300,18,1,"0.016708932782258847"
300,19,1,"0.016691770705869913"
300,20,1,"0.01672682988109598"
300,21,1,"0.01672682988109598"
300,22,1,"0.01659496611235911"
300,23,1,"0.016608075511457477"
300,24,1,"0.016708932782258847"
300,25,1,"0.016939115600099523"
300,26,1,"0.017738939317717008"
300,27,1,"0.01690818529784604"
300,28,1,"0.016691770705869913"
300,29,1,"0.016841776723557834"
300,30,1,"0.017042495479160726"
300,31,1,"0.01672682988109598"
300,32,1,"0.01664481677277462"
300,33,1,"0.0166041747157699"
300,34,1,"0.016920938721290756"
300,35,1,"0.01668514641369532"
300,36,1,"0.016814518796272226"
300,37,1,"0.016891882456624853"
300,38,1,"0.016608075511457477"
300,39,1,"0.016585425595559193"
300,40,1,"0.017206925404730417"
300,41,1,"0.016891882456624853"
300,42,1,"0.01706083259608153"
300,43,1,"0.0187100012874527"
300,44,1,"0.01706083259608153"
300,45,1,"0.016891882456624853"
300,46,1,"0.017150713780303656"
300,47,1,"0.016939115600099523"
300,48,1,"0.016701349024526916"
300,49,1,"0.016708932782258847"
300,50,1,"0.016939115600099523"
300,51,1,"0.016920938721290756"
300,52,1,"0.016545171367416"
300,53,1,"0.016920938721290756"
300,54,1,"0.01669472239791795"
300,55,1,"0.016585425595559193"
300,56,1,"0.01721667779886088"
300,57,1,"0.01662193343470221"
300,58,1,"0.01721667779886088"
300,59,1,"0.01721667779886088"
300,60,1,"0.017267145498859444"
300,61,1,"0.016608075511457477"
300,62,1,"0.016920938721290756"
300,63,1,"0.017046516792675857"
300,64,1,"0.017264075116793922"
300,65,1,"0.017008593909158116"
300,66,1,"0.016832555282347787"
300,67,1,"0.01662193343470221"
300,68,1,"0.017514208116999223"
300,69,1,"0.01653564878349565"
300,70,1,"0.016585425595559193"
300,71,1,"0.01653564878349565"
300,72,1,"0.01706083259608153"
300,73,1,"0.01826573519475176"
300,74,1,"0.01662193343470221"
300,75,1,"0.0166041747157699"
300,76,1,"0.01668514641369532"
300,77,1,"0.018646623063094555"
300,78,1,"0.016751315771924975"
300,79,1,"0.016545171367416"
300,80,1,"0.017206925404730417"
300,81,1,"0.017166254842799804"
300,82,1,"0.01662193343470221"
300,83,1,"0.017109195809889975"
300,84,1,"0.016832555282347787"
300,85,1,"0.016939115600099523"
300,86,1,"0.01669472239791795"
300,87,1,"0.01864886186527922"
300,88,1,"0.017514208116999223"
300,89,1,"0.017738939317717008"
300,90,1,"0.02115064981793446"
300,91,1,"0.017257376816826257"
300,92,1,"0.01664481677277462"
300,93,1,"0.01669472239791795"
300,94,1,"0.01721667779886088"
300,95,1,"0.018646623063094555"
300,96,1,"0.017042495479160726"
300,97,1,"0.01804534018832561"
300,98,1,"0.016948698050487203"
300,99,1,"0.017264075116793922"
300,100,1,"0.017150713780303656"
300,101,1,"0.016939115600099523"
300,102,1,"0.016585425595559193"
300,103,1,"0.017738939317717008"
300,104,1,"0.016920938721290756"
300,105,1,"0.016948698050487203"
300,106,1,"0.017042495479160726"
300,107,1,"0.01659496611235911"
300,108,1,"0.016898535360844385"
300,109,1,"0.016585425595559193"
300,110,1,"0.017206925404730417"
300,111,1,"0.01653564878349565"
300,112,1,"0.01690818529784604"
300,113,1,"0.017206925404730417"
300,114,1,"0.01804534018832561"
300,115,1,"0.01659033507946067"
300,116,1,"0.017058871138385102"
300,117,1,"0.01690818529784604"
300,118,1,"0.01662193343470221"
300,119,1,"0.01672682988109598"
300,120,1,"0.016814518796272226"
300,121,1,"0.016608075511457477"
300,122,1,"0.01721667779886088"
300,123,1,"0.017206925404730417"
300,124,1,"0.01659496611235911"
300,125,1,"0.01672682988109598"
300,126,1,"0.01727840782667449"
300,127,1,"0.017150713780303656"
300,128,1,"0.017042495479160726"
300,129,1,"0.018169327406307816"
300,130,1,"0.01672682988109598"
300,131,1,"0.0166041747157699"
300,132,1,"0.017257376816826257"
300,133,1,"0.017738939317717008"
300,134,1,"0.017169193435225622"
300,135,1,"0.01668514641369532"
300,136,1,"0.018487316122989133"
300,137,1,"0.0166041747157699"
300,138,1,"0.0167417199283634"
300,139,1,"0.017257376816826257"
300,140,1,"0.01721667779886088"
300,141,1,"0.01659496611235911"
300,142,1,"0.016814518796272226"
300,143,1,"0.016608075511457477"
300,144,1,"0.01659496611235911"
300,145,1,"0.017259784631491776"
300,146,1,"0.017042495479160726"
300,147,1,"0.0168514072437766"
300,148,1,"0.0169989100680227"
300,149,1,"0.01653564878349565"
300,150,1,"0.017982477550185023"
