segment_length,run_index,rank,births
20,1,0,""
20,2,0,""
20,3,0,""
20,4,0,""
20,5,0,""
20,6,0,""
20,7,0,""
20,8,0,""
20,9,0,""
20,10,0,""
20,11,0,""
20,12,0,""
20,13,0,""
20,14,0,""
20,15,0,""
20,16,0,""
20,17,0,""
20,18,0,""
20,19,0,""
20,20,0,""
20,21,0,""
20,22,0,""
20,23,0,""
20,24,0,""
20,25,0,""
20,26,0,""
20,27,0,""
20,28,0,""
20,29,0,""
20,30,0,""
20,31,0,""
20,32,0,""
20,33,0,""
20,34,0,""
20,35,0,""
20,36,0,""
20,37,0,""
20,38,0,""
20,39,0,""
20,40,0,""
20,41,0,""
20,42,0,""
20,43,0,""
20,44,0,""
20,45,0,""
20,46,0,""
20,47,0,""
20,48,0,""
20,49,0,""
20,50,0,""
20,51,0,""
20,52,0,""
20,53,0,""
20,54,0,""
20,55,0,""
20,56,0,""
20,57,0,""
20,58,0,""
20,59,0,""
20,60,0,""
20,61,0,""
20,62,0,""
20,63,0,""
20,64,0,""
20,65,0,""
20,66,0,""
20,67,0,""
20,68,0,""
20,69,0,""
20,70,0,""
20,71,0,""
20,72,0,""
20,73,0,""
20,74,0,""
20,75,0,""
20,76,0,""
20,77,0,""
20,78,0,""
20,79,0,""
20,80,0,""
20,81,0,""
20,82,0,""
20,83,0,""
20,84,0,""
20,85,0,""
20,86,0,""
20,87,0,""
20,88,0,""
20,89,0,""
20,90,0,""
20,91,0,""
20,92,0,""
20,93,0,""
20,94,0,""
20,95,0,""
20,96,0,""
20,97,0,""
20,98,0,""
20,99,0,""
20,100,0,""
20,101,0,""
20,102,0,""
20,103,0,""
20,104,0,""
20,105,0,""
20,106,0,""
20,107,0,""
20,108,0,""
20,109,0,""
20,110,0,""
20,111,0,""
20,112,0,""
20,113,0,""
20,114,0,""
20,115,0,""
20,116,0,""
20,117,0,""
20,118,0,""
20,119,0,""
20,120,0,""
20,121,0,""
20,122,0,""
20,123,0,""
20,124,0,""
20,125,0,""
20,126,0,""
20,127,0,""
20,128,0,""
20,129,0,""
20,130,0,""
20,131,0,""
20,132,0,""
20,133,0,""
20,134,0,""
20,135,0,""
20,136,0,""
20,137,0,""
20,138,0,""
20,139,0,""
20,140,0,""
20,141,0,""
20,142,0,""
20,143,0,""
20,144,0,""
20,145,0,""
20,146,0,""
20,147,0,""
20,148,0,""
20,149,0,""
20,150,0,""
40,1,0,""
40,2,0,""
40,3,0,""
40,4,0,""
40,5,0,""
40,6,0,""
40,7,0,""
40,8,0,""
40,9,0,""
40,10,0,""
40,11,0,""
40,12,0,""
40,13,0,""
40,14,0,""
40,15,0,""
40,16,0,""
40,17,0,""
40,18,0,""
40,19,0,""
40,20,0,""
40,21,0,""
40,22,0,""
40,23,0,""
40,24,0,""
40,25,0,""
40,26,0,""
40,27,0,""
40,28,0,""
40,29,0,""
40,30,0,""
40,31,0,""
40,32,0,""
40,33,0,""
40,34,0,""
40,35,0,""
40,36,0,""
40,37,0,""
40,38,0,""
40,39,0,""
40,40,0,""
40,41,0,""
40,42,0,""
40,43,0,""
40,44,0,""
40,45,0,""
40,46,0,""
40,47,1,"0.39063226478075463"
40,48,1,"0.33221920662672566"
40,49,0,""
40,50,0,""
40,51,0,""
40,52,0,""
40,53,0,""
40,54,0,""
40,55,0,""
40,56,0,""
40,57,0,""
40,58,0,""
40,59,0,""
40,60,0,""
40,61,1,"0.4373284554018626"
40,62,0,""
40,63,0,""
40,64,0,""
40,65,0,""
40,66,0,""
40,67,0,""
40,68,0,""
40,69,0,""
40,70,0,""
40,71,0,""
40,72,0,""
40,73,0,""
40,74,0,""
40,75,0,""
40,76,0,""
40,77,0,""
40,78,0,""
40,79,0,""
40,80,0,""
40,81,0,""
40,82,0,""
40,83,0,""
40,84,0,""
40,85,0,""
40,86,0,""
40,87,0,""
40,88,0,""
40,89,0,""
40,90,0,""
40,91,0,""
40,92,0,""
40,93,0,""
40,94,0,""
40,95,0,""
40,96,0,""
40,97,0,""
40,98,0,""
40,99,1,"0.3766273428551354"
40,100,0,""
40,101,0,""
40,102,0,""
40,103,0,""
40,104,0,""
40,105,0,""
40,106,0,""
40,107,0,""
40,108,0,""
40,109,0,""
40,110,0,""
40,111,0,""
40,112,0,""
40,113,0,""
40,114,0,""
40,115,0,""
40,116,0,""
40,117,0,""
40,118,0,""
40,119,0,""
40,120,0,""
40,121,0,""
40,122,1,"0.4345790885452662"
40,123,0,""
40,124,0,""
40,125,0,""
40,126,0,""
40,127,0,""
40,128,0,""
40,129,0,""
40,130,0,""
40,131,0,""
40,132,0,""
40,133,0,""
40,134,0,""
40,135,0,""
40,136,0,""
40,137,0,""
40,138,0,""
40,139,0,""
40,140,0,""
40,141,0,""
40,142,0,""
40,143,0,""
40,144,0,""
40,145,0,""
40,146,0,""
40,147,0,""
40,148,0,""
40,149,0,""
40,150,0,""
60,1,1,"0.3501072419515733"
60,2,1,"0.23951882786686796"
60,3,1,"0.09754046342274643"
60,4,1,"0.14490142242941118"
60,5,1,"0.24140721142874608"
60,6,1,"0.11490230424622443"
60,7,1,"0.2356420100757324"
60,8,1,"0.26672922727809056"
60,9,1,"0.349731104671711"
60,10,1,"0.2118483832344767"
60,11,1,"0.14234396045387038"
60,12,1,"0.14039322627330378"
60,13,1,"0.28607369375411995"
60,14,1,"0.14433608376554807"
60,15,1,"0.1428604722740352"
60,16,1,"0.1400039890461678"
60,17,1,"0.20787361657841996"
60,18,1,"0.1338562628003094"
60,19,1,"0.3512528472373649"
60,20,1,"0.14952059243415844"
60,21,1,"0.14952059243415844"
60,22,1,"0.09901043409982548"
60,23,1,"0.34654806631745605"
60,24,1,"0.14321869712928897"
60,25,1,"0.28584198553016965"
60,26,1,"0.14048369198412636"
60,27,1,"0.2642800156649128"
60,28,1,"0.2419180835920416"
60,29,1,"0.19233968972759088"
60,30,1,"0.403312402399201"
60,31,1,"0.14433608376554807"
60,32,1,"0.36298738237835165"
60,33,1,"0.2364671594832042"
60,34,1,"0.3648231523638709"
60,35,1,"0.09650987800487575"
60,36,1,"0.11111219038340102"
60,37,1,"0.14048369198412636"
60,38,1,"0.25309417996033357"
60,39,1,"0.273621794384677"
60,40,1,"0.15110734340708767"
60,41,1,"0.34988388049477287"
60,42,1,"0.191660299676062"
60,43,1,"0.11408153763404323"
60,44,1,"0.18744314011882965"
60,45,1,"0.1919221903190323"
60,46,1,"0.20246074780875625"
60,47,1,"0.3460713462871523"
60,48,1,"0.14144179712575322"
60,49,1,"0.23721346105801033"
60,50,1,"0.14433608376554807"
60,51,1,"0.11275688691936393"
60,52,1,"0.2632416743539066"
60,53,1,"0.26960571172997855"
60,54,1,"0.1407388859061005"
60,55,1,"0.14045538041147745"
60,56,1,"0.218703125622334"
60,57,1,"0.36533139265626136"
60,58,1,"0.10802882938746675"
60,59,1,"0.3506763975501039"
60,60,1,"0.27405983182237376"
60,61,1,"0.3666394224360795"
60,62,1,"0.11343345733679612"
60,63,1,"0.19445077256789609"
60,64,1,"0.19035579424616264"
60,65,1,"0.14033500829953485"
60,66,1,"0.23675647006072842"
60,67,1,"0.1434327559444085"
60,68,1,"0.14433608376554807"
60,69,1,"0.30410012811567216"
60,70,1,"0.09791677834087684"
60,71,1,"0.1428379704104585"
60,72,1,"0.25273332688670963"
60,73,1,"0.09889988937750552"
60,74,1,"0.1558508698647252"
60,75,1,"0.10317836822432058"
60,76,1,"0.14033500829953485"
60,77,1,"0.14433608376554807"
60,78,1,"0.14412507037524222"
60,79,1,"0.18129707947727772"
60,80,1,"0.34627096737188406"
60,81,1,"0.14221719663561466"
60,82,1,"0.15291069180689776"
60,83,1,"0.36567647513421325"
60,84,1,"0.34668209081913703"
60,85,1,"0.11221040354439495"
60,86,1,"0.19132620785951726"
60,87,1,"0.13243312987830325"
60,88,1,"0.23913400907094295"
60,89,1,"0.26280174376669124"
60,90,1,"0.3155098759096332"
60,91,1,"0.14433608376554807"
60,92,1,"0.098886368439301"
60,93,1,"0.2498957937310065"
60,94,1,"0.107679781006884"
60,95,1,"0.3475664132955819"
60,96,1,"0.16485858873832976"
60,97,1,"0.11340986635613419"
60,98,1,"0.15950622304935538"
60,99,1,"0.3453849292955366"
60,100,1,"0.14321869712928897"
60,101,1,"0.11357648930501761"
60,102,1,"0.2630785076953535"
60,103,1,"0.16619358857973096"
60,104,1,"0.09935509592865407"
60,105,1,"0.2392073342861994"
60,106,1,"0.14952059243415844"
60,107,1,"0.24027263540330834"
60,108,1,"0.14433608376554807"
60,109,1,"0.36075300596537496"
60,110,1,"0.23690340286264827"
60,111,1,"0.098886368439301"
60,112,1,"0.26455879340106153"
60,113,1,"0.11067135105689638"
60,114,1,"0.1264832599076564"
60,115,1,"0.1434490986966358"
60,116,1,"0.28104049891684807"
60,117,1,"0.14221719663561466"
60,118,1,"0.14165662820172614"
60,119,1,"0.12013157192772529"
60,120,1,"0.18095422921691443"
60,121,1,"0.19561555925268673"
60,122,1,"0.23806617898205212"
60,123,1,"0.2752959478744858"
60,124,1,"0.11033355286166494"
60,125,1,"0.11340986635613419"
60,126,1,"0.27432721606095806"
60,127,1,"0.19240444304284612"
60,128,1,"0.26529519756333925"
60,129,1,"0.24258590245444675"
60,130,1,"0.12673536260984825"
60,131,1,"0.11399539584307038"
60,132,1,"0.31119237853968956"
60,133,1,"0.12045412905711966"
60,134,1,"0.21192333879191608"
60,135,1,"0.15385394482589484"
60,136,1,"0.14373333601023677"
60,137,1,"0.3464508314490632"
60,138,1,"0.1323503086160031"
60,139,1,"0.19233968972759088"
60,140,1,"0.2615944531954747"
60,141,1,"0.21035296111068738"
60,142,1,"0.26766939502844966"
60,143,1,"0.24384542776862467"
60,144,1,"0.2561094827404496"
60,145,1,"0.11373766107883426"
60,146,1,"0.34587759385863515"
60,147,1,"0.34586751818189404"
60,148,1,"0.14952059243415844"
60,149,1,"0.35036021469490364"
60,150,1,"0.3532338517498545"
80,1,1,"0.13171561248258482"
80,2,1,"0.14433608376554807"
80,3,1,"0.14373333601023677"
80,4,1,"0.09686662573490376"
80,5,1,"0.09650987800487575"
80,6,1,"0.21778442788698973"
80,7,1,"0.09594547690444043"
80,8,1,"0.13998915307326026"
80,9,1,"0.14028168515721684"
80,10,1,"0.14229126619583504"
80,11,1,"0.19083439574078148"
80,12,1,"0.17570765182107692"
80,13,1,"0.14155300915560698"
80,14,1,"0.14217301415984449"
80,15,1,"0.09883086715539934"
80,16,1,"0.14063037906012751"
80,17,1,"0.14952059243415844"
80,18,1,"0.1931965012063477"
80,19,1,"0.10550445520215121"
80,20,1,"0.1230354641868169"
80,21,1,"0.1046296930190811"
80,22,1,"0.10281827204411857"
80,23,1,"0.11460767413821037"
80,24,1,"0.1254395853977439"
80,25,1,"0.13361693248816592"
80,26,1,"0.11351724571738171"
80,27,1,"0.18755112168029506"
80,28,1,"0.14244926260443758"
80,29,1,"0.14177629350111984"
80,30,1,"0.14490142242941118"
80,31,1,"0.1139575219335108"
80,32,1,"0.11353077483613394"
80,33,1,"0.13221687173833302"
80,34,1,"0.11375352719652086"
80,35,1,"0.11356219070078308"
80,36,1,"0.14433608376554807"
80,37,1,"0.11360875944209314"
80,38,1,"0.1345943374309069"
80,39,1,"0.1439084086778868"
80,40,1,"0.12673536260984825"
80,41,1,"0.12013157192772529"
80,42,1,"0.09650987800487575"
80,43,1,"0.10534475353065825"
80,44,1,"0.10833819687385357"
80,45,1,"0.14291448636874635"
80,46,1,"0.09616266185525575"
80,47,1,"0.11336377361237437"
80,48,1,"0.20346760922728074"
80,49,1,"0.11488232232653292"
80,50,1,"0.11423639339240747"
80,51,1,"0.11275688691936393"
80,52,1,"0.11983172019604943"
80,53,1,"0.1435915966777336"
80,54,1,"0.1887687489951589"
80,55,1,"0.11597481918905653"
80,56,1,"0.14314726614937526"
80,57,1,"0.14463418879973758"
80,58,1,"0.11360875944209314"
80,59,1,"0.09665667748686277"
80,60,1,"0.11399539584307038"
80,61,1,"0.11033355286166494"
80,62,1,"0.11285515535878582"
80,63,1,"0.10566391313184526"
80,64,1,"0.13394611790941263"
80,65,1,"0.14265710402685788"
80,66,1,"0.10550445520215121"
80,67,1,"0.09587820179440475"
80,68,1,"0.14604102460060064"
80,69,1,"0.11375352719652086"
80,70,1,"0.1732461891052737"
80,71,1,"0.14433608376554807"
80,72,1,"0.11177973995821777"
80,73,1,"0.1334107153410549"
80,74,1,"0.18811886456517585"
80,75,1,"0.14433608376554807"
80,76,1,"0.13178264685955174"
80,77,1,"0.11131103123397332"
80,78,1,"0.1323503086160031"
80,79,1,"0.14140394748824434"
80,80,1,"0.13326695690142484"
80,81,1,"0.11384306064314353"
80,82,1,"0.10717067730905032"
80,83,1,"0.20798619170275903"
80,84,1,"0.13264800904059545"
80,85,1,"0.14086054875218212"
80,86,1,"0.19000011829321736"
80,87,1,"0.16605153143838733"
80,88,1,"0.13447108324556423"
80,89,1,"0.1427894120033337"
80,90,1,"0.11370649160754519"
80,91,1,"0.11498513173927032"
80,92,1,"0.14449754812594048"
80,93,1,"0.13213387354437553"
80,94,1,"0.10653745932658251"
80,95,1,"0.10947137174728984"
80,96,1,"0.1411278726685469"
80,97,1,"0.11335377075003336"
80,98,1,"0.11056721301710742"
80,99,1,"0.11333306832209712"
80,100,1,"0.09772282270839636"
80,101,1,"0.1425226471424104"
80,102,1,"0.1230354641868169"
80,103,1,"0.14068452924924885"
80,104,1,"0.11343647090020692"
80,105,1,"0.11355078463283232"
80,106,1,"0.14295229129774903"
80,107,1,"0.13171561248258482"
80,108,1,"0.20988949330623888"
80,109,1,"0.11331443883020767"
80,110,1,"0.10278056357626023"
80,111,1,"0.14291448636874635"
80,112,1,"0.1038387224416104"
80,113,1,"0.13227932929720138"
80,114,1,"0.1029741275974936"
80,115,1,"0.1130500331235173"
80,116,1,"0.14166959686178435"
80,117,1,"0.11342441356369061"
80,118,1,"0.14433608376554807"
80,119,1,"0.0976015877804778"
80,120,1,"0.098886368439301"
80,121,1,"0.144770158937925"
80,122,1,"0.14161007743470475"
80,123,1,"0.09616266185525575"
80,124,1,"0.11370272832775818"
80,125,1,"0.0967215898769937"
80,126,1,"0.09895520133674807"
80,127,1,"0.11336377361237437"
80,128,1,"0.10833819687385357"
80,129,1,"0.14433608376554807"
80,130,1,"0.1136672658118653"
80,131,1,"0.12567586508671863"
80,132,1,"0.1685414549232515"
80,133,1,"0.108183868994023"
80,134,1,"0.09870592567573525"
80,135,1,"0.132632058447565"
80,136,1,"0.1418860310111115"
80,137,1,"0.09778298198920925"
80,138,1,"0.10482739377503116"
80,139,1,"0.11210933763276781"
80,140,1,"0.14433608376554807"
80,141,1,"0.11337408718762039"
80,142,1,"0.1674773205531416"
80,143,1,"0.14033500829953485"
80,144,1,"0.14268682443420613"
80,145,1,"0.14433608376554807"
80,146,1,"0.1425109377051002"
80,147,1,"0.14507122026477884"
80,148,1,"0.1875920318735092"
80,149,1,"0.19097477514765884"
80,150,1,"0.1138771975501625"
100,1,1,"0.09772282270839636"
100,2,1,"0.10586203623690016"
100,3,1,"0.13360155441599358"
100,4,1,"0.10852903109059242"
100,5,1,"0.09779757442918684"
100,6,1,"0.11479861264598264"
100,7,1,"0.09740248992946356"
100,8,1,"0.14173770762354884"
100,9,1,"0.09778298198920925"
100,10,1,"0.1436467894024134"
100,11,1,"0.14222583698464153"
100,12,1,"0.11364189397283463"
100,13,1,"0.1141470117534144"
100,14,1,"0.1301130268182113"
100,15,1,"0.14033500829953485"
100,16,1,"0.11090458521135191"
100,17,1,"0.1394952160491195"
100,18,1,"0.10705096593271532"
100,19,1,"0.11100846880684473"
100,20,1,"0.1140604040779589"
100,21,1,"0.1130500331235173"
100,22,1,"0.1429013731750863"
100,23,1,"0.10498699395280747"
100,24,1,"0.10883409264917863"
100,25,1,"0.13326695690142484"
100,26,1,"0.14057620494676681"
100,27,1,"0.1341475657696386"
100,28,1,"0.10363970345167699"
100,29,1,"0.1230354641868169"
100,30,1,"0.13952589240117527"
100,31,1,"0.10802882938746675"
100,32,1,"0.13407059694873863"
100,33,1,"0.11022917327950511"
100,34,1,"0.1461661312752946"
100,35,1,"0.1465637510714824"
100,36,1,"0.14433608376554807"
100,37,1,"0.11376012531518515"
100,38,1,"0.1439084086778868"
100,39,1,"0.13184959311364944"
100,40,1,"0.14433608376554807"
100,41,1,"0.13243312987830325"
100,42,1,"0.0969887456442301"
100,43,1,"0.09754046342274643"
100,44,1,"0.09693076933250222"
100,45,1,"0.14239662472139883"
100,46,1,"0.10868206034784543"
100,47,1,"0.11343647090020692"
100,48,1,"0.14039322627330378"
100,49,1,"0.10447024517323712"
100,50,1,"0.1230354641868169"
100,51,1,"0.14057620494676681"
100,52,1,"0.14166959686178435"
100,53,1,"0.14344707425796763"
100,54,1,"0.09752583267683904"
100,55,1,"0.14013243176852253"
100,56,1,"0.141394934228021"
100,57,1,"0.11253508489692747"
100,58,1,"0.13291097896889936"
100,59,1,"0.14117981341047833"
100,60,1,"0.09752583267683904"
100,61,1,"0.12013157192772529"
100,62,1,"0.09678646458506474"
100,63,1,"0.14433608376554807"
100,64,1,"0.11121569630380233"
100,65,1,"0.13320257041693231"
100,66,1,"0.09734031165831039"
100,67,1,"0.09680216411776536"
100,68,1,"0.11335377075003336"
100,69,1,"0.14433608376554807"
100,70,1,"0.11355078463283232"
100,71,1,"0.11484328689338122"
100,72,1,"0.1414287649741483"
100,73,1,"0.13291097896889936"
100,74,1,"0.1333953444039885"
100,75,1,"0.10868206034784543"
100,76,1,"0.14433608376554807"
100,77,1,"0.1419486446523349"
100,78,1,"0.14182966594925717"
100,79,1,"0.14404855819120135"
100,80,1,"0.09693076933250222"
100,81,1,"0.10802882938746675"
100,82,1,"0.14246216979364917"
100,83,1,"0.13243312987830325"
100,84,1,"0.1323503086160031"
100,85,1,"0.09901043409982548"
100,86,1,"0.10550445520215121"
100,87,1,"0.13193283665689842"
100,88,1,"0.13193283665689842"
100,89,1,"0.1401755748435676"
100,90,1,"0.14110534883247397"
100,91,1,"0.13320257041693231"
100,92,1,"0.10771761794125934"
100,93,1,"0.11460767413821037"
100,94,1,"0.14045538041147745"
100,95,1,"0.1425109377051002"
100,96,1,"0.14096922553566663"
100,97,1,"0.1320668707502237"
100,98,1,"0.1130500331235173"
100,99,1,"0.14140394748824434"
100,100,1,"0.10649901642741809"
100,101,1,"0.11498513173927032"
100,102,1,"0.09778298198920925"
100,103,1,"0.11387469097099352"
100,104,1,"0.11498513173927032"
100,105,1,"0.13178264685955174"
100,106,1,"0.0960958226103026"
100,107,1,"0.14433608376554807"
100,108,1,"0.14110534883247397"
100,109,1,"0.1418860310111115"
100,110,1,"0.10395580096744733"
100,111,1,"0.14182966594925717"
100,112,1,"0.11067135105689638"
100,113,1,"0.10653745932658251"
100,114,1,"0.14110534883247397"
100,115,1,"0.1230354641868169"
100,116,1,"0.1435915966777336"
100,117,1,"0.142514989260953"
100,118,1,"0.141023449411559"
100,119,1,"0.10720885549911188"
100,120,1,"0.13228359485532987"
100,121,1,"0.11046306168658526"
100,122,1,"0.1418860310111115"
100,123,1,"0.0960958226103026"
100,124,1,"0.1425109377051002"
100,125,1,"0.14046929408027742"
100,126,1,"0.0960796042452867"
100,127,1,"0.14446430880278516"
100,128,1,"0.1133163609013014"
100,129,1,"0.11488232232653292"
100,130,1,"0.13493352723459065"
100,131,1,"0.1316486328882802"
100,132,1,"0.13467086536747294"
100,133,1,"0.09870592567573525"
100,134,1,"0.1140604040779589"
100,135,1,"0.14433608376554807"
100,136,1,"0.09746422283985887"
100,137,1,"0.11353428090272709"
100,138,1,"0.13291097896889936"
100,139,1,"0.14056324975303428"
100,140,1,"0.10618091535057378"
100,141,1,"0.12013157192772529"
100,142,1,"0.14091301467840328"
100,143,1,"0.13493352723459065"
100,144,1,"0.12013157192772529"
100,145,1,"0.13914240084266444"
100,146,1,"0.1418860310111115"
100,147,1,"0.14013243176852253"
100,148,1,"0.1115499942180229"
100,149,1,"0.13313763633397455"
100,150,1,"0.1435915966777336"
120,1,1,"0.10550445520215121"
120,2,1,"0.11357984379590304"
120,3,1,"0.1347944660320131"
120,4,1,"0.09720017261464665"
120,5,1,"0.11367207795263992"
120,6,1,"0.1401627333264837"
120,7,1,"0.10980199812412125"
120,8,1,"0.13937233325690912"
120,9,1,"0.09720017261464665"
120,10,1,"0.14236435810093057"
120,11,1,"0.14110534883247397"
120,12,1,"0.11345653138734751"
120,13,1,"0.11740884016675564"
120,14,1,"0.10669604461454142"
120,15,1,"0.14229126619583504"
120,16,1,"0.10831157099798733"
120,17,1,"0.11253508489692747"
120,18,1,"0.11345653138734751"
120,19,1,"0.11263438352899405"
120,20,1,"0.09853735214185028"
120,21,1,"0.1138058109893566"
120,22,1,"0.10833819687385357"
120,23,1,"0.1133245162405203"
120,24,1,"0.10852903109059242"
120,25,1,"0.09678646458506474"
120,26,1,"0.14046929408027742"
120,27,1,"0.11295301447855353"
120,28,1,"0.13957735043764344"
120,29,1,"0.10530598736634247"
120,30,1,"0.113448820916217"
120,31,1,"0.11080067518407032"
120,32,1,"0.1124353412316062"
120,33,1,"0.13267900210814226"
120,34,1,"0.12013157192772529"
120,35,1,"0.10344415520054927"
120,36,1,"0.1133245162405203"
120,37,1,"0.14119941358090082"
120,38,1,"0.113656973343418"
120,39,1,"0.1139873116471164"
120,40,1,"0.09594547690444043"
120,41,1,"0.11326626651547192"
120,42,1,"0.11401494727874488"
120,43,1,"0.1329920810255611"
120,44,1,"0.14295229129774903"
120,45,1,"0.1397955893841299"
120,46,1,"0.11403492374233792"
120,47,1,"0.1435915966777336"
120,48,1,"0.09680216411776536"
120,49,1,"0.11479861264598264"
120,50,1,"0.11403492374233792"
120,51,1,"0.09644405589661761"
120,52,1,"0.10130839917138777"
120,53,1,"0.11384306064314353"
120,54,1,"0.09810749353025325"
120,55,1,"0.10586203623690016"
120,56,1,"0.10883409264917863"
120,57,1,"0.09740248992946356"
120,58,1,"0.11043785869839577"
120,59,1,"0.10363970345167699"
120,60,1,"0.13998915307326026"
120,61,1,"0.10705096593271532"
120,62,1,"0.11295301447855353"
120,63,1,"0.14110534883247397"
120,64,1,"0.13998915307326026"
120,65,1,"0.1429013731750863"
120,66,1,"0.14063037906012751"
120,67,1,"0.11111219038340102"
120,68,1,"0.1086226580697882"
120,69,1,"0.13420953548173092"
120,70,1,"0.14433608376554807"
120,71,1,"0.09797603934201687"
120,72,1,"0.0980348831859038"
120,73,1,"0.11273308358050209"
120,74,1,"0.11372201560422289"
120,75,1,"0.1230354641868169"
120,76,1,"0.14040162657813743"
120,77,1,"0.09791677834087684"
120,78,1,"0.13368019768561085"
120,79,1,"0.0968509010431418"
120,80,1,"0.11326626651547192"
120,81,1,"0.13337294650098463"
120,82,1,"0.1340084012261763"
120,83,1,"0.1139575219335108"
120,84,1,"0.112411063665872"
120,85,1,"0.11351724571738171"
120,86,1,"0.11056721301710742"
120,87,1,"0.0967215898769937"
120,88,1,"0.1407388859061005"
120,89,1,"0.0967215898769937"
120,90,1,"0.1140604040779589"
120,91,1,"0.10582334924175087"
120,92,1,"0.14239662472139883"
120,93,1,"0.10852903109059242"
120,94,1,"0.107679781006884"
120,95,1,"0.10566391313184526"
120,96,1,"0.14246216979364917"
120,97,1,"0.11403492374233792"
120,98,1,"0.14172295017254957"
120,99,1,"0.10883409264917863"
120,100,1,"0.1138771975501625"
120,101,1,"0.09846685582195902"
120,102,1,"0.1150673091844464"
120,103,1,"0.09889988937750552"
120,104,1,"0.11391667140303284"
120,105,1,"0.14189564409723077"
120,106,1,"0.14038864366403161"
120,107,1,"0.13213387354437553"
120,108,1,"0.09587820179440475"
120,109,1,"0.11056721301710742"
120,110,1,"0.11354817601668664"
120,111,1,"0.09877520190234293"
120,112,1,"0.09693076933250222"
120,113,1,"0.11353077483613394"
120,114,1,"0.10771761794125934"
120,115,1,"0.14121263153726235"
120,116,1,"0.1133245162405203"
120,117,1,"0.1428604722740352"
120,118,1,"0.11349033154111593"
120,119,1,"0.0980348831859038"
120,120,1,"0.10247061032407383"
120,121,1,"0.11479861264598264"
120,122,1,"0.10618091535057378"
120,123,1,"0.11090458521135191"
120,124,1,"0.11343647090020692"
120,125,1,"0.14433608376554807"
120,126,1,"0.10653745932658251"
120,127,1,"0.1136672658118653"
120,128,1,"0.14114524867802"
120,129,1,"0.09746422283985887"
120,130,1,"0.14155300915560698"
120,131,1,"0.11362365867967905"
120,132,1,"0.09804902121101536"
120,133,1,"0.10586203623690016"
120,134,1,"0.1443264414984253"
120,135,1,"0.11353428090272709"
120,136,1,"0.10262531560728809"
120,137,1,"0.10379752831913183"
120,138,1,"0.13221687173833302"
120,139,1,"0.14091928958552874"
120,140,1,"0.11384306064314353"
120,141,1,"0.1414955460871147"
120,142,1,"0.11452142641757339"
120,143,1,"0.1323663737755552"
120,144,1,"0.14038864366403161"
120,145,1,"0.11490230424622443"
120,146,1,"0.11167740375021235"
120,147,1,"0.09707383225307858"
120,148,1,"0.1401627333264837"
120,149,1,"0.11253508489692747"
120,150,1,"0.11221040354439495"
140,1,1,"0.1029741275974936"
140,2,1,"0.11221040354439495"
140,3,1,"0.10705096593271532"
140,4,1,"0.113448820916217"
140,5,1,"0.14165662820172614"
140,6,1,"0.14040162657813743"
140,7,1,"0.11460767413821037"
140,8,1,"0.11009275408270475"
140,9,1,"0.10669604461454142"
140,10,1,"0.1088709181273665"
140,11,1,"0.1123109498089443"
140,12,1,"0.11355078463283232"
140,13,1,"0.09720017261464665"
140,14,1,"0.11337408718762039"
140,15,1,"0.13473251788956364"
140,16,1,"0.0982236658539671"
140,17,1,"0.12230850655724383"
140,18,1,"0.11046306168658526"
140,19,1,"0.10434037578883808"
140,20,1,"0.09680216411776536"
140,21,1,"0.11405685322416413"
140,22,1,"0.10415261134430402"
140,23,1,"0.11022917327950511"
140,24,1,"0.14033500829953485"
140,25,1,"0.09804902121101536"
140,26,1,"0.14206742640363265"
140,27,1,"0.11317026376679137"
140,28,1,"0.113656973343418"
140,29,1,"0.10717067730905032"
140,30,1,"0.10994767621293122"
140,31,1,"0.11370272832775818"
140,32,1,"0.1428604722740352"
140,33,1,"0.11349033154111593"
140,34,1,"0.10379752831913183"
140,35,1,"0.0976015877804778"
140,36,1,"0.14040162657813743"
140,37,1,"0.11283150120074295"
140,38,1,"0.11210933763276781"
140,39,1,"0.09864977085814254"
140,40,1,"0.11033355286166494"
140,41,1,"0.1323663737755552"
140,42,1,"0.09664586942087368"
140,43,1,"0.11067135105689638"
140,44,1,"0.10701278035285194"
140,45,1,"0.11080067518407032"
140,46,1,"0.13998915307326026"
140,47,1,"0.09835288298481015"
140,48,1,"0.1131468906046222"
140,49,1,"0.14217301415984449"
140,50,1,"0.09726271642095181"
140,51,1,"0.09707383225307858"
140,52,1,"0.11397633776155901"
140,53,1,"0.1324995081504661"
140,54,1,"0.09616266185525575"
140,55,1,"0.09883086715539934"
140,56,1,"0.106340095290729"
140,57,1,"0.11342156433377898"
140,58,1,"0.1115499942180229"
140,59,1,"0.11121569630380233"
140,60,1,"0.11363840649976342"
140,61,1,"0.13291097896889936"
140,62,1,"0.13333121419431046"
140,63,1,"0.11067135105689638"
140,64,1,"0.10464320085707916"
140,65,1,"0.10231647408065923"
140,66,1,"0.0969887456442301"
140,67,1,"0.1347944660320131"
140,68,1,"0.11171167502558418"
140,69,1,"0.09713707211109017"
140,70,1,"0.09644405589661761"
140,71,1,"0.09650987800487575"
140,72,1,"0.11384306064314353"
140,73,1,"0.09772282270839636"
140,74,1,"0.1319997945038567"
140,75,1,"0.13409253756335018"
140,76,1,"0.14206742640363265"
140,77,1,"0.09883086715539934"
140,78,1,"0.10618091535057378"
140,79,1,"0.13271399931479874"
140,80,1,"0.1407693838043379"
140,81,1,"0.11359428173444122"
140,82,1,"0.11338364616573714"
140,83,1,"0.11343345733679612"
140,84,1,"0.11111219038340102"
140,85,1,"0.14043283167305354"
140,86,1,"0.1329920810255611"
140,87,1,"0.13368019768561085"
140,88,1,"0.1140604040779589"
140,89,1,"0.10379752831913183"
140,90,1,"0.1123109498089443"
140,91,1,"0.09686662573490376"
140,92,1,"0.1343478104404467"
140,93,1,"0.09693076933250222"
140,94,1,"0.10883409264917863"
140,95,1,"0.0980348831859038"
140,96,1,"0.09631169209792914"
140,97,1,"0.10701278035285194"
140,98,1,"0.11338474778706556"
140,99,1,"0.09746422283985887"
140,100,1,"0.11342441356369061"
140,101,1,"0.11188182435264964"
140,102,1,"0.11378944292891209"
140,103,1,"0.13820880072642575"
140,104,1,"0.11124070044839762"
140,105,1,"0.11342441356369061"
140,106,1,"0.1046296930190811"
140,107,1,"0.11067135105689638"
140,108,1,"0.14028278520959217"
140,109,1,"0.09644405589661761"
140,110,1,"0.09732522300979199"
140,111,1,"0.11144706013076755"
140,112,1,"0.09740248992946356"
140,113,1,"0.11360875944209314"
140,114,1,"0.0976015877804778"
140,115,1,"0.09859362856253166"
140,116,1,"0.11338474778706556"
140,117,1,"0.09870592567573525"
140,118,1,"0.11389897609555168"
140,119,1,"0.11340986635613419"
140,120,1,"0.0967215898769937"
140,121,1,"0.09829546710402985"
140,122,1,"0.10379752831913183"
140,123,1,"0.11200810641343624"
140,124,1,"0.0960796042452867"
140,125,1,"0.09842076444963108"
140,126,1,"0.10530598736634247"
140,127,1,"0.09705850759217416"
140,128,1,"0.10415261134430402"
140,129,1,"0.11387469097099352"
140,130,1,"0.09644405589661761"
140,131,1,"0.10514639222961084"
140,132,1,"0.1139575219335108"
140,133,1,"0.13171561248258482"
140,134,1,"0.14140394748824434"
140,135,1,"0.14217301415984449"
140,136,1,"0.09705850759217416"
140,137,1,"0.11488232232653292"
140,138,1,"0.09823768479196282"
140,139,1,"0.10550445520215121"
140,140,1,"0.11367207795263992"
140,141,1,"0.1323663737755552"
140,142,1,"0.11399539584307038"
140,143,1,"0.13284549746833893"
140,144,1,"0.11396615965934967"
140,145,1,"0.10717067730905032"
140,146,1,"0.0968509010431418"
140,147,1,"0.09678646458506474"
140,148,1,"0.11340986635613419"
140,149,1,"0.11353428090272709"
140,150,1,"0.11656140933313959"
160,1,1,"0.11090458521135191"
160,2,1,"0.11471393381855438"
160,3,1,"0.09601264551369612"
160,4,1,"0.11339849090353217"
160,5,1,"0.13396545738740878"
160,6,1,"0.09650987800487575"
160,7,1,"0.09705850759217416"
160,8,1,"0.10649901642741809"
160,9,1,"0.09740248992946356"
160,10,1,"0.09587820179440475"
160,11,1,"0.09772282270839636"
160,12,1,"0.11253508489692747"
160,13,1,"0.09840995574472897"
160,14,1,"0.11340986635613419"
160,15,1,"0.10344415520054927"
160,16,1,"0.10717067730905032"
160,17,1,"0.11083908925276072"
160,18,1,"0.09901043409982548"
160,19,1,"0.09631169209792914"
160,20,1,"0.13388372060146944"
160,21,1,"0.11188182435264964"
160,22,1,"0.1124353412316062"
160,23,1,"0.10932260291344056"
160,24,1,"0.09842076444963108"
160,25,1,"0.11351724571738171"
160,26,1,"0.11342156433377898"
160,27,1,"0.11350367488481236"
160,28,1,"0.09740248992946356"
160,29,1,"0.09779757442918684"
160,30,1,"0.1428604722740352"
160,31,1,"0.11340986635613419"
160,32,1,"0.11022917327950511"
160,33,1,"0.11273308358050209"
160,34,1,"0.10341186461803487"
160,35,1,"0.11124070044839762"
160,36,1,"0.09895520133674807"
160,37,1,"0.14268682443420613"
160,38,1,"0.11133332726622103"
160,39,1,"0.11253508489692747"
160,40,1,"0.11111671411772515"
160,41,1,"0.10281827204411857"
160,42,1,"0.09842076444963108"
160,43,1,"0.11357984379590304"
160,44,1,"0.09853735214185028"
160,45,1,"0.1419486446523349"
160,46,1,"0.1139530344540441"
160,47,1,"0.1320668707502237"
160,48,1,"0.10334780468444092"
160,49,1,"0.10262531560728809"
160,50,1,"0.109688297942447"
160,51,1,"0.14274014008629796"
160,52,1,"0.11177973995821777"
160,53,1,"0.09835288298481015"
160,54,1,"0.09713707211109017"
160,55,1,"0.1038954177368412"
160,56,1,"0.11194889768737401"
160,57,1,"0.10948739818366916"
160,58,1,"0.11088216021066978"
160,59,1,"0.14244926260443758"
160,60,1,"0.10354764670573993"
160,61,1,"0.10882104318852316"
160,62,1,"0.109688297942447"
160,63,1,"0.11336377361237437"
160,64,1,"0.0960958226103026"
160,65,1,"0.09686662573490376"
160,66,1,"0.09678646458506474"
160,67,1,"0.09720017261464665"
160,68,1,"0.09816584619266401"
160,69,1,"0.09883086715539934"
160,70,1,"0.11200810641343624"
160,71,1,"0.13360155441599358"
160,72,1,"0.11111219038340102"
160,73,1,"0.11283150120074295"
160,74,1,"0.1098596441921863"
160,75,1,"0.10371613962019918"
160,76,1,"0.1230354641868169"
160,77,1,"0.10482739377503116"
160,78,1,"0.0969887456442301"
160,79,1,"0.09840995574472897"
160,80,1,"0.09705850759217416"
160,81,1,"0.11350367488481236"
160,82,1,"0.10685483439709312"
160,83,1,"0.1131468906046222"
160,84,1,"0.10250657612675484"
160,85,1,"0.11112828699058125"
160,86,1,"0.1103640068816113"
160,87,1,"0.1130682497524471"
160,88,1,"0.11403981849668532"
160,89,1,"0.11491149942364194"
160,90,1,"0.09752583267683904"
160,91,1,"0.13227932929720138"
160,92,1,"0.09840995574472897"
160,93,1,"0.11326626651547192"
160,94,1,"0.11347411193851818"
160,95,1,"0.1097691061327852"
160,96,1,"0.11285515535878582"
160,97,1,"0.11263438352899405"
160,98,1,"0.09889988937750552"
160,99,1,"0.09901043409982548"
160,100,1,"0.0980348831859038"
160,101,1,"0.09664586942087368"
160,102,1,"0.11067135105689638"
160,103,1,"0.106340095290729"
160,104,1,"0.10392889727406183"
160,105,1,"0.09766239572479476"
160,106,1,"0.10278665040833232"
160,107,1,"0.09935509592865407"
160,108,1,"0.09659134156016845"
160,109,1,"0.13213387354437553"
160,110,1,"0.10948739818366916"
160,111,1,"0.11240232022569346"
160,112,1,"0.1090708268754115"
160,113,1,"0.09804902121101536"
160,114,1,"0.11471393381855438"
160,115,1,"0.1140604040779589"
160,116,1,"0.11471393381855438"
160,117,1,"0.11321832609254316"
160,118,1,"0.11399539584307038"
160,119,1,"0.0969947092862137"
160,120,1,"0.09778298198920925"
160,121,1,"0.09680216411776536"
160,122,1,"0.09631169209792914"
160,123,1,"0.11177948539564657"
160,124,1,"0.09871938100688038"
160,125,1,"0.0969947092862137"
160,126,1,"0.11336168243389602"
160,127,1,"0.10231647408065923"
160,128,1,"0.1136672658118653"
160,129,1,"0.10434037578883808"
160,130,1,"0.10498699395280747"
160,131,1,"0.09594547690444043"
160,132,1,"0.11317026376679137"
160,133,1,"0.11112828699058125"
160,134,1,"0.1131468906046222"
160,135,1,"0.10348373550469754"
160,136,1,"0.10261345513887668"
160,137,1,"0.1029741275974936"
160,138,1,"0.09864977085814254"
160,139,1,"0.09791677834087684"
160,140,1,"0.10883409264917863"
160,141,1,"0.09637825874310293"
160,142,1,"0.09853735214185028"
160,143,1,"0.0980348831859038"
160,144,1,"0.11372201560422289"
160,145,1,"0.11359428173444122"
160,146,1,"0.098886368439301"
160,147,1,"0.09810749353025325"
160,148,1,"0.10368390702481035"
160,149,1,"0.09840995574472897"
160,150,1,"0.09720017261464665"
180,1,1,"0.10960336761639491"
180,2,1,"0.09853735214185028"
180,3,1,"0.09631169209792914"
180,4,1,"0.11343345733679612"
180,5,1,"0.10243320138884451"
180,6,1,"0.09680216411776536"
180,7,1,"0.11317026376679137"
180,8,1,"0.09657549755509458"
180,9,1,"0.09901043409982548"
180,10,1,"0.10970029034768874"
180,11,1,"0.10247061032407383"
180,12,1,"0.1130500331235173"
180,13,1,"0.10965036222956437"
180,14,1,"0.11502653297937403"
180,15,1,"0.09810749353025325"
180,16,1,"0.09848058071647262"
180,17,1,"0.11210933763276781"
180,18,1,"0.10345171046307615"
180,19,1,"0.1119834836139953"
180,20,1,"0.11357648930501761"
180,21,1,"0.09707383225307858"
180,22,1,"0.11221040354439495"
180,23,1,"0.1123109498089443"
180,24,1,"0.11326626651547192"
180,25,1,"0.11080067518407032"
180,26,1,"0.10947384097513482"
180,27,1,"0.09848058071647262"
180,28,1,"0.10230353785830786"
180,29,1,"0.09732522300979199"
180,30,1,"0.09754046342274643"
180,31,1,"0.09877520190234293"
180,32,1,"0.11343345733679612"
180,33,1,"0.09877520190234293"
180,34,1,"0.09705850759217416"
180,35,1,"0.11342180173436142"
180,36,1,"0.11111219038340102"
180,37,1,"0.11186450846188846"
180,38,1,"0.11210933763276781"
180,39,1,"0.09810749353025325"
180,40,1,"0.11253508489692747"
180,41,1,"0.0969887456442301"
180,42,1,"0.09713707211109017"
180,43,1,"0.09883086715539934"
180,44,1,"0.11177973995821777"
180,45,1,"0.09631169209792914"
180,46,1,"0.09877520190234293"
180,47,1,"0.09705850759217416"
180,48,1,"0.10970029034768874"
180,49,1,"0.11144706013076755"
180,50,1,"0.1039624380752384"
180,51,1,"0.10328693478842771"
180,52,1,"0.10278665040833232"
180,53,1,"0.11080067518407032"
180,54,1,"0.11100846880684473"
180,55,1,"0.11121672665138284"
180,56,1,"0.09840995574472897"
180,57,1,"0.09616266185525575"
180,58,1,"0.10292633791184148"
180,59,1,"0.10434037578883808"
180,60,1,"0.10576544480565317"
180,61,1,"0.11343345733679612"
180,62,1,"0.11221040354439495"
180,63,1,"0.09871938100688038"
180,64,1,"0.10985731725280294"
180,65,1,"0.11360875944209314"
180,66,1,"0.09746422283985887"
180,67,1,"0.098886368439301"
180,68,1,"0.10955902739055728"
180,69,1,"0.10265247139465168"
180,70,1,"0.11299209842229661"
180,71,1,"0.10321093434044902"
180,72,1,"0.11357984379590304"
180,73,1,"0.1090708268754115"
180,74,1,"0.09705850759217416"
180,75,1,"0.09859362856253166"
180,76,1,"0.11274090375040526"
180,77,1,"0.11221906660600055"
180,78,1,"0.09665667748686277"
180,79,1,"0.11289665603615963"
180,80,1,"0.11213637420685513"
180,81,1,"0.09848058071647262"
180,82,1,"0.10976700437172321"
180,83,1,"0.11347411193851818"
180,84,1,"0.108183868994023"
180,85,1,"0.1131468906046222"
180,86,1,"0.09740248992946356"
180,87,1,"0.0960958226103026"
180,88,1,"0.09901043409982548"
180,89,1,"0.10382144161658367"
180,90,1,"0.11012500441439123"
180,91,1,"0.09835288298481015"
180,92,1,"0.1103640068816113"
180,93,1,"0.11263438352899405"
180,94,1,"0.10392889727406183"
180,95,1,"0.113448820916217"
180,96,1,"0.11046306168658526"
180,97,1,"0.11353428090272709"
180,98,1,"0.11289665603615963"
180,99,1,"0.09601264551369612"
180,100,1,"0.11339849090353217"
180,101,1,"0.0976015877804778"
180,102,1,"0.09853735214185028"
180,103,1,"0.10971544339071458"
180,104,1,"0.11297357662447863"
180,105,1,"0.09778298198920925"
180,106,1,"0.10295917636702014"
180,107,1,"0.09601264551369612"
180,108,1,"0.09622929902442495"
180,109,1,"0.11074916156359539"
180,110,1,"0.11077548377228051"
180,111,1,"0.11357984379590304"
180,112,1,"0.09754046342274643"
180,113,1,"0.11338738561541895"
180,114,1,"0.10264629101395278"
180,115,1,"0.10955902739055728"
180,116,1,"0.11203272514534696"
180,117,1,"0.11273308358050209"
180,118,1,"0.11283150120074295"
180,119,1,"0.10955040975571685"
180,120,1,"0.11203272514534696"
180,121,1,"0.09686662573490376"
180,122,1,"0.11083596774861766"
180,123,1,"0.09631169209792914"
180,124,1,"0.11198816470810145"
180,125,1,"0.09713707211109017"
180,126,1,"0.09657549755509458"
180,127,1,"0.11158706706007918"
180,128,1,"0.1115499942180229"
180,129,1,"0.113448820916217"
180,130,1,"0.11353428090272709"
180,131,1,"0.0969887456442301"
180,132,1,"0.09766239572479476"
180,133,1,"0.11100846880684473"
180,134,1,"0.11253508489692747"
180,135,1,"0.10970319252644742"
180,136,1,"0.09601264551369612"
180,137,1,"0.11121672665138284"
180,138,1,"0.11263438352899405"
180,139,1,"0.10306537962631275"
180,140,1,"0.11221040354439495"
180,141,1,"0.10954105485956095"
180,142,1,"0.11357984379590304"
180,143,1,"0.11012500441439123"
180,144,1,"0.09594547690444043"
180,145,1,"0.1078734922419118"
180,146,1,"0.09778298198920925"
180,147,1,"0.11343647090020692"
180,148,1,"0.10281948852775924"
180,149,1,"0.11347737014995213"
180,150,1,"0.1130500331235173"
200,1,1,"0.09859362856253166"
200,2,1,"0.09883086715539934"
200,3,1,"0.11124070044839762"
200,4,1,"0.10950243871428252"
200,5,1,"0.11318187122271842"
200,6,1,"0.09823768479196282"
200,7,1,"0.09877520190234293"
200,8,1,"0.09840995574472897"
200,9,1,"0.1119200376031535"
200,10,1,"0.09846685582195902"
200,11,1,"0.10967631279474901"
200,12,1,"0.09870592567573525"
200,13,1,"0.098886368439301"
200,14,1,"0.1103640068816113"
200,15,1,"0.10328693478842771"
200,16,1,"0.09752583267683904"
200,17,1,"0.10955902739055728"
200,18,1,"0.1029741275974936"
200,19,1,"0.11299209842229661"
200,20,1,"0.11121569630380233"
200,21,1,"0.0969887456442301"
200,22,1,"0.09664586942087368"
200,23,1,"0.11350367488481236"
200,24,1,"0.10392889727406183"
200,25,1,"0.112411063665872"
200,26,1,"0.10337989422518697"
200,27,1,"0.11337408718762039"
200,28,1,"0.11077548377228051"
200,29,1,"0.09791677834087684"
200,30,1,"0.1128190910249531"
200,31,1,"0.10962775352322139"
200,32,1,"0.1115499942180229"
200,33,1,"0.11299209842229661"
200,34,1,"0.10233571852966296"
200,35,1,"0.09631169209792914"
200,36,1,"0.09693076933250222"
200,37,1,"0.11221906660600055"
200,38,1,"0.09848058071647262"
200,39,1,"0.09752583267683904"
200,40,1,"0.09665667748686277"
200,41,1,"0.11015856347625363"
200,42,1,"0.11139243146151455"
200,43,1,"0.09664586942087368"
200,44,1,"0.09785726670080086"
200,45,1,"0.10240053298383484"
200,46,1,"0.11213637420685513"
200,47,1,"0.11283150120074295"
200,48,1,"0.09810749353025325"
200,49,1,"0.11063688566060795"
200,50,1,"0.09726271642095181"
200,51,1,"0.10925724820689359"
200,52,1,"0.09846685582195902"
200,53,1,"0.10354764670573993"
200,54,1,"0.1096530888238878"
200,55,1,"0.09804902121101536"
200,56,1,"0.09734031165831039"
200,57,1,"0.10296701726334323"
200,58,1,"0.10278056357626023"
200,59,1,"0.11043785869839577"
200,60,1,"0.09726271642095181"
200,61,1,"0.1030326712655382"
200,62,1,"0.11022917327950511"
200,63,1,"0.11043785869839577"
200,64,1,"0.10948739818366916"
200,65,1,"0.11210933763276781"
200,66,1,"0.11213637420685513"
200,67,1,"0.10233571852966296"
200,68,1,"0.11317026376679137"
200,69,1,"0.1097953862963874"
200,70,1,"0.11347411193851818"
200,71,1,"0.11342441356369061"
200,72,1,"0.11198816470810145"
200,73,1,"0.10345171046307615"
200,74,1,"0.10253947644895252"
200,75,1,"0.11203272514534696"
200,76,1,"0.0969947092862137"
200,77,1,"0.1029741275974936"
200,78,1,"0.09791677834087684"
200,79,1,"0.10995198282640588"
200,80,1,"0.11326626651547192"
200,81,1,"0.09644405589661761"
200,82,1,"0.09859362856253166"
200,83,1,"0.10976700437172321"
200,84,1,"0.1116526106951022"
200,85,1,"0.10970029034768874"
200,86,1,"0.10258047789762297"
200,87,1,"0.10382948300015173"
200,88,1,"0.10960336761639491"
200,89,1,"0.10375633715442066"
200,90,1,"0.09840995574472897"
200,91,1,"0.09883086715539934"
200,92,1,"0.10988635863435135"
200,93,1,"0.1035797218084472"
200,94,1,"0.09726271642095181"
200,95,1,"0.09823768479196282"
200,96,1,"0.09587820179440475"
200,97,1,"0.10978209401737254"
200,98,1,"0.11101805669917164"
200,99,1,"0.09877520190234293"
200,100,1,"0.10897780471636326"
200,101,1,"0.09629573952691986"
200,102,1,"0.098886368439301"
200,103,1,"0.11043785869839577"
200,104,1,"0.09680216411776536"
200,105,1,"0.09877520190234293"
200,106,1,"0.11283150120074295"
200,107,1,"0.09810749353025325"
200,108,1,"0.11353077483613394"
200,109,1,"0.11188182435264964"
200,110,1,"0.09804902121101536"
200,111,1,"0.09816584619266401"
200,112,1,"0.09601264551369612"
200,113,1,"0.09785726670080086"
200,114,1,"0.10278056357626023"
200,115,1,"0.1030732473237823"
200,116,1,"0.09766239572479476"
200,117,1,"0.0960796042452867"
200,118,1,"0.09816584619266401"
200,119,1,"0.11083908925276072"
200,120,1,"0.1128190910249531"
200,121,1,"0.09664586942087368"
200,122,1,"0.1097404281930079"
200,123,1,"0.09864977085814254"
200,124,1,"0.10382948300015173"
200,125,1,"0.10358741972501022"
200,126,1,"0.10967430904402045"
200,127,1,"0.09871938100688038"
200,128,1,"0.1115499942180229"
200,129,1,"0.0982236658539671"
200,130,1,"0.09740248992946356"
200,131,1,"0.09650987800487575"
200,132,1,"0.09707383225307858"
200,133,1,"0.11240232022569346"
200,134,1,"0.10949490363330286"
200,135,1,"0.11342441356369061"
200,136,1,"0.10378882398535444"
200,137,1,"0.09720017261464665"
200,138,1,"0.09659134156016845"
200,139,1,"0.11289665603615963"
200,140,1,"0.09659134156016845"
200,141,1,"0.09594547690444043"
200,142,1,"0.11321832609254316"
200,143,1,"0.09664586942087368"
200,144,1,"0.10247061032407383"
200,145,1,"0.0960796042452867"
200,146,1,"0.10967430904402045"
200,147,1,"0.10955997479945119"
200,148,1,"0.11100846880684473"
200,149,1,"0.11342441356369061"
200,150,1,"0.09705850759217416"
220,1,1,"0.09587820179440475"
220,2,1,"0.09853735214185028"
220,3,1,"0.0982236658539671"
220,4,1,"0.10963899085016234"
220,5,1,"0.09693076933250222"
220,6,1,"0.10995198282640588"
220,7,1,"0.09883086715539934"
220,8,1,"0.09835288298481015"
220,9,1,"0.09848058071647262"
220,10,1,"0.10295917636702014"
220,11,1,"0.11167740375021235"
220,12,1,"0.09752583267683904"
220,13,1,"0.09746422283985887"
220,14,1,"0.09835288298481015"
220,15,1,"0.11150045392259497"
220,16,1,"0.1098596441921863"
220,17,1,"0.10278056357626023"
220,18,1,"0.10289341175104665"
220,19,1,"0.09816584619266401"
220,20,1,"0.11285515535878582"
220,21,1,"0.11339849090353217"
220,22,1,"0.0969947092862137"
220,23,1,"0.11205308591528056"
220,24,1,"0.10334005489648043"
220,25,1,"0.09766239572479476"
220,26,1,"0.1094658702655862"
220,27,1,"0.09680216411776536"
220,28,1,"0.11139243146151455"
220,29,1,"0.10286047277299573"
220,30,1,"0.09587820179440475"
220,31,1,"0.1095823349807156"
220,32,1,"0.10948739818366916"
220,33,1,"0.09732522300979199"
220,34,1,"0.09665667748686277"
220,35,1,"0.09816584619266401"
220,36,1,"0.09859362856253166"
220,37,1,"0.09810749353025325"
220,38,1,"0.09665667748686277"
220,39,1,"0.09637825874310293"
220,40,1,"0.11318187122271842"
220,41,1,"0.10365163096218671"
220,42,1,"0.11256346618173417"
220,43,1,"0.11295301447855353"
220,44,1,"0.11198816470810145"
220,45,1,"0.09665667748686277"
220,46,1,"0.09616266185525575"
220,47,1,"0.0967215898769937"
220,48,1,"0.11006656780904818"
220,49,1,"0.11347411193851818"
220,50,1,"0.10975616753614977"
220,51,1,"0.09752583267683904"
220,52,1,"0.11015856347625363"
220,53,1,"0.09889988937750552"
220,54,1,"0.0967215898769937"
220,55,1,"0.09883086715539934"
220,56,1,"0.11343647090020692"
220,57,1,"0.11221906660600055"
220,58,1,"0.11124070044839762"
220,59,1,"0.09587820179440475"
220,60,1,"0.09859362856253166"
220,61,1,"0.11083596774861766"
220,62,1,"0.10392889727406183"
220,63,1,"0.11317026376679137"
220,64,1,"0.10229571500481426"
220,65,1,"0.0976015877804778"
220,66,1,"0.11353428090272709"
220,67,1,"0.11338364616573714"
220,68,1,"0.10361956030917376"
220,69,1,"0.10281948852775924"
220,70,1,"0.09664586942087368"
220,71,1,"0.11083596774861766"
220,72,1,"0.11130479718700449"
220,73,1,"0.09901043409982548"
220,74,1,"0.11159431463255558"
220,75,1,"0.10240053298383484"
220,76,1,"0.0967215898769937"
220,77,1,"0.09859362856253166"
220,78,1,"0.0967215898769937"
220,79,1,"0.09889988937750552"
220,80,1,"0.09587820179440475"
220,81,1,"0.09644405589661761"
220,82,1,"0.10955902739055728"
220,83,1,"0.11025035117512258"
220,84,1,"0.09713707211109017"
220,85,1,"0.09804902121101536"
220,86,1,"0.10334005489648043"
220,87,1,"0.10947384097513482"
220,88,1,"0.0969887456442301"
220,89,1,"0.09871938100688038"
220,90,1,"0.09665667748686277"
220,91,1,"0.1035797218084472"
220,92,1,"0.09785726670080086"
220,93,1,"0.10961677586298844"
220,94,1,"0.11043785869839577"
220,95,1,"0.10334005489648043"
220,96,1,"0.09650987800487575"
220,97,1,"0.09804902121101536"
220,98,1,"0.09659134156016845"
220,99,1,"0.10267940758187541"
220,100,1,"0.09754046342274643"
220,101,1,"0.10262531560728809"
220,102,1,"0.10963899085016234"
220,103,1,"0.0976015877804778"
220,104,1,"0.0969887456442301"
220,105,1,"0.09846685582195902"
220,106,1,"0.10950243871428252"
220,107,1,"0.11067135105689638"
220,108,1,"0.11248310818854076"
220,109,1,"0.09664586942087368"
220,110,1,"0.10967631279474901"
220,111,1,"0.09693076933250222"
220,112,1,"0.09859362856253166"
220,113,1,"0.11015856347625363"
220,114,1,"0.09829546710402985"
220,115,1,"0.11100846880684473"
220,116,1,"0.09840995574472897"
220,117,1,"0.10970319252644742"
220,118,1,"0.10253947644895252"
220,119,1,"0.0969947092862137"
220,120,1,"0.10967430904402045"
220,121,1,"0.11342441356369061"
220,122,1,"0.10975616753614977"
220,123,1,"0.10963899085016234"
220,124,1,"0.09859362856253166"
220,125,1,"0.11124070044839762"
220,126,1,"0.11090458521135191"
220,127,1,"0.09622929902442495"
220,128,1,"0.11121672665138284"
220,129,1,"0.09842076444963108"
220,130,1,"0.09816584619266401"
220,131,1,"0.098886368439301"
220,132,1,"0.11338364616573714"
220,133,1,"0.09713707211109017"
220,134,1,"0.10378882398535444"
220,135,1,"0.11240232022569346"
220,136,1,"0.0982236658539671"
220,137,1,"0.10985731725280294"
220,138,1,"0.09734031165831039"
220,139,1,"0.11266225020695836"
220,140,1,"0.09766239572479476"
220,141,1,"0.10281827204411857"
220,142,1,"0.11338474778706556"
220,143,1,"0.10987177205797241"
220,144,1,"0.109460741246704"
220,145,1,"0.0982236658539671"
220,146,1,"0.10948739818366916"
220,147,1,"0.10953195024860195"
220,148,1,"0.1103640068816113"
220,149,1,"0.10978209401737254"
220,150,1,"0.0967215898769937"
240,1,1,"0.09835288298481015"
240,2,1,"0.10267940758187541"
240,3,1,"0.09693076933250222"
240,4,1,"0.10334780468444092"
240,5,1,"0.1096530888238878"
240,6,1,"0.09766239572479476"
240,7,1,"0.09823768479196282"
240,8,1,"0.09657549755509458"
240,9,1,"0.11150045392259497"
240,10,1,"0.09622929902442495"
240,11,1,"0.11033355286166494"
240,12,1,"0.10351565139126849"
240,13,1,"0.10295917636702014"
240,14,1,"0.09752583267683904"
240,15,1,"0.11283150120074295"
240,16,1,"0.10937301105625934"
240,17,1,"0.11340986635613419"
240,18,1,"0.11285515535878582"
240,19,1,"0.09657549755509458"
240,20,1,"0.10953872925831122"
240,21,1,"0.09732522300979199"
240,22,1,"0.09693076933250222"
240,23,1,"0.10897780471636326"
240,24,1,"0.09637825874310293"
240,25,1,"0.09631169209792914"
240,26,1,"0.10278056357626023"
240,27,1,"0.09766239572479476"
240,28,1,"0.10961402772426859"
240,29,1,"0.11346136752975579"
240,30,1,"0.11139243146151455"
240,31,1,"0.1039017433949041"
240,32,1,"0.10987177205797241"
240,33,1,"0.09686662573490376"
240,34,1,"0.10268734919172672"
240,35,1,"0.11200810641343624"
240,36,1,"0.11072727929739264"
240,37,1,"0.10351565139126849"
240,38,1,"0.10267940758187541"
240,39,1,"0.11289665603615963"
240,40,1,"0.09791677834087684"
240,41,1,"0.11205308591528056"
240,42,1,"0.09823768479196282"
240,43,1,"0.09870592567573525"
240,44,1,"0.09693076933250222"
240,45,1,"0.098886368439301"
240,46,1,"0.09631169209792914"
240,47,1,"0.09746422283985887"
240,48,1,"0.10953195024860195"
240,49,1,"0.10382144161658367"
240,50,1,"0.10345171046307615"
240,51,1,"0.0980348831859038"
240,52,1,"0.11338474778706556"
240,53,1,"0.10956982366169501"
240,54,1,"0.10945438853119409"
240,55,1,"0.10975315080699519"
240,56,1,"0.10970029034768874"
240,57,1,"0.0969947092862137"
240,58,1,"0.11194889768737401"
240,59,1,"0.1094658702655862"
240,60,1,"0.1038954177368412"
240,61,1,"0.09871938100688038"
240,62,1,"0.09883086715539934"
240,63,1,"0.10306537962631275"
240,64,1,"0.0969887456442301"
240,65,1,"0.09901043409982548"
240,66,1,"0.1115499942180229"
240,67,1,"0.11349033154111593"
240,68,1,"0.1037239323076362"
240,69,1,"0.1097278173013815"
240,70,1,"0.10979862484963696"
240,71,1,"0.09791677834087684"
240,72,1,"0.11006656780904818"
240,73,1,"0.11043785869839577"
240,74,1,"0.11022917327950511"
240,75,1,"0.11177973995821777"
240,76,1,"0.09587820179440475"
240,77,1,"0.09772282270839636"
240,78,1,"0.1030732473237823"
240,79,1,"0.10960336761639491"
240,80,1,"0.10250657612675484"
240,81,1,"0.09853735214185028"
240,82,1,"0.09871938100688038"
240,83,1,"0.11033355286166494"
240,84,1,"0.1110618581578341"
240,85,1,"0.10378882398535444"
240,86,1,"0.09870592567573525"
240,87,1,"0.11340986635613419"
240,88,1,"0.09601264551369612"
240,89,1,"0.1090708268754115"
240,90,1,"0.11213637420685513"
240,91,1,"0.11203272514534696"
240,92,1,"0.1128190910249531"
240,93,1,"0.10945438853119409"
240,94,1,"0.09664586942087368"
240,95,1,"0.10952983685137856"
240,96,1,"0.10240053298383484"
240,97,1,"0.10378882398535444"
240,98,1,"0.11112828699058125"
240,99,1,"0.11213637420685513"
240,100,1,"0.10295917636702014"
240,101,1,"0.10988635863435135"
240,102,1,"0.0976015877804778"
240,103,1,"0.10292633791184148"
240,104,1,"0.10250657612675484"
240,105,1,"0.09853735214185028"
240,106,1,"0.09705850759217416"
240,107,1,"0.09720017261464665"
240,108,1,"0.11067135105689638"
240,109,1,"0.10230353785830786"
240,110,1,"0.10382144161658367"
240,111,1,"0.09859362856253166"
240,112,1,"0.0969947092862137"
240,113,1,"0.10962775352322139"
240,114,1,"0.09659134156016845"
240,115,1,"0.1034439666990534"
240,116,1,"0.09859362856253166"
240,117,1,"0.09870592567573525"
240,118,1,"0.11240232022569346"
240,119,1,"0.11299209842229661"
240,120,1,"0.09810749353025325"
240,121,1,"0.0969887456442301"
240,122,1,"0.09680216411776536"
240,123,1,"0.0976015877804778"
240,124,1,"0.09772282270839636"
240,125,1,"0.10953872925831122"
240,126,1,"0.1130682497524471"
240,127,1,"0.09720017261464665"
240,128,1,"0.09829546710402985"
240,129,1,"0.11314340904362026"
240,130,1,"0.09720017261464665"
240,131,1,"0.09746422283985887"
240,132,1,"0.0980348831859038"
240,133,1,"0.1097404281930079"
240,134,1,"0.09732522300979199"
240,135,1,"0.09752583267683904"
240,136,1,"0.09871938100688038"
240,137,1,"0.09631169209792914"
240,138,1,"0.09734031165831039"
240,139,1,"0.09705850759217416"
240,140,1,"0.09889988937750552"
240,141,1,"0.09791677834087684"
240,142,1,"0.0982236658539671"
240,143,1,"0.11100846880684473"
240,144,1,"0.10978209401737254"
240,145,1,"0.09816584619266401"
240,146,1,"0.10948739818366916"
240,147,1,"0.10985731725280294"
240,148,1,"0.1090708268754115"
240,149,1,"0.1039017433949041"
240,150,1,"0.09752583267683904"
260,1,1,"0.11346136752975579"
260,2,1,"0.09680216411776536"
260,3,1,"0.09840995574472897"
260,4,1,"0.09693076933250222"
260,5,1,"0.11264288298265719"
260,6,1,"0.09752583267683904"
260,7,1,"0.09686662573490376"
260,8,1,"0.0967215898769937"
260,9,1,"0.1039017433949041"
260,10,1,"0.11124070044839762"
260,11,1,"0.09657549755509458"
260,12,1,"0.09657549755509458"
260,13,1,"0.11121672665138284"
260,14,1,"0.10247374498582122"
260,15,1,"0.09707383225307858"
260,16,1,"0.09594547690444043"
260,17,1,"0.1039017433949041"
260,18,1,"0.09804902121101536"
260,19,1,"0.1097691061327852"
260,20,1,"0.09680216411776536"
260,21,1,"0.1117587713109991"
260,22,1,"0.10997432589446458"
260,23,1,"0.09848058071647262"
260,24,1,"0.0980348831859038"
260,25,1,"0.09871938100688038"
260,26,1,"0.09842076444963108"
260,27,1,"0.09829546710402985"
260,28,1,"0.11205308591528056"
260,29,1,"0.09785726670080086"
260,30,1,"0.09657549755509458"
260,31,1,"0.10378882398535444"
260,32,1,"0.0968509010431418"
260,33,1,"0.10378882398535444"
260,34,1,"0.10981214532677612"
260,35,1,"0.1095823349807156"
260,36,1,"0.09678646458506474"
260,37,1,"0.09754046342274643"
260,38,1,"0.1095823349807156"
260,39,1,"0.11088216021066978"
260,40,1,"0.1039624380752384"
260,41,1,"0.10295917636702014"
260,42,1,"0.10281827204411857"
260,43,1,"0.09622929902442495"
260,44,1,"0.10945438853119409"
260,45,1,"0.10988635863435135"
260,46,1,"0.09823768479196282"
260,47,1,"0.10946634888120904"
260,48,1,"0.09804902121101536"
260,49,1,"0.09895520133674807"
260,50,1,"0.09713707211109017"
260,51,1,"0.1103640068816113"
260,52,1,"0.09616266185525575"
260,53,1,"0.09901043409982548"
260,54,1,"0.10258047789762297"
260,55,1,"0.10937301105625934"
260,56,1,"0.0967215898769937"
260,57,1,"0.10975315080699519"
260,58,1,"0.09686662573490376"
260,59,1,"0.09686662573490376"
260,60,1,"0.09754046342274643"
260,61,1,"0.09864977085814254"
260,62,1,"0.10956982366169501"
260,63,1,"0.09823768479196282"
260,64,1,"0.09864977085814254"
260,65,1,"0.09877520190234293"
260,66,1,"0.09680216411776536"
260,67,1,"0.09746422283985887"
260,68,1,"0.10927976437767213"
260,69,1,"0.0980348831859038"
260,70,1,"0.10952983685137856"
260,71,1,"0.09810749353025325"
260,72,1,"0.09779757442918684"
260,73,1,"0.09823768479196282"
260,74,1,"0.09810749353025325"
260,75,1,"0.09778298198920925"
260,76,1,"0.09778298198920925"
260,77,1,"0.09707383225307858"
260,78,1,"0.10382144161658367"
260,79,1,"0.09804902121101536"
260,80,1,"0.09772282270839636"
260,81,1,"0.09791677834087684"
260,82,1,"0.11139480306618754"
260,83,1,"0.09766239572479476"
260,84,1,"0.09734031165831039"
260,85,1,"0.09707383225307858"
260,86,1,"0.09693076933250222"
260,87,1,"0.10368390702481035"
260,88,1,"0.09870592567573525"
260,89,1,"0.09650987800487575"
260,90,1,"0.0982236658539671"
260,91,1,"0.10358741972501022"
260,92,1,"0.09601264551369612"
260,93,1,"0.09650987800487575"
260,94,1,"0.09650987800487575"
260,95,1,"0.098886368439301"
260,96,1,"0.11006656780904818"
260,97,1,"0.09734031165831039"
260,98,1,"0.09732522300979199"
260,99,1,"0.1039017433949041"
260,100,1,"0.09680216411776536"
260,101,1,"0.0980348831859038"
260,102,1,"0.09877520190234293"
260,103,1,"0.0982236658539671"
260,104,1,"0.09779757442918684"
260,105,1,"0.09889988937750552"
260,106,1,"0.09883086715539934"
260,107,1,"0.10947384097513482"
260,108,1,"0.09720017261464665"
260,109,1,"0.09678646458506474"
260,110,1,"0.0968509010431418"
260,111,1,"0.11317026376679137"
260,112,1,"0.10961677586298844"
260,113,1,"0.09797603934201687"
260,114,1,"0.09705850759217416"
260,115,1,"0.09622929902442495"
260,116,1,"0.09848058071647262"
260,117,1,"0.09859362856253166"
260,118,1,"0.09601264551369612"
260,119,1,"0.10997432589446458"
260,120,1,"0.09846685582195902"
260,121,1,"0.10971544339071458"
260,122,1,"0.1119200376031535"
260,123,1,"0.10378882398535444"
260,124,1,"0.09853735214185028"
260,125,1,"0.09779757442918684"
260,126,1,"0.09842076444963108"
260,127,1,"0.11205308591528056"
260,128,1,"0.09644405589661761"
260,129,1,"0.09616266185525575"
260,130,1,"0.10368390702481035"
260,131,1,"0.09835288298481015"
260,132,1,"0.09594547690444043"
260,133,1,"0.09594547690444043"
260,134,1,"0.09616266185525575"
260,135,1,"0.0960958226103026"
260,136,1,"0.10262531560728809"
260,137,1,"0.1097691061327852"
260,138,1,"0.09665667748686277"
260,139,1,"0.09713707211109017"
260,140,1,"0.10334005489648043"
260,141,1,"0.10267940758187541"
260,142,1,"0.098886368439301"
260,143,1,"0.1097278173013815"
260,144,1,"0.09816584619266401"
260,145,1,"0.1098596441921863"
260,146,1,"0.09864977085814254"
260,147,1,"0.09864977085814254"
260,148,1,"0.09864977085814254"
260,149,1,"0.10229571500481426"
260,150,1,"0.0969887456442301"
280,1,1,"0.10341186461803487"
280,2,1,"0.09665667748686277"
280,3,1,"0.09740248992946356"
280,4,1,"0.09840995574472897"
280,5,1,"0.09686662573490376"
280,6,1,"0.0968509010431418"
280,7,1,"0.10965180762378221"
280,8,1,"0.09650987800487575"
280,9,1,"0.09754046342274643"
280,10,1,"0.10997432589446458"
280,11,1,"0.09816584619266401"
280,12,1,"0.10946634888120904"
280,13,1,"0.098886368439301"
280,14,1,"0.09680216411776536"
280,15,1,"0.11331037861521036"
280,16,1,"0.098886368439301"
280,17,1,"0.09895520133674807"
280,18,1,"0.10981214532677612"
280,19,1,"0.10296701726334323"
280,20,1,"0.10281827204411857"
280,21,1,"0.09594547690444043"
280,22,1,"0.09859362856253166"
280,23,1,"0.09686662573490376"
280,24,1,"0.10097459451941705"
280,25,1,"0.0969947092862137"
280,26,1,"0.09871938100688038"
280,27,1,"0.11289665603615963"
280,28,1,"0.10386239486979583"
280,29,1,"0.0968509010431418"
280,30,1,"0.09754046342274643"
280,31,1,"0.0980348831859038"
280,32,1,"0.09895520133674807"
280,33,1,"0.10341186461803487"
280,34,1,"0.0969947092862137"
280,35,1,"0.09848058071647262"
280,36,1,"0.09848058071647262"
280,37,1,"0.11264288298265719"
280,38,1,"0.10956982366169501"
280,39,1,"0.09785726670080086"
280,40,1,"0.09746422283985887"
280,41,1,"0.09740248992946356"
280,42,1,"0.09659134156016845"
280,43,1,"0.10231647408065923"
280,44,1,"0.09883086715539934"
280,45,1,"0.09707383225307858"
280,46,1,"0.09726271642095181"
280,47,1,"0.09678646458506474"
280,48,1,"0.09895520133674807"
280,49,1,"0.10361956030917376"
280,50,1,"0.098886368439301"
280,51,1,"0.09766239572479476"
280,52,1,"0.09732522300979199"
280,53,1,"0.09754046342274643"
280,54,1,"0.10244113477284703"
280,55,1,"0.11083908925276072"
280,56,1,"0.09752583267683904"
280,57,1,"0.09659134156016845"
280,58,1,"0.10247374498582122"
280,59,1,"0.09637825874310293"
280,60,1,"0.1118233862404264"
280,61,1,"0.11194889768737401"
280,62,1,"0.09659134156016845"
280,63,1,"0.09848058071647262"
280,64,1,"0.09616266185525575"
280,65,1,"0.10247374498582122"
280,66,1,"0.09665667748686277"
280,67,1,"0.10947242032081358"
280,68,1,"0.09631169209792914"
280,69,1,"0.09766239572479476"
280,70,1,"0.09665667748686277"
280,71,1,"0.09601264551369612"
280,72,1,"0.0969947092862137"
280,73,1,"0.09864977085814254"
280,74,1,"0.1097691061327852"
280,75,1,"0.10971544339071458"
280,76,1,"0.09659134156016845"
280,77,1,"0.09637825874310293"
280,78,1,"0.098886368439301"
280,79,1,"0.1096646875573856"
280,80,1,"0.09810749353025325"
280,81,1,"0.10925724820689359"
280,82,1,"0.109460741246704"
280,83,1,"0.09859362856253166"
280,84,1,"0.09848058071647262"
280,85,1,"0.09754046342274643"
280,86,1,"0.09870592567573525"
280,87,1,"0.09631169209792914"
280,88,1,"0.09901043409982548"
280,89,1,"0.09693076933250222"
280,90,1,"0.09823768479196282"
280,91,1,"0.09870592567573525"
280,92,1,"0.09835288298481015"
280,93,1,"0.09785726670080086"
280,94,1,"0.09883086715539934"
280,95,1,"0.09871938100688038"
280,96,1,"0.1097691061327852"
280,97,1,"0.09797603934201687"
280,98,1,"0.11264288298265719"
280,99,1,"0.098886368439301"
280,100,1,"0.10946634888120904"
280,101,1,"0.09657549755509458"
280,102,1,"0.09840995574472897"
280,103,1,"0.09740248992946356"
280,104,1,"0.09804902121101536"
280,105,1,"0.09829546710402985"
280,106,1,"0.09842076444963108"
280,107,1,"0.09740248992946356"
280,108,1,"0.09726271642095181"
280,109,1,"0.10351565139126849"
280,110,1,"0.10978209401737254"
280,111,1,"0.10967631279474901"
280,112,1,"0.0968509010431418"
280,113,1,"0.11177948539564657"
280,114,1,"0.09631169209792914"
280,115,1,"0.09766239572479476"
280,116,1,"0.10074969614130654"
280,117,1,"0.10258047789762297"
280,118,1,"0.09883086715539934"
280,119,1,"0.09644405589661761"
280,120,1,"0.0976015877804778"
280,121,1,"0.09746422283985887"
280,122,1,"0.0976015877804778"
280,123,1,"0.09665667748686277"
280,124,1,"0.10368390702481035"
280,125,1,"0.09848058071647262"
280,126,1,"0.109688297942447"
280,127,1,"0.09842076444963108"
280,128,1,"0.10971544339071458"
280,129,1,"0.09693076933250222"
280,130,1,"0.1119555920223128"
280,131,1,"0.09853735214185028"
280,132,1,"0.09644405589661761"
280,133,1,"0.09665667748686277"
280,134,1,"0.10950243871428252"
280,135,1,"0.11240232022569346"
280,136,1,"0.09637825874310293"
280,137,1,"0.11121672665138284"
280,138,1,"0.09752583267683904"
280,139,1,"0.11167317119800545"
280,140,1,"0.10976700437172321"
280,141,1,"0.10299983507564031"
280,142,1,"0.09650987800487575"
280,143,1,"0.09616266185525575"
280,144,1,"0.09734031165831039"
280,145,1,"0.09746422283985887"
280,146,1,"0.09816584619266401"
280,147,1,"0.09766239572479476"
280,148,1,"0.09678646458506474"
280,149,1,"0.098886368439301"
280,150,1,"0.10971544339071458"
300,1,1,"0.09778298198920925"
300,2,1,"0.09810749353025325"
300,3,1,"0.09587820179440475"
300,4,1,"0.09895520133674807"
300,5,1,"0.10337989422518697"
300,6,1,"0.09713707211109017"
300,7,1,"0.09622929902442495"
300,8,1,"0.09895520133674807"
300,9,1,"0.09616266185525575"
300,10,1,"0.09657549755509458"
300,11,1,"0.09752583267683904"
300,12,1,"0.09665667748686277"
300,13,1,"0.0969947092862137"
300,14,1,"0.09883086715539934"
300,15,1,"0.09848058071647262"
300,16,1,"0.0976015877804778"
300,17,1,"0.09883086715539934"
300,18,1,"0.09871938100688038"
300,19,1,"0.09752583267683904"
300,20,1,"0.10328693478842771"
300,21,1,"0.09877520190234293"
300,22,1,"0.1097691061327852"
300,23,1,"0.09816584619266401"
300,24,1,"0.0982236658539671"
300,25,1,"0.10976700437172321"
300,26,1,"0.09871938100688038"
300,27,1,"0.09678646458506474"
300,28,1,"0.10296701726334323"
300,29,1,"0.11130479718700449"
300,30,1,"0.09587820179440475"
300,31,1,"0.09678646458506474"
300,32,1,"0.09791677834087684"
300,33,1,"0.0976015877804778"
300,34,1,"0.09842076444963108"
300,35,1,"0.09713707211109017"
300,36,1,"0.0969947092862137"
300,37,1,"0.09732522300979199"
300,38,1,"0.09840995574472897"
300,39,1,"0.10257236207067605"
300,40,1,"0.09705850759217416"
300,41,1,"0.09740248992946356"
300,42,1,"0.09829546710402985"
300,43,1,"0.10292633791184148"
300,44,1,"0.10976700437172321"
300,45,1,"0.1030732473237823"
300,46,1,"0.09766239572479476"
300,47,1,"0.09785726670080086"
300,48,1,"0.09601264551369612"
300,49,1,"0.10963899085016234"
300,50,1,"0.10313021883307633"
300,51,1,"0.09622929902442495"
300,52,1,"0.1095126010227414"
300,53,1,"0.10937301105625934"
300,54,1,"0.09779757442918684"
300,55,1,"0.10953195024860195"
300,56,1,"0.10261345513887668"
300,57,1,"0.10345171046307615"
300,58,1,"0.11063688566060795"
300,59,1,"0.1094658702655862"
300,60,1,"0.10978209401737254"
300,61,1,"0.09665667748686277"
300,62,1,"0.0960796042452867"
300,63,1,"0.10250657612675484"
300,64,1,"0.09637825874310293"
300,65,1,"0.09846685582195902"
300,66,1,"0.09840995574472897"
300,67,1,"0.09631169209792914"
300,68,1,"0.10962775352322139"
300,69,1,"0.0960958226103026"
300,70,1,"0.09754046342274643"
300,71,1,"0.11103951491410397"
300,72,1,"0.09810749353025325"
300,73,1,"0.09766239572479476"
300,74,1,"0.09726271642095181"
300,75,1,"0.09791677834087684"
300,76,1,"0.09835288298481015"
300,77,1,"0.10257236207067605"
300,78,1,"0.09629573952691986"
300,79,1,"0.09816584619266401"
300,80,1,"0.09631169209792914"
300,81,1,"0.09726271642095181"
300,82,1,"0.09665667748686277"
300,83,1,"0.11045522164468344"
300,84,1,"0.09678646458506474"
300,85,1,"0.09877520190234293"
300,86,1,"0.09680216411776536"
300,87,1,"0.1096646875573856"
300,88,1,"0.09823768479196282"
300,89,1,"0.09659134156016845"
300,90,1,"0.09864977085814254"
300,91,1,"0.09829546710402985"
300,92,1,"0.09804902121101536"
300,93,1,"0.10960336761639491"
300,94,1,"0.09657549755509458"
300,95,1,"0.09889988937750552"
300,96,1,"0.0969947092862137"
300,97,1,"0.10173894101347283"
300,98,1,"0.10334780468444092"
300,99,1,"0.10240053298383484"
300,100,1,"0.09823768479196282"
300,101,1,"0.09823768479196282"
300,102,1,"0.09746422283985887"
300,103,1,"0.0976015877804778"
300,104,1,"0.09637825874310293"
300,105,1,"0.09829546710402985"
300,106,1,"0.09877520190234293"
300,107,1,"0.09901043409982548"
300,108,1,"0.11025035117512258"
300,109,1,"0.09816584619266401"
300,110,1,"0.09840995574472897"
300,111,1,"0.09680216411776536"
300,112,1,"0.09842076444963108"
300,113,1,"0.09680216411776536"
300,114,1,"0.10965180762378221"
300,115,1,"0.10345171046307615"
300,116,1,"0.10925724820689359"
300,117,1,"0.09726271642095181"
300,118,1,"0.10950243871428252"
300,119,1,"0.09848058071647262"
300,120,1,"0.09848058071647262"
300,121,1,"0.09644405589661761"
300,122,1,"0.109460741246704"
300,123,1,"0.09835288298481015"
300,124,1,"0.09846685582195902"
300,125,1,"0.09772282270839636"
300,126,1,"0.09853735214185028"
300,127,1,"0.09678646458506474"
300,128,1,"0.0982236658539671"
300,129,1,"0.0960958226103026"
300,130,1,"0.10988635863435135"
300,131,1,"0.11130479718700449"
300,132,1,"0.09726271642095181"
300,133,1,"0.0980348831859038"
300,134,1,"0.09664586942087368"
300,135,1,"0.0968509010431418"
300,136,1,"0.09785726670080086"
300,137,1,"0.09848058071647262"
300,138,1,"0.09842076444963108"
300,139,1,"0.09693076933250222"
300,140,1,"0.0969947092862137"
300,141,1,"0.09746422283985887"
300,142,1,"0.0968509010431418"
300,143,1,"0.1033017916830754"
300,144,1,"0.09752583267683904"
300,145,1,"0.0969947092862137"
300,146,1,"0.09734031165831039"
300,147,1,"0.11141348615772612"
300,148,1,"0.09804902121101536"
300,149,1,"0.11198816470810145"
300,150,1,"0.09752583267683904"
320,1,1,"0.09848058071647262"
320,2,1,"0.09823768479196282"
320,3,1,"0.10365163096218671"
320,4,1,"0.10230353785830786"
320,5,1,"0.09835288298481015"
320,6,1,"0.1030732473237823"
320,7,1,"0.09778298198920925"
320,8,1,"0.11103951491410397"
320,9,1,"0.09823768479196282"
320,10,1,"0.09889988937750552"
320,11,1,"0.09883086715539934"
320,12,1,"0.10244113477284703"
320,13,1,"0.09629573952691986"
320,14,1,"0.10278665040833232"
320,15,1,"0.09665667748686277"
320,16,1,"0.0960796042452867"
320,17,1,"0.09901043409982548"
320,18,1,"0.09846685582195902"
320,19,1,"0.09746422283985887"
320,20,1,"0.09785726670080086"
320,21,1,"0.09734031165831039"
320,22,1,"0.1094658702655862"
320,23,1,"0.09772282270839636"
320,24,1,"0.09740248992946356"
320,25,1,"0.11092867879051951"
320,26,1,"0.09877520190234293"
320,27,1,"0.09740248992946356"
320,28,1,"0.0976015877804778"
320,29,1,"0.10264629101395278"
320,30,1,"0.09804902121101536"
320,31,1,"0.09664586942087368"
320,32,1,"0.09870592567573525"
320,33,1,"0.09823768479196282"
320,34,1,"0.09901043409982548"
320,35,1,"0.09637825874310293"
320,36,1,"0.09616266185525575"
320,37,1,"0.09678646458506474"
320,38,1,"0.09810749353025325"
320,39,1,"0.0967215898769937"
320,40,1,"0.10979862484963696"
320,41,1,"0.09895520133674807"
320,42,1,"0.09877520190234293"
320,43,1,"0.09846685582195902"
320,44,1,"0.09889988937750552"
320,45,1,"0.09870592567573525"
320,46,1,"0.09772282270839636"
320,47,1,"0.09650987800487575"
320,48,1,"0.1095044180576997"
320,49,1,"0.10334005489648043"
320,50,1,"0.10897780471636326"
320,51,1,"0.09842076444963108"
320,52,1,"0.09734031165831039"
320,53,1,"0.11035774330457146"
320,54,1,"0.0967215898769937"
320,55,1,"0.09594547690444043"
320,56,1,"0.09629573952691986"
320,57,1,"0.0968509010431418"
320,58,1,"0.0967215898769937"
320,59,1,"0.10255438639894224"
320,60,1,"0.09616266185525575"
320,61,1,"0.098886368439301"
320,62,1,"0.10959270997461422"
320,63,1,"0.09864977085814254"
320,64,1,"0.10243320138884451"
320,65,1,"0.09629573952691986"
320,66,1,"0.09644405589661761"
320,67,1,"0.09842076444963108"
320,68,1,"0.0960958226103026"
320,69,1,"0.09842076444963108"
320,70,1,"0.10358741972501022"
320,71,1,"0.09644405589661761"
320,72,1,"0.09659134156016845"
320,73,1,"0.10957229029722183"
320,74,1,"0.09746422283985887"
320,75,1,"0.1095044180576997"
320,76,1,"0.09883086715539934"
320,77,1,"0.09791677834087684"
320,78,1,"0.09766239572479476"
320,79,1,"0.10386239486979583"
320,80,1,"0.09883086715539934"
320,81,1,"0.09693076933250222"
320,82,1,"0.09713707211109017"
320,83,1,"0.09707383225307858"
320,84,1,"0.09823768479196282"
320,85,1,"0.09713707211109017"
320,86,1,"0.09842076444963108"
320,87,1,"0.09622929902442495"
320,88,1,"0.10962775352322139"
320,89,1,"0.09895520133674807"
320,90,1,"0.09665667748686277"
320,91,1,"0.09693076933250222"
320,92,1,"0.09752583267683904"
320,93,1,"0.09587820179440475"
320,94,1,"0.10247374498582122"
320,95,1,"0.10232788962916721"
320,96,1,"0.0969947092862137"
320,97,1,"0.10226376108667404"
320,98,1,"0.10231647408065923"
320,99,1,"0.09829546710402985"
320,100,1,"0.11130479718700449"
320,101,1,"0.09877520190234293"
320,102,1,"0.10368390702481035"
320,103,1,"0.10328693478842771"
320,104,1,"0.09840995574472897"
320,105,1,"0.09804902121101536"
320,106,1,"0.10368390702481035"
320,107,1,"0.09883086715539934"
320,108,1,"0.10976700437172321"
320,109,1,"0.09870592567573525"
320,110,1,"0.09840995574472897"
320,111,1,"0.1039624380752384"
320,112,1,"0.09693076933250222"
320,113,1,"0.09840995574472897"
320,114,1,"0.09657549755509458"
320,115,1,"0.09864977085814254"
320,116,1,"0.09732522300979199"
320,117,1,"0.09629573952691986"
320,118,1,"0.1039624380752384"
320,119,1,"0.098886368439301"
320,120,1,"0.0960958226103026"
320,121,1,"0.10365163096218671"
320,122,1,"0.09835288298481015"
320,123,1,"0.09587820179440475"
320,124,1,"0.09804902121101536"
320,125,1,"0.09665667748686277"
320,126,1,"0.09864977085814254"
320,127,1,"0.11103951491410397"
320,128,1,"0.09864977085814254"
320,129,1,"0.09835288298481015"
320,130,1,"0.0967215898769937"
320,131,1,"0.09785726670080086"
320,132,1,"0.10264629101395278"
320,133,1,"0.09657549755509458"
320,134,1,"0.09664586942087368"
320,135,1,"0.09594547690444043"
320,136,1,"0.10286047277299573"
320,137,1,"0.09644405589661761"
320,138,1,"0.09680216411776536"
320,139,1,"0.09622929902442495"
320,140,1,"0.09720017261464665"
320,141,1,"0.09678646458506474"
320,142,1,"0.09594547690444043"
320,143,1,"0.09693076933250222"
320,144,1,"0.09726271642095181"
320,145,1,"0.09853735214185028"
320,146,1,"0.09594547690444043"
320,147,1,"0.09954836920551335"
320,148,1,"0.0969887456442301"
320,149,1,"0.0969887456442301"
320,150,1,"0.09883086715539934"
340,1,1,"0.09746422283985887"
340,2,1,"0.09587820179440475"
340,3,1,"0.09835288298481015"
340,4,1,"0.09939639928763266"
340,5,1,"0.09823768479196282"
340,6,1,"0.0960796042452867"
340,7,1,"0.09629573952691986"
340,8,1,"0.09616266185525575"
340,9,1,"0.1097953862963874"
340,10,1,"0.09840322544692848"
340,11,1,"0.09650987800487575"
340,12,1,"0.09637825874310293"
340,13,1,"0.09629573952691986"
340,14,1,"0.09901043409982548"
340,15,1,"0.09732522300979199"
340,16,1,"0.09594547690444043"
340,17,1,"0.09840322544692848"
340,18,1,"0.09740248992946356"
340,19,1,"0.0976015877804778"
340,20,1,"0.0960796042452867"
340,21,1,"0.09785726670080086"
340,22,1,"0.09766239572479476"
340,23,1,"0.09726271642095181"
340,24,1,"0.09859362856253166"
340,25,1,"0.09734031165831039"
340,26,1,"0.09846685582195902"
340,27,1,"0.09791677834087684"
340,28,1,"0.09870592567573525"
340,29,1,"0.09752583267683904"
340,30,1,"0.09752583267683904"
340,31,1,"0.09594547690444043"
340,32,1,"0.09853735214185028"
340,33,1,"0.09594547690444043"
340,34,1,"0.09746422283985887"
340,35,1,"0.10948049646746881"
340,36,1,"0.09713707211109017"
340,37,1,"0.09797603934201687"
340,38,1,"0.09707383225307858"
340,39,1,"0.0960958226103026"
340,40,1,"0.09840995574472897"
340,41,1,"0.09622929902442495"
340,42,1,"0.09779757442918684"
340,43,1,"0.09939639928763266"
340,44,1,"0.09871938100688038"
340,45,1,"0.09664586942087368"
340,46,1,"0.10963899085016234"
340,47,1,"0.09594547690444043"
340,48,1,"0.09732522300979199"
340,49,1,"0.10946634888120904"
340,50,1,"0.098886368439301"
340,51,1,"0.09829546710402985"
340,52,1,"0.09840995574472897"
340,53,1,"0.10953195024860195"
340,54,1,"0.09734031165831039"
340,55,1,"0.09870592567573525"
340,56,1,"0.09921027821520105"
340,57,1,"0.09705850759217416"
340,58,1,"0.09707383225307858"
340,59,1,"0.0969887456442301"
340,60,1,"0.09883086715539934"
340,61,1,"0.10296701726334323"
340,62,1,"0.09840995574472897"
340,63,1,"0.09686662573490376"
340,64,1,"0.09870592567573525"
340,65,1,"0.09629573952691986"
340,66,1,"0.09914313406997503"
340,67,1,"0.09865923079546032"
340,68,1,"0.0982236658539671"
340,69,1,"0.09907580393009079"
340,70,1,"0.10267940758187541"
340,71,1,"0.10328693478842771"
340,72,1,"0.0960958226103026"
340,73,1,"0.09846685582195902"
340,74,1,"0.09846685582195902"
340,75,1,"0.09862141413237285"
340,76,1,"0.09601264551369612"
340,77,1,"0.09754046342274643"
340,78,1,"0.09848058071647262"
340,79,1,"0.09754046342274643"
340,80,1,"0.11035774330457146"
340,81,1,"0.09871938100688038"
340,82,1,"0.10981214532677612"
340,83,1,"0.09827817221137156"
340,84,1,"0.09914313406997503"
340,85,1,"0.09631169209792914"
340,86,1,"0.09705850759217416"
340,87,1,"0.09779757442918684"
340,88,1,"0.09766239572479476"
340,89,1,"0.09657549755509458"
340,90,1,"0.0968509010431418"
340,91,1,"0.09752583267683904"
340,92,1,"0.0960796042452867"
340,93,1,"0.09726271642095181"
340,94,1,"0.09740248992946356"
340,95,1,"0.098886368439301"
340,96,1,"0.09740248992946356"
340,97,1,"0.09686662573490376"
340,98,1,"0.09644405589661761"
340,99,1,"0.10121299948868971"
340,100,1,"0.0960796042452867"
340,101,1,"0.09686662573490376"
340,102,1,"0.0969947092862137"
340,103,1,"0.09797603934201687"
340,104,1,"0.10281948852775924"
340,105,1,"0.09726271642095181"
340,106,1,"0.09871938100688038"
340,107,1,"0.09810749353025325"
340,108,1,"0.09587820179440475"
340,109,1,"0.09853735214185028"
340,110,1,"0.0960958226103026"
340,111,1,"0.0969887456442301"
340,112,1,"0.09871938100688038"
340,113,1,"0.09974986953630272"
340,114,1,"0.09726271642095181"
340,115,1,"0.09644405589661761"
340,116,1,"0.09659134156016845"
340,117,1,"0.10365163096218671"
340,118,1,"0.11141348615772612"
340,119,1,"0.09804902121101536"
340,120,1,"0.09888694445250193"
340,121,1,"0.1094658702655862"
340,122,1,"0.10937301105625934"
340,123,1,"0.09622929902442495"
340,124,1,"0.0960796042452867"
340,125,1,"0.09678646458506474"
340,126,1,"0.09877520190234293"
340,127,1,"0.09848058071647262"
340,128,1,"0.09665667748686277"
340,129,1,"0.09842076444963108"
340,130,1,"0.09752583267683904"
340,131,1,"0.09720017261464665"
340,132,1,"0.09664586942087368"
340,133,1,"0.10378882398535444"
340,134,1,"0.09746422283985887"
340,135,1,"0.09601264551369612"
340,136,1,"0.09779757442918684"
340,137,1,"0.09848058071647262"
340,138,1,"0.09637825874310293"
340,139,1,"0.09804902121101536"
340,140,1,"0.09871938100688038"
340,141,1,"0.0960796042452867"
340,142,1,"0.09754046342274643"
340,143,1,"0.09842076444963108"
340,144,1,"0.09836632990267857"
340,145,1,"0.09707383225307858"
340,146,1,"0.10965180762378221"
340,147,1,"0.09823768479196282"
340,148,1,"0.09843311155076927"
340,149,1,"0.09823768479196282"
340,150,1,"0.09594547690444043"
360,1,1,"0.09908307889750205"
360,2,1,"0.09779757442918684"
360,3,1,"0.0960796042452867"
360,4,1,"0.09936668025108389"
360,5,1,"0.0982236658539671"
360,6,1,"0.09693076933250222"
360,7,1,"0.09720017261464665"
360,8,1,"0.09840995574472897"
360,9,1,"0.09829546710402985"
360,10,1,"0.09629573952691986"
360,11,1,"0.09840995574472897"
360,12,1,"0.09853735214185028"
360,13,1,"0.09883086715539934"
360,14,1,"0.09740248992946356"
360,15,1,"0.09968099533418531"
360,16,1,"0.09927007089417593"
360,17,1,"0.10306537962631275"
360,18,1,"0.09823768479196282"
360,19,1,"0.0982711110611181"
360,20,1,"0.09797603934201687"
360,21,1,"0.09871938100688038"
360,22,1,"0.09644405589661761"
360,23,1,"0.09804902121101536"
360,24,1,"0.09650987800487575"
360,25,1,"0.09680216411776536"
360,26,1,"0.0960958226103026"
360,27,1,"0.09754046342274643"
360,28,1,"0.09823768479196282"
360,29,1,"0.09829546710402985"
360,30,1,"0.09785726670080086"
360,31,1,"0.098886368439301"
360,32,1,"0.09829546710402985"
360,33,1,"0.09883086715539934"
360,34,1,"0.09587820179440475"
360,35,1,"0.0982236658539671"
360,36,1,"0.09856070181885256"
360,37,1,"0.09895520133674807"
360,38,1,"0.0967215898769937"
360,39,1,"0.09872004091926247"
360,40,1,"0.09693076933250222"
360,41,1,"0.09707383225307858"
360,42,1,"0.09622929902442495"
360,43,1,"0.0968509010431418"
360,44,1,"0.09659134156016845"
360,45,1,"0.09622929902442495"
360,46,1,"0.09904564487559576"
360,47,1,"0.09848058071647262"
360,48,1,"0.10385187519844745"
360,49,1,"0.09846685582195902"
360,50,1,"0.09637825874310293"
360,51,1,"0.09936668025108389"
360,52,1,"0.09664586942087368"
360,53,1,"0.09734031165831039"
360,54,1,"0.09752583267683904"
360,55,1,"0.099719081943382"
360,56,1,"0.09797603934201687"
360,57,1,"0.09864977085814254"
360,58,1,"0.09846685582195902"
360,59,1,"0.09665667748686277"
360,60,1,"0.09772282270839636"
360,61,1,"0.09877520190234293"
360,62,1,"0.09754046342274643"
360,63,1,"0.09631169209792914"
360,64,1,"0.09680216411776536"
360,65,1,"0.09840995574472897"
360,66,1,"0.09872004091926247"
360,67,1,"0.09644405589661761"
360,68,1,"0.09921027821520105"
360,69,1,"0.09829546710402985"
360,70,1,"0.09732522300979199"
360,71,1,"0.09842076444963108"
360,72,1,"0.09594547690444043"
360,73,1,"0.0968509010431418"
360,74,1,"0.09810749353025325"
360,75,1,"0.09650987800487575"
360,76,1,"0.09870592567573525"
360,77,1,"0.0969947092862137"
360,78,1,"0.09978851343056085"
360,79,1,"0.09664586942087368"
360,80,1,"0.09644405589661761"
360,81,1,"0.0968509010431418"
360,82,1,"0.09752583267683904"
360,83,1,"0.09810749353025325"
360,84,1,"0.09830747813872825"
360,85,1,"0.09637825874310293"
360,86,1,"0.09929986097663761"
360,87,1,"0.0960796042452867"
360,88,1,"0.09829546710402985"
360,89,1,"0.0982236658539671"
360,90,1,"0.09707383225307858"
360,91,1,"0.09946333324656662"
360,92,1,"0.09734031165831039"
360,93,1,"0.09791677834087684"
360,94,1,"0.09816584619266401"
360,95,1,"0.09949310618541979"
360,96,1,"0.0968509010431418"
360,97,1,"0.09848058071647262"
360,98,1,"0.09705850759217416"
360,99,1,"0.09816584619266401"
360,100,1,"0.10257236207067605"
360,101,1,"0.09797603934201687"
360,102,1,"0.09853735214185028"
360,103,1,"0.09772282270839636"
360,104,1,"0.09587820179440475"
360,105,1,"0.09732522300979199"
360,106,1,"0.0967215898769937"
360,107,1,"0.09870592567573525"
360,108,1,"0.09657549755509458"
360,109,1,"0.09816584619266401"
360,110,1,"0.09840995574472897"
360,111,1,"0.09853735214185028"
360,112,1,"0.09785726670080086"
360,113,1,"0.09746422283985887"
360,114,1,"0.09842076444963108"
360,115,1,"0.09840995574472897"
360,116,1,"0.0968509010431418"
360,117,1,"0.09601264551369612"
360,118,1,"0.09853735214185028"
360,119,1,"0.09705850759217416"
360,120,1,"0.09587820179440475"
360,121,1,"0.09740248992946356"
360,122,1,"0.09766239572479476"
360,123,1,"0.09862884744422136"
360,124,1,"0.09622929902442495"
360,125,1,"0.09587820179440475"
360,126,1,"0.09791677834087684"
360,127,1,"0.09840995574472897"
360,128,1,"0.09840995574472897"
360,129,1,"0.09840995574472897"
360,130,1,"0.09848058071647262"
360,131,1,"0.09657549755509458"
360,132,1,"0.09657549755509458"
360,133,1,"0.09870592567573525"
360,134,1,"0.09871938100688038"
360,135,1,"0.09746422283985887"
360,136,1,"0.09601264551369612"
360,137,1,"0.09629573952691986"
360,138,1,"0.09778298198920925"
360,139,1,"0.09848058071647262"
360,140,1,"0.09846685582195902"
360,141,1,"0.09732522300979199"
360,142,1,"0.09897798793816788"
360,143,1,"0.099719081943382"
360,144,1,"0.09816584619266401"
360,145,1,"0.09823768479196282"
360,146,1,"0.09732522300979199"
360,147,1,"0.09939639928763266"
360,148,1,"0.09888694445250193"
360,149,1,"0.09644405589661761"
360,150,1,"0.098886368439301"
380,1,1,"0.09659134156016845"
380,2,1,"0.09622929902442495"
380,3,1,"0.09842076444963108"
380,4,1,"0.09804902121101536"
380,5,1,"0.09664586942087368"
380,6,1,"0.09734031165831039"
380,7,1,"0.09816584619266401"
380,8,1,"0.09864977085814254"
380,9,1,"0.09895520133674807"
380,10,1,"0.09883086715539934"
380,11,1,"0.0967215898769937"
380,12,1,"0.09766239572479476"
380,13,1,"0.09791677834087684"
380,14,1,"0.09871938100688038"
380,15,1,"0.0982236658539671"
380,16,1,"0.09720017261464665"
380,17,1,"0.09616266185525575"
380,18,1,"0.098886368439301"
380,19,1,"0.09871938100688038"
380,20,1,"0.0960958226103026"
380,21,1,"0.09835288298481015"
380,22,1,"0.09693076933250222"
380,23,1,"0.0969887456442301"
380,24,1,"0.09752583267683904"
380,25,1,"0.09622929902442495"
380,26,1,"0.09601264551369612"
380,27,1,"0.0969947092862137"
380,28,1,"0.09707383225307858"
380,29,1,"0.09594547690444043"
380,30,1,"0.09859362856253166"
380,31,1,"0.09644405589661761"
380,32,1,"0.0968509010431418"
380,33,1,"0.09871938100688038"
380,34,1,"0.0969887456442301"
380,35,1,"0.09665667748686277"
380,36,1,"0.09859362856253166"
380,37,1,"0.09823768479196282"
380,38,1,"0.09797603934201687"
380,39,1,"0.09650987800487575"
380,40,1,"0.09981981999125557"
380,41,1,"0.09846685582195902"
380,42,1,"0.09889988937750552"
380,43,1,"0.09665667748686277"
380,44,1,"0.09859362856253166"
380,45,1,"0.09797603934201687"
380,46,1,"0.09601264551369612"
380,47,1,"0.09720017261464665"
380,48,1,"0.09871938100688038"
380,49,1,"0.09644405589661761"
380,50,1,"0.09978090568135206"
380,51,1,"0.09901043409982548"
380,52,1,"0.09705850759217416"
380,53,1,"0.09810749353025325"
380,54,1,"0.09785726670080086"
380,55,1,"0.09779757442918684"
380,56,1,"0.09622929902442495"
380,57,1,"0.09810749353025325"
380,58,1,"0.09631169209792914"
380,59,1,"0.09779757442918684"
380,60,1,"0.09705850759217416"
380,61,1,"0.09732522300979199"
380,62,1,"0.09680216411776536"
380,63,1,"0.09952295168323665"
380,64,1,"0.0969887456442301"
380,65,1,"0.0960796042452867"
380,66,1,"0.09657549755509458"
380,67,1,"0.09804902121101536"
380,68,1,"0.09657549755509458"
380,69,1,"0.09871938100688038"
380,70,1,"0.09746422283985887"
380,71,1,"0.09978851343056085"
380,72,1,"0.09587820179440475"
380,73,1,"0.09594547690444043"
380,74,1,"0.09785726670080086"
380,75,1,"0.09680216411776536"
380,76,1,"0.09864977085814254"
380,77,1,"0.09816584619266401"
380,78,1,"0.0982236658539671"
380,79,1,"0.09659134156016845"
380,80,1,"0.09659134156016845"
380,81,1,"0.09835288298481015"
380,82,1,"0.09644405589661761"
380,83,1,"0.0982236658539671"
380,84,1,"0.09859362856253166"
380,85,1,"0.09594547690444043"
380,86,1,"0.09871938100688038"
380,87,1,"0.0982236658539671"
380,88,1,"0.09713707211109017"
380,89,1,"0.09870592567573525"
380,90,1,"0.098886368439301"
380,91,1,"0.09870592567573525"
380,92,1,"0.0969887456442301"
380,93,1,"0.0969887456442301"
380,94,1,"0.09778298198920925"
380,95,1,"0.09797603934201687"
380,96,1,"0.09657549755509458"
380,97,1,"0.09680216411776536"
380,98,1,"0.0967215898769937"
380,99,1,"0.09835288298481015"
380,100,1,"0.09883086715539934"
380,101,1,"0.09772282270839636"
380,102,1,"0.09752583267683904"
380,103,1,"0.09785726670080086"
380,104,1,"0.09779757442918684"
380,105,1,"0.09864977085814254"
380,106,1,"0.09665667748686277"
380,107,1,"0.09835288298481015"
380,108,1,"0.09952295168323665"
380,109,1,"0.09985134562147033"
380,110,1,"0.09853735214185028"
380,111,1,"0.0976015877804778"
380,112,1,"0.0980348831859038"
380,113,1,"0.0982236658539671"
380,114,1,"0.09840995574472897"
380,115,1,"0.09848058071647262"
380,116,1,"0.09810749353025325"
380,117,1,"0.0960958226103026"
380,118,1,"0.09835288298481015"
380,119,1,"0.09659134156016845"
380,120,1,"0.09705850759217416"
380,121,1,"0.09740248992946356"
380,122,1,"0.0976015877804778"
380,123,1,"0.09726271642095181"
380,124,1,"0.0967215898769937"
380,125,1,"0.09713707211109017"
380,126,1,"0.09631169209792914"
380,127,1,"0.09901043409982548"
380,128,1,"0.09833676601873147"
380,129,1,"0.09895520133674807"
380,130,1,"0.09665667748686277"
380,131,1,"0.0960958226103026"
380,132,1,"0.09949310618541979"
380,133,1,"0.09631169209792914"
380,134,1,"0.0976015877804778"
380,135,1,"0.09622929902442495"
380,136,1,"0.09720017261464665"
380,137,1,"0.09637825874310293"
380,138,1,"0.09740248992946356"
380,139,1,"0.09657549755509458"
380,140,1,"0.09871938100688038"
380,141,1,"0.09644405589661761"
380,142,1,"0.09877520190234293"
380,143,1,"0.09705850759217416"
380,144,1,"0.0969887456442301"
380,145,1,"0.09870592567573525"
380,146,1,"0.09829546710402985"
380,147,1,"0.09720017261464665"
380,148,1,"0.09842076444963108"
380,149,1,"0.09840995574472897"
380,150,1,"0.09594547690444043"
400,1,1,"0.09629573952691986"
400,2,1,"0.09726271642095181"
400,3,1,"0.09766239572479476"
400,4,1,"0.09713707211109017"
400,5,1,"0.09629573952691986"
400,6,1,"0.09720017261464665"
400,7,1,"0.09732522300979199"
400,8,1,"0.09657549755509458"
400,9,1,"0.09686662573490376"
400,10,1,"0.09872004091926247"
400,11,1,"0.0969947092862137"
400,12,1,"0.0960958226103026"
400,13,1,"0.09877520190234293"
400,14,1,"0.09791677834087684"
400,15,1,"0.09778298198920925"
400,16,1,"0.0967215898769937"
400,17,1,"0.098886368439301"
400,18,1,"0.09686662573490376"
400,19,1,"0.0960796042452867"
400,20,1,"0.09732522300979199"
400,21,1,"0.09797603934201687"
400,22,1,"0.09846685582195902"
400,23,1,"0.09746422283985887"
400,24,1,"0.09732522300979199"
400,25,1,"0.09601264551369612"
400,26,1,"0.09895520133674807"
400,27,1,"0.09804902121101536"
400,28,1,"0.09894764124657858"
400,29,1,"0.09664586942087368"
400,30,1,"0.09859362856253166"
400,31,1,"0.09659134156016845"
400,32,1,"0.09895520133674807"
400,33,1,"0.09840995574472897"
400,34,1,"0.09883086715539934"
400,35,1,"0.09804902121101536"
400,36,1,"0.0960796042452867"
400,37,1,"0.0982236658539671"
400,38,1,"0.09859362856253166"
400,39,1,"0.09659134156016845"
400,40,1,"0.09713707211109017"
400,41,1,"0.09680216411776536"
400,42,1,"0.09754046342274643"
400,43,1,"0.09713707211109017"
400,44,1,"0.0968509010431418"
400,45,1,"0.09664586942087368"
400,46,1,"0.09883086715539934"
400,47,1,"0.0969887456442301"
400,48,1,"0.09797603934201687"
400,49,1,"0.09686662573490376"
400,50,1,"0.09720017261464665"
400,51,1,"0.09693076933250222"
400,52,1,"0.0960958226103026"
400,53,1,"0.09791677834087684"
400,54,1,"0.09631169209792914"
400,55,1,"0.09829546710402985"
400,56,1,"0.09862141413237285"
400,57,1,"0.09594547690444043"
400,58,1,"0.09732522300979199"
400,59,1,"0.09659134156016845"
400,60,1,"0.09726271642095181"
400,61,1,"0.09870592567573525"
400,62,1,"0.09754046342274643"
400,63,1,"0.09665667748686277"
400,64,1,"0.09746422283985887"
400,65,1,"0.0969947092862137"
400,66,1,"0.09713707211109017"
400,67,1,"0.09686662573490376"
400,68,1,"0.09631169209792914"
400,69,1,"0.0976015877804778"
400,70,1,"0.09601264551369612"
400,71,1,"0.0982236658539671"
400,72,1,"0.09726271642095181"
400,73,1,"0.0982236658539671"
400,74,1,"0.09680216411776536"
400,75,1,"0.09877520190234293"
400,76,1,"0.09835288298481015"
400,77,1,"0.0960958226103026"
400,78,1,"0.09629573952691986"
400,79,1,"0.09665667748686277"
400,80,1,"0.09871938100688038"
400,81,1,"0.09846685582195902"
400,82,1,"0.09713707211109017"
400,83,1,"0.09766239572479476"
400,84,1,"0.09840322544692848"
400,85,1,"0.09835288298481015"
400,86,1,"0.09601264551369612"
400,87,1,"0.09734031165831039"
400,88,1,"0.098886368439301"
400,89,1,"0.098886368439301"
400,90,1,"0.09705850759217416"
400,91,1,"0.09734031165831039"
400,92,1,"0.09772282270839636"
400,93,1,"0.09842076444963108"
400,94,1,"0.09601264551369612"
400,95,1,"0.09594547690444043"
400,96,1,"0.09707383225307858"
400,97,1,"0.09631169209792914"
400,98,1,"0.09629573952691986"
400,99,1,"0.09754046342274643"
400,100,1,"0.09740248992946356"
400,101,1,"0.09650987800487575"
400,102,1,"0.09678646458506474"
400,103,1,"0.0969947092862137"
400,104,1,"0.09864977085814254"
400,105,1,"0.0960958226103026"
400,106,1,"0.09785726670080086"
400,107,1,"0.09726271642095181"
400,108,1,"0.0976015877804778"
400,109,1,"0.09657549755509458"
400,110,1,"0.09616266185525575"
400,111,1,"0.09829546710402985"
400,112,1,"0.09752583267683904"
400,113,1,"0.09779757442918684"
400,114,1,"0.09657549755509458"
400,115,1,"0.09686662573490376"
400,116,1,"0.09707383225307858"
400,117,1,"0.09889988937750552"
400,118,1,"0.0968509010431418"
400,119,1,"0.09616266185525575"
400,120,1,"0.098886368439301"
400,121,1,"0.09842076444963108"
400,122,1,"0.09587820179440475"
400,123,1,"0.0980348831859038"
400,124,1,"0.09680216411776536"
400,125,1,"0.09877520190234293"
400,126,1,"0.09650987800487575"
400,127,1,"0.09810749353025325"
400,128,1,"0.09664586942087368"
400,129,1,"0.09785726670080086"
400,130,1,"0.0960796042452867"
400,131,1,"0.09859362856253166"
400,132,1,"0.09622929902442495"
400,133,1,"0.09752583267683904"
400,134,1,"0.09859362856253166"
400,135,1,"0.09810749353025325"
400,136,1,"0.09864977085814254"
400,137,1,"0.09686662573490376"
400,138,1,"0.09829546710402985"
400,139,1,"0.09810749353025325"
400,140,1,"0.09707383225307858"
400,141,1,"0.09720017261464665"
400,142,1,"0.09713707211109017"
400,143,1,"0.0960796042452867"
400,144,1,"0.09629573952691986"
400,145,1,"0.09766239572479476"
400,146,1,"0.09772282270839636"
400,147,1,"0.0982236658539671"
400,148,1,"0.0980348831859038"
400,149,1,"0.0969887456442301"
400,150,1,"0.09678646458506474"
420,1,1,"0.09846685582195902"
420,2,1,"0.09686662573490376"
420,3,1,"0.09823768479196282"
420,4,1,"0.09594547690444043"
420,5,1,"0.09587820179440475"
420,6,1,"0.09726271642095181"
420,7,1,"0.09842076444963108"
420,8,1,"0.09766239572479476"
420,9,1,"0.09901043409982548"
420,10,1,"0.09791677834087684"
420,11,1,"0.09746422283985887"
420,12,1,"0.09754046342274643"
420,13,1,"0.09594547690444043"
420,14,1,"0.09779757442918684"
420,15,1,"0.09693076933250222"
420,16,1,"0.09594547690444043"
420,17,1,"0.0960958226103026"
420,18,1,"0.09631169209792914"
420,19,1,"0.09791677834087684"
420,20,1,"0.0980348831859038"
420,21,1,"0.09785726670080086"
420,22,1,"0.09785726670080086"
420,23,1,"0.0969887456442301"
420,24,1,"0.09734031165831039"
420,25,1,"0.09853735214185028"
420,26,1,"0.09859362856253166"
420,27,1,"0.0960958226103026"
420,28,1,"0.09870592567573525"
420,29,1,"0.09601264551369612"
420,30,1,"0.09816584619266401"
420,31,1,"0.09816584619266401"
420,32,1,"0.09842076444963108"
420,33,1,"0.09779757442918684"
420,34,1,"0.09594547690444043"
420,35,1,"0.0960796042452867"
420,36,1,"0.0960796042452867"
420,37,1,"0.09779757442918684"
420,38,1,"0.09835288298481015"
420,39,1,"0.09816584619266401"
420,40,1,"0.09720017261464665"
420,41,1,"0.09734031165831039"
420,42,1,"0.0968509010431418"
420,43,1,"0.09823768479196282"
420,44,1,"0.09785726670080086"
420,45,1,"0.0982236658539671"
420,46,1,"0.09734031165831039"
420,47,1,"0.09779757442918684"
420,48,1,"0.09864977085814254"
420,49,1,"0.09740248992946356"
420,50,1,"0.09895520133674807"
420,51,1,"0.09772282270839636"
420,52,1,"0.09864977085814254"
420,53,1,"0.09713707211109017"
420,54,1,"0.09883086715539934"
420,55,1,"0.09637825874310293"
420,56,1,"0.09870592567573525"
420,57,1,"0.0968509010431418"
420,58,1,"0.09629573952691986"
420,59,1,"0.098886368439301"
420,60,1,"0.09829546710402985"
420,61,1,"0.09720017261464665"
420,62,1,"0.09835288298481015"
420,63,1,"0.09601264551369612"
420,64,1,"0.0982236658539671"
420,65,1,"0.0960796042452867"
420,66,1,"0.09644405589661761"
420,67,1,"0.09877520190234293"
420,68,1,"0.09848058071647262"
420,69,1,"0.09772282270839636"
420,70,1,"0.0960796042452867"
420,71,1,"0.09816584619266401"
420,72,1,"0.09740248992946356"
420,73,1,"0.09734031165831039"
420,74,1,"0.0967215898769937"
420,75,1,"0.09746422283985887"
420,76,1,"0.0969887456442301"
420,77,1,"0.09840995574472897"
420,78,1,"0.09713707211109017"
420,79,1,"0.09871938100688038"
420,80,1,"0.09754046342274643"
420,81,1,"0.0967215898769937"
420,82,1,"0.09859362856253166"
420,83,1,"0.09823768479196282"
420,84,1,"0.09766239572479476"
420,85,1,"0.09846685582195902"
420,86,1,"0.09732522300979199"
420,87,1,"0.09726271642095181"
420,88,1,"0.09740248992946356"
420,89,1,"0.09883086715539934"
420,90,1,"0.09732522300979199"
420,91,1,"0.09778298198920925"
420,92,1,"0.09848058071647262"
420,93,1,"0.098886368439301"
420,94,1,"0.09772282270839636"
420,95,1,"0.09778298198920925"
420,96,1,"0.09726271642095181"
420,97,1,"0.09883086715539934"
420,98,1,"0.09848058071647262"
420,99,1,"0.0969887456442301"
420,100,1,"0.09686662573490376"
420,101,1,"0.09657549755509458"
420,102,1,"0.09637825874310293"
420,103,1,"0.09705850759217416"
420,104,1,"0.09785726670080086"
420,105,1,"0.09859362856253166"
420,106,1,"0.09601264551369612"
420,107,1,"0.09871938100688038"
420,108,1,"0.09835288298481015"
420,109,1,"0.09693076933250222"
420,110,1,"0.09665667748686277"
420,111,1,"0.09616266185525575"
420,112,1,"0.09785726670080086"
420,113,1,"0.09664586942087368"
420,114,1,"0.09816584619266401"
420,115,1,"0.0982236658539671"
420,116,1,"0.09823768479196282"
420,117,1,"0.09848058071647262"
420,118,1,"0.0960796042452867"
420,119,1,"0.09631169209792914"
420,120,1,"0.09631169209792914"
420,121,1,"0.09659134156016845"
420,122,1,"0.09664586942087368"
420,123,1,"0.09840995574472897"
420,124,1,"0.09659134156016845"
420,125,1,"0.09746422283985887"
420,126,1,"0.09816584619266401"
420,127,1,"0.09746422283985887"
420,128,1,"0.09752583267683904"
420,129,1,"0.09883086715539934"
420,130,1,"0.0969947092862137"
420,131,1,"0.0980348831859038"
420,132,1,"0.09823768479196282"
420,133,1,"0.09901043409982548"
420,134,1,"0.09895520133674807"
420,135,1,"0.09877520190234293"
420,136,1,"0.09797603934201687"
420,137,1,"0.09835288298481015"
420,138,1,"0.09587820179440475"
420,139,1,"0.09810749353025325"
420,140,1,"0.09840995574472897"
420,141,1,"0.09864977085814254"
420,142,1,"0.09835288298481015"
420,143,1,"0.09778298198920925"
420,144,1,"0.09772282270839636"
420,145,1,"0.09637825874310293"
420,146,1,"0.09665667748686277"
420,147,1,"0.0982236658539671"
420,148,1,"0.09810749353025325"
420,149,1,"0.09734031165831039"
420,150,1,"0.09594547690444043"
440,1,1,"0.09797603934201687"
440,2,1,"0.09644405589661761"
440,3,1,"0.09901043409982548"
440,4,1,"0.09650987800487575"
440,5,1,"0.09650987800487575"
440,6,1,"0.09859362856253166"
440,7,1,"0.0976376256378502"
440,8,1,"0.09840995574472897"
440,9,1,"0.09842076444963108"
440,10,1,"0.09705850759217416"
440,11,1,"0.09754046342274643"
440,12,1,"0.09746422283985887"
440,13,1,"0.0969887456442301"
440,14,1,"0.09835288298481015"
440,15,1,"0.09726271642095181"
440,16,1,"0.09601264551369612"
440,17,1,"0.09877520190234293"
440,18,1,"0.0969947092862137"
440,19,1,"0.0960796042452867"
440,20,1,"0.09686662573490376"
440,21,1,"0.0982236658539671"
440,22,1,"0.09791677834087684"
440,23,1,"0.09650987800487575"
440,24,1,"0.09895520133674807"
440,25,1,"0.09752583267683904"
440,26,1,"0.09678646458506474"
440,27,1,"0.09846685582195902"
440,28,1,"0.09746422283985887"
440,29,1,"0.09693076933250222"
440,30,1,"0.09678646458506474"
440,31,1,"0.09616266185525575"
440,32,1,"0.09835288298481015"
440,33,1,"0.0980348831859038"
440,34,1,"0.09732522300979199"
440,35,1,"0.09895520133674807"
440,36,1,"0.09705850759217416"
440,37,1,"0.09705850759217416"
440,38,1,"0.09622929902442495"
440,39,1,"0.09840995574472897"
440,40,1,"0.09732522300979199"
440,41,1,"0.0967215898769937"
440,42,1,"0.09637825874310293"
440,43,1,"0.09622929902442495"
440,44,1,"0.09848058071647262"
440,45,1,"0.09629573952691986"
440,46,1,"0.09754046342274643"
440,47,1,"0.09842076444963108"
440,48,1,"0.09659134156016845"
440,49,1,"0.09859362856253166"
440,50,1,"0.09622929902442495"
440,51,1,"0.098886368439301"
440,52,1,"0.09720017261464665"
440,53,1,"0.09616266185525575"
440,54,1,"0.09823768479196282"
440,55,1,"0.09644405589661761"
440,56,1,"0.09587820179440475"
440,57,1,"0.09810749353025325"
440,58,1,"0.09650987800487575"
440,59,1,"0.09740248992946356"
440,60,1,"0.09883086715539934"
440,61,1,"0.09678646458506474"
440,62,1,"0.09895520133674807"
440,63,1,"0.09778298198920925"
440,64,1,"0.09870592567573525"
440,65,1,"0.09846685582195902"
440,66,1,"0.09846685582195902"
440,67,1,"0.09779757442918684"
440,68,1,"0.09853735214185028"
440,69,1,"0.09870592567573525"
440,70,1,"0.09720017261464665"
440,71,1,"0.09622929902442495"
440,72,1,"0.09752583267683904"
440,73,1,"0.09778298198920925"
440,74,1,"0.09791677834087684"
440,75,1,"0.0968509010431418"
440,76,1,"0.09732522300979199"
440,77,1,"0.09650987800487575"
440,78,1,"0.09601264551369612"
440,79,1,"0.09693076933250222"
440,80,1,"0.09804902121101536"
440,81,1,"0.09686662573490376"
440,82,1,"0.09664586942087368"
440,83,1,"0.09870592567573525"
440,84,1,"0.0967215898769937"
440,85,1,"0.09889988937750552"
440,86,1,"0.09848058071647262"
440,87,1,"0.0960958226103026"
440,88,1,"0.09732522300979199"
440,89,1,"0.09616266185525575"
440,90,1,"0.09732522300979199"
440,91,1,"0.0969887456442301"
440,92,1,"0.09840995574472897"
440,93,1,"0.0968509010431418"
440,94,1,"0.09650987800487575"
440,95,1,"0.09853735214185028"
440,96,1,"0.09707383225307858"
440,97,1,"0.09665667748686277"
440,98,1,"0.09877520190234293"
440,99,1,"0.09848058071647262"
440,100,1,"0.09846685582195902"
440,101,1,"0.09840995574472897"
440,102,1,"0.09810749353025325"
440,103,1,"0.09594547690444043"
440,104,1,"0.09650987800487575"
440,105,1,"0.09785726670080086"
440,106,1,"0.09772282270839636"
440,107,1,"0.09877520190234293"
440,108,1,"0.09810749353025325"
440,109,1,"0.09842076444963108"
440,110,1,"0.09779757442918684"
440,111,1,"0.09772282270839636"
440,112,1,"0.09846685582195902"
440,113,1,"0.09740248992946356"
440,114,1,"0.09707383225307858"
440,115,1,"0.09829546710402985"
440,116,1,"0.09779757442918684"
440,117,1,"0.09754046342274643"
440,118,1,"0.09629573952691986"
440,119,1,"0.09732522300979199"
440,120,1,"0.09732522300979199"
440,121,1,"0.09664586942087368"
440,122,1,"0.09587820179440475"
440,123,1,"0.09726271642095181"
440,124,1,"0.09686662573490376"
440,125,1,"0.09752583267683904"
440,126,1,"0.09804902121101536"
440,127,1,"0.09732522300979199"
440,128,1,"0.09616266185525575"
440,129,1,"0.09686662573490376"
440,130,1,"0.0976015877804778"
440,131,1,"0.09816584619266401"
440,132,1,"0.09594547690444043"
440,133,1,"0.09644405589661761"
440,134,1,"0.09740248992946356"
440,135,1,"0.0967215898769937"
440,136,1,"0.09644405589661761"
440,137,1,"0.09665667748686277"
440,138,1,"0.09848058071647262"
440,139,1,"0.09713707211109017"
440,140,1,"0.09804902121101536"
440,141,1,"0.09649994066676665"
440,142,1,"0.0966340687499505"
440,143,1,"0.09594547690444043"
440,144,1,"0.09823768479196282"
440,145,1,"0.09810749353025325"
440,146,1,"0.09864977085814254"
440,147,1,"0.09720017261464665"
440,148,1,"0.09779757442918684"
440,149,1,"0.09693076933250222"
440,150,1,"0.0969947092862137"
460,1,1,"0.098886368439301"
460,2,1,"0.09829546710402985"
460,3,1,"0.09631169209792914"
460,4,1,"0.09657549755509458"
460,5,1,"0.098886368439301"
460,6,1,"0.09889988937750552"
460,7,1,"0.09616266185525575"
460,8,1,"0.09693076933250222"
460,9,1,"0.09829546710402985"
460,10,1,"0.09816584619266401"
460,11,1,"0.09734031165831039"
460,12,1,"0.09778298198920925"
460,13,1,"0.0967215898769937"
460,14,1,"0.09846685582195902"
460,15,1,"0.09587820179440475"
460,16,1,"0.09734031165831039"
460,17,1,"0.09710120839335783"
460,18,1,"0.09778298198920925"
460,19,1,"0.09665667748686277"
460,20,1,"0.09864977085814254"
460,21,1,"0.09842076444963108"
460,22,1,"0.09746422283985887"
460,23,1,"0.0960958226103026"
460,24,1,"0.09835288298481015"
460,25,1,"0.09666634428587087"
460,26,1,"0.09622929902442495"
460,27,1,"0.09883086715539934"
460,28,1,"0.09659134156016845"
460,29,1,"0.09766239572479476"
460,30,1,"0.09678646458506474"
460,31,1,"0.09778298198920925"
460,32,1,"0.09693076933250222"
460,33,1,"0.0969947092862137"
460,34,1,"0.09877520190234293"
460,35,1,"0.09895520133674807"
460,36,1,"0.09629573952691986"
460,37,1,"0.09720017261464665"
460,38,1,"0.09864977085814254"
460,39,1,"0.0969947092862137"
460,40,1,"0.0960796042452867"
460,41,1,"0.09601264551369612"
460,42,1,"0.09732522300979199"
460,43,1,"0.09842076444963108"
460,44,1,"0.09766239572479476"
460,45,1,"0.0969887456442301"
460,46,1,"0.09594547690444043"
460,47,1,"0.0968509010431418"
460,48,1,"0.09778298198920925"
460,49,1,"0.09720017261464665"
460,50,1,"0.09853735214185028"
460,51,1,"0.09616266185525575"
460,52,1,"0.09877520190234293"
460,53,1,"0.0969947092862137"
460,54,1,"0.09746422283985887"
460,55,1,"0.09650987800487575"
460,56,1,"0.09657549755509458"
460,57,1,"0.09622929902442495"
460,58,1,"0.09657549755509458"
460,59,1,"0.09791677834087684"
460,60,1,"0.09870592567573525"
460,61,1,"0.0976015877804778"
460,62,1,"0.09877520190234293"
460,63,1,"0.09594547690444043"
460,64,1,"0.09746422283985887"
460,65,1,"0.09726271642095181"
460,66,1,"0.09601264551369612"
460,67,1,"0.0982236658539671"
460,68,1,"0.09804902121101536"
460,69,1,"0.09631169209792914"
460,70,1,"0.0976015877804778"
460,71,1,"0.09772282270839636"
460,72,1,"0.09877520190234293"
460,73,1,"0.09629573952691986"
460,74,1,"0.09720017261464665"
460,75,1,"0.09840995574472897"
460,76,1,"0.09693076933250222"
460,77,1,"0.09693076933250222"
460,78,1,"0.09644405589661761"
460,79,1,"0.09835288298481015"
460,80,1,"0.097670116829371"
460,81,1,"0.0976015877804778"
460,82,1,"0.09889988937750552"
460,83,1,"0.09840995574472897"
460,84,1,"0.09752583267683904"
460,85,1,"0.09587820179440475"
460,86,1,"0.09629573952691986"
460,87,1,"0.09859362856253166"
460,88,1,"0.09637825874310293"
460,89,1,"0.09779757442918684"
460,90,1,"0.09657549755509458"
460,91,1,"0.0982236658539671"
460,92,1,"0.09883086715539934"
460,93,1,"0.09778298198920925"
460,94,1,"0.09864977085814254"
460,95,1,"0.09772282270839636"
460,96,1,"0.09778298198920925"
460,97,1,"0.098886368439301"
460,98,1,"0.098886368439301"
460,99,1,"0.09601264551369612"
460,100,1,"0.09895520133674807"
460,101,1,"0.09631169209792914"
460,102,1,"0.09713707211109017"
460,103,1,"0.09810749353025325"
460,104,1,"0.0960796042452867"
460,105,1,"0.09797603934201687"
460,106,1,"0.0967215898769937"
460,107,1,"0.09726271642095181"
460,108,1,"0.09895520133674807"
460,109,1,"0.09631169209792914"
460,110,1,"0.09791677834087684"
460,111,1,"0.0968509010431418"
460,112,1,"0.09804902121101536"
460,113,1,"0.09720017261464665"
460,114,1,"0.09859362856253166"
460,115,1,"0.09895520133674807"
460,116,1,"0.09772282270839636"
460,117,1,"0.0968509010431418"
460,118,1,"0.09637825874310293"
460,119,1,"0.09622929902442495"
460,120,1,"0.09870592567573525"
460,121,1,"0.09631169209792914"
460,122,1,"0.09840995574472897"
460,123,1,"0.09732522300979199"
460,124,1,"0.09823768479196282"
460,125,1,"0.0960796042452867"
460,126,1,"0.09657549755509458"
460,127,1,"0.09848058071647262"
460,128,1,"0.09859362856253166"
460,129,1,"0.0967215898769937"
460,130,1,"0.09657549755509458"
460,131,1,"0.09713707211109017"
460,132,1,"0.09846685582195902"
460,133,1,"0.09678646458506474"
460,134,1,"0.09791677834087684"
460,135,1,"0.09637825874310293"
460,136,1,"0.09901043409982548"
460,137,1,"0.09587820179440475"
460,138,1,"0.09797603934201687"
460,139,1,"0.09870592567573525"
460,140,1,"0.09829546710402985"
460,141,1,"0.09804902121101536"
460,142,1,"0.09631169209792914"
460,143,1,"0.09631169209792914"
460,144,1,"0.09650987800487575"
460,145,1,"0.09895520133674807"
460,146,1,"0.0976015877804778"
460,147,1,"0.09650987800487575"
460,148,1,"0.0960958226103026"
460,149,1,"0.09804902121101536"
460,150,1,"0.09797603934201687"
480,1,1,"0.09895520133674807"
480,2,1,"0.0967215898769937"
480,3,1,"0.09804902121101536"
480,4,1,"0.09665667748686277"
480,5,1,"0.09859362856253166"
480,6,1,"0.09778298198920925"
480,7,1,"0.09734031165831039"
480,8,1,"0.0976376256378502"
480,9,1,"0.0982236658539671"
480,10,1,"0.09705850759217416"
480,11,1,"0.09637825874310293"
480,12,1,"0.09846685582195902"
480,13,1,"0.09816584619266401"
480,14,1,"0.09707383225307858"
480,15,1,"0.09740248992946356"
480,16,1,"0.09734031165831039"
480,17,1,"0.09752583267683904"
480,18,1,"0.09726271642095181"
480,19,1,"0.09616266185525575"
480,20,1,"0.09883086715539934"
480,21,1,"0.0968509010431418"
480,22,1,"0.09752583267683904"
480,23,1,"0.0960796042452867"
480,24,1,"0.09631169209792914"
480,25,1,"0.0982236658539671"
480,26,1,"0.09707383225307858"
480,27,1,"0.09629573952691986"
480,28,1,"0.09732522300979199"
480,29,1,"0.09726271642095181"
480,30,1,"0.09650987800487575"
480,31,1,"0.09707383225307858"
480,32,1,"0.09629573952691986"
480,33,1,"0.09705850759217416"
480,34,1,"0.09785726670080086"
480,35,1,"0.0982236658539671"
480,36,1,"0.09723548169817149"
480,37,1,"0.0969887456442301"
480,38,1,"0.0969887456442301"
480,39,1,"0.09616266185525575"
480,40,1,"0.09895520133674807"
480,41,1,"0.09871938100688038"
480,42,1,"0.09680216411776536"
480,43,1,"0.098886368439301"
480,44,1,"0.09778298198920925"
480,45,1,"0.09853735214185028"
480,46,1,"0.09829546710402985"
480,47,1,"0.09870592567573525"
480,48,1,"0.09665667748686277"
480,49,1,"0.0969947092862137"
480,50,1,"0.09772282270839636"
480,51,1,"0.09842076444963108"
480,52,1,"0.09622929902442495"
480,53,1,"0.09732522300979199"
480,54,1,"0.09705850759217416"
480,55,1,"0.09631169209792914"
480,56,1,"0.09848058071647262"
480,57,1,"0.09785726670080086"
480,58,1,"0.09665667748686277"
480,59,1,"0.0969947092862137"
480,60,1,"0.0969887456442301"
480,61,1,"0.09791677834087684"
480,62,1,"0.09835288298481015"
480,63,1,"0.09823768479196282"
480,64,1,"0.09750365275150644"
480,65,1,"0.09889988937750552"
480,66,1,"0.09734031165831039"
480,67,1,"0.09797603934201687"
480,68,1,"0.09754046342274643"
480,69,1,"0.09746422283985887"
480,70,1,"0.09650987800487575"
480,71,1,"0.09740248992946356"
480,72,1,"0.09659134156016845"
480,73,1,"0.09637825874310293"
480,74,1,"0.09877520190234293"
480,75,1,"0.0960796042452867"
480,76,1,"0.09877520190234293"
480,77,1,"0.09864977085814254"
480,78,1,"0.09829546710402985"
480,79,1,"0.09797603934201687"
480,80,1,"0.09680216411776536"
480,81,1,"0.09871938100688038"
480,82,1,"0.09816584619266401"
480,83,1,"0.09859362856253166"
480,84,1,"0.09804902121101536"
480,85,1,"0.09829546710402985"
480,86,1,"0.09732522300979199"
480,87,1,"0.0969947092862137"
480,88,1,"0.09665667748686277"
480,89,1,"0.09785726670080086"
480,90,1,"0.09587820179440475"
480,91,1,"0.0982236658539671"
480,92,1,"0.09686662573490376"
480,93,1,"0.09594547690444043"
480,94,1,"0.09864977085814254"
480,95,1,"0.09853735214185028"
480,96,1,"0.09686662573490376"
480,97,1,"0.09616266185525575"
480,98,1,"0.09734031165831039"
480,99,1,"0.09631169209792914"
480,100,1,"0.09657549755509458"
480,101,1,"0.0968509010431418"
480,102,1,"0.09835288298481015"
480,103,1,"0.09732522300979199"
480,104,1,"0.0960796042452867"
480,105,1,"0.09804902121101536"
480,106,1,"0.09785726670080086"
480,107,1,"0.0969947092862137"
480,108,1,"0.0960796042452867"
480,109,1,"0.09816584619266401"
480,110,1,"0.09804902121101536"
480,111,1,"0.09840995574472897"
480,112,1,"0.0976376256378502"
480,113,1,"0.0960796042452867"
480,114,1,"0.09616266185525575"
480,115,1,"0.09883086715539934"
480,116,1,"0.09587820179440475"
480,117,1,"0.09877520190234293"
480,118,1,"0.09665667748686277"
480,119,1,"0.09659134156016845"
480,120,1,"0.09859362856253166"
480,121,1,"0.09594547690444043"
480,122,1,"0.0982236658539671"
480,123,1,"0.09705850759217416"
480,124,1,"0.09740248992946356"
480,125,1,"0.09766239572479476"
480,126,1,"0.09659134156016845"
480,127,1,"0.09686662573490376"
480,128,1,"0.09601264551369612"
480,129,1,"0.09732522300979199"
480,130,1,"0.0969887456442301"
480,131,1,"0.09587820179440475"
480,132,1,"0.09720017261464665"
480,133,1,"0.09791677834087684"
480,134,1,"0.09883086715539934"
480,135,1,"0.09693076933250222"
480,136,1,"0.09622929902442495"
480,137,1,"0.09853735214185028"
480,138,1,"0.09846685582195902"
480,139,1,"0.09846685582195902"
480,140,1,"0.09732522300979199"
480,141,1,"0.09726271642095181"
480,142,1,"0.0960796042452867"
480,143,1,"0.09883086715539934"
480,144,1,"0.09664586942087368"
480,145,1,"0.09797603934201687"
480,146,1,"0.09629573952691986"
480,147,1,"0.09657549755509458"
480,148,1,"0.09772282270839636"
480,149,1,"0.0969887456442301"
480,150,1,"0.09859362856253166"
500,1,1,"0.09864977085814254"
500,2,1,"0.09871938100688038"
500,3,1,"0.09823768479196282"
500,4,1,"0.09810749353025325"
500,5,1,"0.09686662573490376"
500,6,1,"0.09779757442918684"
500,7,1,"0.09816584619266401"
500,8,1,"0.09693076933250222"
500,9,1,"0.09816584619266401"
500,10,1,"0.0982236658539671"
500,11,1,"0.09734031165831039"
500,12,1,"0.0980348831859038"
500,13,1,"0.09877520190234293"
500,14,1,"0.09693477847475013"
500,15,1,"0.09797603934201687"
500,16,1,"0.09859362856253166"
500,17,1,"0.09810749353025325"
500,18,1,"0.09650987800487575"
500,19,1,"0.09791677834087684"
500,20,1,"0.09732522300979199"
500,21,1,"0.09693477847475013"
500,22,1,"0.09594547690444043"
500,23,1,"0.09659134156016845"
500,24,1,"0.09659134156016845"
500,25,1,"0.09686662573490376"
500,26,1,"0.09779757442918684"
500,27,1,"0.09713707211109017"
500,28,1,"0.09594547690444043"
500,29,1,"0.09678646458506474"
500,30,1,"0.09601264551369612"
500,31,1,"0.09622929902442495"
500,32,1,"0.09587820179440475"
500,33,1,"0.09622929902442495"
500,34,1,"0.0960958226103026"
500,35,1,"0.09622929902442495"
500,36,1,"0.09791677834087684"
500,37,1,"0.09779757442918684"
500,38,1,"0.09601264551369612"
500,39,1,"0.0982236658539671"
500,40,1,"0.09804902121101536"
500,41,1,"0.09901043409982548"
500,42,1,"0.09853735214185028"
500,43,1,"0.09686662573490376"
500,44,1,"0.09870592567573525"
500,45,1,"0.09622929902442495"
500,46,1,"0.09726271642095181"
500,47,1,"0.09637825874310293"
500,48,1,"0.09601264551369612"
500,49,1,"0.0968509010431418"
500,50,1,"0.09629573952691986"
500,51,1,"0.09601264551369612"
500,52,1,"0.09754046342274643"
500,53,1,"0.0982236658539671"
500,54,1,"0.09810749353025325"
500,55,1,"0.09631169209792914"
500,56,1,"0.09780398786834962"
500,57,1,"0.09594547690444043"
500,58,1,"0.09649994066676665"
500,59,1,"0.09657549755509458"
500,60,1,"0.09785726670080086"
500,61,1,"0.09659134156016845"
500,62,1,"0.09804902121101536"
500,63,1,"0.0976015877804778"
500,64,1,"0.09797603934201687"
500,65,1,"0.0980348831859038"
500,66,1,"0.09810749353025325"
500,67,1,"0.09779757442918684"
500,68,1,"0.09883086715539934"
500,69,1,"0.09829546710402985"
500,70,1,"0.09846685582195902"
500,71,1,"0.09829546710402985"
500,72,1,"0.0980348831859038"
500,73,1,"0.09657549755509458"
500,74,1,"0.09601264551369612"
500,75,1,"0.09587820179440475"
500,76,1,"0.09637825874310293"
500,77,1,"0.09846685582195902"
500,78,1,"0.09657549755509458"
500,79,1,"0.09816584619266401"
500,80,1,"0.098886368439301"
500,81,1,"0.0980348831859038"
500,82,1,"0.09842076444963108"
500,83,1,"0.09631169209792914"
500,84,1,"0.09601264551369612"
500,85,1,"0.09829546710402985"
500,86,1,"0.09680216411776536"
500,87,1,"0.09629573952691986"
500,88,1,"0.09810749353025325"
500,89,1,"0.098886368439301"
500,90,1,"0.0980348831859038"
500,91,1,"0.09622929902442495"
500,92,1,"0.09779757442918684"
500,93,1,"0.09587820179440475"
500,94,1,"0.09601264551369612"
500,95,1,"0.09680216411776536"
500,96,1,"0.09740248992946356"
500,97,1,"0.09601264551369612"
500,98,1,"0.09650987800487575"
500,99,1,"0.09659134156016845"
500,100,1,"0.09631169209792914"
500,101,1,"0.09631169209792914"
500,102,1,"0.09871938100688038"
500,103,1,"0.09616266185525575"
500,104,1,"0.09705850759217416"
500,105,1,"0.09877520190234293"
500,106,1,"0.09657549755509458"
500,107,1,"0.09877520190234293"
500,108,1,"0.09713707211109017"
500,109,1,"0.09686662573490376"
500,110,1,"0.09797603934201687"
500,111,1,"0.09810749353025325"
500,112,1,"0.09594547690444043"
500,113,1,"0.0969887456442301"
500,114,1,"0.09650987800487575"
500,115,1,"0.09853735214185028"
500,116,1,"0.09587820179440475"
500,117,1,"0.09666634428587087"
500,118,1,"0.09616266185525575"
500,119,1,"0.09746422283985887"
500,120,1,"0.09901043409982548"
500,121,1,"0.09740248992946356"
500,122,1,"0.09842076444963108"
500,123,1,"0.09870592567573525"
500,124,1,"0.09720017261464665"
500,125,1,"0.09587820179440475"
500,126,1,"0.09840995574472897"
500,127,1,"0.0976015877804778"
500,128,1,"0.09707383225307858"
500,129,1,"0.09846685582195902"
500,130,1,"0.09707383225307858"
500,131,1,"0.09664586942087368"
500,132,1,"0.09810749353025325"
500,133,1,"0.0982236658539671"
500,134,1,"0.0960958226103026"
500,135,1,"0.09707383225307858"
500,136,1,"0.0968509010431418"
500,137,1,"0.09901043409982548"
500,138,1,"0.09713707211109017"
500,139,1,"0.09778298198920925"
500,140,1,"0.09631169209792914"
500,141,1,"0.09871938100688038"
500,142,1,"0.09901043409982548"
500,143,1,"0.0980348831859038"
500,144,1,"0.09871938100688038"
500,145,1,"0.09631169209792914"
500,146,1,"0.09659134156016845"
500,147,1,"0.09629573952691986"
500,148,1,"0.09797603934201687"
500,149,1,"0.09732522300979199"
500,150,1,"0.09678646458506474"
520,1,1,"0.09734031165831039"
520,2,1,"0.09877520190234293"
520,3,1,"0.09797603934201687"
520,4,1,"0.09740248992946356"
520,5,1,"0.09734031165831039"
520,6,1,"0.0968004968423894"
520,7,1,"0.09657549755509458"
520,8,1,"0.09883086715539934"
520,9,1,"0.09629573952691986"
520,10,1,"0.09666634428587087"
520,11,1,"0.09740248992946356"
520,12,1,"0.09723548169817149"
520,13,1,"0.09846685582195902"
520,14,1,"0.09680216411776536"
520,15,1,"0.09740248992946356"
520,16,1,"0.09705850759217416"
520,17,1,"0.09587820179440475"
520,18,1,"0.09842076444963108"
520,19,1,"0.09631169209792914"
520,20,1,"0.09842076444963108"
520,21,1,"0.09705850759217416"
520,22,1,"0.09726271642095181"
520,23,1,"0.09666634428587087"
520,24,1,"0.09779757442918684"
520,25,1,"0.09901043409982548"
520,26,1,"0.0968004968423894"
520,27,1,"0.0976015877804778"
520,28,1,"0.09810749353025325"
520,29,1,"0.09587820179440475"
520,30,1,"0.0969887456442301"
520,31,1,"0.09705850759217416"
520,32,1,"0.09752583267683904"
520,33,1,"0.0969947092862137"
520,34,1,"0.09601264551369612"
520,35,1,"0.09901043409982548"
520,36,1,"0.09779757442918684"
520,37,1,"0.09889988937750552"
520,38,1,"0.09644405589661761"
520,39,1,"0.09720017261464665"
520,40,1,"0.09707383225307858"
520,41,1,"0.09629573952691986"
520,42,1,"0.0967215898769937"
520,43,1,"0.09686662573490376"
520,44,1,"0.09650987800487575"
520,45,1,"0.09877520190234293"
520,46,1,"0.09797603934201687"
520,47,1,"0.09889988937750552"
520,48,1,"0.09840995574472897"
520,49,1,"0.0969887456442301"
520,50,1,"0.09686662573490376"
520,51,1,"0.09797603934201687"
520,52,1,"0.0966340687499505"
520,53,1,"0.09752583267683904"
520,54,1,"0.09804902121101536"
520,55,1,"0.09895520133674807"
520,56,1,"0.09594547690444043"
520,57,1,"0.09644405589661761"
520,58,1,"0.09895520133674807"
520,59,1,"0.09705850759217416"
520,60,1,"0.09659134156016845"
520,61,1,"0.09816584619266401"
520,62,1,"0.09705850759217416"
520,63,1,"0.09804902121101536"
520,64,1,"0.09650987800487575"
520,65,1,"0.09889988937750552"
520,66,1,"0.0969947092862137"
520,67,1,"0.09895520133674807"
520,68,1,"0.09686662573490376"
520,69,1,"0.09846685582195902"
520,70,1,"0.09871938100688038"
520,71,1,"0.09594547690444043"
520,72,1,"0.09816584619266401"
520,73,1,"0.09720017261464665"
520,74,1,"0.09791677834087684"
520,75,1,"0.09678646458506474"
520,76,1,"0.09848058071647262"
520,77,1,"0.0967215898769937"
520,78,1,"0.09720017261464665"
520,79,1,"0.0982236658539671"
520,80,1,"0.09889988937750552"
520,81,1,"0.09883086715539934"
520,82,1,"0.09842076444963108"
520,83,1,"0.09810749353025325"
520,84,1,"0.09707383225307858"
520,85,1,"0.09713707211109017"
520,86,1,"0.09664586942087368"
520,87,1,"0.09829546710402985"
520,88,1,"0.09686662573490376"
520,89,1,"0.09754046342274643"
520,90,1,"0.09644405589661761"
520,91,1,"0.09644405589661761"
520,92,1,"0.09829546710402985"
520,93,1,"0.09779757442918684"
520,94,1,"0.09883086715539934"
520,95,1,"0.09804902121101536"
520,96,1,"0.09720017261464665"
520,97,1,"0.0966340687499505"
520,98,1,"0.09680216411776536"
520,99,1,"0.09629573952691986"
520,100,1,"0.09895520133674807"
520,101,1,"0.09895520133674807"
520,102,1,"0.09657549755509458"
520,103,1,"0.09871938100688038"
520,104,1,"0.09705850759217416"
520,105,1,"0.09650987800487575"
520,106,1,"0.09616266185525575"
520,107,1,"0.09859362856253166"
520,108,1,"0.09665667748686277"
520,109,1,"0.09870592567573525"
520,110,1,"0.09713707211109017"
520,111,1,"0.09644405589661761"
520,112,1,"0.09637825874310293"
520,113,1,"0.09785726670080086"
520,114,1,"0.0969947092862137"
520,115,1,"0.09657549755509458"
520,116,1,"0.09693076933250222"
520,117,1,"0.097670116829371"
520,118,1,"0.09740248992946356"
520,119,1,"0.09734031165831039"
520,120,1,"0.09864977085814254"
520,121,1,"0.09883086715539934"
520,122,1,"0.0967215898769937"
520,123,1,"0.09840995574472897"
520,124,1,"0.0960958226103026"
520,125,1,"0.0980348831859038"
520,126,1,"0.09797603934201687"
520,127,1,"0.09842076444963108"
520,128,1,"0.09601264551369612"
520,129,1,"0.0960958226103026"
520,130,1,"0.09779757442918684"
520,131,1,"0.09594547690444043"
520,132,1,"0.09835288298481015"
520,133,1,"0.09736969129704015"
520,134,1,"0.09859362856253166"
520,135,1,"0.09720017261464665"
520,136,1,"0.0960796042452867"
520,137,1,"0.09816584619266401"
520,138,1,"0.09732522300979199"
520,139,1,"0.09720017261464665"
520,140,1,"0.09726271642095181"
520,141,1,"0.09631169209792914"
520,142,1,"0.09622929902442495"
520,143,1,"0.0967215898769937"
520,144,1,"0.09848058071647262"
520,145,1,"0.09752583267683904"
520,146,1,"0.09823768479196282"
520,147,1,"0.09846685582195902"
520,148,1,"0.09644405589661761"
520,149,1,"0.09594547690444043"
520,150,1,"0.0960958226103026"
540,1,1,"0.09616266185525575"
540,2,1,"0.09720017261464665"
540,3,1,"0.09707383225307858"
540,4,1,"0.09665667748686277"
540,5,1,"0.09816584619266401"
540,6,1,"0.09816584619266401"
540,7,1,"0.09810749353025325"
540,8,1,"0.0982236658539671"
540,9,1,"0.09846685582195902"
540,10,1,"0.0980348831859038"
540,11,1,"0.09659134156016845"
540,12,1,"0.09686662573490376"
540,13,1,"0.09750365275150644"
540,14,1,"0.0982236658539671"
540,15,1,"0.0969887456442301"
540,16,1,"0.09629573952691986"
540,17,1,"0.09650987800487575"
540,18,1,"0.09750365275150644"
540,19,1,"0.09746422283985887"
540,20,1,"0.09859362856253166"
540,21,1,"0.09740248992946356"
540,22,1,"0.0960958226103026"
540,23,1,"0.09901043409982548"
540,24,1,"0.09710120839335783"
540,25,1,"0.09726271642095181"
540,26,1,"0.0968509010431418"
540,27,1,"0.09785726670080086"
540,28,1,"0.09752583267683904"
540,29,1,"0.09594547690444043"
540,30,1,"0.09720017261464665"
540,31,1,"0.09804902121101536"
540,32,1,"0.098886368439301"
540,33,1,"0.0976015877804778"
540,34,1,"0.098886368439301"
540,35,1,"0.09810749353025325"
540,36,1,"0.09778298198920925"
540,37,1,"0.09840995574472897"
540,38,1,"0.09791677834087684"
540,39,1,"0.09778298198920925"
540,40,1,"0.09644405589661761"
540,41,1,"0.09616266185525575"
540,42,1,"0.0967215898769937"
540,43,1,"0.09693076933250222"
540,44,1,"0.09710120839335783"
540,45,1,"0.09650987800487575"
540,46,1,"0.09601264551369612"
540,47,1,"0.098886368439301"
540,48,1,"0.09666634428587087"
540,49,1,"0.09705850759217416"
540,50,1,"0.09723548169817149"
540,51,1,"0.09666634428587087"
540,52,1,"0.0976376256378502"
540,53,1,"0.09631169209792914"
540,54,1,"0.0980348831859038"
540,55,1,"0.09779757442918684"
540,56,1,"0.09772282270839636"
540,57,1,"0.09601264551369612"
540,58,1,"0.09842076444963108"
540,59,1,"0.0969947092862137"
540,60,1,"0.09791677834087684"
540,61,1,"0.09778298198920925"
540,62,1,"0.09791677834087684"
540,63,1,"0.09644405589661761"
540,64,1,"0.0967215898769937"
540,65,1,"0.09664586942087368"
540,66,1,"0.09664586942087368"
540,67,1,"0.0960796042452867"
540,68,1,"0.09693076933250222"
540,69,1,"0.09601264551369612"
540,70,1,"0.09901043409982548"
540,71,1,"0.09650987800487575"
540,72,1,"0.09601264551369612"
540,73,1,"0.09678646458506474"
540,74,1,"0.09785726670080086"
540,75,1,"0.09678646458506474"
540,76,1,"0.09601264551369612"
540,77,1,"0.09864977085814254"
540,78,1,"0.09587820179440475"
540,79,1,"0.0969887456442301"
540,80,1,"0.09772282270839636"
540,81,1,"0.0960958226103026"
540,82,1,"0.0960958226103026"
540,83,1,"0.0967215898769937"
540,84,1,"0.09848058071647262"
540,85,1,"0.09791677834087684"
540,86,1,"0.0976015877804778"
540,87,1,"0.09740248992946356"
540,88,1,"0.09629573952691986"
540,89,1,"0.09804902121101536"
540,90,1,"0.09901043409982548"
540,91,1,"0.09797603934201687"
540,92,1,"0.09665667748686277"
540,93,1,"0.0960958226103026"
540,94,1,"0.09780398786834962"
540,95,1,"0.09705850759217416"
540,96,1,"0.0967215898769937"
540,97,1,"0.09686662573490376"
540,98,1,"0.09706888468670877"
540,99,1,"0.09616266185525575"
540,100,1,"0.09710120839335783"
540,101,1,"0.09629573952691986"
540,102,1,"0.09823768479196282"
540,103,1,"0.09664586942087368"
540,104,1,"0.09823768479196282"
540,105,1,"0.09637825874310293"
540,106,1,"0.09846685582195902"
540,107,1,"0.09616266185525575"
540,108,1,"0.09895520133674807"
540,109,1,"0.09631169209792914"
540,110,1,"0.09842076444963108"
540,111,1,"0.09666634428587087"
540,112,1,"0.09594547690444043"
540,113,1,"0.09804902121101536"
540,114,1,"0.09883086715539934"
540,115,1,"0.09657549755509458"
540,116,1,"0.0967215898769937"
540,117,1,"0.09901043409982548"
540,118,1,"0.09829546710402985"
540,119,1,"0.09840995574472897"
540,120,1,"0.09871938100688038"
540,121,1,"0.0980348831859038"
540,122,1,"0.09754046342274643"
540,123,1,"0.09877520190234293"
540,124,1,"0.09804902121101536"
540,125,1,"0.09686662573490376"
540,126,1,"0.09859362856253166"
540,127,1,"0.09853735214185028"
540,128,1,"0.09889988937750552"
540,129,1,"0.0960796042452867"
540,130,1,"0.09664586942087368"
540,131,1,"0.09785726670080086"
540,132,1,"0.09629573952691986"
540,133,1,"0.09864977085814254"
540,134,1,"0.09650987800487575"
540,135,1,"0.09734031165831039"
540,136,1,"0.09848058071647262"
540,137,1,"0.09650987800487575"
540,138,1,"0.09657549755509458"
540,139,1,"0.09637825874310293"
540,140,1,"0.09616266185525575"
540,141,1,"0.09587820179440475"
540,142,1,"0.09835288298481015"
540,143,1,"0.09816584619266401"
540,144,1,"0.098886368439301"
540,145,1,"0.09601264551369612"
540,146,1,"0.0960958226103026"
540,147,1,"0.097670116829371"
540,148,1,"0.09665667748686277"
540,149,1,"0.0980348831859038"
540,150,1,"0.09736969129704015"
560,1,1,"0.09810749353025325"
560,2,1,"0.09587820179440475"
560,3,1,"0.09895520133674807"
560,4,1,"0.09746422283985887"
560,5,1,"0.09778298198920925"
560,6,1,"0.0960796042452867"
560,7,1,"0.09829546710402985"
560,8,1,"0.09666634428587087"
560,9,1,"0.09870592567573525"
560,10,1,"0.09883086715539934"
560,11,1,"0.09650987800487575"
560,12,1,"0.0968509010431418"
560,13,1,"0.09644405589661761"
560,14,1,"0.09840995574472897"
560,15,1,"0.09859362856253166"
560,16,1,"0.09754046342274643"
560,17,1,"0.0967215898769937"
560,18,1,"0.09707383225307858"
560,19,1,"0.09616266185525575"
560,20,1,"0.09736969129704015"
560,21,1,"0.09657549755509458"
560,22,1,"0.09629573952691986"
560,23,1,"0.09594547690444043"
560,24,1,"0.09616266185525575"
560,25,1,"0.09791677834087684"
560,26,1,"0.0967215898769937"
560,27,1,"0.09629573952691986"
560,28,1,"0.09870592567573525"
560,29,1,"0.09754046342274643"
560,30,1,"0.09664586942087368"
560,31,1,"0.09829546710402985"
560,32,1,"0.098886368439301"
560,33,1,"0.09859362856253166"
560,34,1,"0.09616266185525575"
560,35,1,"0.09823768479196282"
560,36,1,"0.09823768479196282"
560,37,1,"0.09829546710402985"
560,38,1,"0.09840995574472897"
560,39,1,"0.09871938100688038"
560,40,1,"0.0967215898769937"
560,41,1,"0.0982236658539671"
560,42,1,"0.09797603934201687"
560,43,1,"0.09816584619266401"
560,44,1,"0.09829546710402985"
560,45,1,"0.0976015877804778"
560,46,1,"0.09707383225307858"
560,47,1,"0.09797603934201687"
560,48,1,"0.09810749353025325"
560,49,1,"0.09629573952691986"
560,50,1,"0.09823768479196282"
560,51,1,"0.09657549755509458"
560,52,1,"0.09665667748686277"
560,53,1,"0.09883086715539934"
560,54,1,"0.0969947092862137"
560,55,1,"0.0976376256378502"
560,56,1,"0.09726271642095181"
560,57,1,"0.09650987800487575"
560,58,1,"0.09629573952691986"
560,59,1,"0.09829546710402985"
560,60,1,"0.09778298198920925"
560,61,1,"0.09650987800487575"
560,62,1,"0.09707383225307858"
560,63,1,"0.09864977085814254"
560,64,1,"0.09644405589661761"
560,65,1,"0.09779757442918684"
560,66,1,"0.09901043409982548"
560,67,1,"0.09616266185525575"
560,68,1,"0.09637825874310293"
560,69,1,"0.09870592567573525"
560,70,1,"0.09622929902442495"
560,71,1,"0.09587820179440475"
560,72,1,"0.09710120839335783"
560,73,1,"0.09644405589661761"
560,74,1,"0.0968509010431418"
560,75,1,"0.0976376256378502"
560,76,1,"0.09797603934201687"
560,77,1,"0.09710120839335783"
560,78,1,"0.0982236658539671"
560,79,1,"0.0969947092862137"
560,80,1,"0.09791677834087684"
560,81,1,"0.09629573952691986"
560,82,1,"0.09723548169817149"
560,83,1,"0.09810749353025325"
560,84,1,"0.09631169209792914"
560,85,1,"0.09644405589661761"
560,86,1,"0.09649994066676665"
560,87,1,"0.09842076444963108"
560,88,1,"0.09622929902442495"
560,89,1,"0.0976015877804778"
560,90,1,"0.09740248992946356"
560,91,1,"0.09657549755509458"
560,92,1,"0.09823768479196282"
560,93,1,"0.09705850759217416"
560,94,1,"0.0976015877804778"
560,95,1,"0.0980348831859038"
560,96,1,"0.09665667748686277"
560,97,1,"0.09659134156016845"
560,98,1,"0.09622929902442495"
560,99,1,"0.09829546710402985"
560,100,1,"0.09616266185525575"
560,101,1,"0.09644405589661761"
560,102,1,"0.09754046342274643"
560,103,1,"0.09637825874310293"
560,104,1,"0.09657549755509458"
560,105,1,"0.09720017261464665"
560,106,1,"0.09644405589661761"
560,107,1,"0.09895520133674807"
560,108,1,"0.09754046342274643"
560,109,1,"0.09693477847475013"
560,110,1,"0.09650987800487575"
560,111,1,"0.098886368439301"
560,112,1,"0.09686662573490376"
560,113,1,"0.09877520190234293"
560,114,1,"0.0960796042452867"
560,115,1,"0.097670116829371"
560,116,1,"0.0969887456442301"
560,117,1,"0.09707383225307858"
560,118,1,"0.09842076444963108"
560,119,1,"0.09637825874310293"
560,120,1,"0.09657549755509458"
560,121,1,"0.09693076933250222"
560,122,1,"0.09746422283985887"
560,123,1,"0.09693076933250222"
560,124,1,"0.09616266185525575"
560,125,1,"0.09726271642095181"
560,126,1,"0.09734031165831039"
560,127,1,"0.09616266185525575"
560,128,1,"0.09686662573490376"
560,129,1,"0.09637825874310293"
560,130,1,"0.09810749353025325"
560,131,1,"0.09659134156016845"
560,132,1,"0.09853735214185028"
560,133,1,"0.09740248992946356"
560,134,1,"0.09705850759217416"
560,135,1,"0.09734031165831039"
560,136,1,"0.09705850759217416"
560,137,1,"0.09785726670080086"
560,138,1,"0.09853735214185028"
560,139,1,"0.09840995574472897"
560,140,1,"0.09678646458506474"
560,141,1,"0.0960796042452867"
560,142,1,"0.09772282270839636"
560,143,1,"0.09840995574472897"
560,144,1,"0.0982236658539671"
560,145,1,"0.09829546710402985"
560,146,1,"0.09810749353025325"
560,147,1,"0.09804902121101536"
560,148,1,"0.09710120839335783"
560,149,1,"0.0969887456442301"
560,150,1,"0.09629573952691986"
580,1,1,"0.09637825874310293"
580,2,1,"0.09587820179440475"
580,3,1,"0.0968509010431418"
580,4,1,"0.09713707211109017"
580,5,1,"0.0976376256378502"
580,6,1,"0.09622929902442495"
580,7,1,"0.09631169209792914"
580,8,1,"0.09666634428587087"
580,9,1,"0.09713707211109017"
580,10,1,"0.0960796042452867"
580,11,1,"0.09740248992946356"
580,12,1,"0.09797603934201687"
580,13,1,"0.09791677834087684"
580,14,1,"0.09616266185525575"
580,15,1,"0.09877520190234293"
580,16,1,"0.09657549755509458"
580,17,1,"0.09810749353025325"
580,18,1,"0.09707383225307858"
580,19,1,"0.09779757442918684"
580,20,1,"0.09740248992946356"
580,21,1,"0.09840995574472897"
580,22,1,"0.09816584619266401"
580,23,1,"0.09594547690444043"
580,24,1,"0.0976015877804778"
580,25,1,"0.09666634428587087"
580,26,1,"0.09877520190234293"
580,27,1,"0.09734031165831039"
580,28,1,"0.09736969129704015"
580,29,1,"0.09587820179440475"
580,30,1,"0.09848058071647262"
580,31,1,"0.09835288298481015"
580,32,1,"0.09734031165831039"
580,33,1,"0.09823768479196282"
580,34,1,"0.09657549755509458"
580,35,1,"0.0960796042452867"
580,36,1,"0.09657549755509458"
580,37,1,"0.0960958226103026"
580,38,1,"0.09629573952691986"
580,39,1,"0.09659134156016845"
580,40,1,"0.09594547690444043"
580,41,1,"0.09871938100688038"
580,42,1,"0.09766239572479476"
580,43,1,"0.09864977085814254"
580,44,1,"0.09693076933250222"
580,45,1,"0.0968509010431418"
580,46,1,"0.09746422283985887"
580,47,1,"0.0976376256378502"
580,48,1,"0.09622929902442495"
580,49,1,"0.09779757442918684"
580,50,1,"0.09797603934201687"
580,51,1,"0.09664586942087368"
580,52,1,"0.09746422283985887"
580,53,1,"0.09810749353025325"
580,54,1,"0.09629573952691986"
580,55,1,"0.09810749353025325"
580,56,1,"0.09816584619266401"
580,57,1,"0.09678646458506474"
580,58,1,"0.09587820179440475"
580,59,1,"0.09720017261464665"
580,60,1,"0.09650987800487575"
580,61,1,"0.09766239572479476"
580,62,1,"0.0980348831859038"
580,63,1,"0.09659134156016845"
580,64,1,"0.09732522300979199"
580,65,1,"0.09637825874310293"
580,66,1,"0.09901043409982548"
580,67,1,"0.0982236658539671"
580,68,1,"0.09693076933250222"
580,69,1,"0.09804902121101536"
580,70,1,"0.09883086715539934"
580,71,1,"0.09693076933250222"
580,72,1,"0.09859362856253166"
580,73,1,"0.09650987800487575"
580,74,1,"0.09842076444963108"
580,75,1,"0.09734031165831039"
580,76,1,"0.09680216411776536"
580,77,1,"0.09587820179440475"
580,78,1,"0.0960958226103026"
580,79,1,"0.09622929902442495"
580,80,1,"0.09594547690444043"
580,81,1,"0.09889988937750552"
580,82,1,"0.0982236658539671"
580,83,1,"0.09616266185525575"
580,84,1,"0.09650987800487575"
580,85,1,"0.09657549755509458"
580,86,1,"0.0982236658539671"
580,87,1,"0.09659134156016845"
580,88,1,"0.09707383225307858"
580,89,1,"0.09732522300979199"
580,90,1,"0.0976376256378502"
580,91,1,"0.09864977085814254"
580,92,1,"0.09664586942087368"
580,93,1,"0.09665667748686277"
580,94,1,"0.09810749353025325"
580,95,1,"0.09657549755509458"
580,96,1,"0.09705850759217416"
580,97,1,"0.09877520190234293"
580,98,1,"0.09901043409982548"
580,99,1,"0.09587820179440475"
580,100,1,"0.09710120839335783"
580,101,1,"0.09816584619266401"
580,102,1,"0.09732522300979199"
580,103,1,"0.09707383225307858"
580,104,1,"0.09829546710402985"
580,105,1,"0.09732522300979199"
580,106,1,"0.09587820179440475"
580,107,1,"0.09644405589661761"
580,108,1,"0.09754046342274643"
580,109,1,"0.09587820179440475"
580,110,1,"0.09840995574472897"
580,111,1,"0.0969947092862137"
580,112,1,"0.0960796042452867"
580,113,1,"0.09693477847475013"
580,114,1,"0.09823768479196282"
580,115,1,"0.09657549755509458"
580,116,1,"0.09594547690444043"
580,117,1,"0.09840995574472897"
580,118,1,"0.09772282270839636"
580,119,1,"0.09785726670080086"
580,120,1,"0.09842076444963108"
580,121,1,"0.09766239572479476"
580,122,1,"0.09791677834087684"
580,123,1,"0.09829546710402985"
580,124,1,"0.09791677834087684"
580,125,1,"0.09846685582195902"
580,126,1,"0.09587820179440475"
580,127,1,"0.09665667748686277"
580,128,1,"0.09664586942087368"
580,129,1,"0.09846685582195902"
580,130,1,"0.09707383225307858"
580,131,1,"0.0960796042452867"
580,132,1,"0.09864977085814254"
580,133,1,"0.09659134156016845"
580,134,1,"0.09835288298481015"
580,135,1,"0.09637825874310293"
580,136,1,"0.09710120839335783"
580,137,1,"0.09664586942087368"
580,138,1,"0.09791677834087684"
580,139,1,"0.09665667748686277"
580,140,1,"0.09594547690444043"
580,141,1,"0.09779757442918684"
580,142,1,"0.09720017261464665"
580,143,1,"0.09883086715539934"
580,144,1,"0.09637825874310293"
580,145,1,"0.09791677834087684"
580,146,1,"0.09601264551369612"
580,147,1,"0.09785726670080086"
580,148,1,"0.09713707211109017"
580,149,1,"0.09637825874310293"
580,150,1,"0.0960796042452867"
600,1,1,"0.09877520190234293"
600,2,1,"0.09804902121101536"
600,3,1,"0.09895520133674807"
600,4,1,"0.09707383225307858"
600,5,1,"0.09657549755509458"
600,6,1,"0.0980348831859038"
600,7,1,"0.0960796042452867"
600,8,1,"0.09750365275150644"
600,9,1,"0.09752583267683904"
600,10,1,"0.09629573952691986"
600,11,1,"0.09650987800487575"
600,12,1,"0.09829546710402985"
600,13,1,"0.09706888468670877"
600,14,1,"0.09713707211109017"
600,15,1,"0.09659134156016845"
600,16,1,"0.0967215898769937"
600,17,1,"0.09823768479196282"
600,18,1,"0.09622929902442495"
600,19,1,"0.0976376256378502"
600,20,1,"0.09785726670080086"
600,21,1,"0.09713707211109017"
600,22,1,"0.09736969129704015"
600,23,1,"0.09657549755509458"
600,24,1,"0.0969947092862137"
600,25,1,"0.09726271642095181"
600,26,1,"0.0967215898769937"
600,27,1,"0.097670116829371"
600,28,1,"0.0976376256378502"
600,29,1,"0.09686662573490376"
600,30,1,"0.0982236658539671"
600,31,1,"0.09713707211109017"
600,32,1,"0.09750365275150644"
600,33,1,"0.09629573952691986"
600,34,1,"0.09686662573490376"
600,35,1,"0.09631169209792914"
600,36,1,"0.09616266185525575"
600,37,1,"0.09680216411776536"
600,38,1,"0.0969887456442301"
600,39,1,"0.09644405589661761"
600,40,1,"0.09810749353025325"
600,41,1,"0.09680216411776536"
600,42,1,"0.09664586942087368"
600,43,1,"0.09726271642095181"
600,44,1,"0.09664586942087368"
600,45,1,"0.09680216411776536"
600,46,1,"0.09816584619266401"
600,47,1,"0.09649994066676665"
600,48,1,"0.09631169209792914"
600,49,1,"0.09622929902442495"
600,50,1,"0.09649994066676665"
600,51,1,"0.0960958226103026"
600,52,1,"0.09829546710402985"
600,53,1,"0.09686662573490376"
600,54,1,"0.0969887456442301"
600,55,1,"0.09835288298481015"
600,56,1,"0.09594547690444043"
600,57,1,"0.09707383225307858"
600,58,1,"0.09594547690444043"
600,59,1,"0.09594547690444043"
600,60,1,"0.09678646458506474"
600,61,1,"0.09657549755509458"
600,62,1,"0.0960958226103026"
600,63,1,"0.0980348831859038"
600,64,1,"0.0960796042452867"
600,65,1,"0.09859362856253166"
600,66,1,"0.09791677834087684"
600,67,1,"0.09707383225307858"
600,68,1,"0.09659134156016845"
600,69,1,"0.09650987800487575"
600,70,1,"0.09644405589661761"
600,71,1,"0.09650987800487575"
600,72,1,"0.09664586942087368"
600,73,1,"0.09678646458506474"
600,74,1,"0.09707383225307858"
600,75,1,"0.09705850759217416"
600,76,1,"0.09889988937750552"
600,77,1,"0.09840995574472897"
600,78,1,"0.09637825874310293"
600,79,1,"0.09723548169817149"
600,80,1,"0.09810749353025325"
600,81,1,"0.09587820179440475"
600,82,1,"0.09707383225307858"
600,83,1,"0.09870592567573525"
600,84,1,"0.09720017261464665"
600,85,1,"0.09726271642095181"
600,86,1,"0.0969887456442301"
600,87,1,"0.09848058071647262"
600,88,1,"0.09734031165831039"
600,89,1,"0.09746422283985887"
600,90,1,"0.09870592567573525"
600,91,1,"0.09666634428587087"
600,92,1,"0.09750365275150644"
600,93,1,"0.09846685582195902"
600,94,1,"0.09594547690444043"
600,95,1,"0.09840995574472897"
600,96,1,"0.0982236658539671"
600,97,1,"0.09629573952691986"
600,98,1,"0.09622929902442495"
600,99,1,"0.0960796042452867"
600,100,1,"0.09816584619266401"
600,101,1,"0.09649994066676665"
600,102,1,"0.09644405589661761"
600,103,1,"0.09746422283985887"
600,104,1,"0.09686662573490376"
600,105,1,"0.09622929902442495"
600,106,1,"0.0982236658539671"
600,107,1,"0.09766239572479476"
600,108,1,"0.09629573952691986"
600,109,1,"0.09644405589661761"
600,110,1,"0.09810749353025325"
600,111,1,"0.09650987800487575"
600,112,1,"0.097670116829371"
600,113,1,"0.09740248992946356"
600,114,1,"0.09629573952691986"
600,115,1,"0.09754046342274643"
600,116,1,"0.09864977085814254"
600,117,1,"0.097670116829371"
600,118,1,"0.09779757442918684"
600,119,1,"0.09785726670080086"
600,120,1,"0.09616266185525575"
600,121,1,"0.09657549755509458"
600,122,1,"0.0967215898769937"
600,123,1,"0.0968004968423894"
600,124,1,"0.09835288298481015"
600,125,1,"0.09713707211109017"
600,126,1,"0.09594547690444043"
600,127,1,"0.09816584619266401"
600,128,1,"0.09706888468670877"
600,129,1,"0.0969947092862137"
600,130,1,"0.09713707211109017"
600,131,1,"0.09629573952691986"
600,132,1,"0.09804902121101536"
600,133,1,"0.0967215898769937"
600,134,1,"0.09587820179440475"
600,135,1,"0.09889988937750552"
600,136,1,"0.09601264551369612"
600,137,1,"0.09629573952691986"
600,138,1,"0.0969947092862137"
600,139,1,"0.09734031165831039"
600,140,1,"0.0967215898769937"
600,141,1,"0.09835288298481015"
600,142,1,"0.09693076933250222"
600,143,1,"0.09657549755509458"
600,144,1,"0.09835288298481015"
600,145,1,"0.09877520190234293"
600,146,1,"0.09706888468670877"
600,147,1,"0.09650987800487575"
600,148,1,"0.09616266185525575"
600,149,1,"0.09842076444963108"
600,150,1,"0.09871938100688038"
620,1,1,"0.09587820179440475"
620,2,1,"0.09810749353025325"
620,3,1,"0.09791677834087684"
620,4,1,"0.09829546710402985"
620,5,1,"0.09657549755509458"
620,6,1,"0.09622929902442495"
620,7,1,"0.09657549755509458"
620,8,1,"0.09840995574472897"
620,9,1,"0.09713707211109017"
620,10,1,"0.09616266185525575"
620,11,1,"0.09710120839335783"
620,12,1,"0.09816584619266401"
620,13,1,"0.09693076933250222"
620,14,1,"0.0969947092862137"
620,15,1,"0.0960958226103026"
620,16,1,"0.09713707211109017"
620,17,1,"0.0982236658539671"
620,18,1,"0.09666634428587087"
620,19,1,"0.097670116829371"
620,20,1,"0.09649994066676665"
620,21,1,"0.09720017261464665"
620,22,1,"0.0969947092862137"
620,23,1,"0.09797603934201687"
620,24,1,"0.0969887456442301"
620,25,1,"0.0968004968423894"
620,26,1,"0.09664586942087368"
620,27,1,"0.09840995574472897"
620,28,1,"0.09871938100688038"
620,29,1,"0.09736969129704015"
620,30,1,"0.09616266185525575"
620,31,1,"0.09785726670080086"
620,32,1,"0.09587820179440475"
620,33,1,"0.09650987800487575"
620,34,1,"0.098886368439301"
620,35,1,"0.09816584619266401"
620,36,1,"0.0969947092862137"
620,37,1,"0.097670116829371"
620,38,1,"0.09859362856253166"
620,39,1,"0.09659134156016845"
620,40,1,"0.09750365275150644"
620,41,1,"0.09637825874310293"
620,42,1,"0.09791677834087684"
620,43,1,"0.09665667748686277"
620,44,1,"0.09752583267683904"
620,45,1,"0.09707383225307858"
620,46,1,"0.09594547690444043"
620,47,1,"0.09883086715539934"
620,48,1,"0.09804902121101536"
620,49,1,"0.09859362856253166"
620,50,1,"0.09666634428587087"
620,51,1,"0.09657549755509458"
620,52,1,"0.0969947092862137"
620,53,1,"0.09594547690444043"
620,54,1,"0.09678646458506474"
620,55,1,"0.0967215898769937"
620,56,1,"0.09601264551369612"
620,57,1,"0.09804902121101536"
620,58,1,"0.09644405589661761"
620,59,1,"0.09797603934201687"
620,60,1,"0.09810749353025325"
620,61,1,"0.09871938100688038"
620,62,1,"0.0967215898769937"
620,63,1,"0.09842076444963108"
620,64,1,"0.09705850759217416"
620,65,1,"0.09637825874310293"
620,66,1,"0.09622929902442495"
620,67,1,"0.0968004968423894"
620,68,1,"0.09637825874310293"
620,69,1,"0.09659134156016845"
620,70,1,"0.0982236658539671"
620,71,1,"0.09829546710402985"
620,72,1,"0.09637825874310293"
620,73,1,"0.09665667748686277"
620,74,1,"0.09664586942087368"
620,75,1,"0.09707383225307858"
620,76,1,"0.09637825874310293"
620,77,1,"0.09726271642095181"
620,78,1,"0.0969887456442301"
620,79,1,"0.09686662573490376"
620,80,1,"0.09804902121101536"
620,81,1,"0.09816584619266401"
620,82,1,"0.097670116829371"
620,83,1,"0.09823768479196282"
620,84,1,"0.09693076933250222"
620,85,1,"0.09835288298481015"
620,86,1,"0.09707383225307858"
620,87,1,"0.0967215898769937"
620,88,1,"0.09791677834087684"
620,89,1,"0.09686662573490376"
620,90,1,"0.09594547690444043"
620,91,1,"0.09680216411776536"
620,92,1,"0.09835288298481015"
620,93,1,"0.09650987800487575"
620,94,1,"0.09650987800487575"
620,95,1,"0.09797603934201687"
620,96,1,"0.09659134156016845"
620,97,1,"0.09629573952691986"
620,98,1,"0.09810749353025325"
620,99,1,"0.0969947092862137"
620,100,1,"0.0966340687499505"
620,101,1,"0.0982236658539671"
620,102,1,"0.09693076933250222"
620,103,1,"0.0969947092862137"
620,104,1,"0.09622929902442495"
620,105,1,"0.0969887456442301"
620,106,1,"0.09644405589661761"
620,107,1,"0.09631169209792914"
620,108,1,"0.09657549755509458"
620,109,1,"0.09622929902442495"
620,110,1,"0.09680216411776536"
620,111,1,"0.09659134156016845"
620,112,1,"0.09829546710402985"
620,113,1,"0.0980348831859038"
620,114,1,"0.09629573952691986"
620,115,1,"0.09644405589661761"
620,116,1,"0.0967215898769937"
620,117,1,"0.0969887456442301"
620,118,1,"0.09678646458506474"
620,119,1,"0.09629573952691986"
620,120,1,"0.09791677834087684"
620,121,1,"0.0960958226103026"
620,122,1,"0.09665667748686277"
620,123,1,"0.09746422283985887"
620,124,1,"0.0969887456442301"
620,125,1,"0.0976376256378502"
620,126,1,"0.09778298198920925"
620,127,1,"0.0982236658539671"
620,128,1,"0.09650987800487575"
620,129,1,"0.0968509010431418"
620,130,1,"0.09723548169817149"
620,131,1,"0.09840995574472897"
620,132,1,"0.09726271642095181"
620,133,1,"0.09772282270839636"
620,134,1,"0.09650987800487575"
620,135,1,"0.09705850759217416"
620,136,1,"0.09587820179440475"
620,137,1,"0.09587820179440475"
620,138,1,"0.09664586942087368"
620,139,1,"0.0969887456442301"
620,140,1,"0.09804902121101536"
620,141,1,"0.09810749353025325"
620,142,1,"0.09705850759217416"
620,143,1,"0.09657549755509458"
620,144,1,"0.0960796042452867"
620,145,1,"0.09631169209792914"
620,146,1,"0.09657549755509458"
620,147,1,"0.09746422283985887"
620,148,1,"0.0960796042452867"
620,149,1,"0.09797603934201687"
620,150,1,"0.09649994066676665"
640,1,1,"0.0980348831859038"
640,2,1,"0.09594547690444043"
640,3,1,"0.09693477847475013"
640,4,1,"0.0976376256378502"
640,5,1,"0.09665667748686277"
640,6,1,"0.09637825874310293"
640,7,1,"0.09637825874310293"
640,8,1,"0.09780398786834962"
640,9,1,"0.09723548169817149"
640,10,1,"0.09780398786834962"
640,11,1,"0.09622929902442495"
640,12,1,"0.0976376256378502"
640,13,1,"0.09835288298481015"
640,14,1,"0.09713707211109017"
640,15,1,"0.09785726670080086"
640,16,1,"0.09829546710402985"
640,17,1,"0.0960796042452867"
640,18,1,"0.09665667748686277"
640,19,1,"0.09680216411776536"
640,20,1,"0.09644405589661761"
640,21,1,"0.09616266185525575"
640,22,1,"0.09678646458506474"
640,23,1,"0.09823768479196282"
640,24,1,"0.0967215898769937"
640,25,1,"0.09659134156016845"
640,26,1,"0.09750365275150644"
640,27,1,"0.09637825874310293"
640,28,1,"0.09804902121101536"
640,29,1,"0.0969947092862137"
640,30,1,"0.09772282270839636"
640,31,1,"0.09637825874310293"
640,32,1,"0.09720017261464665"
640,33,1,"0.09707383225307858"
640,34,1,"0.09877520190234293"
640,35,1,"0.09723548169817149"
640,36,1,"0.09705850759217416"
640,37,1,"0.09637825874310293"
640,38,1,"0.09629573952691986"
640,39,1,"0.0967215898769937"
640,40,1,"0.09629573952691986"
640,41,1,"0.09710120839335783"
640,42,1,"0.09659134156016845"
640,43,1,"0.0969887456442301"
640,44,1,"0.09678646458506474"
640,45,1,"0.09829546710402985"
640,46,1,"0.09631169209792914"
640,47,1,"0.09726271642095181"
640,48,1,"0.09778298198920925"
640,49,1,"0.09594547690444043"
640,50,1,"0.09791677834087684"
640,51,1,"0.0968509010431418"
640,52,1,"0.09601264551369612"
640,53,1,"0.09678646458506474"
640,54,1,"0.09829546710402985"
640,55,1,"0.09665667748686277"
640,56,1,"0.0976376256378502"
640,57,1,"0.09804902121101536"
640,58,1,"0.09823768479196282"
640,59,1,"0.09870592567573525"
640,60,1,"0.0980348831859038"
640,61,1,"0.09846685582195902"
640,62,1,"0.09686662573490376"
640,63,1,"0.09823768479196282"
640,64,1,"0.09644405589661761"
640,65,1,"0.0960796042452867"
640,66,1,"0.09816584619266401"
640,67,1,"0.0967215898769937"
640,68,1,"0.09816584619266401"
640,69,1,"0.09664586942087368"
640,70,1,"0.09622929902442495"
640,71,1,"0.09637825874310293"
640,72,1,"0.09650987800487575"
640,73,1,"0.09650987800487575"
640,74,1,"0.09616266185525575"
640,75,1,"0.0980348831859038"
640,76,1,"0.09680216411776536"
640,77,1,"0.09637825874310293"
640,78,1,"0.09816584619266401"
640,79,1,"0.0969947092862137"
640,80,1,"0.09657549755509458"
640,81,1,"0.0960796042452867"
640,82,1,"0.09693076933250222"
640,83,1,"0.09601264551369612"
640,84,1,"0.0976376256378502"
640,85,1,"0.0969947092862137"
640,86,1,"0.09823768479196282"
640,87,1,"0.09629573952691986"
640,88,1,"0.09823768479196282"
640,89,1,"0.09804902121101536"
640,90,1,"0.09659134156016845"
640,91,1,"0.09686662573490376"
640,92,1,"0.09629573952691986"
640,93,1,"0.09842076444963108"
640,94,1,"0.09707383225307858"
640,95,1,"0.09587820179440475"
640,96,1,"0.09650987800487575"
640,97,1,"0.09587820179440475"
640,98,1,"0.09780398786834962"
640,99,1,"0.09864977085814254"
640,100,1,"0.09664586942087368"
640,101,1,"0.09840995574472897"
640,102,1,"0.09622929902442495"
640,103,1,"0.09829546710402985"
640,104,1,"0.09766239572479476"
640,105,1,"0.09616266185525575"
640,106,1,"0.09810749353025325"
640,107,1,"0.09707383225307858"
640,108,1,"0.09736969129704015"
640,109,1,"0.0969887456442301"
640,110,1,"0.09650987800487575"
640,111,1,"0.0969947092862137"
640,112,1,"0.09644405589661761"
640,113,1,"0.09644405589661761"
640,114,1,"0.09616266185525575"
640,115,1,"0.09664586942087368"
640,116,1,"0.09601264551369612"
640,117,1,"0.0967215898769937"
640,118,1,"0.09587820179440475"
640,119,1,"0.09686662573490376"
640,120,1,"0.09665667748686277"
640,121,1,"0.09644405589661761"
640,122,1,"0.09810749353025325"
640,123,1,"0.09637825874310293"
640,124,1,"0.09650987800487575"
640,125,1,"0.09664586942087368"
640,126,1,"0.09859362856253166"
640,127,1,"0.09594547690444043"
640,128,1,"0.09766239572479476"
640,129,1,"0.09631169209792914"
640,130,1,"0.09710120839335783"
640,131,1,"0.09766239572479476"
640,132,1,"0.09705850759217416"
640,133,1,"0.09657549755509458"
640,134,1,"0.09587820179440475"
640,135,1,"0.0960796042452867"
640,136,1,"0.09657549755509458"
640,137,1,"0.09840995574472897"
640,138,1,"0.09622929902442495"
640,139,1,"0.09650987800487575"
640,140,1,"0.09835288298481015"
640,141,1,"0.09666634428587087"
640,142,1,"0.09829546710402985"
640,143,1,"0.09871938100688038"
640,144,1,"0.09678646458506474"
640,145,1,"0.09622929902442495"
640,146,1,"0.09720017261464665"
640,147,1,"0.09840995574472897"
640,148,1,"0.09720017261464665"
640,149,1,"0.09693076933250222"
640,150,1,"0.09780398786834962"
660,1,1,"0.097670116829371"
660,2,1,"0.0960796042452867"
660,3,1,"0.097670116829371"
660,4,1,"0.09706888468670877"
660,5,1,"0.09680216411776536"
660,6,1,"0.0968004968423894"
660,7,1,"0.0966340687499505"
660,8,1,"0.09740248992946356"
660,9,1,"0.09644405589661761"
660,10,1,"0.09649994066676665"
660,11,1,"0.09707383225307858"
660,12,1,"0.0976015877804778"
660,13,1,"0.09601264551369612"
660,14,1,"0.09810749353025325"
660,15,1,"0.0976376256378502"
660,16,1,"0.0966340687499505"
660,17,1,"0.09705850759217416"
660,18,1,"0.09678646458506474"
660,19,1,"0.09631169209792914"
660,20,1,"0.09657549755509458"
660,21,1,"0.09629573952691986"
660,22,1,"0.09637825874310293"
660,23,1,"0.09816584619266401"
660,24,1,"0.0969887456442301"
660,25,1,"0.09823768479196282"
660,26,1,"0.09616266185525575"
660,27,1,"0.09829546710402985"
660,28,1,"0.09678646458506474"
660,29,1,"0.09797603934201687"
660,30,1,"0.09631169209792914"
660,31,1,"0.09637825874310293"
660,32,1,"0.09779757442918684"
660,33,1,"0.09666634428587087"
660,34,1,"0.09848058071647262"
660,35,1,"0.0969887456442301"
660,36,1,"0.09732522300979199"
660,37,1,"0.09594547690444043"
660,38,1,"0.0976015877804778"
660,39,1,"0.0966340687499505"
660,40,1,"0.09644405589661761"
660,41,1,"0.09657549755509458"
660,42,1,"0.09804902121101536"
660,43,1,"0.09594547690444043"
660,44,1,"0.09666634428587087"
660,45,1,"0.09650987800487575"
660,46,1,"0.0968004968423894"
660,47,1,"0.09616266185525575"
660,48,1,"0.09686662573490376"
660,49,1,"0.09601264551369612"
660,50,1,"0.09686662573490376"
660,51,1,"0.09736969129704015"
660,52,1,"0.09631169209792914"
660,53,1,"0.09678646458506474"
660,54,1,"0.09835288298481015"
660,55,1,"0.09616266185525575"
660,56,1,"0.09649994066676665"
660,57,1,"0.0976376256378502"
660,58,1,"0.09587820179440475"
660,59,1,"0.09678646458506474"
660,60,1,"0.09629573952691986"
660,61,1,"0.09791677834087684"
660,62,1,"0.09883086715539934"
660,63,1,"0.09666634428587087"
660,64,1,"0.0980348831859038"
660,65,1,"0.09587820179440475"
660,66,1,"0.0960958226103026"
660,67,1,"0.09601264551369612"
660,68,1,"0.09840995574472897"
660,69,1,"0.09664586942087368"
660,70,1,"0.09752583267683904"
660,71,1,"0.09649994066676665"
660,72,1,"0.0967215898769937"
660,73,1,"0.09631169209792914"
660,74,1,"0.09587820179440475"
660,75,1,"0.09746422283985887"
660,76,1,"0.09659134156016845"
660,77,1,"0.09629573952691986"
660,78,1,"0.09664586942087368"
660,79,1,"0.09637825874310293"
660,80,1,"0.09707383225307858"
660,81,1,"0.09644405589661761"
660,82,1,"0.09644405589661761"
660,83,1,"0.09705850759217416"
660,84,1,"0.09664586942087368"
660,85,1,"0.09644405589661761"
660,86,1,"0.09637825874310293"
660,87,1,"0.09659134156016845"
660,88,1,"0.09772282270839636"
660,89,1,"0.09693076933250222"
660,90,1,"0.09601264551369612"
660,91,1,"0.09657549755509458"
660,92,1,"0.09601264551369612"
660,93,1,"0.09616266185525575"
660,94,1,"0.09665667748686277"
660,95,1,"0.09840995574472897"
660,96,1,"0.09637825874310293"
660,97,1,"0.09778298198920925"
660,98,1,"0.09644405589661761"
660,99,1,"0.09594547690444043"
660,100,1,"0.0969947092862137"
660,101,1,"0.09644405589661761"
660,102,1,"0.09594547690444043"
660,103,1,"0.0969947092862137"
660,104,1,"0.09650987800487575"
660,105,1,"0.09594547690444043"
660,106,1,"0.09706888468670877"
660,107,1,"0.09587820179440475"
660,108,1,"0.09631169209792914"
660,109,1,"0.09785726670080086"
660,110,1,"0.09779757442918684"
660,111,1,"0.09594547690444043"
660,112,1,"0.09659134156016845"
660,113,1,"0.0966340687499505"
660,114,1,"0.0969887456442301"
660,115,1,"0.0960958226103026"
660,116,1,"0.09587820179440475"
660,117,1,"0.09644405589661761"
660,118,1,"0.09829546710402985"
660,119,1,"0.09823768479196282"
660,120,1,"0.09616266185525575"
660,121,1,"0.09720017261464665"
660,122,1,"0.09629573952691986"
660,123,1,"0.09705850759217416"
660,124,1,"0.09616266185525575"
660,125,1,"0.09720017261464665"
660,126,1,"0.09726271642095181"
660,127,1,"0.09650987800487575"
660,128,1,"0.09659134156016845"
660,129,1,"0.09637825874310293"
660,130,1,"0.09705850759217416"
660,131,1,"0.09629573952691986"
660,132,1,"0.0960958226103026"
660,133,1,"0.09772282270839636"
660,134,1,"0.09622929902442495"
660,135,1,"0.0960958226103026"
660,136,1,"0.09686662573490376"
660,137,1,"0.09629573952691986"
660,138,1,"0.09601264551369612"
660,139,1,"0.0969947092862137"
660,140,1,"0.09810749353025325"
660,141,1,"0.09650987800487575"
660,142,1,"0.0968004968423894"
660,143,1,"0.09686662573490376"
660,144,1,"0.09616266185525575"
660,145,1,"0.09713707211109017"
660,146,1,"0.09693477847475013"
660,147,1,"0.09622929902442495"
660,148,1,"0.09816584619266401"
660,149,1,"0.0967215898769937"
660,150,1,"0.09883086715539934"
680,1,1,"0.09678646458506474"
680,2,1,"0.0966340687499505"
680,3,1,"0.09622929902442495"
680,4,1,"0.0980348831859038"
680,5,1,"0.09720017261464665"
680,6,1,"0.09650987800487575"
680,7,1,"0.0968004968423894"
680,8,1,"0.0976376256378502"
680,9,1,"0.09707383225307858"
680,10,1,"0.09644405589661761"
680,11,1,"0.09791677834087684"
680,12,1,"0.09629573952691986"
680,13,1,"0.09616266185525575"
680,14,1,"0.0967215898769937"
680,15,1,"0.0969947092862137"
680,16,1,"0.09657549755509458"
680,17,1,"0.09723548169817149"
680,18,1,"0.09797603934201687"
680,19,1,"0.09766239572479476"
680,20,1,"0.09631169209792914"
680,21,1,"0.09665667748686277"
680,22,1,"0.09659134156016845"
680,23,1,"0.0960958226103026"
680,24,1,"0.09780398786834962"
680,25,1,"0.09637825874310293"
680,26,1,"0.0980348831859038"
680,27,1,"0.09644405589661761"
680,28,1,"0.09871938100688038"
680,29,1,"0.09644405589661761"
680,30,1,"0.09840995574472897"
680,31,1,"0.09678646458506474"
680,32,1,"0.09895520133674807"
680,33,1,"0.09848058071647262"
680,34,1,"0.09601264551369612"
680,35,1,"0.09840995574472897"
680,36,1,"0.09666634428587087"
680,37,1,"0.09732522300979199"
680,38,1,"0.09664586942087368"
680,39,1,"0.09678646458506474"
680,40,1,"0.09804902121101536"
680,41,1,"0.09707383225307858"
680,42,1,"0.0976015877804778"
680,43,1,"0.09693477847475013"
680,44,1,"0.09657549755509458"
680,45,1,"0.09659134156016845"
680,46,1,"0.09706888468670877"
680,47,1,"0.09842076444963108"
680,48,1,"0.0960958226103026"
680,49,1,"0.0960958226103026"
680,50,1,"0.09587820179440475"
680,51,1,"0.09622929902442495"
680,52,1,"0.0980348831859038"
680,53,1,"0.0966340687499505"
680,54,1,"0.09707383225307858"
680,55,1,"0.09720017261464665"
680,56,1,"0.0968004968423894"
680,57,1,"0.09840995574472897"
680,58,1,"0.09678646458506474"
680,59,1,"0.09678646458506474"
680,60,1,"0.0960958226103026"
680,61,1,"0.09740248992946356"
680,62,1,"0.09616266185525575"
680,63,1,"0.0969947092862137"
680,64,1,"0.09650987800487575"
680,65,1,"0.09707383225307858"
680,66,1,"0.0960796042452867"
680,67,1,"0.0960958226103026"
680,68,1,"0.09720017261464665"
680,69,1,"0.09829546710402985"
680,70,1,"0.09889988937750552"
680,71,1,"0.09895520133674807"
680,72,1,"0.09829546710402985"
680,73,1,"0.097670116829371"
680,74,1,"0.0960796042452867"
680,75,1,"0.09637825874310293"
680,76,1,"0.0969947092862137"
680,77,1,"0.0982236658539671"
680,78,1,"0.0969947092862137"
680,79,1,"0.09587820179440475"
680,80,1,"0.0969887456442301"
680,81,1,"0.0960958226103026"
680,82,1,"0.09650987800487575"
680,83,1,"0.09707383225307858"
680,84,1,"0.09840995574472897"
680,85,1,"0.0968004968423894"
680,86,1,"0.09594547690444043"
680,87,1,"0.09791677834087684"
680,88,1,"0.0976376256378502"
680,89,1,"0.09791677834087684"
680,90,1,"0.09650987800487575"
680,91,1,"0.09650987800487575"
680,92,1,"0.09791677834087684"
680,93,1,"0.09840995574472897"
680,94,1,"0.09713707211109017"
680,95,1,"0.09840995574472897"
680,96,1,"0.09666634428587087"
680,97,1,"0.0967215898769937"
680,98,1,"0.09678646458506474"
680,99,1,"0.0980348831859038"
680,100,1,"0.09637825874310293"
680,101,1,"0.09665667748686277"
680,102,1,"0.09842076444963108"
680,103,1,"0.09659134156016845"
680,104,1,"0.0960958226103026"
680,105,1,"0.09707383225307858"
680,106,1,"0.09601264551369612"
680,107,1,"0.09766239572479476"
680,108,1,"0.09631169209792914"
680,109,1,"0.09666634428587087"
680,110,1,"0.09622929902442495"
680,111,1,"0.09835288298481015"
680,112,1,"0.09637825874310293"
680,113,1,"0.09846685582195902"
680,114,1,"0.09650987800487575"
680,115,1,"0.0960796042452867"
680,116,1,"0.0960958226103026"
680,117,1,"0.09657549755509458"
680,118,1,"0.09829546710402985"
680,119,1,"0.09804902121101536"
680,120,1,"0.09706888468670877"
680,121,1,"0.09629573952691986"
680,122,1,"0.09846685582195902"
680,123,1,"0.0969947092862137"
680,124,1,"0.09616266185525575"
680,125,1,"0.0969887456442301"
680,126,1,"0.0967215898769937"
680,127,1,"0.0960796042452867"
680,128,1,"0.0966340687499505"
680,129,1,"0.09723548169817149"
680,130,1,"0.09823768479196282"
680,131,1,"0.0969947092862137"
680,132,1,"0.09883086715539934"
680,133,1,"0.09780398786834962"
680,134,1,"0.09720017261464665"
680,135,1,"0.09629573952691986"
680,136,1,"0.09840995574472897"
680,137,1,"0.09829546710402985"
680,138,1,"0.09601264551369612"
680,139,1,"0.09601264551369612"
680,140,1,"0.09629573952691986"
680,141,1,"0.09766239572479476"
680,142,1,"0.09659134156016845"
680,143,1,"0.09791677834087684"
680,144,1,"0.09780398786834962"
680,145,1,"0.09706888468670877"
680,146,1,"0.09616266185525575"
680,147,1,"0.09644405589661761"
680,148,1,"0.09883086715539934"
680,149,1,"0.097670116829371"
680,150,1,"0.09601264551369612"
700,1,1,"0.0967215898769937"
700,2,1,"0.09657549755509458"
700,3,1,"0.09720017261464665"
700,4,1,"0.09601264551369612"
700,5,1,"0.09710120839335783"
700,6,1,"0.09804902121101536"
700,7,1,"0.09616266185525575"
700,8,1,"0.09901043409982548"
700,9,1,"0.0960958226103026"
700,10,1,"0.09848058071647262"
700,11,1,"0.0960958226103026"
700,12,1,"0.09637825874310293"
700,13,1,"0.0967215898769937"
700,14,1,"0.09752583267683904"
700,15,1,"0.09678646458506474"
700,16,1,"0.0982236658539671"
700,17,1,"0.09587820179440475"
700,18,1,"0.09680216411776536"
700,19,1,"0.09705850759217416"
700,20,1,"0.0969947092862137"
700,21,1,"0.0967215898769937"
700,22,1,"0.09848058071647262"
700,23,1,"0.09713707211109017"
700,24,1,"0.09705850759217416"
700,25,1,"0.09780398786834962"
700,26,1,"0.0960796042452867"
700,27,1,"0.09616266185525575"
700,28,1,"0.09631169209792914"
700,29,1,"0.09791677834087684"
700,30,1,"0.09720017261464665"
700,31,1,"0.09780398786834962"
700,32,1,"0.09664586942087368"
700,33,1,"0.09659134156016845"
700,34,1,"0.09707383225307858"
700,35,1,"0.09720017261464665"
700,36,1,"0.09637825874310293"
700,37,1,"0.09693076933250222"
700,38,1,"0.09693076933250222"
700,39,1,"0.09791677834087684"
700,40,1,"0.09693076933250222"
700,41,1,"0.09587820179440475"
700,42,1,"0.09713707211109017"
700,43,1,"0.09644405589661761"
700,44,1,"0.0968509010431418"
700,45,1,"0.09804902121101536"
700,46,1,"0.09732522300979199"
700,47,1,"0.0982236658539671"
700,48,1,"0.0967215898769937"
700,49,1,"0.09650987800487575"
700,50,1,"0.09657549755509458"
700,51,1,"0.09823768479196282"
700,52,1,"0.09666634428587087"
700,53,1,"0.09601264551369612"
700,54,1,"0.09657549755509458"
700,55,1,"0.09594547690444043"
700,56,1,"0.0960958226103026"
700,57,1,"0.09622929902442495"
700,58,1,"0.09816584619266401"
700,59,1,"0.09629573952691986"
700,60,1,"0.0982236658539671"
700,61,1,"0.09736969129704015"
700,62,1,"0.09778298198920925"
700,63,1,"0.09631169209792914"
700,64,1,"0.09665667748686277"
700,65,1,"0.09829546710402985"
700,66,1,"0.09754046342274643"
700,67,1,"0.09710120839335783"
700,68,1,"0.09657549755509458"
700,69,1,"0.09901043409982548"
700,70,1,"0.09616266185525575"
700,71,1,"0.09629573952691986"
700,72,1,"0.0982236658539671"
700,73,1,"0.09664586942087368"
700,74,1,"0.097670116829371"
700,75,1,"0.09864977085814254"
700,76,1,"0.09791677834087684"
700,77,1,"0.09816584619266401"
700,78,1,"0.0960796042452867"
700,79,1,"0.09637825874310293"
700,80,1,"0.09840995574472897"
700,81,1,"0.09870592567573525"
700,82,1,"0.09710120839335783"
700,83,1,"0.09587820179440475"
700,84,1,"0.09644405589661761"
700,85,1,"0.09780398786834962"
700,86,1,"0.0960958226103026"
700,87,1,"0.0960796042452867"
700,88,1,"0.09710120839335783"
700,89,1,"0.09631169209792914"
700,90,1,"0.09657549755509458"
700,91,1,"0.09840995574472897"
700,92,1,"0.0980348831859038"
700,93,1,"0.09616266185525575"
700,94,1,"0.09601264551369612"
700,95,1,"0.09766239572479476"
700,96,1,"0.09816584619266401"
700,97,1,"0.0968509010431418"
700,98,1,"0.09659134156016845"
700,99,1,"0.09823768479196282"
700,100,1,"0.09680216411776536"
700,101,1,"0.09657549755509458"
700,102,1,"0.09657549755509458"
700,103,1,"0.09601264551369612"
700,104,1,"0.0968004968423894"
700,105,1,"0.09637825874310293"
700,106,1,"0.09736969129704015"
700,107,1,"0.0976015877804778"
700,108,1,"0.0960958226103026"
700,109,1,"0.0969887456442301"
700,110,1,"0.0968004968423894"
700,111,1,"0.0960796042452867"
700,112,1,"0.09616266185525575"
700,113,1,"0.09750365275150644"
700,114,1,"0.09587820179440475"
700,115,1,"0.09686662573490376"
700,116,1,"0.09859362856253166"
700,117,1,"0.0966340687499505"
700,118,1,"0.09693076933250222"
700,119,1,"0.09705850759217416"
700,120,1,"0.0968509010431418"
700,121,1,"0.09780398786834962"
700,122,1,"0.09664586942087368"
700,123,1,"0.09720017261464665"
700,124,1,"0.09693076933250222"
700,125,1,"0.0960796042452867"
700,126,1,"0.09835288298481015"
700,127,1,"0.09587820179440475"
700,128,1,"0.09631169209792914"
700,129,1,"0.0969887456442301"
700,130,1,"0.09650987800487575"
700,131,1,"0.09710120839335783"
700,132,1,"0.0982236658539671"
700,133,1,"0.09587820179440475"
700,134,1,"0.09601264551369612"
700,135,1,"0.09650987800487575"
700,136,1,"0.09631169209792914"
700,137,1,"0.09616266185525575"
700,138,1,"0.09723548169817149"
700,139,1,"0.09804902121101536"
700,140,1,"0.0968509010431418"
700,141,1,"0.09710120839335783"
700,142,1,"0.09616266185525575"
700,143,1,"0.09637825874310293"
700,144,1,"0.09791677834087684"
700,145,1,"0.09706888468670877"
700,146,1,"0.09587820179440475"
700,147,1,"0.09705850759217416"
700,148,1,"0.09594547690444043"
700,149,1,"0.09723548169817149"
700,150,1,"0.0960958226103026"
720,1,1,"0.09659134156016845"
720,2,1,"0.09659134156016845"
720,3,1,"0.0960796042452867"
720,4,1,"0.09842076444963108"
720,5,1,"0.09846685582195902"
720,6,1,"0.0969887456442301"
720,7,1,"0.09804902121101536"
720,8,1,"0.09666634428587087"
720,9,1,"0.09772282270839636"
720,10,1,"0.09853735214185028"
720,11,1,"0.097670116829371"
720,12,1,"0.09693477847475013"
720,13,1,"0.09736969129704015"
720,14,1,"0.09629573952691986"
720,15,1,"0.09657549755509458"
720,16,1,"0.0960958226103026"
720,17,1,"0.09723548169817149"
720,18,1,"0.09587820179440475"
720,19,1,"0.09780398786834962"
720,20,1,"0.0966340687499505"
720,21,1,"0.09601264551369612"
720,22,1,"0.09686662573490376"
720,23,1,"0.09713707211109017"
720,24,1,"0.09706888468670877"
720,25,1,"0.09785726670080086"
720,26,1,"0.0976376256378502"
720,27,1,"0.09816584619266401"
720,28,1,"0.09650987800487575"
720,29,1,"0.09723548169817149"
720,30,1,"0.09723548169817149"
720,31,1,"0.09750365275150644"
720,32,1,"0.09587820179440475"
720,33,1,"0.09587820179440475"
720,34,1,"0.09644405589661761"
720,35,1,"0.09693076933250222"
720,36,1,"0.0969887456442301"
720,37,1,"0.09637825874310293"
720,38,1,"0.09587820179440475"
720,39,1,"0.09804902121101536"
720,40,1,"0.09829546710402985"
720,41,1,"0.09797603934201687"
720,42,1,"0.09705850759217416"
720,43,1,"0.09659134156016845"
720,44,1,"0.09693477847475013"
720,45,1,"0.09631169209792914"
720,46,1,"0.0968004968423894"
720,47,1,"0.09594547690444043"
720,48,1,"0.0969887456442301"
720,49,1,"0.09901043409982548"
720,50,1,"0.0976376256378502"
720,51,1,"0.09750365275150644"
720,52,1,"0.09587820179440475"
720,53,1,"0.09587820179440475"
720,54,1,"0.0968004968423894"
720,55,1,"0.09644405589661761"
720,56,1,"0.0969947092862137"
720,57,1,"0.09649994066676665"
720,58,1,"0.09587820179440475"
720,59,1,"0.09707383225307858"
720,60,1,"0.09816584619266401"
720,61,1,"0.09840995574472897"
720,62,1,"0.09594547690444043"
720,63,1,"0.0969947092862137"
720,64,1,"0.0976376256378502"
720,65,1,"0.09622929902442495"
720,66,1,"0.09823768479196282"
720,67,1,"0.09637825874310293"
720,68,1,"0.0982236658539671"
720,69,1,"0.09601264551369612"
720,70,1,"0.09750365275150644"
720,71,1,"0.097670116829371"
720,72,1,"0.0960796042452867"
720,73,1,"0.09816584619266401"
720,74,1,"0.09840995574472897"
720,75,1,"0.09842076444963108"
720,76,1,"0.09791677834087684"
720,77,1,"0.09840995574472897"
720,78,1,"0.09644405589661761"
720,79,1,"0.09713707211109017"
720,80,1,"0.09693076933250222"
720,81,1,"0.09823768479196282"
720,82,1,"0.0976376256378502"
720,83,1,"0.09664586942087368"
720,84,1,"0.09823768479196282"
720,85,1,"0.09693477847475013"
720,86,1,"0.09622929902442495"
720,87,1,"0.09706888468670877"
720,88,1,"0.09649994066676665"
720,89,1,"0.09736969129704015"
720,90,1,"0.09889988937750552"
720,91,1,"0.09631169209792914"
720,92,1,"0.09778298198920925"
720,93,1,"0.09829546710402985"
720,94,1,"0.09707383225307858"
720,95,1,"0.09657549755509458"
720,96,1,"0.09616266185525575"
720,97,1,"0.09659134156016845"
720,98,1,"0.09804902121101536"
720,99,1,"0.09848058071647262"
720,100,1,"0.0968004968423894"
720,101,1,"0.09870592567573525"
720,102,1,"0.0966340687499505"
720,103,1,"0.09587820179440475"
720,104,1,"0.09710120839335783"
720,105,1,"0.09816584619266401"
720,106,1,"0.09644405589661761"
720,107,1,"0.09693076933250222"
720,108,1,"0.0966340687499505"
720,109,1,"0.09723548169817149"
720,110,1,"0.09601264551369612"
720,111,1,"0.09616266185525575"
720,112,1,"0.09622929902442495"
720,113,1,"0.0960796042452867"
720,114,1,"0.09720017261464665"
720,115,1,"0.09713707211109017"
720,116,1,"0.09659134156016845"
720,117,1,"0.09644405589661761"
720,118,1,"0.0976376256378502"
720,119,1,"0.09629573952691986"
720,120,1,"0.0960796042452867"
720,121,1,"0.09622929902442495"
720,122,1,"0.097670116829371"
720,123,1,"0.09594547690444043"
720,124,1,"0.09829546710402985"
720,125,1,"0.09631169209792914"
720,126,1,"0.09587820179440475"
720,127,1,"0.09601264551369612"
720,128,1,"0.09616266185525575"
720,129,1,"0.0969947092862137"
720,130,1,"0.09629573952691986"
720,131,1,"0.09797603934201687"
720,132,1,"0.09693076933250222"
720,133,1,"0.09644405589661761"
720,134,1,"0.09723548169817149"
720,135,1,"0.09601264551369612"
720,136,1,"0.09750365275150644"
720,137,1,"0.09622929902442495"
720,138,1,"0.09797603934201687"
720,139,1,"0.09629573952691986"
720,140,1,"0.0980348831859038"
720,141,1,"0.0960796042452867"
720,142,1,"0.09587820179440475"
720,143,1,"0.0968509010431418"
720,144,1,"0.09713707211109017"
720,145,1,"0.09629573952691986"
720,146,1,"0.09707383225307858"
720,147,1,"0.09829546710402985"
720,148,1,"0.0980348831859038"
720,149,1,"0.0967215898769937"
720,150,1,"0.09616266185525575"
740,1,1,"0.09650987800487575"
740,2,1,"0.09705850759217416"
740,3,1,"0.09823768479196282"
740,4,1,"0.09840995574472897"
740,5,1,"0.09650987800487575"
740,6,1,"0.09816584619266401"
740,7,1,"0.09678646458506474"
740,8,1,"0.09659134156016845"
740,9,1,"0.09829546710402985"
740,10,1,"0.09901043409982548"
740,11,1,"0.09816584619266401"
740,12,1,"0.09823768479196282"
740,13,1,"0.09835288298481015"
740,14,1,"0.0982236658539671"
740,15,1,"0.09713707211109017"
740,16,1,"0.09816584619266401"
740,17,1,"0.09750365275150644"
740,18,1,"0.09706888468670877"
740,19,1,"0.0960796042452867"
740,20,1,"0.09823768479196282"
740,21,1,"0.09601264551369612"
740,22,1,"0.09678646458506474"
740,23,1,"0.0967215898769937"
740,24,1,"0.09601264551369612"
740,25,1,"0.09710120839335783"
740,26,1,"0.09705850759217416"
740,27,1,"0.09797603934201687"
740,28,1,"0.09644405589661761"
740,29,1,"0.09829546710402985"
740,30,1,"0.0969887456442301"
740,31,1,"0.09901043409982548"
740,32,1,"0.09594547690444043"
740,33,1,"0.09706888468670877"
740,34,1,"0.09804902121101536"
740,35,1,"0.09816584619266401"
740,36,1,"0.09616266185525575"
740,37,1,"0.09644405589661761"
740,38,1,"0.09629573952691986"
740,39,1,"0.09657549755509458"
740,40,1,"0.09659134156016845"
740,41,1,"0.09650987800487575"
740,42,1,"0.09823768479196282"
740,43,1,"0.09657549755509458"
740,44,1,"0.09594547690444043"
740,45,1,"0.09693477847475013"
740,46,1,"0.09622929902442495"
740,47,1,"0.09666634428587087"
740,48,1,"0.09666634428587087"
740,49,1,"0.09631169209792914"
740,50,1,"0.09713707211109017"
740,51,1,"0.09816584619266401"
740,52,1,"0.09657549755509458"
740,53,1,"0.09665667748686277"
740,54,1,"0.0976376256378502"
740,55,1,"0.09650987800487575"
740,56,1,"0.09780398786834962"
740,57,1,"0.09631169209792914"
740,58,1,"0.09644405589661761"
740,59,1,"0.09797603934201687"
740,60,1,"0.098886368439301"
740,61,1,"0.0980348831859038"
740,62,1,"0.09780398786834962"
740,63,1,"0.09657549755509458"
740,64,1,"0.09631169209792914"
740,65,1,"0.0969947092862137"
740,66,1,"0.09644405589661761"
740,67,1,"0.09587820179440475"
740,68,1,"0.09678646458506474"
740,69,1,"0.09650987800487575"
740,70,1,"0.09797603934201687"
740,71,1,"0.09678646458506474"
740,72,1,"0.09693477847475013"
740,73,1,"0.09723548169817149"
740,74,1,"0.09723548169817149"
740,75,1,"0.09835288298481015"
740,76,1,"0.09637825874310293"
740,77,1,"0.09678646458506474"
740,78,1,"0.09665667748686277"
740,79,1,"0.09637825874310293"
740,80,1,"0.09637825874310293"
740,81,1,"0.09816584619266401"
740,82,1,"0.09631169209792914"
740,83,1,"0.09713707211109017"
740,84,1,"0.0960796042452867"
740,85,1,"0.09664586942087368"
740,86,1,"0.09649994066676665"
740,87,1,"0.09797603934201687"
740,88,1,"0.097670116829371"
740,89,1,"0.09816584619266401"
740,90,1,"0.09587820179440475"
740,91,1,"0.0976376256378502"
740,92,1,"0.0982236658539671"
740,93,1,"0.09823768479196282"
740,94,1,"0.09766239572479476"
740,95,1,"0.09754046342274643"
740,96,1,"0.0967215898769937"
740,97,1,"0.0968004968423894"
740,98,1,"0.09829546710402985"
740,99,1,"0.09883086715539934"
740,100,1,"0.09804902121101536"
740,101,1,"0.09740248992946356"
740,102,1,"0.09622929902442495"
740,103,1,"0.09629573952691986"
740,104,1,"0.0969887456442301"
740,105,1,"0.09644405589661761"
740,106,1,"0.09665667748686277"
740,107,1,"0.09829546710402985"
740,108,1,"0.09829546710402985"
740,109,1,"0.09835288298481015"
740,110,1,"0.09659134156016845"
740,111,1,"0.09723548169817149"
740,112,1,"0.0960958226103026"
740,113,1,"0.09791677834087684"
740,114,1,"0.09848058071647262"
740,115,1,"0.09594547690444043"
740,116,1,"0.09706888468670877"
740,117,1,"0.09804902121101536"
740,118,1,"0.09649994066676665"
740,119,1,"0.09713707211109017"
740,120,1,"0.09587820179440475"
740,121,1,"0.09706888468670877"
740,122,1,"0.09680216411776536"
740,123,1,"0.09693477847475013"
740,124,1,"0.09713707211109017"
740,125,1,"0.0980348831859038"
740,126,1,"0.09664586942087368"
740,127,1,"0.09629573952691986"
740,128,1,"0.09622929902442495"
740,129,1,"0.09664586942087368"
740,130,1,"0.09616266185525575"
740,131,1,"0.09720017261464665"
740,132,1,"0.09705850759217416"
740,133,1,"0.09665667748686277"
740,134,1,"0.09693076933250222"
740,135,1,"0.09778298198920925"
740,136,1,"0.09693477847475013"
740,137,1,"0.09707383225307858"
740,138,1,"0.09644405589661761"
740,139,1,"0.0960796042452867"
740,140,1,"0.09785726670080086"
740,141,1,"0.0960796042452867"
740,142,1,"0.09666634428587087"
740,143,1,"0.09659134156016845"
740,144,1,"0.09829546710402985"
740,145,1,"0.09657549755509458"
740,146,1,"0.09726271642095181"
740,147,1,"0.09723548169817149"
740,148,1,"0.0967215898769937"
740,149,1,"0.09631169209792914"
740,150,1,"0.09706888468670877"
760,1,1,"0.09713707211109017"
760,2,1,"0.09657549755509458"
760,3,1,"0.09644405589661761"
760,4,1,"0.09780398786834962"
760,5,1,"0.09797603934201687"
760,6,1,"0.09601264551369612"
760,7,1,"0.09705850759217416"
760,8,1,"0.09823768479196282"
760,9,1,"0.09649994066676665"
760,10,1,"0.09713707211109017"
760,11,1,"0.09840995574472897"
760,12,1,"0.0982236658539671"
760,13,1,"0.0960796042452867"
760,14,1,"0.09840995574472897"
760,15,1,"0.09622929902442495"
760,16,1,"0.09587820179440475"
760,17,1,"0.09804902121101536"
760,18,1,"0.0968004968423894"
760,19,1,"0.09816584619266401"
760,20,1,"0.09750365275150644"
760,21,1,"0.09693076933250222"
760,22,1,"0.0969887456442301"
760,23,1,"0.09840995574472897"
760,24,1,"0.09622929902442495"
760,25,1,"0.09665667748686277"
760,26,1,"0.09594547690444043"
760,27,1,"0.0960796042452867"
760,28,1,"0.09631169209792914"
760,29,1,"0.09631169209792914"
760,30,1,"0.09810749353025325"
760,31,1,"0.09616266185525575"
760,32,1,"0.0969947092862137"
760,33,1,"0.09659134156016845"
760,34,1,"0.09791677834087684"
760,35,1,"0.09710120839335783"
760,36,1,"0.09705850759217416"
760,37,1,"0.09594547690444043"
760,38,1,"0.09657549755509458"
760,39,1,"0.09810749353025325"
760,40,1,"0.09693477847475013"
760,41,1,"0.09659134156016845"
760,42,1,"0.09710120839335783"
760,43,1,"0.0969887456442301"
760,44,1,"0.09804902121101536"
760,45,1,"0.09657549755509458"
760,46,1,"0.09594547690444043"
760,47,1,"0.09707383225307858"
760,48,1,"0.09659134156016845"
760,49,1,"0.09666634428587087"
760,50,1,"0.09835288298481015"
760,51,1,"0.09631169209792914"
760,52,1,"0.09780398786834962"
760,53,1,"0.09629573952691986"
760,54,1,"0.09649994066676665"
760,55,1,"0.09840995574472897"
760,56,1,"0.09637825874310293"
760,57,1,"0.09665667748686277"
760,58,1,"0.0982236658539671"
760,59,1,"0.09594547690444043"
760,60,1,"0.0966340687499505"
760,61,1,"0.09723548169817149"
760,62,1,"0.09594547690444043"
760,63,1,"0.09594547690444043"
760,64,1,"0.09650987800487575"
760,65,1,"0.09693076933250222"
760,66,1,"0.09631169209792914"
760,67,1,"0.0969947092862137"
760,68,1,"0.09649994066676665"
760,69,1,"0.09587820179440475"
760,70,1,"0.0960958226103026"
760,71,1,"0.09650987800487575"
760,72,1,"0.09650987800487575"
760,73,1,"0.09665667748686277"
760,74,1,"0.09616266185525575"
760,75,1,"0.0960796042452867"
760,76,1,"0.09686662573490376"
760,77,1,"0.09637825874310293"
760,78,1,"0.09587820179440475"
760,79,1,"0.09650987800487575"
760,80,1,"0.09666634428587087"
760,81,1,"0.09631169209792914"
760,82,1,"0.09810749353025325"
760,83,1,"0.09693477847475013"
760,84,1,"0.09629573952691986"
760,85,1,"0.09750365275150644"
760,86,1,"0.0966340687499505"
760,87,1,"0.09631169209792914"
760,88,1,"0.0966340687499505"
760,89,1,"0.09650987800487575"
760,90,1,"0.09829546710402985"
760,91,1,"0.09791677834087684"
760,92,1,"0.09707383225307858"
760,93,1,"0.0976376256378502"
760,94,1,"0.09723548169817149"
760,95,1,"0.09693477847475013"
760,96,1,"0.09664586942087368"
760,97,1,"0.09587820179440475"
760,98,1,"0.09713707211109017"
760,99,1,"0.09644405589661761"
760,100,1,"0.09693076933250222"
760,101,1,"0.09587820179440475"
760,102,1,"0.09665667748686277"
760,103,1,"0.09710120839335783"
760,104,1,"0.09650987800487575"
760,105,1,"0.09804902121101536"
760,106,1,"0.09823768479196282"
760,107,1,"0.09823768479196282"
760,108,1,"0.0960958226103026"
760,109,1,"0.09664586942087368"
760,110,1,"0.09840995574472897"
760,111,1,"0.09637825874310293"
760,112,1,"0.09664586942087368"
760,113,1,"0.09723548169817149"
760,114,1,"0.09657549755509458"
760,115,1,"0.09842076444963108"
760,116,1,"0.09810749353025325"
760,117,1,"0.0969947092862137"
760,118,1,"0.09594547690444043"
760,119,1,"0.09644405589661761"
760,120,1,"0.09706888468670877"
760,121,1,"0.09678646458506474"
760,122,1,"0.0968004968423894"
760,123,1,"0.09707383225307858"
760,124,1,"0.09616266185525575"
760,125,1,"0.0968004968423894"
760,126,1,"0.0980348831859038"
760,127,1,"0.09705850759217416"
760,128,1,"0.09649994066676665"
760,129,1,"0.0982236658539671"
760,130,1,"0.09664586942087368"
760,131,1,"0.09678646458506474"
760,132,1,"0.09707383225307858"
760,133,1,"0.09644405589661761"
760,134,1,"0.09797603934201687"
760,135,1,"0.09810749353025325"
760,136,1,"0.09816584619266401"
760,137,1,"0.09629573952691986"
760,138,1,"0.09649994066676665"
760,139,1,"0.0969887456442301"
760,140,1,"0.0960958226103026"
760,141,1,"0.09601264551369612"
760,142,1,"0.09705850759217416"
760,143,1,"0.09587820179440475"
760,144,1,"0.09659134156016845"
760,145,1,"0.09622929902442495"
760,146,1,"0.09810749353025325"
760,147,1,"0.09637825874310293"
760,148,1,"0.09686662573490376"
760,149,1,"0.09587820179440475"
760,150,1,"0.09829546710402985"
780,1,1,"0.09736969129704015"
780,2,1,"0.09649994066676665"
780,3,1,"0.09665667748686277"
780,4,1,"0.09601264551369612"
780,5,1,"0.09594547690444043"
780,6,1,"0.09710120839335783"
780,7,1,"0.09736969129704015"
780,8,1,"0.09650987800487575"
780,9,1,"0.09710120839335783"
780,10,1,"0.09810749353025325"
780,11,1,"0.09644405589661761"
780,12,1,"0.09780398786834962"
780,13,1,"0.09693477847475013"
780,14,1,"0.09693477847475013"
780,15,1,"0.0969887456442301"
780,16,1,"0.0982236658539671"
780,17,1,"0.09637825874310293"
780,18,1,"0.09587820179440475"
780,19,1,"0.09666634428587087"
780,20,1,"0.09678646458506474"
780,21,1,"0.0982236658539671"
780,22,1,"0.09616266185525575"
780,23,1,"0.09594547690444043"
780,24,1,"0.09686662573490376"
780,25,1,"0.09587820179440475"
780,26,1,"0.09686662573490376"
780,27,1,"0.09616266185525575"
780,28,1,"0.09829546710402985"
780,29,1,"0.09601264551369612"
780,30,1,"0.09750365275150644"
780,31,1,"0.09686662573490376"
780,32,1,"0.0976376256378502"
780,33,1,"0.09637825874310293"
780,34,1,"0.09629573952691986"
780,35,1,"0.09829546710402985"
780,36,1,"0.09666634428587087"
780,37,1,"0.09616266185525575"
780,38,1,"0.09666634428587087"
780,39,1,"0.09840995574472897"
780,40,1,"0.09594547690444043"
780,41,1,"0.09791677834087684"
780,42,1,"0.09601264551369612"
780,43,1,"0.09686662573490376"
780,44,1,"0.09840995574472897"
780,45,1,"0.09644405589661761"
780,46,1,"0.09840995574472897"
780,47,1,"0.09616266185525575"
780,48,1,"0.0967215898769937"
780,49,1,"0.09601264551369612"
780,50,1,"0.09791677834087684"
780,51,1,"0.09840995574472897"
780,52,1,"0.09705850759217416"
780,53,1,"0.0960796042452867"
780,54,1,"0.09693477847475013"
780,55,1,"0.09650987800487575"
780,56,1,"0.09644405589661761"
780,57,1,"0.09664586942087368"
780,58,1,"0.09594547690444043"
780,59,1,"0.09650987800487575"
780,60,1,"0.09791677834087684"
780,61,1,"0.09594547690444043"
780,62,1,"0.09594547690444043"
780,63,1,"0.09823768479196282"
780,64,1,"0.09594547690444043"
780,65,1,"0.0960796042452867"
780,66,1,"0.09840995574472897"
780,67,1,"0.0960958226103026"
780,68,1,"0.09629573952691986"
780,69,1,"0.09622929902442495"
780,70,1,"0.09840995574472897"
780,71,1,"0.0969947092862137"
780,72,1,"0.0976376256378502"
780,73,1,"0.09705850759217416"
780,74,1,"0.09616266185525575"
780,75,1,"0.09780398786834962"
780,76,1,"0.09797603934201687"
780,77,1,"0.09629573952691986"
780,78,1,"0.0960796042452867"
780,79,1,"0.09823768479196282"
780,80,1,"0.09706888468670877"
780,81,1,"0.0960796042452867"
780,82,1,"0.09693477847475013"
780,83,1,"0.09680216411776536"
780,84,1,"0.09693076933250222"
780,85,1,"0.09804902121101536"
780,86,1,"0.09720017261464665"
780,87,1,"0.09657549755509458"
780,88,1,"0.09637825874310293"
780,89,1,"0.09706888468670877"
780,90,1,"0.09601264551369612"
780,91,1,"0.09713707211109017"
780,92,1,"0.09601264551369612"
780,93,1,"0.09622929902442495"
780,94,1,"0.09664586942087368"
780,95,1,"0.09829546710402985"
780,96,1,"0.0982236658539671"
780,97,1,"0.09650987800487575"
780,98,1,"0.0967215898769937"
780,99,1,"0.09723548169817149"
780,100,1,"0.09797603934201687"
780,101,1,"0.09629573952691986"
780,102,1,"0.09659134156016845"
780,103,1,"0.09693076933250222"
780,104,1,"0.09797603934201687"
780,105,1,"0.09829546710402985"
780,106,1,"0.0960958226103026"
780,107,1,"0.09594547690444043"
780,108,1,"0.09650987800487575"
780,109,1,"0.09587820179440475"
780,110,1,"0.09810749353025325"
780,111,1,"0.0960958226103026"
780,112,1,"0.09665667748686277"
780,113,1,"0.09616266185525575"
780,114,1,"0.09706888468670877"
780,115,1,"0.09705850759217416"
780,116,1,"0.09622929902442495"
780,117,1,"0.09723548169817149"
780,118,1,"0.09804902121101536"
780,119,1,"0.0966340687499505"
780,120,1,"0.0960796042452867"
780,121,1,"0.09637825874310293"
780,122,1,"0.0969887456442301"
780,123,1,"0.0960796042452867"
780,124,1,"0.09678646458506474"
780,125,1,"0.0969887456442301"
780,126,1,"0.09587820179440475"
780,127,1,"0.09665667748686277"
780,128,1,"0.09631169209792914"
780,129,1,"0.09666634428587087"
780,130,1,"0.09622929902442495"
780,131,1,"0.0968004968423894"
780,132,1,"0.09637825874310293"
780,133,1,"0.09644405589661761"
780,134,1,"0.09637825874310293"
780,135,1,"0.09713707211109017"
780,136,1,"0.09616266185525575"
780,137,1,"0.09666634428587087"
780,138,1,"0.0960958226103026"
780,139,1,"0.09678646458506474"
780,140,1,"0.09680216411776536"
780,141,1,"0.09594547690444043"
780,142,1,"0.09629573952691986"
780,143,1,"0.0969947092862137"
780,144,1,"0.09665667748686277"
780,145,1,"0.09713707211109017"
780,146,1,"0.09829546710402985"
780,147,1,"0.09629573952691986"
780,148,1,"0.09650987800487575"
780,149,1,"0.0967215898769937"
780,150,1,"0.0968004968423894"
800,1,1,"0.09649994066676665"
800,2,1,"0.09644405589661761"
800,3,1,"0.09657549755509458"
800,4,1,"0.09601264551369612"
800,5,1,"0.09736969129704015"
800,6,1,"0.09713707211109017"
800,7,1,"0.09616266185525575"
800,8,1,"0.09644405589661761"
800,9,1,"0.09829546710402985"
800,10,1,"0.09616266185525575"
800,11,1,"0.09657549755509458"
800,12,1,"0.09797603934201687"
800,13,1,"0.0969947092862137"
800,14,1,"0.0976376256378502"
800,15,1,"0.0967215898769937"
800,16,1,"0.09797603934201687"
800,17,1,"0.09649994066676665"
800,18,1,"0.09804902121101536"
800,19,1,"0.09587820179440475"
800,20,1,"0.09791677834087684"
800,21,1,"0.09637825874310293"
800,22,1,"0.097670116829371"
800,23,1,"0.09736969129704015"
800,24,1,"0.0960796042452867"
800,25,1,"0.09629573952691986"
800,26,1,"0.09780398786834962"
800,27,1,"0.09835288298481015"
800,28,1,"0.0976376256378502"
800,29,1,"0.09637825874310293"
800,30,1,"0.0960958226103026"
800,31,1,"0.09686662573490376"
800,32,1,"0.09637825874310293"
800,33,1,"0.0966340687499505"
800,34,1,"0.0969947092862137"
800,35,1,"0.09680216411776536"
800,36,1,"0.09629573952691986"
800,37,1,"0.09706888468670877"
800,38,1,"0.0982236658539671"
800,39,1,"0.09622929902442495"
800,40,1,"0.0960958226103026"
800,41,1,"0.09804902121101536"
800,42,1,"0.09706888468670877"
800,43,1,"0.09644405589661761"
800,44,1,"0.09659134156016845"
800,45,1,"0.09644405589661761"
800,46,1,"0.09644405589661761"
800,47,1,"0.09631169209792914"
800,48,1,"0.09637825874310293"
800,49,1,"0.09594547690444043"
800,50,1,"0.09693477847475013"
800,51,1,"0.09631169209792914"
800,52,1,"0.09791677834087684"
800,53,1,"0.0966340687499505"
800,54,1,"0.0960796042452867"
800,55,1,"0.09823768479196282"
800,56,1,"0.09823768479196282"
800,57,1,"0.09706888468670877"
800,58,1,"0.09659134156016845"
800,59,1,"0.09736969129704015"
800,60,1,"0.09713707211109017"
800,61,1,"0.0966340687499505"
800,62,1,"0.09629573952691986"
800,63,1,"0.09666634428587087"
800,64,1,"0.09750365275150644"
800,65,1,"0.0968004968423894"
800,66,1,"0.09791677834087684"
800,67,1,"0.09594547690444043"
800,68,1,"0.09678646458506474"
800,69,1,"0.09650987800487575"
800,70,1,"0.09657549755509458"
800,71,1,"0.09622929902442495"
800,72,1,"0.0960796042452867"
800,73,1,"0.09631169209792914"
800,74,1,"0.0966340687499505"
800,75,1,"0.0960958226103026"
800,76,1,"0.09657549755509458"
800,77,1,"0.09678646458506474"
800,78,1,"0.09816584619266401"
800,79,1,"0.09816584619266401"
800,80,1,"0.09644405589661761"
800,81,1,"0.0969887456442301"
800,82,1,"0.09637825874310293"
800,83,1,"0.09706888468670877"
800,84,1,"0.09678646458506474"
800,85,1,"0.09791677834087684"
800,86,1,"0.09835288298481015"
800,87,1,"0.0960958226103026"
800,88,1,"0.09644405589661761"
800,89,1,"0.09666634428587087"
800,90,1,"0.09823768479196282"
800,91,1,"0.09616266185525575"
800,92,1,"0.09659134156016845"
800,93,1,"0.09665667748686277"
800,94,1,"0.09797603934201687"
800,95,1,"0.09650987800487575"
800,96,1,"0.09707383225307858"
800,97,1,"0.0969947092862137"
800,98,1,"0.0960958226103026"
800,99,1,"0.0982236658539671"
800,100,1,"0.09686662573490376"
800,101,1,"0.09686662573490376"
800,102,1,"0.09791677834087684"
800,103,1,"0.09637825874310293"
800,104,1,"0.0968004968423894"
800,105,1,"0.0960796042452867"
800,106,1,"0.09829546710402985"
800,107,1,"0.09829546710402985"
800,108,1,"0.09622929902442495"
800,109,1,"0.0960796042452867"
800,110,1,"0.0976376256378502"
800,111,1,"0.09616266185525575"
800,112,1,"0.09601264551369612"
800,113,1,"0.09723548169817149"
800,114,1,"0.09713707211109017"
800,115,1,"0.09707383225307858"
800,116,1,"0.09622929902442495"
800,117,1,"0.09706888468670877"
800,118,1,"0.0960796042452867"
800,119,1,"0.09616266185525575"
800,120,1,"0.09707383225307858"
800,121,1,"0.09659134156016845"
800,122,1,"0.09659134156016845"
800,123,1,"0.09657549755509458"
800,124,1,"0.09616266185525575"
800,125,1,"0.09650987800487575"
800,126,1,"0.09644405589661761"
800,127,1,"0.09710120839335783"
800,128,1,"0.09657549755509458"
800,129,1,"0.09780398786834962"
800,130,1,"0.09649994066676665"
800,131,1,"0.09710120839335783"
800,132,1,"0.09693477847475013"
800,133,1,"0.0980348831859038"
800,134,1,"0.0967215898769937"
800,135,1,"0.09840995574472897"
800,136,1,"0.09693076933250222"
800,137,1,"0.09659134156016845"
800,138,1,"0.09791677834087684"
800,139,1,"0.09664586942087368"
800,140,1,"0.09601264551369612"
800,141,1,"0.09705850759217416"
800,142,1,"0.09720017261464665"
800,143,1,"0.09637825874310293"
800,144,1,"0.0960958226103026"
800,145,1,"0.09797603934201687"
800,146,1,"0.0960796042452867"
800,147,1,"0.09723548169817149"
800,148,1,"0.09736969129704015"
800,149,1,"0.09780398786834962"
800,150,1,"0.09629573952691986"
