index,relaxed_time,physical_time,piece,step,impact,s,event
0,0.0,0.0,arc,0,1,0.0,post_impact
1,0.01,0.01,arc,0,1,0.0,flow
2,0.02,0.02,arc,0,1,0.0,flow
3,0.03,0.03,arc,0,1,0.0,flow
4,0.04,0.04,arc,0,1,0.0,flow
5,0.05,0.05,arc,0,1,0.0,flow
6,0.06,0.06,arc,0,1,0.0,flow
7,0.07,0.07,arc,0,1,0.0,flow
8,0.08,0.08,arc,0,1,0.0,flow
9,0.09,0.09,arc,0,1,0.0,flow
10,0.1,0.1,arc,0,1,0.0,flow
11,0.11,0.11,arc,0,1,0.0,flow
12,0.12,0.12,arc,0,1,0.0,flow
13,0.13,0.13,arc,0,1,0.0,flow
14,0.14,0.14,arc,0,1,0.0,flow
15,0.15,0.15,arc,0,1,0.0,flow
16,0.16,0.16,arc,0,1,0.0,flow
17,0.17,0.17,arc,0,1,0.0,flow
18,0.18,0.18,arc,0,1,0.0,flow
19,0.19,0.19,arc,0,1,0.0,flow
20,0.2,0.2,arc,0,1,0.0,flow
21,0.21,0.21,arc,0,1,0.0,flow
22,0.22,0.22,arc,0,1,0.0,flow
23,0.23,0.23,arc,0,1,0.0,flow
24,0.24,0.24,arc,0,1,0.0,flow
25,0.25,0.25,arc,0,1,0.0,flow
26,0.26,0.26,arc,0,1,0.0,flow
27,0.27,0.27,arc,0,1,0.0,flow
28,0.28,0.28,arc,0,1,0.0,flow
29,0.29,0.29,arc,0,1,0.0,flow
30,0.3,0.3,arc,0,1,0.0,flow
31,0.31,0.31,arc,0,1,0.0,flow
32,0.32,0.32,arc,0,1,0.0,flow
33,0.33,0.33,arc,0,1,0.0,flow
34,0.34,0.34,arc,0,1,0.0,flow
35,0.35000000000000003,0.35000000000000003,arc,0,1,0.0,flow
36,0.36,0.36,arc,0,1,0.0,flow
37,0.37,0.37,arc,0,1,0.0,flow
38,0.38,0.38,arc,0,1,0.0,flow
39,0.39,0.39,arc,0,1,0.0,flow
40,0.4,0.4,arc,0,1,0.0,flow
41,0.41000000000000003,0.41000000000000003,arc,0,1,0.0,flow
42,0.42,0.42,arc,0,1,0.0,flow
43,0.43,0.43,arc,0,1,0.0,flow
44,0.44,0.44,arc,0,1,0.0,flow
45,0.45,0.45,arc,0,1,0.0,flow
46,0.46,0.46,arc,0,1,0.0,flow
47,0.47000000000000003,0.47000000000000003,arc,0,1,0.0,flow
48,0.48,0.48,arc,0,1,0.0,flow
49,0.49,0.49,arc,0,1,0.0,flow
50,0.5,0.5,arc,0,1,0.0,flow
51,0.51,0.51,arc,0,1,0.0,flow
52,0.52,0.52,arc,0,1,0.0,flow
53,0.53,0.53,arc,0,1,0.0,flow
54,0.54,0.54,arc,0,1,0.0,flow
55,0.55,0.55,arc,0,1,0.0,flow
56,0.56,0.56,arc,0,1,0.0,flow
57,0.5700000000000001,0.5700000000000001,arc,0,1,0.0,flow
58,0.58,0.58,arc,0,1,0.0,flow
59,0.59,0.59,arc,0,1,0.0,flow
60,0.6,0.6,arc,0,1,0.0,flow
61,0.61,0.61,arc,0,1,0.0,flow
62,0.62,0.62,arc,0,1,0.0,flow
63,0.63,0.63,arc,0,1,0.0,flow
64,0.64,0.64,arc,0,1,0.0,flow
65,0.65,0.65,arc,0,1,0.0,flow
66,0.66,0.66,arc,0,1,0.0,flow
67,0.67,0.67,arc,0,1,0.0,flow
68,0.68,0.68,arc,0,1,0.0,flow
69,0.6900000000000001,0.6900000000000001,arc,0,1,0.0,flow
70,0.7000000000000001,0.7000000000000001,arc,0,1,0.0,flow
71,0.71,0.71,arc,0,1,0.0,flow
72,0.7174650748488578,0.7174650748488578,arc,0,1,0.0,pre_impact
73,0.7374650748488578,0.7174650748488578,bridge,0,1,0.02,bridge
74,0.7574650748488578,0.7174650748488578,bridge,0,1,0.04,bridge
75,0.7774650748488579,0.7174650748488578,bridge,0,1,0.06,bridge
76,0.7974650748488578,0.7174650748488578,bridge,0,1,0.08,bridge
77,0.8174650748488578,0.7174650748488578,bridge,0,1,0.1,bridge
78,0.8374650748488578,0.7174650748488578,bridge,0,1,0.12,bridge
79,0.8574650748488578,0.7174650748488578,bridge,0,1,0.14,bridge
80,0.8774650748488578,0.7174650748488578,bridge,0,1,0.16,bridge
81,0.8974650748488577,0.7174650748488578,bridge,0,1,0.18,bridge
82,0.9174650748488578,0.7174650748488578,bridge,0,1,0.2,bridge
83,0.9374650748488578,0.7174650748488578,bridge,0,1,0.22,bridge
84,0.9574650748488578,0.7174650748488578,bridge,0,1,0.24,bridge
85,0.9774650748488578,0.7174650748488578,bridge,0,1,0.26,bridge
86,0.9974650748488578,0.7174650748488578,bridge,0,1,0.28,bridge
87,1.0174650748488578,0.7174650748488578,bridge,0,1,0.3,bridge
88,1.0374650748488579,0.7174650748488578,bridge,0,1,0.32,bridge
89,1.0574650748488579,0.7174650748488578,bridge,0,1,0.34,bridge
90,1.077465074848858,0.7174650748488578,bridge,0,1,0.36,bridge
91,1.097465074848858,0.7174650748488578,bridge,0,1,0.38,bridge
92,1.117465074848858,0.7174650748488578,bridge,0,1,0.4,bridge
93,1.1374650748488577,0.7174650748488578,bridge,0,1,0.42,bridge
94,1.1574650748488577,0.7174650748488578,bridge,0,1,0.44,bridge
95,1.1774650748488578,0.7174650748488578,bridge,0,1,0.46,bridge
96,1.1974650748488578,0.7174650748488578,bridge,0,1,0.48,bridge
97,1.2174650748488578,0.7174650748488578,bridge,0,1,0.5,bridge
98,1.2374650748488578,0.7174650748488578,bridge,0,1,0.52,bridge
99,1.2574650748488578,0.7174650748488578,bridge,0,1,0.54,bridge
100,1.2774650748488579,0.7174650748488578,bridge,0,1,0.56,bridge
101,1.2974650748488576,0.7174650748488578,bridge,0,1,0.58,bridge
102,1.3174650748488577,0.7174650748488578,bridge,0,1,0.6,bridge
103,1.3374650748488577,0.7174650748488578,bridge,0,1,0.62,bridge
104,1.3574650748488577,0.7174650748488578,bridge,0,1,0.64,bridge
105,1.3774650748488577,0.7174650748488578,bridge,0,1,0.66,bridge
106,1.3974650748488577,0.7174650748488578,bridge,0,1,0.68,bridge
107,1.4174650748488578,0.7174650748488578,bridge,0,1,0.7000000000000001,bridge
108,1.4374650748488578,0.7174650748488578,bridge,0,1,0.72,bridge
109,1.4574650748488578,0.7174650748488578,bridge,0,1,0.74,bridge
110,1.4774650748488578,0.7174650748488578,bridge,0,1,0.76,bridge
111,1.4974650748488578,0.7174650748488578,bridge,0,1,0.78,bridge
112,1.5174650748488578,0.7174650748488578,bridge,0,1,0.8,bridge
113,1.5374650748488579,0.7174650748488578,bridge,0,1,0.8200000000000001,bridge
114,1.5574650748488579,0.7174650748488578,bridge,0,1,0.84,bridge
115,1.577465074848858,0.7174650748488578,bridge,0,1,0.86,bridge
116,1.597465074848858,0.7174650748488578,bridge,0,1,0.88,bridge
117,1.617465074848858,0.7174650748488578,bridge,0,1,0.9,bridge
118,1.637465074848858,0.7174650748488578,bridge,0,1,0.92,bridge
119,1.657465074848858,0.7174650748488578,bridge,0,1,0.9400000000000001,bridge
120,1.6774650748488578,0.7174650748488578,bridge,0,1,0.96,bridge
121,1.6974650748488578,0.7174650748488578,bridge,0,1,0.98,bridge
122,1.7174650748488578,0.7174650748488578,bridge,0,1,1.0,bridge_end
123,1.7174650748488578,0.7174650748488578,arc,1,2,0.0,post_impact
124,1.7274650748488578,0.7274650748488578,arc,1,2,0.0,flow
125,1.7374650748488578,0.7374650748488578,arc,1,2,0.0,flow
126,1.7474650748488578,0.7474650748488578,arc,1,2,0.0,flow
127,1.7574650748488578,0.7574650748488578,arc,1,2,0.0,flow
128,1.7674650748488578,0.7674650748488578,arc,1,2,0.0,flow
129,1.7774650748488579,0.7774650748488579,arc,1,2,0.0,flow
130,1.7874650748488579,0.7874650748488579,arc,1,2,0.0,flow
131,1.7974650748488576,0.7974650748488578,arc,1,2,0.0,flow
132,1.8074650748488579,0.8074650748488578,arc,1,2,0.0,flow
133,1.8174650748488577,0.8174650748488578,arc,1,2,0.0,flow
134,1.827465074848858,0.8274650748488578,arc,1,2,0.0,flow
135,1.8374650748488577,0.8374650748488578,arc,1,2,0.0,flow
136,1.847465074848858,0.8474650748488578,arc,1,2,0.0,flow
137,1.8574650748488577,0.8574650748488578,arc,1,2,0.0,flow
138,1.867465074848858,0.8674650748488578,arc,1,2,0.0,flow
139,1.8774650748488577,0.8774650748488578,arc,1,2,0.0,flow
140,1.887465074848858,0.8874650748488578,arc,1,2,0.0,flow
141,1.8974650748488577,0.8974650748488577,arc,1,2,0.0,flow
142,1.9074650748488577,0.9074650748488577,arc,1,2,0.0,flow
143,1.9174650748488578,0.9174650748488578,arc,1,2,0.0,flow
144,1.9274650748488578,0.9274650748488578,arc,1,2,0.0,flow
145,1.9374650748488578,0.9374650748488578,arc,1,2,0.0,flow
146,1.9474650748488578,0.9474650748488578,arc,1,2,0.0,flow
147,1.9574650748488578,0.9574650748488578,arc,1,2,0.0,flow
148,1.9674650748488578,0.9674650748488578,arc,1,2,0.0,flow
149,1.9774650748488578,0.9774650748488578,arc,1,2,0.0,flow
150,1.9874650748488578,0.9874650748488578,arc,1,2,0.0,flow
151,1.9974650748488578,0.9974650748488578,arc,1,2,0.0,flow
152,2.0074650748488576,1.0074650748488578,arc,1,2,0.0,flow
153,2.017465074848858,1.0174650748488578,arc,1,2,0.0,flow
154,2.027465074848858,1.0274650748488579,arc,1,2,0.0,flow
155,2.037465074848858,1.0374650748488579,arc,1,2,0.0,flow
156,2.0474650748488576,1.0474650748488579,arc,1,2,0.0,flow
157,2.057465074848858,1.0574650748488579,arc,1,2,0.0,flow
158,2.067465074848858,1.0674650748488579,arc,1,2,0.0,flow
159,2.077465074848858,1.077465074848858,arc,1,2,0.0,flow
160,2.0874650748488577,1.0874650748488577,arc,1,2,0.0,flow
161,2.097465074848858,1.097465074848858,arc,1,2,0.0,flow
162,2.1074650748488577,1.1074650748488577,arc,1,2,0.0,flow
163,2.117465074848858,1.117465074848858,arc,1,2,0.0,flow
164,2.1274650748488577,1.1274650748488577,arc,1,2,0.0,flow
165,2.1374650748488575,1.1374650748488577,arc,1,2,0.0,flow
166,2.1474650748488577,1.1474650748488577,arc,1,2,0.0,flow
167,2.157465074848858,1.1574650748488577,arc,1,2,0.0,flow
168,2.1674650748488578,1.1674650748488578,arc,1,2,0.0,flow
169,2.1774650748488575,1.1774650748488578,arc,1,2,0.0,flow
170,2.1874650748488578,1.1874650748488578,arc,1,2,0.0,flow
171,2.197465074848858,1.1974650748488578,arc,1,2,0.0,flow
172,2.207465074848858,1.2074650748488578,arc,1,2,0.0,flow
173,2.2174650748488576,1.2174650748488578,arc,1,2,0.0,flow
174,2.227465074848858,1.2274650748488578,arc,1,2,0.0,flow
175,2.237465074848858,1.2374650748488578,arc,1,2,0.0,flow
176,2.247465074848858,1.2474650748488578,arc,1,2,0.0,flow
177,2.2574650748488576,1.2574650748488578,arc,1,2,0.0,flow
178,2.267465074848858,1.2674650748488578,arc,1,2,0.0,flow
179,2.277465074848858,1.2774650748488579,arc,1,2,0.0,flow
180,2.287465074848858,1.2874650748488579,arc,1,2,0.0,flow
181,2.2974650748488576,1.2974650748488576,arc,1,2,0.0,flow
182,2.307465074848858,1.3074650748488579,arc,1,2,0.0,flow
183,2.3174650748488577,1.3174650748488577,arc,1,2,0.0,flow
184,2.327465074848858,1.327465074848858,arc,1,2,0.0,flow
185,2.3374650748488577,1.3374650748488577,arc,1,2,0.0,flow
186,2.347465074848858,1.347465074848858,arc,1,2,0.0,flow
187,2.3574650748488577,1.3574650748488577,arc,1,2,0.0,flow
188,2.367465074848858,1.367465074848858,arc,1,2,0.0,flow
189,2.3774650748488577,1.3774650748488577,arc,1,2,0.0,flow
190,2.387465074848858,1.387465074848858,arc,1,2,0.0,flow
191,2.3974650748488577,1.3974650748488577,arc,1,2,0.0,flow
192,2.407465074848858,1.407465074848858,arc,1,2,0.0,flow
193,2.4174650748488578,1.4174650748488578,arc,1,2,0.0,flow
194,2.4274650748488575,1.4274650748488578,arc,1,2,0.0,flow
195,2.4374650748488578,1.4374650748488578,arc,1,2,0.0,flow
196,2.447465074848858,1.4474650748488578,arc,1,2,0.0,flow
197,2.457465074848858,1.4574650748488578,arc,1,2,0.0,flow
198,2.4674650748488576,1.4674650748488578,arc,1,2,0.0,flow
199,2.477465074848858,1.4774650748488578,arc,1,2,0.0,flow
200,2.487465074848858,1.4874650748488578,arc,1,2,0.0,flow
201,2.497465074848858,1.4974650748488578,arc,1,2,0.0,flow
202,2.5074650748488576,1.5074650748488578,arc,1,2,0.0,flow
203,2.516482579165527,1.516482579165527,arc,1,2,0.0,pre_impact
204,2.536482579165527,1.516482579165527,bridge,1,2,0.02,bridge
205,2.556482579165527,1.516482579165527,bridge,1,2,0.04,bridge
206,2.576482579165527,1.516482579165527,bridge,1,2,0.06,bridge
207,2.596482579165527,1.516482579165527,bridge,1,2,0.08,bridge
208,2.616482579165527,1.516482579165527,bridge,1,2,0.1,bridge
209,2.636482579165527,1.516482579165527,bridge,1,2,0.12,bridge
210,2.656482579165527,1.516482579165527,bridge,1,2,0.14,bridge
211,2.676482579165527,1.516482579165527,bridge,1,2,0.16,bridge
212,2.696482579165527,1.516482579165527,bridge,1,2,0.18,bridge
213,2.716482579165527,1.516482579165527,bridge,1,2,0.2,bridge
214,2.736482579165527,1.516482579165527,bridge,1,2,0.22,bridge
215,2.756482579165527,1.516482579165527,bridge,1,2,0.24,bridge
216,2.7764825791655268,1.516482579165527,bridge,1,2,0.26,bridge
217,2.7964825791655272,1.516482579165527,bridge,1,2,0.28,bridge
218,2.816482579165527,1.516482579165527,bridge,1,2,0.3,bridge
219,2.836482579165527,1.516482579165527,bridge,1,2,0.32,bridge
220,2.856482579165527,1.516482579165527,bridge,1,2,0.34,bridge
221,2.876482579165527,1.516482579165527,bridge,1,2,0.36,bridge
222,2.896482579165527,1.516482579165527,bridge,1,2,0.38,bridge
223,2.916482579165527,1.516482579165527,bridge,1,2,0.4,bridge
224,2.936482579165527,1.516482579165527,bridge,1,2,0.42,bridge
225,2.956482579165527,1.516482579165527,bridge,1,2,0.44,bridge
226,2.976482579165527,1.516482579165527,bridge,1,2,0.46,bridge
227,2.996482579165527,1.516482579165527,bridge,1,2,0.48,bridge
228,3.016482579165527,1.516482579165527,bridge,1,2,0.5,bridge
229,3.036482579165527,1.516482579165527,bridge,1,2,0.52,bridge
230,3.056482579165527,1.516482579165527,bridge,1,2,0.54,bridge
231,3.076482579165527,1.516482579165527,bridge,1,2,0.56,bridge
232,3.096482579165527,1.516482579165527,bridge,1,2,0.58,bridge
233,3.116482579165527,1.516482579165527,bridge,1,2,0.6,bridge
234,3.136482579165527,1.516482579165527,bridge,1,2,0.62,bridge
235,3.156482579165527,1.516482579165527,bridge,1,2,0.64,bridge
236,3.176482579165527,1.516482579165527,bridge,1,2,0.66,bridge
237,3.196482579165527,1.516482579165527,bridge,1,2,0.68,bridge
238,3.216482579165527,1.516482579165527,bridge,1,2,0.7000000000000001,bridge
239,3.2364825791655267,1.516482579165527,bridge,1,2,0.72,bridge
240,3.256482579165527,1.516482579165527,bridge,1,2,0.74,bridge
241,3.2764825791655268,1.516482579165527,bridge,1,2,0.76,bridge
242,3.2964825791655272,1.516482579165527,bridge,1,2,0.78,bridge
243,3.316482579165527,1.516482579165527,bridge,1,2,0.8,bridge
244,3.3364825791655273,1.516482579165527,bridge,1,2,0.8200000000000001,bridge
245,3.356482579165527,1.516482579165527,bridge,1,2,0.84,bridge
246,3.376482579165527,1.516482579165527,bridge,1,2,0.86,bridge
247,3.396482579165527,1.516482579165527,bridge,1,2,0.88,bridge
248,3.416482579165527,1.516482579165527,bridge,1,2,0.9,bridge
249,3.436482579165527,1.516482579165527,bridge,1,2,0.92,bridge
250,3.456482579165527,1.516482579165527,bridge,1,2,0.9400000000000001,bridge
251,3.476482579165527,1.516482579165527,bridge,1,2,0.96,bridge
252,3.496482579165527,1.516482579165527,bridge,1,2,0.98,bridge
253,3.516482579165527,1.516482579165527,bridge,1,2,1.0,bridge_end
254,3.516482579165527,1.516482579165527,arc,2,3,0.0,post_impact
255,3.5264825791655268,1.526482579165527,arc,2,3,0.0,flow
256,3.536482579165527,1.536482579165527,arc,2,3,0.0,flow
257,3.5464825791655272,1.546482579165527,arc,2,3,0.0,flow
258,3.556482579165527,1.556482579165527,arc,2,3,0.0,flow
259,3.566482579165527,1.566482579165527,arc,2,3,0.0,flow
260,3.576482579165527,1.576482579165527,arc,2,3,0.0,flow
261,3.5864825791655273,1.586482579165527,arc,2,3,0.0,flow
262,3.596482579165527,1.596482579165527,arc,2,3,0.0,flow
263,3.606482579165527,1.606482579165527,arc,2,3,0.0,flow
264,3.616482579165527,1.616482579165527,arc,2,3,0.0,flow
265,3.6264825791655273,1.626482579165527,arc,2,3,0.0,flow
266,3.636482579165527,1.636482579165527,arc,2,3,0.0,flow
267,3.646482579165527,1.6464825791655269,arc,2,3,0.0,flow
268,3.656482579165527,1.656482579165527,arc,2,3,0.0,flow
269,3.666482579165527,1.666482579165527,arc,2,3,0.0,flow
270,3.676482579165527,1.676482579165527,arc,2,3,0.0,flow
271,3.686482579165527,1.686482579165527,arc,2,3,0.0,flow
272,3.6964825791655267,1.696482579165527,arc,2,3,0.0,flow
273,3.706482579165527,1.706482579165527,arc,2,3,0.0,flow
274,3.716482579165527,1.716482579165527,arc,2,3,0.0,flow
275,3.726482579165527,1.726482579165527,arc,2,3,0.0,flow
276,3.7364825791655267,1.736482579165527,arc,2,3,0.0,flow
277,3.746482579165527,1.746482579165527,arc,2,3,0.0,flow
278,3.756482579165527,1.756482579165527,arc,2,3,0.0,flow
279,3.766482579165527,1.766482579165527,arc,2,3,0.0,flow
280,3.7764825791655268,1.776482579165527,arc,2,3,0.0,flow
281,3.786482579165527,1.786482579165527,arc,2,3,0.0,flow
282,3.7964825791655272,1.796482579165527,arc,2,3,0.0,flow
283,3.806482579165527,1.806482579165527,arc,2,3,0.0,flow
284,3.816482579165527,1.816482579165527,arc,2,3,0.0,flow
285,3.826482579165527,1.826482579165527,arc,2,3,0.0,flow
286,3.8364825791655273,1.836482579165527,arc,2,3,0.0,flow
287,3.846482579165527,1.846482579165527,arc,2,3,0.0,flow
288,3.856482579165527,1.856482579165527,arc,2,3,0.0,flow
289,3.866482579165527,1.866482579165527,arc,2,3,0.0,flow
290,3.876482579165527,1.8764825791655269,arc,2,3,0.0,flow
291,3.886482579165527,1.886482579165527,arc,2,3,0.0,flow
292,3.896482579165527,1.8964825791655269,arc,2,3,0.0,flow
293,3.906482579165527,1.906482579165527,arc,2,3,0.0,flow
294,3.916482579165527,1.916482579165527,arc,2,3,0.0,flow
295,3.926482579165527,1.9264825791655271,arc,2,3,0.0,flow
296,3.936482579165527,1.936482579165527,arc,2,3,0.0,flow
297,3.9464825791655267,1.946482579165527,arc,2,3,0.0,flow
298,3.956482579165527,1.956482579165527,arc,2,3,0.0,flow
299,3.966482579165527,1.966482579165527,arc,2,3,0.0,flow
300,3.976482579165527,1.976482579165527,arc,2,3,0.0,flow
301,3.9864825791655267,1.986482579165527,arc,2,3,0.0,flow
302,3.996482579165527,1.996482579165527,arc,2,3,0.0,flow
303,4.006482579165527,2.006482579165527,arc,2,3,0.0,flow
304,4.016482579165527,2.016482579165527,arc,2,3,0.0,flow
305,4.026482579165527,2.0264825791655268,arc,2,3,0.0,flow
306,4.036482579165527,2.036482579165527,arc,2,3,0.0,flow
307,4.046482579165527,2.0464825791655272,arc,2,3,0.0,flow
308,4.056482579165527,2.056482579165527,arc,2,3,0.0,flow
309,4.066482579165527,2.066482579165527,arc,2,3,0.0,flow
310,4.076482579165527,2.076482579165527,arc,2,3,0.0,flow
311,4.086482579165527,2.0864825791655273,arc,2,3,0.0,flow
312,4.096482579165527,2.096482579165527,arc,2,3,0.0,flow
313,4.106482579165527,2.106482579165527,arc,2,3,0.0,flow
314,4.1164825791655275,2.116482579165527,arc,2,3,0.0,flow
315,4.126482579165527,2.126482579165527,arc,2,3,0.0,flow
316,4.136482579165527,2.136482579165527,arc,2,3,0.0,flow
317,4.146482579165527,2.146482579165527,arc,2,3,0.0,flow
318,4.156482579165527,2.156482579165527,arc,2,3,0.0,flow
319,4.1664825791655264,2.166482579165527,arc,2,3,0.0,flow
320,4.176482579165527,2.176482579165527,arc,2,3,0.0,flow
321,4.186482579165527,2.186482579165527,arc,2,3,0.0,flow
322,4.196482579165528,2.196482579165527,arc,2,3,0.0,flow
323,4.2061649665030885,2.2061649665030885,arc,2,3,0.0,pre_impact
324,4.226164966503088,2.2061649665030885,bridge,2,3,0.02,bridge
325,4.2461649665030885,2.2061649665030885,bridge,2,3,0.04,bridge
326,4.266164966503088,2.2061649665030885,bridge,2,3,0.06,bridge
327,4.2861649665030885,2.2061649665030885,bridge,2,3,0.08,bridge
328,4.306164966503088,2.2061649665030885,bridge,2,3,0.1,bridge
329,4.326164966503089,2.2061649665030885,bridge,2,3,0.12,bridge
330,4.346164966503088,2.2061649665030885,bridge,2,3,0.14,bridge
331,4.366164966503089,2.2061649665030885,bridge,2,3,0.16,bridge
332,4.386164966503088,2.2061649665030885,bridge,2,3,0.18,bridge
333,4.406164966503089,2.2061649665030885,bridge,2,3,0.2,bridge
334,4.426164966503088,2.2061649665030885,bridge,2,3,0.22,bridge
335,4.446164966503089,2.2061649665030885,bridge,2,3,0.24,bridge
336,4.466164966503088,2.2061649665030885,bridge,2,3,0.26,bridge
337,4.486164966503089,2.2061649665030885,bridge,2,3,0.28,bridge
338,4.506164966503088,2.2061649665030885,bridge,2,3,0.3,bridge
339,4.526164966503089,2.2061649665030885,bridge,2,3,0.32,bridge
340,4.546164966503088,2.2061649665030885,bridge,2,3,0.34,bridge
341,4.566164966503089,2.2061649665030885,bridge,2,3,0.36,bridge
342,4.586164966503088,2.2061649665030885,bridge,2,3,0.38,bridge
343,4.606164966503089,2.2061649665030885,bridge,2,3,0.4,bridge
344,4.626164966503088,2.2061649665030885,bridge,2,3,0.42,bridge
345,4.646164966503089,2.2061649665030885,bridge,2,3,0.44,bridge
346,4.666164966503088,2.2061649665030885,bridge,2,3,0.46,bridge
347,4.686164966503089,2.2061649665030885,bridge,2,3,0.48,bridge
348,4.7061649665030885,2.2061649665030885,bridge,2,3,0.5,bridge
349,4.726164966503088,2.2061649665030885,bridge,2,3,0.52,bridge
350,4.7461649665030885,2.2061649665030885,bridge,2,3,0.54,bridge
351,4.766164966503089,2.2061649665030885,bridge,2,3,0.56,bridge
352,4.7861649665030885,2.2061649665030885,bridge,2,3,0.58,bridge
353,4.806164966503088,2.2061649665030885,bridge,2,3,0.6,bridge
354,4.826164966503089,2.2061649665030885,bridge,2,3,0.62,bridge
355,4.846164966503088,2.2061649665030885,bridge,2,3,0.64,bridge
356,4.866164966503089,2.2061649665030885,bridge,2,3,0.66,bridge
357,4.886164966503088,2.2061649665030885,bridge,2,3,0.68,bridge
358,4.906164966503089,2.2061649665030885,bridge,2,3,0.7000000000000001,bridge
359,4.926164966503088,2.2061649665030885,bridge,2,3,0.72,bridge
360,4.946164966503089,2.2061649665030885,bridge,2,3,0.74,bridge
361,4.966164966503088,2.2061649665030885,bridge,2,3,0.76,bridge
362,4.986164966503089,2.2061649665030885,bridge,2,3,0.78,bridge
363,5.006164966503088,2.2061649665030885,bridge,2,3,0.8,bridge
364,5.026164966503089,2.2061649665030885,bridge,2,3,0.8200000000000001,bridge
365,5.046164966503088,2.2061649665030885,bridge,2,3,0.84,bridge
366,5.066164966503089,2.2061649665030885,bridge,2,3,0.86,bridge
367,5.086164966503088,2.2061649665030885,bridge,2,3,0.88,bridge
368,5.106164966503089,2.2061649665030885,bridge,2,3,0.9,bridge
369,5.126164966503088,2.2061649665030885,bridge,2,3,0.92,bridge
370,5.146164966503089,2.2061649665030885,bridge,2,3,0.9400000000000001,bridge
371,5.166164966503088,2.2061649665030885,bridge,2,3,0.96,bridge
372,5.186164966503089,2.2061649665030885,bridge,2,3,0.98,bridge
373,5.2061649665030885,2.2061649665030885,bridge,2,3,1.0,bridge_end
374,5.2061649665030885,2.2061649665030885,arc,3,4,0.0,post_impact
375,5.216164966503088,2.2161649665030883,arc,3,4,0.0,flow
376,5.226164966503088,2.2261649665030885,arc,3,4,0.0,flow
377,5.236164966503088,2.2361649665030883,arc,3,4,0.0,flow
378,5.2461649665030885,2.2461649665030885,arc,3,4,0.0,flow
379,5.256164966503088,2.2561649665030883,arc,3,4,0.0,flow
380,5.266164966503089,2.2661649665030885,arc,3,4,0.0,flow
381,5.276164966503089,2.2761649665030883,arc,3,4,0.0,flow
382,5.2861649665030885,2.2861649665030885,arc,3,4,0.0,flow
383,5.296164966503088,2.2961649665030883,arc,3,4,0.0,flow
384,5.306164966503088,2.3061649665030886,arc,3,4,0.0,flow
385,5.316164966503088,2.3161649665030883,arc,3,4,0.0,flow
386,5.326164966503089,2.3261649665030886,arc,3,4,0.0,flow
387,5.336164966503088,2.3361649665030884,arc,3,4,0.0,flow
388,5.346164966503089,2.3461649665030886,arc,3,4,0.0,flow
389,5.356164966503089,2.3561649665030884,arc,3,4,0.0,flow
390,5.366164966503089,2.3661649665030886,arc,3,4,0.0,flow
391,5.376164966503088,2.3761649665030884,arc,3,4,0.0,flow
392,5.386164966503088,2.3861649665030886,arc,3,4,0.0,flow
393,5.396164966503088,2.3961649665030884,arc,3,4,0.0,flow
394,5.406164966503089,2.4061649665030886,arc,3,4,0.0,flow
395,5.416164966503088,2.4161649665030884,arc,3,4,0.0,flow
396,5.426164966503089,2.4261649665030887,arc,3,4,0.0,flow
397,5.436164966503089,2.4361649665030884,arc,3,4,0.0,flow
398,5.446164966503089,2.4461649665030887,arc,3,4,0.0,flow
399,5.4561649665030885,2.4561649665030885,arc,3,4,0.0,flow
400,5.466164966503088,2.4661649665030883,arc,3,4,0.0,flow
401,5.476164966503088,2.4761649665030885,arc,3,4,0.0,flow
402,5.486164966503089,2.4861649665030887,arc,3,4,0.0,flow
403,5.4961649665030885,2.4961649665030885,arc,3,4,0.0,flow
404,5.506164966503088,2.5061649665030883,arc,3,4,0.0,flow
405,5.516164966503089,2.5161649665030885,arc,3,4,0.0,flow
406,5.526164966503089,2.5261649665030883,arc,3,4,0.0,flow
407,5.5361649665030885,2.5361649665030885,arc,3,4,0.0,flow
408,5.546164966503088,2.5461649665030883,arc,3,4,0.0,flow
409,5.556164966503088,2.5561649665030886,arc,3,4,0.0,flow
410,5.566164966503088,2.5661649665030883,arc,3,4,0.0,flow
411,5.576164966503089,2.5761649665030886,arc,3,4,0.0,flow
412,5.586164966503088,2.5861649665030884,arc,3,4,0.0,flow
413,5.596164966503089,2.5961649665030886,arc,3,4,0.0,flow
414,5.606164966503089,2.6061649665030884,arc,3,4,0.0,flow
415,5.616164966503089,2.6161649665030886,arc,3,4,0.0,flow
416,5.626164966503088,2.6261649665030884,arc,3,4,0.0,flow
417,5.636164966503088,2.6361649665030886,arc,3,4,0.0,flow
418,5.646164966503088,2.6461649665030884,arc,3,4,0.0,flow
419,5.656164966503089,2.6561649665030886,arc,3,4,0.0,flow
420,5.666164966503088,2.6661649665030884,arc,3,4,0.0,flow
421,5.676164966503089,2.6761649665030887,arc,3,4,0.0,flow
422,5.686164966503089,2.6861649665030884,arc,3,4,0.0,flow
423,5.696164966503089,2.6961649665030887,arc,3,4,0.0,flow
424,5.7061649665030885,2.7061649665030885,arc,3,4,0.0,flow
425,5.716164966503088,2.7161649665030883,arc,3,4,0.0,flow
426,5.726164966503088,2.7261649665030885,arc,3,4,0.0,flow
427,5.736164966503089,2.7361649665030887,arc,3,4,0.0,flow
428,5.7461649665030885,2.7461649665030885,arc,3,4,0.0,flow
429,5.756164966503088,2.7561649665030883,arc,3,4,0.0,flow
430,5.766164966503089,2.7661649665030885,arc,3,4,0.0,flow
431,5.776164966503089,2.7761649665030887,arc,3,4,0.0,flow
432,5.7861649665030885,2.7861649665030885,arc,3,4,0.0,flow
433,5.796164966503088,2.7961649665030883,arc,3,4,0.0,flow
434,5.806164966503088,2.8061649665030886,arc,3,4,0.0,flow
435,5.816164966503088,2.8161649665030883,arc,3,4,0.0,flow
436,5.826164966503089,2.8261649665030886,arc,3,4,0.0,flow
437,5.836164966503088,2.8361649665030884,arc,3,4,0.0,flow
438,5.846164966503089,2.8461649665030886,arc,3,4,0.0,flow
439,5.856164966503089,2.8561649665030884,arc,3,4,0.0,flow
440,5.866164966503089,2.8661649665030886,arc,3,4,0.0,flow
441,5.876164966503088,2.8761649665030884,arc,3,4,0.0,flow
442,5.886164966503088,2.8861649665030886,arc,3,4,0.0,flow
443,5.896164966503088,2.8961649665030884,arc,3,4,0.0,flow
444,5.906164966503089,2.9061649665030886,arc,3,4,0.0,flow
445,5.916164966503088,2.9161649665030884,arc,3,4,0.0,flow
446,5.926164966503088,2.926164966503088,arc,3,4,0.0,flow
447,5.936164966503089,2.9361649665030884,arc,3,4,0.0,flow
448,5.946164966503089,2.9461649665030887,arc,3,4,0.0,flow
449,5.9561649665030885,2.9561649665030885,arc,3,4,0.0,flow
450,5.966164966503088,2.9661649665030883,arc,3,4,0.0,flow
451,5.976164966503088,2.9761649665030885,arc,3,4,0.0,flow
452,5.986164966503089,2.9861649665030887,arc,3,4,0.0,flow
453,5.9961649665030885,2.9961649665030885,arc,3,4,0.0,flow
454,6.001913939418843,3.001913939418843,arc,3,4,0.0,pre_impact
455,6.021913939418843,3.001913939418843,bridge,3,4,0.02,bridge
456,6.041913939418843,3.001913939418843,bridge,3,4,0.04,bridge
457,6.061913939418843,3.001913939418843,bridge,3,4,0.06,bridge
458,6.081913939418843,3.001913939418843,bridge,3,4,0.08,bridge
459,6.101913939418843,3.001913939418843,bridge,3,4,0.1,bridge
460,6.121913939418843,3.001913939418843,bridge,3,4,0.12,bridge
461,6.141913939418843,3.001913939418843,bridge,3,4,0.14,bridge
462,6.161913939418843,3.001913939418843,bridge,3,4,0.16,bridge
463,6.181913939418843,3.001913939418843,bridge,3,4,0.18,bridge
464,6.201913939418843,3.001913939418843,bridge,3,4,0.2,bridge
465,6.221913939418843,3.001913939418843,bridge,3,4,0.22,bridge
466,6.241913939418843,3.001913939418843,bridge,3,4,0.24,bridge
467,6.261913939418843,3.001913939418843,bridge,3,4,0.26,bridge
468,6.2819139394188435,3.001913939418843,bridge,3,4,0.28,bridge
469,6.301913939418843,3.001913939418843,bridge,3,4,0.3,bridge
470,6.3219139394188435,3.001913939418843,bridge,3,4,0.32,bridge
471,6.341913939418843,3.001913939418843,bridge,3,4,0.34,bridge
472,6.3619139394188435,3.001913939418843,bridge,3,4,0.36,bridge
473,6.381913939418843,3.001913939418843,bridge,3,4,0.38,bridge
474,6.401913939418844,3.001913939418843,bridge,3,4,0.4,bridge
475,6.421913939418843,3.001913939418843,bridge,3,4,0.42,bridge
476,6.441913939418844,3.001913939418843,bridge,3,4,0.44,bridge
477,6.461913939418843,3.001913939418843,bridge,3,4,0.46,bridge
478,6.481913939418844,3.001913939418843,bridge,3,4,0.48,bridge
479,6.501913939418843,3.001913939418843,bridge,3,4,0.5,bridge
480,6.521913939418843,3.001913939418843,bridge,3,4,0.52,bridge
481,6.541913939418843,3.001913939418843,bridge,3,4,0.54,bridge
482,6.561913939418844,3.001913939418843,bridge,3,4,0.56,bridge
483,6.581913939418843,3.001913939418843,bridge,3,4,0.58,bridge
484,6.601913939418843,3.001913939418843,bridge,3,4,0.6,bridge
485,6.621913939418843,3.001913939418843,bridge,3,4,0.62,bridge
486,6.641913939418843,3.001913939418843,bridge,3,4,0.64,bridge
487,6.661913939418843,3.001913939418843,bridge,3,4,0.66,bridge
488,6.681913939418843,3.001913939418843,bridge,3,4,0.68,bridge
489,6.701913939418843,3.001913939418843,bridge,3,4,0.7000000000000001,bridge
490,6.721913939418843,3.001913939418843,bridge,3,4,0.72,bridge
491,6.741913939418843,3.001913939418843,bridge,3,4,0.74,bridge
492,6.761913939418843,3.001913939418843,bridge,3,4,0.76,bridge
493,6.7819139394188435,3.001913939418843,bridge,3,4,0.78,bridge
494,6.801913939418843,3.001913939418843,bridge,3,4,0.8,bridge
495,6.8219139394188435,3.001913939418843,bridge,3,4,0.8200000000000001,bridge
496,6.841913939418843,3.001913939418843,bridge,3,4,0.84,bridge
497,6.8619139394188435,3.001913939418843,bridge,3,4,0.86,bridge
498,6.881913939418843,3.001913939418843,bridge,3,4,0.88,bridge
499,6.901913939418844,3.001913939418843,bridge,3,4,0.9,bridge
500,6.921913939418843,3.001913939418843,bridge,3,4,0.92,bridge
501,6.941913939418844,3.001913939418843,bridge,3,4,0.9400000000000001,bridge
502,6.961913939418843,3.001913939418843,bridge,3,4,0.96,bridge
503,6.981913939418844,3.001913939418843,bridge,3,4,0.98,bridge
504,7.001913939418843,3.001913939418843,bridge,3,4,1.0,bridge_end
505,7.001913939418843,3.001913939418843,arc,4,5,0.0,post_impact
506,7.011913939418843,3.011913939418843,arc,4,5,0.0,flow
507,7.021913939418843,3.0219139394188432,arc,4,5,0.0,flow
508,7.031913939418843,3.031913939418843,arc,4,5,0.0,flow
509,7.041913939418843,3.0419139394188432,arc,4,5,0.0,flow
510,7.051913939418843,3.051913939418843,arc,4,5,0.0,flow
511,7.061913939418844,3.0619139394188433,arc,4,5,0.0,flow
512,7.0719139394188435,3.071913939418843,arc,4,5,0.0,flow
513,7.081913939418843,3.0819139394188433,arc,4,5,0.0,flow
514,7.091913939418843,3.091913939418843,arc,4,5,0.0,flow
515,7.101913939418843,3.1019139394188433,arc,4,5,0.0,flow
516,7.111913939418843,3.111913939418843,arc,4,5,0.0,flow
517,7.121913939418843,3.1219139394188433,arc,4,5,0.0,flow
518,7.131913939418843,3.131913939418843,arc,4,5,0.0,flow
519,7.141913939418844,3.1419139394188433,arc,4,5,0.0,flow
520,7.151913939418844,3.151913939418843,arc,4,5,0.0,flow
521,7.161913939418843,3.1619139394188434,arc,4,5,0.0,flow
522,7.171913939418843,3.171913939418843,arc,4,5,0.0,flow
523,7.181913939418843,3.1819139394188434,arc,4,5,0.0,flow
524,7.191913939418843,3.191913939418843,arc,4,5,0.0,flow
525,7.201913939418843,3.2019139394188434,arc,4,5,0.0,flow
526,7.211913939418843,3.211913939418843,arc,4,5,0.0,flow
527,7.221913939418844,3.2219139394188434,arc,4,5,0.0,flow
528,7.231913939418844,3.231913939418843,arc,4,5,0.0,flow
529,7.241913939418843,3.2419139394188434,arc,4,5,0.0,flow
530,7.251913939418843,3.251913939418843,arc,4,5,0.0,flow
531,7.261913939418843,3.261913939418843,arc,4,5,0.0,flow
532,7.271913939418843,3.2719139394188432,arc,4,5,0.0,flow
533,7.2819139394188435,3.2819139394188435,arc,4,5,0.0,flow
534,7.291913939418843,3.2919139394188432,arc,4,5,0.0,flow
535,7.301913939418843,3.301913939418843,arc,4,5,0.0,flow
536,7.311913939418844,3.3119139394188433,arc,4,5,0.0,flow
537,7.3219139394188435,3.321913939418843,arc,4,5,0.0,flow
538,7.331913939418843,3.3319139394188433,arc,4,5,0.0,flow
539,7.341913939418843,3.341913939418843,arc,4,5,0.0,flow
540,7.351913939418843,3.3519139394188433,arc,4,5,0.0,flow
541,7.361913939418843,3.361913939418843,arc,4,5,0.0,flow
542,7.371913939418843,3.3719139394188433,arc,4,5,0.0,flow
543,7.381913939418843,3.381913939418843,arc,4,5,0.0,flow
544,7.391913939418844,3.3919139394188433,arc,4,5,0.0,flow
545,7.401913939418844,3.401913939418843,arc,4,5,0.0,flow
546,7.411913939418843,3.4119139394188434,arc,4,5,0.0,flow
547,7.421913939418843,3.421913939418843,arc,4,5,0.0,flow
548,7.431913939418843,3.4319139394188434,arc,4,5,0.0,flow
549,7.441913939418843,3.441913939418843,arc,4,5,0.0,flow
550,7.451913939418843,3.4519139394188434,arc,4,5,0.0,flow
551,7.461913939418843,3.461913939418843,arc,4,5,0.0,flow
552,7.471913939418844,3.4719139394188434,arc,4,5,0.0,flow
553,7.481913939418844,3.481913939418843,arc,4,5,0.0,flow
554,7.491913939418843,3.4919139394188434,arc,4,5,0.0,flow
555,7.501913939418843,3.501913939418843,arc,4,5,0.0,flow
556,7.511913939418843,3.511913939418843,arc,4,5,0.0,flow
557,7.521913939418843,3.5219139394188432,arc,4,5,0.0,flow
558,7.5319139394188435,3.5319139394188435,arc,4,5,0.0,flow
559,7.541913939418843,3.5419139394188432,arc,4,5,0.0,flow
560,7.551913939418843,3.551913939418843,arc,4,5,0.0,flow
561,7.561913939418844,3.5619139394188433,arc,4,5,0.0,flow
562,7.5719139394188435,3.5719139394188435,arc,4,5,0.0,flow
563,7.581913939418843,3.5819139394188433,arc,4,5,0.0,flow
564,7.591913939418843,3.591913939418843,arc,4,5,0.0,flow
565,7.601913939418843,3.6019139394188433,arc,4,5,0.0,flow
566,7.611913939418843,3.611913939418843,arc,4,5,0.0,flow
567,7.621913939418843,3.6219139394188433,arc,4,5,0.0,flow
568,7.631913939418843,3.631913939418843,arc,4,5,0.0,flow
569,7.641913939418844,3.6419139394188433,arc,4,5,0.0,flow
570,7.651913939418844,3.651913939418843,arc,4,5,0.0,flow
571,7.661913939418843,3.6619139394188434,arc,4,5,0.0,flow
572,7.671913939418843,3.671913939418843,arc,4,5,0.0,flow
573,7.681913939418843,3.6819139394188434,arc,4,5,0.0,flow
574,7.691913939418843,3.691913939418843,arc,4,5,0.0,flow
575,7.701913939418843,3.7019139394188434,arc,4,5,0.0,flow
576,7.711913939418843,3.711913939418843,arc,4,5,0.0,flow
577,7.719379012185562,3.719379012185562,arc,4,5,0.0,pre_impact
578,7.7393790121855615,3.719379012185562,bridge,4,5,0.02,bridge
579,7.759379012185562,3.719379012185562,bridge,4,5,0.04,bridge
580,7.7793790121855615,3.719379012185562,bridge,4,5,0.06,bridge
581,7.799379012185562,3.719379012185562,bridge,4,5,0.08,bridge
582,7.8193790121855615,3.719379012185562,bridge,4,5,0.1,bridge
583,7.839379012185562,3.719379012185562,bridge,4,5,0.12,bridge
584,7.859379012185562,3.719379012185562,bridge,4,5,0.14,bridge
585,7.879379012185562,3.719379012185562,bridge,4,5,0.16,bridge
586,7.899379012185562,3.719379012185562,bridge,4,5,0.18,bridge
587,7.919379012185562,3.719379012185562,bridge,4,5,0.2,bridge
588,7.939379012185562,3.719379012185562,bridge,4,5,0.22,bridge
589,7.959379012185562,3.719379012185562,bridge,4,5,0.24,bridge
590,7.979379012185562,3.719379012185562,bridge,4,5,0.26,bridge
591,7.999379012185562,3.719379012185562,bridge,4,5,0.28,bridge
592,8.019379012185562,3.719379012185562,bridge,4,5,0.3,bridge
593,8.039379012185561,3.719379012185562,bridge,4,5,0.32,bridge
594,8.059379012185563,3.719379012185562,bridge,4,5,0.34,bridge
595,8.079379012185562,3.719379012185562,bridge,4,5,0.36,bridge
596,8.099379012185562,3.719379012185562,bridge,4,5,0.38,bridge
597,8.119379012185561,3.719379012185562,bridge,4,5,0.4,bridge
598,8.139379012185563,3.719379012185562,bridge,4,5,0.42,bridge
599,8.159379012185562,3.719379012185562,bridge,4,5,0.44,bridge
600,8.179379012185562,3.719379012185562,bridge,4,5,0.46,bridge
601,8.199379012185561,3.719379012185562,bridge,4,5,0.48,bridge
602,8.219379012185563,3.719379012185562,bridge,4,5,0.5,bridge
603,8.239379012185562,3.719379012185562,bridge,4,5,0.52,bridge
604,8.259379012185562,3.719379012185562,bridge,4,5,0.54,bridge
605,8.279379012185561,3.719379012185562,bridge,4,5,0.56,bridge
606,8.299379012185561,3.719379012185562,bridge,4,5,0.58,bridge
607,8.319379012185562,3.719379012185562,bridge,4,5,0.6,bridge
608,8.339379012185562,3.719379012185562,bridge,4,5,0.62,bridge
609,8.359379012185562,3.719379012185562,bridge,4,5,0.64,bridge
610,8.379379012185561,3.719379012185562,bridge,4,5,0.66,bridge
611,8.399379012185562,3.719379012185562,bridge,4,5,0.68,bridge
612,8.419379012185562,3.719379012185562,bridge,4,5,0.7000000000000001,bridge
613,8.439379012185562,3.719379012185562,bridge,4,5,0.72,bridge
614,8.459379012185561,3.719379012185562,bridge,4,5,0.74,bridge
615,8.479379012185563,3.719379012185562,bridge,4,5,0.76,bridge
616,8.499379012185562,3.719379012185562,bridge,4,5,0.78,bridge
617,8.519379012185562,3.719379012185562,bridge,4,5,0.8,bridge
618,8.539379012185561,3.719379012185562,bridge,4,5,0.8200000000000001,bridge
619,8.559379012185563,3.719379012185562,bridge,4,5,0.84,bridge
620,8.579379012185562,3.719379012185562,bridge,4,5,0.86,bridge
621,8.599379012185562,3.719379012185562,bridge,4,5,0.88,bridge
622,8.619379012185561,3.719379012185562,bridge,4,5,0.9,bridge
623,8.639379012185563,3.719379012185562,bridge,4,5,0.92,bridge
624,8.659379012185562,3.719379012185562,bridge,4,5,0.9400000000000001,bridge
625,8.679379012185562,3.719379012185562,bridge,4,5,0.96,bridge
626,8.699379012185561,3.719379012185562,bridge,4,5,0.98,bridge
627,8.719379012185563,3.719379012185562,bridge,4,5,1.0,bridge_end
628,8.719379012185563,3.719379012185562,arc,5,6,0.0,post_impact
629,8.72937901218556,3.7293790121855617,arc,5,6,0.0,flow
630,8.739379012185562,3.739379012185562,arc,5,6,0.0,flow
631,8.749379012185562,3.7493790121855617,arc,5,6,0.0,flow
632,8.759379012185562,3.759379012185562,arc,5,6,0.0,flow
633,8.769379012185562,3.7693790121855617,arc,5,6,0.0,flow
634,8.779379012185561,3.779379012185562,arc,5,6,0.0,flow
635,8.789379012185561,3.7893790121855617,arc,5,6,0.0,flow
636,8.799379012185561,3.799379012185562,arc,5,6,0.0,flow
637,8.809379012185563,3.8093790121855617,arc,5,6,0.0,flow
638,8.819379012185562,3.819379012185562,arc,5,6,0.0,flow
639,8.829379012185562,3.8293790121855618,arc,5,6,0.0,flow
640,8.839379012185562,3.839379012185562,arc,5,6,0.0,flow
641,8.849379012185562,3.8493790121855618,arc,5,6,0.0,flow
642,8.859379012185562,3.859379012185562,arc,5,6,0.0,flow
643,8.869379012185561,3.869379012185562,arc,5,6,0.0,flow
644,8.879379012185563,3.879379012185562,arc,5,6,0.0,flow
645,8.889379012185561,3.889379012185562,arc,5,6,0.0,flow
646,8.899379012185562,3.899379012185562,arc,5,6,0.0,flow
647,8.909379012185562,3.909379012185562,arc,5,6,0.0,flow
648,8.919379012185562,3.919379012185562,arc,5,6,0.0,flow
649,8.929379012185562,3.929379012185562,arc,5,6,0.0,flow
650,8.939379012185562,3.939379012185562,arc,5,6,0.0,flow
651,8.949379012185561,3.949379012185562,arc,5,6,0.0,flow
652,8.959379012185561,3.959379012185562,arc,5,6,0.0,flow
653,8.969379012185563,3.969379012185562,arc,5,6,0.0,flow
654,8.97937901218556,3.9793790121855617,arc,5,6,0.0,flow
655,8.989379012185562,3.989379012185562,arc,5,6,0.0,flow
656,8.999379012185562,3.999379012185562,arc,5,6,0.0,flow
657,9.009379012185562,4.009379012185562,arc,5,6,0.0,flow
658,9.019379012185562,4.019379012185562,arc,5,6,0.0,flow
659,9.029379012185561,4.0293790121855615,arc,5,6,0.0,flow
660,9.039379012185563,4.039379012185562,arc,5,6,0.0,flow
661,9.049379012185561,4.049379012185562,arc,5,6,0.0,flow
662,9.059379012185563,4.059379012185562,arc,5,6,0.0,flow
663,9.06937901218556,4.0693790121855615,arc,5,6,0.0,flow
664,9.079379012185562,4.079379012185562,arc,5,6,0.0,flow
665,9.089379012185562,4.089379012185562,arc,5,6,0.0,flow
666,9.099379012185562,4.099379012185562,arc,5,6,0.0,flow
667,9.109379012185562,4.109379012185562,arc,5,6,0.0,flow
668,9.119379012185561,4.119379012185562,arc,5,6,0.0,flow
669,9.129379012185563,4.129379012185562,arc,5,6,0.0,flow
670,9.139379012185561,4.139379012185562,arc,5,6,0.0,flow
671,9.149379012185562,4.149379012185562,arc,5,6,0.0,flow
672,9.159379012185562,4.159379012185562,arc,5,6,0.0,flow
673,9.169379012185562,4.169379012185562,arc,5,6,0.0,flow
674,9.179379012185562,4.179379012185562,arc,5,6,0.0,flow
675,9.189379012185562,4.189379012185562,arc,5,6,0.0,flow
676,9.199379012185561,4.199379012185561,arc,5,6,0.0,flow
677,9.209379012185561,4.209379012185562,arc,5,6,0.0,flow
678,9.219379012185563,4.219379012185562,arc,5,6,0.0,flow
679,9.22937901218556,4.229379012185562,arc,5,6,0.0,flow
680,9.239379012185562,4.239379012185562,arc,5,6,0.0,flow
681,9.249379012185562,4.249379012185562,arc,5,6,0.0,flow
682,9.259379012185562,4.259379012185562,arc,5,6,0.0,flow
683,9.269379012185562,4.269379012185562,arc,5,6,0.0,flow
684,9.279379012185561,4.2793790121855615,arc,5,6,0.0,flow
685,9.289379012185563,4.289379012185562,arc,5,6,0.0,flow
686,9.299379012185561,4.299379012185562,arc,5,6,0.0,flow
687,9.309379012185563,4.309379012185562,arc,5,6,0.0,flow
688,9.31937901218556,4.3193790121855615,arc,5,6,0.0,flow
689,9.329379012185562,4.329379012185562,arc,5,6,0.0,flow
690,9.339379012185562,4.339379012185562,arc,5,6,0.0,flow
691,9.349379012185562,4.349379012185562,arc,5,6,0.0,flow
692,9.359379012185562,4.359379012185562,arc,5,6,0.0,flow
693,9.369379012185561,4.369379012185562,arc,5,6,0.0,flow
694,9.379379012185563,4.379379012185562,arc,5,6,0.0,flow
695,9.389379012185561,4.389379012185562,arc,5,6,0.0,flow
696,9.399379012185562,4.399379012185562,arc,5,6,0.0,flow
697,9.409379012185562,4.409379012185562,arc,5,6,0.0,flow
698,9.419379012185562,4.419379012185562,arc,5,6,0.0,flow
699,9.429379012185562,4.429379012185562,arc,5,6,0.0,flow
700,9.439379012185562,4.439379012185562,arc,5,6,0.0,flow
701,9.449379012185561,4.449379012185561,arc,5,6,0.0,flow
702,9.459379012185561,4.459379012185562,arc,5,6,0.0,flow
703,9.469379012185563,4.469379012185562,arc,5,6,0.0,flow
704,9.47937901218556,4.479379012185562,arc,5,6,0.0,flow
705,9.489379012185562,4.489379012185562,arc,5,6,0.0,flow
706,9.499379012185562,4.499379012185562,arc,5,6,0.0,flow
707,9.509379012185562,4.509379012185562,arc,5,6,0.0,flow
708,9.518396517072802,4.518396517072801,arc,5,6,0.0,pre_impact
709,9.538396517072801,4.518396517072801,bridge,5,6,0.02,bridge
710,9.5583965170728,4.518396517072801,bridge,5,6,0.04,bridge
711,9.578396517072802,4.518396517072801,bridge,5,6,0.06,bridge
712,9.598396517072802,4.518396517072801,bridge,5,6,0.08,bridge
713,9.618396517072801,4.518396517072801,bridge,5,6,0.1,bridge
714,9.6383965170728,4.518396517072801,bridge,5,6,0.12,bridge
715,9.658396517072802,4.518396517072801,bridge,5,6,0.14,bridge
716,9.678396517072802,4.518396517072801,bridge,5,6,0.16,bridge
717,9.698396517072801,4.518396517072801,bridge,5,6,0.18,bridge
718,9.7183965170728,4.518396517072801,bridge,5,6,0.2,bridge
719,9.738396517072802,4.518396517072801,bridge,5,6,0.22,bridge
720,9.758396517072802,4.518396517072801,bridge,5,6,0.24,bridge
721,9.778396517072801,4.518396517072801,bridge,5,6,0.26,bridge
722,9.798396517072801,4.518396517072801,bridge,5,6,0.28,bridge
723,9.818396517072802,4.518396517072801,bridge,5,6,0.3,bridge
724,9.838396517072802,4.518396517072801,bridge,5,6,0.32,bridge
725,9.858396517072801,4.518396517072801,bridge,5,6,0.34,bridge
726,9.878396517072801,4.518396517072801,bridge,5,6,0.36,bridge
727,9.898396517072802,4.518396517072801,bridge,5,6,0.38,bridge
728,9.918396517072802,4.518396517072801,bridge,5,6,0.4,bridge
729,9.938396517072801,4.518396517072801,bridge,5,6,0.42,bridge
730,9.958396517072801,4.518396517072801,bridge,5,6,0.44,bridge
731,9.978396517072802,4.518396517072801,bridge,5,6,0.46,bridge
732,9.998396517072802,4.518396517072801,bridge,5,6,0.48,bridge
733,10.018396517072802,4.518396517072801,bridge,5,6,0.5,bridge
734,10.038396517072801,4.518396517072801,bridge,5,6,0.52,bridge
735,10.0583965170728,4.518396517072801,bridge,5,6,0.54,bridge
736,10.078396517072802,4.518396517072801,bridge,5,6,0.56,bridge
737,10.098396517072802,4.518396517072801,bridge,5,6,0.58,bridge
738,10.118396517072801,4.518396517072801,bridge,5,6,0.6,bridge
739,10.1383965170728,4.518396517072801,bridge,5,6,0.62,bridge
740,10.158396517072802,4.518396517072801,bridge,5,6,0.64,bridge
741,10.178396517072802,4.518396517072801,bridge,5,6,0.66,bridge
742,10.198396517072801,4.518396517072801,bridge,5,6,0.68,bridge
743,10.2183965170728,4.518396517072801,bridge,5,6,0.7000000000000001,bridge
744,10.238396517072802,4.518396517072801,bridge,5,6,0.72,bridge
745,10.258396517072802,4.518396517072801,bridge,5,6,0.74,bridge
746,10.278396517072801,4.518396517072801,bridge,5,6,0.76,bridge
747,10.298396517072801,4.518396517072801,bridge,5,6,0.78,bridge
748,10.318396517072802,4.518396517072801,bridge,5,6,0.8,bridge
749,10.338396517072802,4.518396517072801,bridge,5,6,0.8200000000000001,bridge
750,10.358396517072801,4.518396517072801,bridge,5,6,0.84,bridge
751,10.378396517072801,4.518396517072801,bridge,5,6,0.86,bridge
752,10.398396517072802,4.518396517072801,bridge,5,6,0.88,bridge
753,10.418396517072802,4.518396517072801,bridge,5,6,0.9,bridge
754,10.438396517072801,4.518396517072801,bridge,5,6,0.92,bridge
755,10.458396517072801,4.518396517072801,bridge,5,6,0.9400000000000001,bridge
756,10.478396517072802,4.518396517072801,bridge,5,6,0.96,bridge
757,10.498396517072802,4.518396517072801,bridge,5,6,0.98,bridge
758,10.518396517072802,4.518396517072801,bridge,5,6,1.0,bridge_end
759,10.518396517072802,4.518396517072801,arc,6,7,0.0,post_impact
760,10.5283965170728,4.5283965170728,arc,6,7,0.0,flow
761,10.538396517072801,4.5383965170728,arc,6,7,0.0,flow
762,10.548396517072801,4.548396517072801,arc,6,7,0.0,flow
763,10.5583965170728,4.558396517072801,arc,6,7,0.0,flow
764,10.5683965170728,4.5683965170728005,arc,6,7,0.0,flow
765,10.5783965170728,4.5783965170728,arc,6,7,0.0,flow
766,10.588396517072802,4.588396517072801,arc,6,7,0.0,flow
767,10.5983965170728,4.598396517072801,arc,6,7,0.0,flow
768,10.608396517072801,4.6083965170728005,arc,6,7,0.0,flow
769,10.6183965170728,4.6183965170728,arc,6,7,0.0,flow
770,10.628396517072801,4.628396517072801,arc,6,7,0.0,flow
771,10.6383965170728,4.638396517072801,arc,6,7,0.0,flow
772,10.6483965170728,4.6483965170728005,arc,6,7,0.0,flow
773,10.6583965170728,4.6583965170728,arc,6,7,0.0,flow
774,10.6683965170728,4.668396517072801,arc,6,7,0.0,flow
775,10.678396517072802,4.678396517072801,arc,6,7,0.0,flow
776,10.6883965170728,4.688396517072801,arc,6,7,0.0,flow
777,10.698396517072801,4.6983965170728,arc,6,7,0.0,flow
778,10.708396517072801,4.708396517072801,arc,6,7,0.0,flow
779,10.7183965170728,4.718396517072801,arc,6,7,0.0,flow
780,10.7283965170728,4.728396517072801,arc,6,7,0.0,flow
781,10.7383965170728,4.7383965170728,arc,6,7,0.0,flow
782,10.748396517072802,4.748396517072801,arc,6,7,0.0,flow
783,10.7583965170728,4.758396517072801,arc,6,7,0.0,flow
784,10.768396517072802,4.768396517072801,arc,6,7,0.0,flow
785,10.7783965170728,4.7783965170728,arc,6,7,0.0,flow
786,10.788396517072801,4.788396517072801,arc,6,7,0.0,flow
787,10.798396517072801,4.798396517072801,arc,6,7,0.0,flow
788,10.8083965170728,4.808396517072801,arc,6,7,0.0,flow
789,10.8183965170728,4.8183965170728005,arc,6,7,0.0,flow
790,10.8283965170728,4.8283965170728,arc,6,7,0.0,flow
791,10.838396517072802,4.838396517072801,arc,6,7,0.0,flow
792,10.8483965170728,4.848396517072801,arc,6,7,0.0,flow
793,10.858396517072801,4.8583965170728005,arc,6,7,0.0,flow
794,10.8683965170728,4.8683965170728,arc,6,7,0.0,flow
795,10.878396517072801,4.878396517072801,arc,6,7,0.0,flow
796,10.8883965170728,4.888396517072801,arc,6,7,0.0,flow
797,10.8983965170728,4.8983965170728005,arc,6,7,0.0,flow
798,10.9083965170728,4.9083965170728,arc,6,7,0.0,flow
799,10.9183965170728,4.918396517072801,arc,6,7,0.0,flow
800,10.928396517072802,4.928396517072801,arc,6,7,0.0,flow
801,10.9383965170728,4.938396517072801,arc,6,7,0.0,flow
802,10.948396517072801,4.9483965170728,arc,6,7,0.0,flow
803,10.958396517072801,4.958396517072801,arc,6,7,0.0,flow
804,10.9683965170728,4.968396517072801,arc,6,7,0.0,flow
805,10.9783965170728,4.978396517072801,arc,6,7,0.0,flow
806,10.9883965170728,4.9883965170728,arc,6,7,0.0,flow
807,10.9983965170728,4.9983965170728,arc,6,7,0.0,flow
808,11.0083965170728,5.008396517072801,arc,6,7,0.0,flow
809,11.018396517072802,5.018396517072801,arc,6,7,0.0,flow
810,11.0283965170728,5.0283965170728,arc,6,7,0.0,flow
811,11.038396517072801,5.038396517072801,arc,6,7,0.0,flow
812,11.048396517072801,5.048396517072801,arc,6,7,0.0,flow
813,11.0583965170728,5.058396517072801,arc,6,7,0.0,flow
814,11.0683965170728,5.0683965170728005,arc,6,7,0.0,flow
815,11.0783965170728,5.0783965170728,arc,6,7,0.0,flow
816,11.088396517072802,5.088396517072801,arc,6,7,0.0,flow
817,11.0983965170728,5.098396517072801,arc,6,7,0.0,flow
818,11.108396517072801,5.1083965170728005,arc,6,7,0.0,flow
819,11.1183965170728,5.1183965170728,arc,6,7,0.0,flow
820,11.128396517072801,5.128396517072801,arc,6,7,0.0,flow
821,11.1383965170728,5.138396517072801,arc,6,7,0.0,flow
822,11.1483965170728,5.1483965170728005,arc,6,7,0.0,flow
823,11.1583965170728,5.1583965170728,arc,6,7,0.0,flow
824,11.1683965170728,5.168396517072801,arc,6,7,0.0,flow
825,11.178396517072802,5.178396517072801,arc,6,7,0.0,flow
826,11.1883965170728,5.188396517072801,arc,6,7,0.0,flow
827,11.198396517072801,5.1983965170728,arc,6,7,0.0,flow
828,11.208078903793066,5.208078903793066,arc,6,7,0.0,pre_impact
829,11.228078903793065,5.208078903793066,bridge,6,7,0.02,bridge
830,11.248078903793065,5.208078903793066,bridge,6,7,0.04,bridge
831,11.268078903793066,5.208078903793066,bridge,6,7,0.06,bridge
832,11.288078903793066,5.208078903793066,bridge,6,7,0.08,bridge
833,11.308078903793065,5.208078903793066,bridge,6,7,0.1,bridge
834,11.328078903793065,5.208078903793066,bridge,6,7,0.12,bridge
835,11.348078903793066,5.208078903793066,bridge,6,7,0.14,bridge
836,11.368078903793066,5.208078903793066,bridge,6,7,0.16,bridge
837,11.388078903793065,5.208078903793066,bridge,6,7,0.18,bridge
838,11.408078903793065,5.208078903793066,bridge,6,7,0.2,bridge
839,11.428078903793066,5.208078903793066,bridge,6,7,0.22,bridge
840,11.448078903793066,5.208078903793066,bridge,6,7,0.24,bridge
841,11.468078903793065,5.208078903793066,bridge,6,7,0.26,bridge
842,11.488078903793065,5.208078903793066,bridge,6,7,0.28,bridge
843,11.508078903793066,5.208078903793066,bridge,6,7,0.3,bridge
844,11.528078903793066,5.208078903793066,bridge,6,7,0.32,bridge
845,11.548078903793066,5.208078903793066,bridge,6,7,0.34,bridge
846,11.568078903793065,5.208078903793066,bridge,6,7,0.36,bridge
847,11.588078903793066,5.208078903793066,bridge,6,7,0.38,bridge
848,11.608078903793066,5.208078903793066,bridge,6,7,0.4,bridge
849,11.628078903793066,5.208078903793066,bridge,6,7,0.42,bridge
850,11.648078903793065,5.208078903793066,bridge,6,7,0.44,bridge
851,11.668078903793067,5.208078903793066,bridge,6,7,0.46,bridge
852,11.688078903793066,5.208078903793066,bridge,6,7,0.48,bridge
853,11.708078903793066,5.208078903793066,bridge,6,7,0.5,bridge
854,11.728078903793065,5.208078903793066,bridge,6,7,0.52,bridge
855,11.748078903793065,5.208078903793066,bridge,6,7,0.54,bridge
856,11.768078903793066,5.208078903793066,bridge,6,7,0.56,bridge
857,11.788078903793066,5.208078903793066,bridge,6,7,0.58,bridge
858,11.808078903793065,5.208078903793066,bridge,6,7,0.6,bridge
859,11.828078903793065,5.208078903793066,bridge,6,7,0.62,bridge
860,11.848078903793066,5.208078903793066,bridge,6,7,0.64,bridge
861,11.868078903793066,5.208078903793066,bridge,6,7,0.66,bridge
862,11.888078903793065,5.208078903793066,bridge,6,7,0.68,bridge
863,11.908078903793065,5.208078903793066,bridge,6,7,0.7000000000000001,bridge
864,11.928078903793066,5.208078903793066,bridge,6,7,0.72,bridge
865,11.948078903793066,5.208078903793066,bridge,6,7,0.74,bridge
866,11.968078903793065,5.208078903793066,bridge,6,7,0.76,bridge
867,11.988078903793065,5.208078903793066,bridge,6,7,0.78,bridge
868,12.008078903793066,5.208078903793066,bridge,6,7,0.8,bridge
869,12.028078903793066,5.208078903793066,bridge,6,7,0.8200000000000001,bridge
870,12.048078903793066,5.208078903793066,bridge,6,7,0.84,bridge
871,12.068078903793065,5.208078903793066,bridge,6,7,0.86,bridge
872,12.088078903793066,5.208078903793066,bridge,6,7,0.88,bridge
873,12.108078903793066,5.208078903793066,bridge,6,7,0.9,bridge
874,12.128078903793066,5.208078903793066,bridge,6,7,0.92,bridge
875,12.148078903793065,5.208078903793066,bridge,6,7,0.9400000000000001,bridge
876,12.168078903793067,5.208078903793066,bridge,6,7,0.96,bridge
877,12.188078903793066,5.208078903793066,bridge,6,7,0.98,bridge
878,12.208078903793066,5.208078903793066,bridge,6,7,1.0,bridge_end
879,12.208078903793066,5.208078903793066,arc,7,8,0.0,post_impact
880,12.218078903793065,5.2180789037930655,arc,7,8,0.0,flow
881,12.228078903793065,5.228078903793065,arc,7,8,0.0,flow
882,12.238078903793067,5.238078903793066,arc,7,8,0.0,flow
883,12.248078903793065,5.248078903793066,arc,7,8,0.0,flow
884,12.258078903793066,5.2580789037930655,arc,7,8,0.0,flow
885,12.268078903793064,5.268078903793065,arc,7,8,0.0,flow
886,12.278078903793066,5.278078903793066,arc,7,8,0.0,flow
887,12.288078903793066,5.288078903793066,arc,7,8,0.0,flow
888,12.298078903793066,5.298078903793066,arc,7,8,0.0,flow
889,12.308078903793065,5.308078903793065,arc,7,8,0.0,flow
890,12.318078903793065,5.318078903793066,arc,7,8,0.0,flow
891,12.328078903793067,5.328078903793066,arc,7,8,0.0,flow
892,12.338078903793065,5.338078903793066,arc,7,8,0.0,flow
893,12.348078903793066,5.348078903793065,arc,7,8,0.0,flow
894,12.358078903793066,5.358078903793066,arc,7,8,0.0,flow
895,12.368078903793066,5.368078903793066,arc,7,8,0.0,flow
896,12.378078903793066,5.378078903793066,arc,7,8,0.0,flow
897,12.388078903793065,5.388078903793065,arc,7,8,0.0,flow
898,12.398078903793067,5.398078903793066,arc,7,8,0.0,flow
899,12.408078903793065,5.408078903793066,arc,7,8,0.0,flow
900,12.418078903793067,5.418078903793066,arc,7,8,0.0,flow
901,12.428078903793065,5.4280789037930655,arc,7,8,0.0,flow
902,12.438078903793066,5.438078903793066,arc,7,8,0.0,flow
903,12.448078903793066,5.448078903793066,arc,7,8,0.0,flow
904,12.458078903793066,5.458078903793066,arc,7,8,0.0,flow
905,12.468078903793065,5.4680789037930655,arc,7,8,0.0,flow
906,12.478078903793065,5.478078903793065,arc,7,8,0.0,flow
907,12.488078903793067,5.488078903793066,arc,7,8,0.0,flow
908,12.498078903793065,5.498078903793066,arc,7,8,0.0,flow
909,12.508078903793066,5.5080789037930655,arc,7,8,0.0,flow
910,12.518078903793064,5.518078903793065,arc,7,8,0.0,flow
911,12.528078903793066,5.528078903793066,arc,7,8,0.0,flow
912,12.538078903793066,5.538078903793066,arc,7,8,0.0,flow
913,12.548078903793066,5.548078903793066,arc,7,8,0.0,flow
914,12.558078903793065,5.558078903793065,arc,7,8,0.0,flow
915,12.568078903793065,5.568078903793066,arc,7,8,0.0,flow
916,12.578078903793067,5.578078903793066,arc,7,8,0.0,flow
917,12.588078903793065,5.588078903793066,arc,7,8,0.0,flow
918,12.598078903793066,5.598078903793065,arc,7,8,0.0,flow
919,12.608078903793066,5.608078903793066,arc,7,8,0.0,flow
920,12.618078903793066,5.618078903793066,arc,7,8,0.0,flow
921,12.628078903793066,5.628078903793066,arc,7,8,0.0,flow
922,12.638078903793065,5.638078903793065,arc,7,8,0.0,flow
923,12.648078903793067,5.648078903793066,arc,7,8,0.0,flow
924,12.658078903793065,5.658078903793066,arc,7,8,0.0,flow
925,12.668078903793067,5.668078903793066,arc,7,8,0.0,flow
926,12.678078903793065,5.6780789037930655,arc,7,8,0.0,flow
927,12.688078903793066,5.688078903793066,arc,7,8,0.0,flow
928,12.698078903793066,5.698078903793066,arc,7,8,0.0,flow
929,12.708078903793066,5.708078903793066,arc,7,8,0.0,flow
930,12.718078903793065,5.7180789037930655,arc,7,8,0.0,flow
931,12.728078903793065,5.728078903793065,arc,7,8,0.0,flow
932,12.738078903793067,5.738078903793066,arc,7,8,0.0,flow
933,12.748078903793065,5.748078903793066,arc,7,8,0.0,flow
934,12.758078903793066,5.7580789037930655,arc,7,8,0.0,flow
935,12.768078903793066,5.768078903793066,arc,7,8,0.0,flow
936,12.778078903793066,5.778078903793066,arc,7,8,0.0,flow
937,12.788078903793066,5.788078903793066,arc,7,8,0.0,flow
938,12.798078903793066,5.798078903793066,arc,7,8,0.0,flow
939,12.808078903793065,5.808078903793065,arc,7,8,0.0,flow
940,12.818078903793065,5.818078903793066,arc,7,8,0.0,flow
941,12.828078903793067,5.828078903793066,arc,7,8,0.0,flow
942,12.838078903793065,5.838078903793066,arc,7,8,0.0,flow
943,12.848078903793066,5.848078903793065,arc,7,8,0.0,flow
944,12.858078903793066,5.858078903793066,arc,7,8,0.0,flow
945,12.868078903793066,5.868078903793066,arc,7,8,0.0,flow
946,12.878078903793066,5.878078903793066,arc,7,8,0.0,flow
947,12.888078903793065,5.888078903793065,arc,7,8,0.0,flow
948,12.898078903793067,5.898078903793066,arc,7,8,0.0,flow
949,12.908078903793065,5.908078903793066,arc,7,8,0.0,flow
950,12.918078903793067,5.918078903793066,arc,7,8,0.0,flow
951,12.928078903793065,5.9280789037930655,arc,7,8,0.0,flow
952,12.938078903793066,5.938078903793066,arc,7,8,0.0,flow
953,12.948078903793066,5.948078903793066,arc,7,8,0.0,flow
954,12.958078903793066,5.958078903793066,arc,7,8,0.0,flow
955,12.968078903793065,5.9680789037930655,arc,7,8,0.0,flow
956,12.978078903793065,5.978078903793065,arc,7,8,0.0,flow
957,12.988078903793067,5.988078903793066,arc,7,8,0.0,flow
958,12.998078903793065,5.998078903793066,arc,7,8,0.0,flow
959,13.00382787637746,6.00382787637746,arc,7,8,0.0,pre_impact
960,13.02382787637746,6.00382787637746,bridge,7,8,0.02,bridge
961,13.04382787637746,6.00382787637746,bridge,7,8,0.04,bridge
962,13.063827876377461,6.00382787637746,bridge,7,8,0.06,bridge
963,13.08382787637746,6.00382787637746,bridge,7,8,0.08,bridge
964,13.10382787637746,6.00382787637746,bridge,7,8,0.1,bridge
965,13.12382787637746,6.00382787637746,bridge,7,8,0.12,bridge
966,13.143827876377461,6.00382787637746,bridge,7,8,0.14,bridge
967,13.16382787637746,6.00382787637746,bridge,7,8,0.16,bridge
968,13.18382787637746,6.00382787637746,bridge,7,8,0.18,bridge
969,13.20382787637746,6.00382787637746,bridge,7,8,0.2,bridge
970,13.223827876377461,6.00382787637746,bridge,7,8,0.22,bridge
971,13.24382787637746,6.00382787637746,bridge,7,8,0.24,bridge
972,13.26382787637746,6.00382787637746,bridge,7,8,0.26,bridge
973,13.28382787637746,6.00382787637746,bridge,7,8,0.28,bridge
974,13.303827876377461,6.00382787637746,bridge,7,8,0.3,bridge
975,13.323827876377461,6.00382787637746,bridge,7,8,0.32,bridge
976,13.34382787637746,6.00382787637746,bridge,7,8,0.34,bridge
977,13.36382787637746,6.00382787637746,bridge,7,8,0.36,bridge
978,13.383827876377461,6.00382787637746,bridge,7,8,0.38,bridge
979,13.403827876377461,6.00382787637746,bridge,7,8,0.4,bridge
980,13.42382787637746,6.00382787637746,bridge,7,8,0.42,bridge
981,13.44382787637746,6.00382787637746,bridge,7,8,0.44,bridge
982,13.463827876377461,6.00382787637746,bridge,7,8,0.46,bridge
983,13.483827876377461,6.00382787637746,bridge,7,8,0.48,bridge
984,13.50382787637746,6.00382787637746,bridge,7,8,0.5,bridge
985,13.52382787637746,6.00382787637746,bridge,7,8,0.52,bridge
986,13.54382787637746,6.00382787637746,bridge,7,8,0.54,bridge
987,13.563827876377461,6.00382787637746,bridge,7,8,0.56,bridge
988,13.58382787637746,6.00382787637746,bridge,7,8,0.58,bridge
989,13.60382787637746,6.00382787637746,bridge,7,8,0.6,bridge
990,13.62382787637746,6.00382787637746,bridge,7,8,0.62,bridge
991,13.643827876377461,6.00382787637746,bridge,7,8,0.64,bridge
992,13.66382787637746,6.00382787637746,bridge,7,8,0.66,bridge
993,13.68382787637746,6.00382787637746,bridge,7,8,0.68,bridge
994,13.70382787637746,6.00382787637746,bridge,7,8,0.7000000000000001,bridge
995,13.723827876377461,6.00382787637746,bridge,7,8,0.72,bridge
996,13.74382787637746,6.00382787637746,bridge,7,8,0.74,bridge
997,13.76382787637746,6.00382787637746,bridge,7,8,0.76,bridge
998,13.78382787637746,6.00382787637746,bridge,7,8,0.78,bridge
999,13.803827876377461,6.00382787637746,bridge,7,8,0.8,bridge
1000,13.823827876377461,6.00382787637746,bridge,7,8,0.8200000000000001,bridge
1001,13.84382787637746,6.00382787637746,bridge,7,8,0.84,bridge
1002,13.86382787637746,6.00382787637746,bridge,7,8,0.86,bridge
1003,13.883827876377461,6.00382787637746,bridge,7,8,0.88,bridge
1004,13.903827876377461,6.00382787637746,bridge,7,8,0.9,bridge
1005,13.92382787637746,6.00382787637746,bridge,7,8,0.92,bridge
1006,13.94382787637746,6.00382787637746,bridge,7,8,0.9400000000000001,bridge
1007,13.963827876377461,6.00382787637746,bridge,7,8,0.96,bridge
1008,13.983827876377461,6.00382787637746,bridge,7,8,0.98,bridge
1009,14.00382787637746,6.00382787637746,bridge,7,8,1.0,bridge_end
1010,14.00382787637746,6.00382787637746,arc,8,9,0.0,post_impact
1011,14.013827876377459,6.0138278763774595,arc,8,9,0.0,flow
1012,14.02382787637746,6.023827876377459,arc,8,9,0.0,flow
1013,14.03382787637746,6.03382787637746,arc,8,9,0.0,flow
1014,14.04382787637746,6.04382787637746,arc,8,9,0.0,flow
1015,14.05382787637746,6.05382787637746,arc,8,9,0.0,flow
1016,14.06382787637746,6.063827876377459,arc,8,9,0.0,flow
1017,14.073827876377461,6.07382787637746,arc,8,9,0.0,flow
1018,14.083827876377459,6.08382787637746,arc,8,9,0.0,flow
1019,14.09382787637746,6.09382787637746,arc,8,9,0.0,flow
1020,14.103827876377458,6.103827876377459,arc,8,9,0.0,flow
1021,14.11382787637746,6.11382787637746,arc,8,9,0.0,flow
1022,14.12382787637746,6.12382787637746,arc,8,9,0.0,flow
1023,14.13382787637746,6.13382787637746,arc,8,9,0.0,flow
1024,14.14382787637746,6.143827876377459,arc,8,9,0.0,flow
1025,14.15382787637746,6.15382787637746,arc,8,9,0.0,flow
1026,14.16382787637746,6.16382787637746,arc,8,9,0.0,flow
1027,14.173827876377459,6.17382787637746,arc,8,9,0.0,flow
1028,14.18382787637746,6.1838278763774595,arc,8,9,0.0,flow
1029,14.19382787637746,6.19382787637746,arc,8,9,0.0,flow
1030,14.20382787637746,6.20382787637746,arc,8,9,0.0,flow
1031,14.21382787637746,6.21382787637746,arc,8,9,0.0,flow
1032,14.22382787637746,6.2238278763774595,arc,8,9,0.0,flow
1033,14.233827876377461,6.23382787637746,arc,8,9,0.0,flow
1034,14.243827876377459,6.24382787637746,arc,8,9,0.0,flow
1035,14.25382787637746,6.25382787637746,arc,8,9,0.0,flow
1036,14.263827876377459,6.2638278763774595,arc,8,9,0.0,flow
1037,14.27382787637746,6.27382787637746,arc,8,9,0.0,flow
1038,14.28382787637746,6.28382787637746,arc,8,9,0.0,flow
1039,14.29382787637746,6.29382787637746,arc,8,9,0.0,flow
1040,14.30382787637746,6.30382787637746,arc,8,9,0.0,flow
1041,14.31382787637746,6.313827876377459,arc,8,9,0.0,flow
1042,14.323827876377461,6.32382787637746,arc,8,9,0.0,flow
1043,14.333827876377459,6.33382787637746,arc,8,9,0.0,flow
1044,14.34382787637746,6.34382787637746,arc,8,9,0.0,flow
1045,14.353827876377458,6.353827876377459,arc,8,9,0.0,flow
1046,14.36382787637746,6.36382787637746,arc,8,9,0.0,flow
1047,14.37382787637746,6.37382787637746,arc,8,9,0.0,flow
1048,14.38382787637746,6.38382787637746,arc,8,9,0.0,flow
1049,14.39382787637746,6.393827876377459,arc,8,9,0.0,flow
1050,14.40382787637746,6.40382787637746,arc,8,9,0.0,flow
1051,14.41382787637746,6.41382787637746,arc,8,9,0.0,flow
1052,14.423827876377459,6.42382787637746,arc,8,9,0.0,flow
1053,14.43382787637746,6.4338278763774595,arc,8,9,0.0,flow
1054,14.44382787637746,6.44382787637746,arc,8,9,0.0,flow
1055,14.45382787637746,6.45382787637746,arc,8,9,0.0,flow
1056,14.46382787637746,6.46382787637746,arc,8,9,0.0,flow
1057,14.47382787637746,6.4738278763774595,arc,8,9,0.0,flow
1058,14.48382787637746,6.483827876377459,arc,8,9,0.0,flow
1059,14.493827876377459,6.49382787637746,arc,8,9,0.0,flow
1060,14.50382787637746,6.50382787637746,arc,8,9,0.0,flow
1061,14.513827876377459,6.5138278763774595,arc,8,9,0.0,flow
1062,14.52382787637746,6.52382787637746,arc,8,9,0.0,flow
1063,14.53382787637746,6.53382787637746,arc,8,9,0.0,flow
1064,14.54382787637746,6.54382787637746,arc,8,9,0.0,flow
1065,14.55382787637746,6.55382787637746,arc,8,9,0.0,flow
1066,14.56382787637746,6.563827876377459,arc,8,9,0.0,flow
1067,14.573827876377461,6.57382787637746,arc,8,9,0.0,flow
1068,14.583827876377459,6.58382787637746,arc,8,9,0.0,flow
1069,14.59382787637746,6.59382787637746,arc,8,9,0.0,flow
1070,14.603827876377458,6.603827876377459,arc,8,9,0.0,flow
1071,14.61382787637746,6.61382787637746,arc,8,9,0.0,flow
1072,14.62382787637746,6.62382787637746,arc,8,9,0.0,flow
1073,14.63382787637746,6.63382787637746,arc,8,9,0.0,flow
1074,14.64382787637746,6.643827876377459,arc,8,9,0.0,flow
1075,14.65382787637746,6.65382787637746,arc,8,9,0.0,flow
1076,14.66382787637746,6.66382787637746,arc,8,9,0.0,flow
1077,14.673827876377459,6.67382787637746,arc,8,9,0.0,flow
1078,14.68382787637746,6.6838278763774595,arc,8,9,0.0,flow
1079,14.69382787637746,6.69382787637746,arc,8,9,0.0,flow
1080,14.70382787637746,6.70382787637746,arc,8,9,0.0,flow
1081,14.71382787637746,6.71382787637746,arc,8,9,0.0,flow
1082,14.721292950530461,6.721292950530461,arc,8,9,0.0,pre_impact
1083,14.741292950530461,6.721292950530461,bridge,8,9,0.02,bridge
1084,14.76129295053046,6.721292950530461,bridge,8,9,0.04,bridge
1085,14.781292950530462,6.721292950530461,bridge,8,9,0.06,bridge
1086,14.801292950530462,6.721292950530461,bridge,8,9,0.08,bridge
1087,14.821292950530461,6.721292950530461,bridge,8,9,0.1,bridge
1088,14.84129295053046,6.721292950530461,bridge,8,9,0.12,bridge
1089,14.861292950530462,6.721292950530461,bridge,8,9,0.14,bridge
1090,14.881292950530462,6.721292950530461,bridge,8,9,0.16,bridge
1091,14.901292950530461,6.721292950530461,bridge,8,9,0.18,bridge
1092,14.92129295053046,6.721292950530461,bridge,8,9,0.2,bridge
1093,14.941292950530462,6.721292950530461,bridge,8,9,0.22,bridge
1094,14.961292950530462,6.721292950530461,bridge,8,9,0.24,bridge
1095,14.981292950530461,6.721292950530461,bridge,8,9,0.26,bridge
1096,15.00129295053046,6.721292950530461,bridge,8,9,0.28,bridge
1097,15.021292950530462,6.721292950530461,bridge,8,9,0.3,bridge
1098,15.041292950530462,6.721292950530461,bridge,8,9,0.32,bridge
1099,15.061292950530461,6.721292950530461,bridge,8,9,0.34,bridge
1100,15.081292950530461,6.721292950530461,bridge,8,9,0.36,bridge
1101,15.101292950530462,6.721292950530461,bridge,8,9,0.38,bridge
1102,15.121292950530462,6.721292950530461,bridge,8,9,0.4,bridge
1103,15.141292950530461,6.721292950530461,bridge,8,9,0.42,bridge
1104,15.161292950530461,6.721292950530461,bridge,8,9,0.44,bridge
1105,15.181292950530462,6.721292950530461,bridge,8,9,0.46,bridge
1106,15.201292950530462,6.721292950530461,bridge,8,9,0.48,bridge
1107,15.221292950530461,6.721292950530461,bridge,8,9,0.5,bridge
1108,15.241292950530461,6.721292950530461,bridge,8,9,0.52,bridge
1109,15.26129295053046,6.721292950530461,bridge,8,9,0.54,bridge
1110,15.281292950530462,6.721292950530461,bridge,8,9,0.56,bridge
1111,15.301292950530462,6.721292950530461,bridge,8,9,0.58,bridge
1112,15.321292950530461,6.721292950530461,bridge,8,9,0.6,bridge
1113,15.34129295053046,6.721292950530461,bridge,8,9,0.62,bridge
1114,15.361292950530462,6.721292950530461,bridge,8,9,0.64,bridge
1115,15.381292950530462,6.721292950530461,bridge,8,9,0.66,bridge
1116,15.401292950530461,6.721292950530461,bridge,8,9,0.68,bridge
1117,15.42129295053046,6.721292950530461,bridge,8,9,0.7000000000000001,bridge
1118,15.441292950530462,6.721292950530461,bridge,8,9,0.72,bridge
1119,15.461292950530462,6.721292950530461,bridge,8,9,0.74,bridge
1120,15.481292950530461,6.721292950530461,bridge,8,9,0.76,bridge
1121,15.50129295053046,6.721292950530461,bridge,8,9,0.78,bridge
1122,15.521292950530462,6.721292950530461,bridge,8,9,0.8,bridge
1123,15.541292950530462,6.721292950530461,bridge,8,9,0.8200000000000001,bridge
1124,15.561292950530461,6.721292950530461,bridge,8,9,0.84,bridge
1125,15.581292950530461,6.721292950530461,bridge,8,9,0.86,bridge
1126,15.601292950530462,6.721292950530461,bridge,8,9,0.88,bridge
1127,15.621292950530462,6.721292950530461,bridge,8,9,0.9,bridge
1128,15.641292950530461,6.721292950530461,bridge,8,9,0.92,bridge
1129,15.661292950530461,6.721292950530461,bridge,8,9,0.9400000000000001,bridge
1130,15.681292950530462,6.721292950530461,bridge,8,9,0.96,bridge
1131,15.701292950530462,6.721292950530461,bridge,8,9,0.98,bridge
1132,15.721292950530461,6.721292950530461,bridge,8,9,1.0,bridge_end
1133,15.721292950530461,6.721292950530461,arc,9,10,0.0,post_impact
1134,15.73129295053046,6.73129295053046,arc,9,10,0.0,flow
1135,15.741292950530461,6.74129295053046,arc,9,10,0.0,flow
1136,15.75129295053046,6.751292950530461,arc,9,10,0.0,flow
1137,15.76129295053046,6.761292950530461,arc,9,10,0.0,flow
1138,15.77129295053046,6.77129295053046,arc,9,10,0.0,flow
1139,15.78129295053046,6.78129295053046,arc,9,10,0.0,flow
1140,15.791292950530462,6.791292950530461,arc,9,10,0.0,flow
1141,15.80129295053046,6.801292950530461,arc,9,10,0.0,flow
1142,15.811292950530461,6.8112929505304605,arc,9,10,0.0,flow
1143,15.82129295053046,6.82129295053046,arc,9,10,0.0,flow
1144,15.831292950530461,6.831292950530461,arc,9,10,0.0,flow
1145,15.84129295053046,6.841292950530461,arc,9,10,0.0,flow
1146,15.85129295053046,6.8512929505304605,arc,9,10,0.0,flow
1147,15.86129295053046,6.86129295053046,arc,9,10,0.0,flow
1148,15.87129295053046,6.871292950530461,arc,9,10,0.0,flow
1149,15.881292950530462,6.881292950530461,arc,9,10,0.0,flow
1150,15.89129295053046,6.8912929505304605,arc,9,10,0.0,flow
1151,15.901292950530461,6.90129295053046,arc,9,10,0.0,flow
1152,15.911292950530461,6.911292950530461,arc,9,10,0.0,flow
1153,15.92129295053046,6.921292950530461,arc,9,10,0.0,flow
1154,15.93129295053046,6.931292950530461,arc,9,10,0.0,flow
1155,15.94129295053046,6.94129295053046,arc,9,10,0.0,flow
1156,15.951292950530462,6.951292950530461,arc,9,10,0.0,flow
1157,15.96129295053046,6.961292950530461,arc,9,10,0.0,flow
1158,15.971292950530461,6.971292950530461,arc,9,10,0.0,flow
1159,15.98129295053046,6.98129295053046,arc,9,10,0.0,flow
1160,15.991292950530461,6.991292950530461,arc,9,10,0.0,flow
1161,16.001292950530463,7.001292950530461,arc,9,10,0.0,flow
1162,16.01129295053046,7.011292950530461,arc,9,10,0.0,flow
1163,16.02129295053046,7.02129295053046,arc,9,10,0.0,flow
1164,16.03129295053046,7.03129295053046,arc,9,10,0.0,flow
1165,16.041292950530462,7.041292950530461,arc,9,10,0.0,flow
1166,16.05129295053046,7.051292950530461,arc,9,10,0.0,flow
1167,16.06129295053046,7.0612929505304605,arc,9,10,0.0,flow
1168,16.07129295053046,7.07129295053046,arc,9,10,0.0,flow
1169,16.08129295053046,7.081292950530461,arc,9,10,0.0,flow
1170,16.09129295053046,7.091292950530461,arc,9,10,0.0,flow
1171,16.10129295053046,7.1012929505304605,arc,9,10,0.0,flow
1172,16.111292950530462,7.11129295053046,arc,9,10,0.0,flow
1173,16.12129295053046,7.121292950530461,arc,9,10,0.0,flow
1174,16.13129295053046,7.131292950530461,arc,9,10,0.0,flow
1175,16.14129295053046,7.1412929505304605,arc,9,10,0.0,flow
1176,16.15129295053046,7.15129295053046,arc,9,10,0.0,flow
1177,16.16129295053046,7.161292950530461,arc,9,10,0.0,flow
1178,16.17129295053046,7.171292950530461,arc,9,10,0.0,flow
1179,16.181292950530462,7.181292950530461,arc,9,10,0.0,flow
1180,16.19129295053046,7.19129295053046,arc,9,10,0.0,flow
1181,16.20129295053046,7.20129295053046,arc,9,10,0.0,flow
1182,16.21129295053046,7.211292950530461,arc,9,10,0.0,flow
1183,16.22129295053046,7.221292950530461,arc,9,10,0.0,flow
1184,16.23129295053046,7.23129295053046,arc,9,10,0.0,flow
1185,16.24129295053046,7.241292950530461,arc,9,10,0.0,flow
1186,16.251292950530463,7.251292950530461,arc,9,10,0.0,flow
1187,16.26129295053046,7.261292950530461,arc,9,10,0.0,flow
1188,16.27129295053046,7.27129295053046,arc,9,10,0.0,flow
1189,16.28129295053046,7.28129295053046,arc,9,10,0.0,flow
1190,16.291292950530462,7.291292950530461,arc,9,10,0.0,flow
1191,16.30129295053046,7.301292950530461,arc,9,10,0.0,flow
1192,16.31129295053046,7.3112929505304605,arc,9,10,0.0,flow
1193,16.32129295053046,7.32129295053046,arc,9,10,0.0,flow
1194,16.33129295053046,7.331292950530461,arc,9,10,0.0,flow
1195,16.34129295053046,7.341292950530461,arc,9,10,0.0,flow
1196,16.35129295053046,7.3512929505304605,arc,9,10,0.0,flow
1197,16.361292950530462,7.36129295053046,arc,9,10,0.0,flow
1198,16.37129295053046,7.371292950530461,arc,9,10,0.0,flow
1199,16.38129295053046,7.381292950530461,arc,9,10,0.0,flow
1200,16.39129295053046,7.3912929505304605,arc,9,10,0.0,flow
1201,16.40129295053046,7.40129295053046,arc,9,10,0.0,flow
1202,16.41129295053046,7.411292950530461,arc,9,10,0.0,flow
1203,16.42129295053046,7.421292950530461,arc,9,10,0.0,flow
1204,16.431292950530462,7.431292950530461,arc,9,10,0.0,flow
1205,16.44129295053046,7.44129295053046,arc,9,10,0.0,flow
1206,16.45129295053046,7.45129295053046,arc,9,10,0.0,flow
1207,16.46129295053046,7.461292950530461,arc,9,10,0.0,flow
1208,16.47129295053046,7.471292950530461,arc,9,10,0.0,flow
1209,16.48129295053046,7.48129295053046,arc,9,10,0.0,flow
1210,16.49129295053046,7.491292950530461,arc,9,10,0.0,flow
1211,16.501292950530463,7.501292950530461,arc,9,10,0.0,flow
1212,16.51129295053046,7.511292950530461,arc,9,10,0.0,flow
1213,16.520310455025555,7.520310455025554,arc,9,10,0.0,pre_impact
1214,16.540310455025555,7.520310455025554,bridge,9,10,0.02,bridge
1215,16.560310455025554,7.520310455025554,bridge,9,10,0.04,bridge
1216,16.580310455025554,7.520310455025554,bridge,9,10,0.06,bridge
1217,16.600310455025554,7.520310455025554,bridge,9,10,0.08,bridge
1218,16.620310455025557,7.520310455025554,bridge,9,10,0.1,bridge
1219,16.640310455025556,7.520310455025554,bridge,9,10,0.12,bridge
1220,16.660310455025556,7.520310455025554,bridge,9,10,0.14,bridge
1221,16.680310455025555,7.520310455025554,bridge,9,10,0.16,bridge
1222,16.700310455025555,7.520310455025554,bridge,9,10,0.18,bridge
1223,16.720310455025555,7.520310455025554,bridge,9,10,0.2,bridge
1224,16.740310455025554,7.520310455025554,bridge,9,10,0.22,bridge
1225,16.760310455025554,7.520310455025554,bridge,9,10,0.24,bridge
1226,16.780310455025557,7.520310455025554,bridge,9,10,0.26,bridge
1227,16.800310455025556,7.520310455025554,bridge,9,10,0.28,bridge
1228,16.820310455025556,7.520310455025554,bridge,9,10,0.3,bridge
1229,16.840310455025556,7.520310455025554,bridge,9,10,0.32,bridge
1230,16.860310455025555,7.520310455025554,bridge,9,10,0.34,bridge
1231,16.880310455025555,7.520310455025554,bridge,9,10,0.36,bridge
1232,16.900310455025554,7.520310455025554,bridge,9,10,0.38,bridge
1233,16.920310455025554,7.520310455025554,bridge,9,10,0.4,bridge
1234,16.940310455025557,7.520310455025554,bridge,9,10,0.42,bridge
1235,16.960310455025557,7.520310455025554,bridge,9,10,0.44,bridge
1236,16.980310455025556,7.520310455025554,bridge,9,10,0.46,bridge
1237,17.000310455025556,7.520310455025554,bridge,9,10,0.48,bridge
1238,17.020310455025555,7.520310455025554,bridge,9,10,0.5,bridge
1239,17.040310455025555,7.520310455025554,bridge,9,10,0.52,bridge
1240,17.060310455025554,7.520310455025554,bridge,9,10,0.54,bridge
1241,17.080310455025554,7.520310455025554,bridge,9,10,0.56,bridge
1242,17.100310455025554,7.520310455025554,bridge,9,10,0.58,bridge
1243,17.120310455025557,7.520310455025554,bridge,9,10,0.6,bridge
1244,17.140310455025556,7.520310455025554,bridge,9,10,0.62,bridge
1245,17.160310455025556,7.520310455025554,bridge,9,10,0.64,bridge
1246,17.180310455025555,7.520310455025554,bridge,9,10,0.66,bridge
1247,17.200310455025555,7.520310455025554,bridge,9,10,0.68,bridge
1248,17.220310455025555,7.520310455025554,bridge,9,10,0.7000000000000001,bridge
1249,17.240310455025554,7.520310455025554,bridge,9,10,0.72,bridge
1250,17.260310455025554,7.520310455025554,bridge,9,10,0.74,bridge
1251,17.280310455025557,7.520310455025554,bridge,9,10,0.76,bridge
1252,17.300310455025556,7.520310455025554,bridge,9,10,0.78,bridge
1253,17.320310455025556,7.520310455025554,bridge,9,10,0.8,bridge
1254,17.340310455025556,7.520310455025554,bridge,9,10,0.8200000000000001,bridge
1255,17.360310455025555,7.520310455025554,bridge,9,10,0.84,bridge
1256,17.380310455025555,7.520310455025554,bridge,9,10,0.86,bridge
1257,17.400310455025554,7.520310455025554,bridge,9,10,0.88,bridge
1258,17.420310455025554,7.520310455025554,bridge,9,10,0.9,bridge
1259,17.440310455025557,7.520310455025554,bridge,9,10,0.92,bridge
1260,17.460310455025557,7.520310455025554,bridge,9,10,0.9400000000000001,bridge
1261,17.480310455025556,7.520310455025554,bridge,9,10,0.96,bridge
1262,17.500310455025556,7.520310455025554,bridge,9,10,0.98,bridge
1263,17.520310455025555,7.520310455025554,bridge,9,10,1.0,bridge_end
1264,17.520310455025555,7.520310455025554,arc,10,11,0.0,post_impact
1265,17.530310455025553,7.530310455025554,arc,10,11,0.0,flow
1266,17.540310455025555,7.540310455025554,arc,10,11,0.0,flow
1267,17.550310455025553,7.550310455025555,arc,10,11,0.0,flow
1268,17.560310455025554,7.560310455025554,arc,10,11,0.0,flow
1269,17.570310455025556,7.570310455025554,arc,10,11,0.0,flow
1270,17.580310455025554,7.580310455025554,arc,10,11,0.0,flow
1271,17.590310455025556,7.590310455025555,arc,10,11,0.0,flow
1272,17.600310455025554,7.6003104550255545,arc,10,11,0.0,flow
1273,17.610310455025555,7.610310455025554,arc,10,11,0.0,flow
1274,17.620310455025553,7.620310455025554,arc,10,11,0.0,flow
1275,17.630310455025555,7.630310455025555,arc,10,11,0.0,flow
1276,17.640310455025556,7.6403104550255545,arc,10,11,0.0,flow
1277,17.650310455025554,7.650310455025554,arc,10,11,0.0,flow
1278,17.660310455025552,7.660310455025554,arc,10,11,0.0,flow
1279,17.670310455025554,7.670310455025555,arc,10,11,0.0,flow
1280,17.680310455025555,7.6803104550255545,arc,10,11,0.0,flow
1281,17.690310455025553,7.690310455025554,arc,10,11,0.0,flow
1282,17.700310455025555,7.700310455025554,arc,10,11,0.0,flow
1283,17.710310455025557,7.710310455025555,arc,10,11,0.0,flow
1284,17.720310455025555,7.720310455025555,arc,10,11,0.0,flow
1285,17.730310455025553,7.730310455025554,arc,10,11,0.0,flow
1286,17.740310455025554,7.740310455025554,arc,10,11,0.0,flow
1287,17.750310455025556,7.750310455025555,arc,10,11,0.0,flow
1288,17.760310455025554,7.760310455025555,arc,10,11,0.0,flow
1289,17.770310455025555,7.770310455025554,arc,10,11,0.0,flow
1290,17.780310455025553,7.780310455025554,arc,10,11,0.0,flow
1291,17.790310455025555,7.790310455025555,arc,10,11,0.0,flow
1292,17.800310455025553,7.800310455025555,arc,10,11,0.0,flow
1293,17.810310455025554,7.810310455025554,arc,10,11,0.0,flow
1294,17.820310455025556,7.820310455025554,arc,10,11,0.0,flow
1295,17.830310455025554,7.830310455025554,arc,10,11,0.0,flow
1296,17.840310455025556,7.840310455025555,arc,10,11,0.0,flow
1297,17.850310455025554,7.8503104550255545,arc,10,11,0.0,flow
1298,17.860310455025555,7.860310455025554,arc,10,11,0.0,flow
1299,17.870310455025553,7.870310455025554,arc,10,11,0.0,flow
1300,17.880310455025555,7.880310455025555,arc,10,11,0.0,flow
1301,17.890310455025556,7.8903104550255545,arc,10,11,0.0,flow
1302,17.900310455025554,7.900310455025554,arc,10,11,0.0,flow
1303,17.910310455025552,7.910310455025554,arc,10,11,0.0,flow
1304,17.920310455025554,7.920310455025555,arc,10,11,0.0,flow
1305,17.930310455025555,7.9303104550255545,arc,10,11,0.0,flow
1306,17.940310455025553,7.940310455025554,arc,10,11,0.0,flow
1307,17.950310455025555,7.950310455025554,arc,10,11,0.0,flow
1308,17.960310455025557,7.960310455025555,arc,10,11,0.0,flow
1309,17.970310455025555,7.970310455025555,arc,10,11,0.0,flow
1310,17.980310455025553,7.980310455025554,arc,10,11,0.0,flow
1311,17.990310455025554,7.990310455025554,arc,10,11,0.0,flow
1312,18.000310455025556,8.000310455025554,arc,10,11,0.0,flow
1313,18.010310455025554,8.010310455025554,arc,10,11,0.0,flow
1314,18.020310455025555,8.020310455025555,arc,10,11,0.0,flow
1315,18.030310455025557,8.030310455025555,arc,10,11,0.0,flow
1316,18.040310455025555,8.040310455025555,arc,10,11,0.0,flow
1317,18.050310455025553,8.050310455025555,arc,10,11,0.0,flow
1318,18.060310455025554,8.060310455025554,arc,10,11,0.0,flow
1319,18.070310455025556,8.070310455025554,arc,10,11,0.0,flow
1320,18.080310455025554,8.080310455025554,arc,10,11,0.0,flow
1321,18.090310455025552,8.090310455025554,arc,10,11,0.0,flow
1322,18.100310455025554,8.100310455025554,arc,10,11,0.0,flow
1323,18.110310455025555,8.110310455025555,arc,10,11,0.0,flow
1324,18.120310455025553,8.120310455025555,arc,10,11,0.0,flow
1325,18.130310455025555,8.130310455025555,arc,10,11,0.0,flow
1326,18.140310455025556,8.140310455025555,arc,10,11,0.0,flow
1327,18.150310455025554,8.150310455025554,arc,10,11,0.0,flow
1328,18.160310455025552,8.160310455025554,arc,10,11,0.0,flow
1329,18.170310455025554,8.170310455025554,arc,10,11,0.0,flow
1330,18.180310455025555,8.180310455025554,arc,10,11,0.0,flow
1331,18.190310455025553,8.190310455025555,arc,10,11,0.0,flow
1332,18.200310455025555,8.200310455025555,arc,10,11,0.0,flow
1333,18.209992842196307,8.209992842196309,arc,10,11,0.0,pre_impact
1334,18.229992842196307,8.209992842196309,bridge,10,11,0.02,bridge
1335,18.249992842196306,8.209992842196309,bridge,10,11,0.04,bridge
1336,18.269992842196306,8.209992842196309,bridge,10,11,0.06,bridge
1337,18.289992842196305,8.209992842196309,bridge,10,11,0.08,bridge
1338,18.30999284219631,8.209992842196309,bridge,10,11,0.1,bridge
1339,18.329992842196308,8.209992842196309,bridge,10,11,0.12,bridge
1340,18.349992842196308,8.209992842196309,bridge,10,11,0.14,bridge
1341,18.369992842196307,8.209992842196309,bridge,10,11,0.16,bridge
1342,18.389992842196307,8.209992842196309,bridge,10,11,0.18,bridge
1343,18.409992842196306,8.209992842196309,bridge,10,11,0.2,bridge
1344,18.429992842196306,8.209992842196309,bridge,10,11,0.22,bridge
1345,18.449992842196306,8.209992842196309,bridge,10,11,0.24,bridge
1346,18.46999284219631,8.209992842196309,bridge,10,11,0.26,bridge
1347,18.48999284219631,8.209992842196309,bridge,10,11,0.28,bridge
1348,18.509992842196308,8.209992842196309,bridge,10,11,0.3,bridge
1349,18.529992842196307,8.209992842196309,bridge,10,11,0.32,bridge
1350,18.549992842196307,8.209992842196309,bridge,10,11,0.34,bridge
1351,18.569992842196307,8.209992842196309,bridge,10,11,0.36,bridge
1352,18.589992842196306,8.209992842196309,bridge,10,11,0.38,bridge
1353,18.609992842196306,8.209992842196309,bridge,10,11,0.4,bridge
1354,18.62999284219631,8.209992842196309,bridge,10,11,0.42,bridge
1355,18.64999284219631,8.209992842196309,bridge,10,11,0.44,bridge
1356,18.669992842196308,8.209992842196309,bridge,10,11,0.46,bridge
1357,18.689992842196308,8.209992842196309,bridge,10,11,0.48,bridge
1358,18.709992842196307,8.209992842196309,bridge,10,11,0.5,bridge
1359,18.729992842196307,8.209992842196309,bridge,10,11,0.52,bridge
1360,18.749992842196306,8.209992842196309,bridge,10,11,0.54,bridge
1361,18.769992842196306,8.209992842196309,bridge,10,11,0.56,bridge
1362,18.789992842196305,8.209992842196309,bridge,10,11,0.58,bridge
1363,18.80999284219631,8.209992842196309,bridge,10,11,0.6,bridge
1364,18.829992842196308,8.209992842196309,bridge,10,11,0.62,bridge
1365,18.849992842196308,8.209992842196309,bridge,10,11,0.64,bridge
1366,18.869992842196307,8.209992842196309,bridge,10,11,0.66,bridge
1367,18.889992842196307,8.209992842196309,bridge,10,11,0.68,bridge
1368,18.909992842196306,8.209992842196309,bridge,10,11,0.7000000000000001,bridge
1369,18.929992842196306,8.209992842196309,bridge,10,11,0.72,bridge
1370,18.949992842196306,8.209992842196309,bridge,10,11,0.74,bridge
1371,18.96999284219631,8.209992842196309,bridge,10,11,0.76,bridge
1372,18.98999284219631,8.209992842196309,bridge,10,11,0.78,bridge
1373,19.009992842196308,8.209992842196309,bridge,10,11,0.8,bridge
1374,19.029992842196307,8.209992842196309,bridge,10,11,0.8200000000000001,bridge
1375,19.049992842196307,8.209992842196309,bridge,10,11,0.84,bridge
1376,19.069992842196307,8.209992842196309,bridge,10,11,0.86,bridge
1377,19.089992842196306,8.209992842196309,bridge,10,11,0.88,bridge
1378,19.109992842196306,8.209992842196309,bridge,10,11,0.9,bridge
1379,19.12999284219631,8.209992842196309,bridge,10,11,0.92,bridge
1380,19.14999284219631,8.209992842196309,bridge,10,11,0.9400000000000001,bridge
1381,19.169992842196308,8.209992842196309,bridge,10,11,0.96,bridge
1382,19.189992842196308,8.209992842196309,bridge,10,11,0.98,bridge
1383,19.209992842196307,8.209992842196309,bridge,10,11,1.0,bridge_end
1384,19.209992842196307,8.209992842196309,arc,11,12,0.0,post_impact
1385,19.21999284219631,8.219992842196309,arc,11,12,0.0,flow
1386,19.22999284219631,8.229992842196308,arc,11,12,0.0,flow
1387,19.23999284219631,8.239992842196308,arc,11,12,0.0,flow
1388,19.249992842196306,8.249992842196308,arc,11,12,0.0,flow
1389,19.25999284219631,8.25999284219631,arc,11,12,0.0,flow
1390,19.26999284219631,8.26999284219631,arc,11,12,0.0,flow
1391,19.279992842196307,8.27999284219631,arc,11,12,0.0,flow
1392,19.28999284219631,8.289992842196309,arc,11,12,0.0,flow
1393,19.29999284219631,8.299992842196309,arc,11,12,0.0,flow
1394,19.30999284219631,8.309992842196309,arc,11,12,0.0,flow
1395,19.319992842196307,8.319992842196308,arc,11,12,0.0,flow
1396,19.329992842196308,8.329992842196308,arc,11,12,0.0,flow
1397,19.33999284219631,8.33999284219631,arc,11,12,0.0,flow
1398,19.349992842196308,8.34999284219631,arc,11,12,0.0,flow
1399,19.35999284219631,8.35999284219631,arc,11,12,0.0,flow
1400,19.36999284219631,8.369992842196309,arc,11,12,0.0,flow
1401,19.37999284219631,8.379992842196309,arc,11,12,0.0,flow
1402,19.389992842196307,8.389992842196309,arc,11,12,0.0,flow
1403,19.39999284219631,8.399992842196308,arc,11,12,0.0,flow
1404,19.40999284219631,8.409992842196308,arc,11,12,0.0,flow
1405,19.419992842196308,8.41999284219631,arc,11,12,0.0,flow
1406,19.42999284219631,8.42999284219631,arc,11,12,0.0,flow
1407,19.43999284219631,8.43999284219631,arc,11,12,0.0,flow
1408,19.44999284219631,8.449992842196309,arc,11,12,0.0,flow
1409,19.459992842196307,8.459992842196309,arc,11,12,0.0,flow
1410,19.46999284219631,8.469992842196309,arc,11,12,0.0,flow
1411,19.47999284219631,8.479992842196308,arc,11,12,0.0,flow
1412,19.48999284219631,8.489992842196308,arc,11,12,0.0,flow
1413,19.499992842196306,8.499992842196308,arc,11,12,0.0,flow
1414,19.50999284219631,8.50999284219631,arc,11,12,0.0,flow
1415,19.51999284219631,8.51999284219631,arc,11,12,0.0,flow
1416,19.529992842196307,8.52999284219631,arc,11,12,0.0,flow
1417,19.53999284219631,8.539992842196309,arc,11,12,0.0,flow
1418,19.54999284219631,8.549992842196309,arc,11,12,0.0,flow
1419,19.55999284219631,8.559992842196309,arc,11,12,0.0,flow
1420,19.569992842196307,8.569992842196308,arc,11,12,0.0,flow
1421,19.579992842196308,8.579992842196308,arc,11,12,0.0,flow
1422,19.58999284219631,8.58999284219631,arc,11,12,0.0,flow
1423,19.599992842196308,8.59999284219631,arc,11,12,0.0,flow
1424,19.60999284219631,8.60999284219631,arc,11,12,0.0,flow
1425,19.61999284219631,8.619992842196309,arc,11,12,0.0,flow
1426,19.62999284219631,8.629992842196309,arc,11,12,0.0,flow
1427,19.639992842196307,8.639992842196309,arc,11,12,0.0,flow
1428,19.64999284219631,8.649992842196308,arc,11,12,0.0,flow
1429,19.65999284219631,8.659992842196308,arc,11,12,0.0,flow
1430,19.669992842196308,8.66999284219631,arc,11,12,0.0,flow
1431,19.67999284219631,8.67999284219631,arc,11,12,0.0,flow
1432,19.68999284219631,8.68999284219631,arc,11,12,0.0,flow
1433,19.69999284219631,8.699992842196309,arc,11,12,0.0,flow
1434,19.709992842196307,8.709992842196309,arc,11,12,0.0,flow
1435,19.71999284219631,8.719992842196309,arc,11,12,0.0,flow
1436,19.72999284219631,8.729992842196308,arc,11,12,0.0,flow
1437,19.73999284219631,8.739992842196308,arc,11,12,0.0,flow
1438,19.74999284219631,8.74999284219631,arc,11,12,0.0,flow
1439,19.75999284219631,8.75999284219631,arc,11,12,0.0,flow
1440,19.76999284219631,8.76999284219631,arc,11,12,0.0,flow
1441,19.779992842196307,8.77999284219631,arc,11,12,0.0,flow
1442,19.78999284219631,8.789992842196309,arc,11,12,0.0,flow
1443,19.79999284219631,8.799992842196309,arc,11,12,0.0,flow
1444,19.80999284219631,8.809992842196309,arc,11,12,0.0,flow
1445,19.819992842196307,8.819992842196308,arc,11,12,0.0,flow
1446,19.829992842196308,8.829992842196308,arc,11,12,0.0,flow
1447,19.83999284219631,8.83999284219631,arc,11,12,0.0,flow
1448,19.849992842196308,8.84999284219631,arc,11,12,0.0,flow
1449,19.85999284219631,8.85999284219631,arc,11,12,0.0,flow
1450,19.86999284219631,8.869992842196309,arc,11,12,0.0,flow
1451,19.87999284219631,8.879992842196309,arc,11,12,0.0,flow
1452,19.889992842196307,8.889992842196309,arc,11,12,0.0,flow
1453,19.89999284219631,8.899992842196308,arc,11,12,0.0,flow
1454,19.90999284219631,8.909992842196308,arc,11,12,0.0,flow
1455,19.919992842196308,8.919992842196308,arc,11,12,0.0,flow
1456,19.92999284219631,8.92999284219631,arc,11,12,0.0,flow
1457,19.93999284219631,8.93999284219631,arc,11,12,0.0,flow
1458,19.94999284219631,8.949992842196309,arc,11,12,0.0,flow
1459,19.959992842196307,8.959992842196309,arc,11,12,0.0,flow
1460,19.96999284219631,8.969992842196309,arc,11,12,0.0,flow
1461,19.97999284219631,8.979992842196308,arc,11,12,0.0,flow
1462,19.98999284219631,8.989992842196308,arc,11,12,0.0,flow
1463,19.99999284219631,8.99999284219631,arc,11,12,0.0,flow
1464,20.005741815021587,9.005741815021587,arc,11,12,0.0,pre_impact
1465,20.025741815021586,9.005741815021587,bridge,11,12,0.02,bridge
1466,20.045741815021586,9.005741815021587,bridge,11,12,0.04,bridge
1467,20.065741815021585,9.005741815021587,bridge,11,12,0.06,bridge
1468,20.085741815021585,9.005741815021587,bridge,11,12,0.08,bridge
1469,20.105741815021588,9.005741815021587,bridge,11,12,0.1,bridge
1470,20.125741815021588,9.005741815021587,bridge,11,12,0.12,bridge
1471,20.145741815021587,9.005741815021587,bridge,11,12,0.14,bridge
1472,20.165741815021587,9.005741815021587,bridge,11,12,0.16,bridge
1473,20.185741815021586,9.005741815021587,bridge,11,12,0.18,bridge
1474,20.205741815021586,9.005741815021587,bridge,11,12,0.2,bridge
1475,20.225741815021586,9.005741815021587,bridge,11,12,0.22,bridge
1476,20.245741815021585,9.005741815021587,bridge,11,12,0.24,bridge
1477,20.265741815021588,9.005741815021587,bridge,11,12,0.26,bridge
1478,20.285741815021588,9.005741815021587,bridge,11,12,0.28,bridge
1479,20.305741815021587,9.005741815021587,bridge,11,12,0.3,bridge
1480,20.325741815021587,9.005741815021587,bridge,11,12,0.32,bridge
1481,20.345741815021587,9.005741815021587,bridge,11,12,0.34,bridge
1482,20.365741815021586,9.005741815021587,bridge,11,12,0.36,bridge
1483,20.385741815021586,9.005741815021587,bridge,11,12,0.38,bridge
1484,20.405741815021585,9.005741815021587,bridge,11,12,0.4,bridge
1485,20.42574181502159,9.005741815021587,bridge,11,12,0.42,bridge
1486,20.445741815021588,9.005741815021587,bridge,11,12,0.44,bridge
1487,20.465741815021588,9.005741815021587,bridge,11,12,0.46,bridge
1488,20.485741815021587,9.005741815021587,bridge,11,12,0.48,bridge
1489,20.505741815021587,9.005741815021587,bridge,11,12,0.5,bridge
1490,20.525741815021586,9.005741815021587,bridge,11,12,0.52,bridge
1491,20.545741815021586,9.005741815021587,bridge,11,12,0.54,bridge
1492,20.565741815021585,9.005741815021587,bridge,11,12,0.56,bridge
1493,20.585741815021585,9.005741815021587,bridge,11,12,0.58,bridge
1494,20.605741815021588,9.005741815021587,bridge,11,12,0.6,bridge
1495,20.625741815021588,9.005741815021587,bridge,11,12,0.62,bridge
1496,20.645741815021587,9.005741815021587,bridge,11,12,0.64,bridge
1497,20.665741815021587,9.005741815021587,bridge,11,12,0.66,bridge
1498,20.685741815021586,9.005741815021587,bridge,11,12,0.68,bridge
1499,20.705741815021586,9.005741815021587,bridge,11,12,0.7000000000000001,bridge
1500,20.725741815021586,9.005741815021587,bridge,11,12,0.72,bridge
1501,20.745741815021585,9.005741815021587,bridge,11,12,0.74,bridge
1502,20.765741815021588,9.005741815021587,bridge,11,12,0.76,bridge
1503,20.785741815021588,9.005741815021587,bridge,11,12,0.78,bridge
1504,20.805741815021587,9.005741815021587,bridge,11,12,0.8,bridge
1505,20.825741815021587,9.005741815021587,bridge,11,12,0.8200000000000001,bridge
1506,20.845741815021587,9.005741815021587,bridge,11,12,0.84,bridge
1507,20.865741815021586,9.005741815021587,bridge,11,12,0.86,bridge
1508,20.885741815021586,9.005741815021587,bridge,11,12,0.88,bridge
1509,20.905741815021585,9.005741815021587,bridge,11,12,0.9,bridge
1510,20.92574181502159,9.005741815021587,bridge,11,12,0.92,bridge
1511,20.945741815021588,9.005741815021587,bridge,11,12,0.9400000000000001,bridge
1512,20.965741815021588,9.005741815021587,bridge,11,12,0.96,bridge
1513,20.985741815021587,9.005741815021587,bridge,11,12,0.98,bridge
1514,21.005741815021587,9.005741815021587,bridge,11,12,1.0,bridge_end
1515,21.005741815021587,9.005741815021587,arc,12,13,0.0,post_impact
1516,21.015741815021585,9.015741815021586,arc,12,13,0.0,flow
1517,21.025741815021586,9.025741815021586,arc,12,13,0.0,flow
1518,21.035741815021588,9.035741815021586,arc,12,13,0.0,flow
1519,21.045741815021586,9.045741815021586,arc,12,13,0.0,flow
1520,21.055741815021587,9.055741815021587,arc,12,13,0.0,flow
1521,21.06574181502159,9.065741815021587,arc,12,13,0.0,flow
1522,21.075741815021587,9.075741815021587,arc,12,13,0.0,flow
1523,21.085741815021585,9.085741815021587,arc,12,13,0.0,flow
1524,21.095741815021587,9.095741815021587,arc,12,13,0.0,flow
1525,21.105741815021588,9.105741815021586,arc,12,13,0.0,flow
1526,21.115741815021586,9.115741815021586,arc,12,13,0.0,flow
1527,21.125741815021584,9.125741815021586,arc,12,13,0.0,flow
1528,21.13574181502159,9.135741815021587,arc,12,13,0.0,flow
1529,21.145741815021587,9.145741815021587,arc,12,13,0.0,flow
1530,21.155741815021585,9.155741815021587,arc,12,13,0.0,flow
1531,21.165741815021587,9.165741815021587,arc,12,13,0.0,flow
1532,21.17574181502159,9.175741815021587,arc,12,13,0.0,flow
1533,21.185741815021586,9.185741815021586,arc,12,13,0.0,flow
1534,21.195741815021584,9.195741815021586,arc,12,13,0.0,flow
1535,21.205741815021586,9.205741815021586,arc,12,13,0.0,flow
1536,21.215741815021588,9.215741815021588,arc,12,13,0.0,flow
1537,21.225741815021586,9.225741815021587,arc,12,13,0.0,flow
1538,21.235741815021587,9.235741815021587,arc,12,13,0.0,flow
1539,21.24574181502159,9.245741815021587,arc,12,13,0.0,flow
1540,21.255741815021587,9.255741815021587,arc,12,13,0.0,flow
1541,21.265741815021585,9.265741815021586,arc,12,13,0.0,flow
1542,21.275741815021586,9.275741815021586,arc,12,13,0.0,flow
1543,21.285741815021588,9.285741815021586,arc,12,13,0.0,flow
1544,21.295741815021586,9.295741815021586,arc,12,13,0.0,flow
1545,21.305741815021587,9.305741815021587,arc,12,13,0.0,flow
1546,21.31574181502159,9.315741815021587,arc,12,13,0.0,flow
1547,21.325741815021587,9.325741815021587,arc,12,13,0.0,flow
1548,21.335741815021585,9.335741815021587,arc,12,13,0.0,flow
1549,21.345741815021587,9.345741815021587,arc,12,13,0.0,flow
1550,21.355741815021588,9.355741815021586,arc,12,13,0.0,flow
1551,21.365741815021586,9.365741815021586,arc,12,13,0.0,flow
1552,21.375741815021584,9.375741815021586,arc,12,13,0.0,flow
1553,21.38574181502159,9.385741815021587,arc,12,13,0.0,flow
1554,21.395741815021587,9.395741815021587,arc,12,13,0.0,flow
1555,21.405741815021585,9.405741815021587,arc,12,13,0.0,flow
1556,21.415741815021587,9.415741815021587,arc,12,13,0.0,flow
1557,21.42574181502159,9.425741815021587,arc,12,13,0.0,flow
1558,21.435741815021586,9.435741815021586,arc,12,13,0.0,flow
1559,21.445741815021584,9.445741815021586,arc,12,13,0.0,flow
1560,21.455741815021586,9.455741815021586,arc,12,13,0.0,flow
1561,21.465741815021588,9.465741815021588,arc,12,13,0.0,flow
1562,21.475741815021586,9.475741815021587,arc,12,13,0.0,flow
1563,21.485741815021587,9.485741815021587,arc,12,13,0.0,flow
1564,21.49574181502159,9.495741815021587,arc,12,13,0.0,flow
1565,21.505741815021587,9.505741815021587,arc,12,13,0.0,flow
1566,21.515741815021585,9.515741815021586,arc,12,13,0.0,flow
1567,21.525741815021586,9.525741815021586,arc,12,13,0.0,flow
1568,21.535741815021588,9.535741815021586,arc,12,13,0.0,flow
1569,21.545741815021586,9.545741815021586,arc,12,13,0.0,flow
1570,21.555741815021587,9.555741815021587,arc,12,13,0.0,flow
1571,21.56574181502159,9.565741815021587,arc,12,13,0.0,flow
1572,21.575741815021587,9.575741815021587,arc,12,13,0.0,flow
1573,21.585741815021585,9.585741815021587,arc,12,13,0.0,flow
1574,21.595741815021587,9.595741815021587,arc,12,13,0.0,flow
1575,21.605741815021588,9.605741815021586,arc,12,13,0.0,flow
1576,21.615741815021586,9.615741815021586,arc,12,13,0.0,flow
1577,21.625741815021584,9.625741815021586,arc,12,13,0.0,flow
1578,21.63574181502159,9.635741815021587,arc,12,13,0.0,flow
1579,21.645741815021587,9.645741815021587,arc,12,13,0.0,flow
1580,21.655741815021585,9.655741815021587,arc,12,13,0.0,flow
1581,21.665741815021587,9.665741815021587,arc,12,13,0.0,flow
1582,21.67574181502159,9.675741815021587,arc,12,13,0.0,flow
1583,21.685741815021586,9.685741815021586,arc,12,13,0.0,flow
1584,21.695741815021584,9.695741815021586,arc,12,13,0.0,flow
1585,21.705741815021586,9.705741815021586,arc,12,13,0.0,flow
1586,21.715741815021588,9.715741815021588,arc,12,13,0.0,flow
1587,21.723206888164817,9.723206888164817,arc,12,13,0.0,pre_impact
1588,21.743206888164817,9.723206888164817,bridge,12,13,0.02,bridge
1589,21.763206888164817,9.723206888164817,bridge,12,13,0.04,bridge
1590,21.783206888164816,9.723206888164817,bridge,12,13,0.06,bridge
1591,21.803206888164816,9.723206888164817,bridge,12,13,0.08,bridge
1592,21.82320688816482,9.723206888164817,bridge,12,13,0.1,bridge
1593,21.84320688816482,9.723206888164817,bridge,12,13,0.12,bridge
1594,21.863206888164818,9.723206888164817,bridge,12,13,0.14,bridge
1595,21.883206888164818,9.723206888164817,bridge,12,13,0.16,bridge
1596,21.903206888164817,9.723206888164817,bridge,12,13,0.18,bridge
1597,21.923206888164817,9.723206888164817,bridge,12,13,0.2,bridge
1598,21.943206888164816,9.723206888164817,bridge,12,13,0.22,bridge
1599,21.963206888164816,9.723206888164817,bridge,12,13,0.24,bridge
1600,21.98320688816482,9.723206888164817,bridge,12,13,0.26,bridge
1601,22.00320688816482,9.723206888164817,bridge,12,13,0.28,bridge
1602,22.023206888164818,9.723206888164817,bridge,12,13,0.3,bridge
1603,22.043206888164818,9.723206888164817,bridge,12,13,0.32,bridge
1604,22.063206888164817,9.723206888164817,bridge,12,13,0.34,bridge
1605,22.083206888164817,9.723206888164817,bridge,12,13,0.36,bridge
1606,22.103206888164816,9.723206888164817,bridge,12,13,0.38,bridge
1607,22.123206888164816,9.723206888164817,bridge,12,13,0.4,bridge
1608,22.14320688816482,9.723206888164817,bridge,12,13,0.42,bridge
1609,22.16320688816482,9.723206888164817,bridge,12,13,0.44,bridge
1610,22.18320688816482,9.723206888164817,bridge,12,13,0.46,bridge
1611,22.203206888164818,9.723206888164817,bridge,12,13,0.48,bridge
1612,22.223206888164817,9.723206888164817,bridge,12,13,0.5,bridge
1613,22.243206888164817,9.723206888164817,bridge,12,13,0.52,bridge
1614,22.263206888164817,9.723206888164817,bridge,12,13,0.54,bridge
1615,22.283206888164816,9.723206888164817,bridge,12,13,0.56,bridge
1616,22.303206888164816,9.723206888164817,bridge,12,13,0.58,bridge
1617,22.32320688816482,9.723206888164817,bridge,12,13,0.6,bridge
1618,22.34320688816482,9.723206888164817,bridge,12,13,0.62,bridge
1619,22.363206888164818,9.723206888164817,bridge,12,13,0.64,bridge
1620,22.383206888164818,9.723206888164817,bridge,12,13,0.66,bridge
1621,22.403206888164817,9.723206888164817,bridge,12,13,0.68,bridge
1622,22.423206888164817,9.723206888164817,bridge,12,13,0.7000000000000001,bridge
1623,22.443206888164816,9.723206888164817,bridge,12,13,0.72,bridge
1624,22.463206888164816,9.723206888164817,bridge,12,13,0.74,bridge
1625,22.48320688816482,9.723206888164817,bridge,12,13,0.76,bridge
1626,22.50320688816482,9.723206888164817,bridge,12,13,0.78,bridge
1627,22.523206888164818,9.723206888164817,bridge,12,13,0.8,bridge
1628,22.543206888164818,9.723206888164817,bridge,12,13,0.8200000000000001,bridge
1629,22.563206888164817,9.723206888164817,bridge,12,13,0.84,bridge
1630,22.583206888164817,9.723206888164817,bridge,12,13,0.86,bridge
1631,22.603206888164816,9.723206888164817,bridge,12,13,0.88,bridge
1632,22.623206888164816,9.723206888164817,bridge,12,13,0.9,bridge
1633,22.64320688816482,9.723206888164817,bridge,12,13,0.92,bridge
1634,22.66320688816482,9.723206888164817,bridge,12,13,0.9400000000000001,bridge
1635,22.68320688816482,9.723206888164817,bridge,12,13,0.96,bridge
1636,22.703206888164818,9.723206888164817,bridge,12,13,0.98,bridge
1637,22.723206888164817,9.723206888164817,bridge,12,13,1.0,bridge_end
1638,22.723206888164817,9.723206888164817,arc,13,14,0.0,post_impact
1639,22.733206888164815,9.733206888164817,arc,13,14,0.0,flow
1640,22.743206888164817,9.743206888164817,arc,13,14,0.0,flow
1641,22.75320688816482,9.753206888164817,arc,13,14,0.0,flow
1642,22.763206888164817,9.763206888164817,arc,13,14,0.0,flow
1643,22.773206888164818,9.773206888164818,arc,13,14,0.0,flow
1644,22.78320688816482,9.783206888164818,arc,13,14,0.0,flow
1645,22.793206888164818,9.793206888164818,arc,13,14,0.0,flow
1646,22.803206888164816,9.803206888164818,arc,13,14,0.0,flow
1647,22.813206888164817,9.813206888164817,arc,13,14,0.0,flow
1648,22.82320688816482,9.823206888164817,arc,13,14,0.0,flow
1649,22.833206888164817,9.833206888164817,arc,13,14,0.0,flow
1650,22.843206888164815,9.843206888164817,arc,13,14,0.0,flow
1651,22.85320688816482,9.853206888164818,arc,13,14,0.0,flow
1652,22.863206888164818,9.863206888164818,arc,13,14,0.0,flow
1653,22.873206888164816,9.873206888164818,arc,13,14,0.0,flow
1654,22.883206888164818,9.883206888164818,arc,13,14,0.0,flow
1655,22.89320688816482,9.893206888164817,arc,13,14,0.0,flow
1656,22.903206888164817,9.903206888164817,arc,13,14,0.0,flow
1657,22.913206888164815,9.913206888164817,arc,13,14,0.0,flow
1658,22.923206888164817,9.923206888164817,arc,13,14,0.0,flow
1659,22.93320688816482,9.933206888164818,arc,13,14,0.0,flow
1660,22.943206888164816,9.943206888164818,arc,13,14,0.0,flow
1661,22.953206888164818,9.953206888164818,arc,13,14,0.0,flow
1662,22.96320688816482,9.963206888164818,arc,13,14,0.0,flow
1663,22.973206888164817,9.973206888164817,arc,13,14,0.0,flow
1664,22.983206888164815,9.983206888164817,arc,13,14,0.0,flow
1665,22.993206888164817,9.993206888164817,arc,13,14,0.0,flow
1666,23.00320688816482,10.003206888164817,arc,13,14,0.0,flow
1667,23.013206888164817,10.013206888164817,arc,13,14,0.0,flow
1668,23.023206888164818,10.023206888164818,arc,13,14,0.0,flow
1669,23.03320688816482,10.033206888164818,arc,13,14,0.0,flow
1670,23.043206888164818,10.043206888164818,arc,13,14,0.0,flow
1671,23.053206888164816,10.053206888164818,arc,13,14,0.0,flow
1672,23.063206888164817,10.063206888164817,arc,13,14,0.0,flow
1673,23.07320688816482,10.073206888164817,arc,13,14,0.0,flow
1674,23.083206888164817,10.083206888164817,arc,13,14,0.0,flow
1675,23.093206888164815,10.093206888164817,arc,13,14,0.0,flow
1676,23.10320688816482,10.103206888164818,arc,13,14,0.0,flow
1677,23.113206888164818,10.113206888164818,arc,13,14,0.0,flow
1678,23.123206888164816,10.123206888164818,arc,13,14,0.0,flow
1679,23.133206888164818,10.133206888164818,arc,13,14,0.0,flow
1680,23.14320688816482,10.143206888164817,arc,13,14,0.0,flow
1681,23.153206888164817,10.153206888164817,arc,13,14,0.0,flow
1682,23.163206888164815,10.163206888164817,arc,13,14,0.0,flow
1683,23.173206888164817,10.173206888164817,arc,13,14,0.0,flow
1684,23.18320688816482,10.183206888164818,arc,13,14,0.0,flow
1685,23.193206888164816,10.193206888164818,arc,13,14,0.0,flow
1686,23.203206888164818,10.203206888164818,arc,13,14,0.0,flow
1687,23.21320688816482,10.213206888164818,arc,13,14,0.0,flow
1688,23.223206888164817,10.223206888164817,arc,13,14,0.0,flow
1689,23.233206888164815,10.233206888164817,arc,13,14,0.0,flow
1690,23.243206888164817,10.243206888164817,arc,13,14,0.0,flow
1691,23.25320688816482,10.253206888164817,arc,13,14,0.0,flow
1692,23.263206888164817,10.263206888164817,arc,13,14,0.0,flow
1693,23.273206888164818,10.273206888164818,arc,13,14,0.0,flow
1694,23.28320688816482,10.283206888164818,arc,13,14,0.0,flow
1695,23.293206888164818,10.293206888164818,arc,13,14,0.0,flow
1696,23.303206888164816,10.303206888164818,arc,13,14,0.0,flow
1697,23.313206888164817,10.313206888164817,arc,13,14,0.0,flow
1698,23.32320688816482,10.323206888164817,arc,13,14,0.0,flow
1699,23.333206888164817,10.333206888164817,arc,13,14,0.0,flow
1700,23.343206888164815,10.343206888164817,arc,13,14,0.0,flow
1701,23.35320688816482,10.353206888164818,arc,13,14,0.0,flow
1702,23.363206888164818,10.363206888164818,arc,13,14,0.0,flow
1703,23.373206888164816,10.373206888164818,arc,13,14,0.0,flow
1704,23.383206888164818,10.383206888164818,arc,13,14,0.0,flow
1705,23.39320688816482,10.393206888164817,arc,13,14,0.0,flow
1706,23.403206888164817,10.403206888164817,arc,13,14,0.0,flow
1707,23.413206888164815,10.413206888164817,arc,13,14,0.0,flow
1708,23.423206888164817,10.423206888164817,arc,13,14,0.0,flow
1709,23.43320688816482,10.433206888164818,arc,13,14,0.0,flow
1710,23.443206888164816,10.443206888164818,arc,13,14,0.0,flow
1711,23.453206888164818,10.453206888164818,arc,13,14,0.0,flow
1712,23.46320688816482,10.463206888164818,arc,13,14,0.0,flow
1713,23.473206888164817,10.473206888164817,arc,13,14,0.0,flow
1714,23.483206888164815,10.483206888164817,arc,13,14,0.0,flow
1715,23.493206888164817,10.493206888164817,arc,13,14,0.0,flow
1716,23.50320688816482,10.503206888164817,arc,13,14,0.0,flow
1717,23.513206888164817,10.513206888164817,arc,13,14,0.0,flow
1718,23.52222439294561,10.522224392945612,arc,13,14,0.0,pre_impact
1719,23.54222439294561,10.522224392945612,bridge,13,14,0.02,bridge
1720,23.56222439294561,10.522224392945612,bridge,13,14,0.04,bridge
1721,23.58222439294561,10.522224392945612,bridge,13,14,0.06,bridge
1722,23.602224392945608,10.522224392945612,bridge,13,14,0.08,bridge
1723,23.62222439294561,10.522224392945612,bridge,13,14,0.1,bridge
1724,23.64222439294561,10.522224392945612,bridge,13,14,0.12,bridge
1725,23.66222439294561,10.522224392945612,bridge,13,14,0.14,bridge
1726,23.68222439294561,10.522224392945612,bridge,13,14,0.16,bridge
1727,23.70222439294561,10.522224392945612,bridge,13,14,0.18,bridge
1728,23.72222439294561,10.522224392945612,bridge,13,14,0.2,bridge
1729,23.74222439294561,10.522224392945612,bridge,13,14,0.22,bridge
1730,23.76222439294561,10.522224392945612,bridge,13,14,0.24,bridge
1731,23.78222439294561,10.522224392945612,bridge,13,14,0.26,bridge
1732,23.80222439294561,10.522224392945612,bridge,13,14,0.28,bridge
1733,23.82222439294561,10.522224392945612,bridge,13,14,0.3,bridge
1734,23.84222439294561,10.522224392945612,bridge,13,14,0.32,bridge
1735,23.86222439294561,10.522224392945612,bridge,13,14,0.34,bridge
1736,23.88222439294561,10.522224392945612,bridge,13,14,0.36,bridge
1737,23.90222439294561,10.522224392945612,bridge,13,14,0.38,bridge
1738,23.92222439294561,10.522224392945612,bridge,13,14,0.4,bridge
1739,23.94222439294561,10.522224392945612,bridge,13,14,0.42,bridge
1740,23.96222439294561,10.522224392945612,bridge,13,14,0.44,bridge
1741,23.98222439294561,10.522224392945612,bridge,13,14,0.46,bridge
1742,24.00222439294561,10.522224392945612,bridge,13,14,0.48,bridge
1743,24.02222439294561,10.522224392945612,bridge,13,14,0.5,bridge
1744,24.04222439294561,10.522224392945612,bridge,13,14,0.52,bridge
1745,24.06222439294561,10.522224392945612,bridge,13,14,0.54,bridge
1746,24.08222439294561,10.522224392945612,bridge,13,14,0.56,bridge
1747,24.102224392945608,10.522224392945612,bridge,13,14,0.58,bridge
1748,24.12222439294561,10.522224392945612,bridge,13,14,0.6,bridge
1749,24.14222439294561,10.522224392945612,bridge,13,14,0.62,bridge
1750,24.16222439294561,10.522224392945612,bridge,13,14,0.64,bridge
1751,24.18222439294561,10.522224392945612,bridge,13,14,0.66,bridge
1752,24.20222439294561,10.522224392945612,bridge,13,14,0.68,bridge
1753,24.22222439294561,10.522224392945612,bridge,13,14,0.7000000000000001,bridge
1754,24.24222439294561,10.522224392945612,bridge,13,14,0.72,bridge
1755,24.26222439294561,10.522224392945612,bridge,13,14,0.74,bridge
1756,24.28222439294561,10.522224392945612,bridge,13,14,0.76,bridge
1757,24.30222439294561,10.522224392945612,bridge,13,14,0.78,bridge
1758,24.32222439294561,10.522224392945612,bridge,13,14,0.8,bridge
1759,24.34222439294561,10.522224392945612,bridge,13,14,0.8200000000000001,bridge
1760,24.36222439294561,10.522224392945612,bridge,13,14,0.84,bridge
1761,24.38222439294561,10.522224392945612,bridge,13,14,0.86,bridge
1762,24.40222439294561,10.522224392945612,bridge,13,14,0.88,bridge
1763,24.42222439294561,10.522224392945612,bridge,13,14,0.9,bridge
1764,24.44222439294561,10.522224392945612,bridge,13,14,0.92,bridge
1765,24.46222439294561,10.522224392945612,bridge,13,14,0.9400000000000001,bridge
1766,24.48222439294561,10.522224392945612,bridge,13,14,0.96,bridge
1767,24.50222439294561,10.522224392945612,bridge,13,14,0.98,bridge
1768,24.52222439294561,10.522224392945612,bridge,13,14,1.0,bridge_end
1769,24.52222439294561,10.522224392945612,arc,14,15,0.0,post_impact
1770,24.53222439294561,10.532224392945611,arc,14,15,0.0,flow
1771,24.542224392945613,10.542224392945611,arc,14,15,0.0,flow
1772,24.55222439294561,10.552224392945611,arc,14,15,0.0,flow
1773,24.56222439294561,10.56222439294561,arc,14,15,0.0,flow
1774,24.572224392945614,10.572224392945612,arc,14,15,0.0,flow
1775,24.582224392945612,10.582224392945612,arc,14,15,0.0,flow
1776,24.59222439294561,10.592224392945612,arc,14,15,0.0,flow
1777,24.60222439294561,10.602224392945612,arc,14,15,0.0,flow
1778,24.612224392945613,10.612224392945611,arc,14,15,0.0,flow
1779,24.62222439294561,10.622224392945611,arc,14,15,0.0,flow
1780,24.63222439294561,10.632224392945611,arc,14,15,0.0,flow
1781,24.64222439294561,10.64222439294561,arc,14,15,0.0,flow
1782,24.652224392945612,10.652224392945612,arc,14,15,0.0,flow
1783,24.66222439294561,10.662224392945612,arc,14,15,0.0,flow
1784,24.672224392945612,10.672224392945612,arc,14,15,0.0,flow
1785,24.682224392945614,10.682224392945612,arc,14,15,0.0,flow
1786,24.69222439294561,10.692224392945612,arc,14,15,0.0,flow
1787,24.70222439294561,10.702224392945611,arc,14,15,0.0,flow
1788,24.71222439294561,10.712224392945611,arc,14,15,0.0,flow
1789,24.722224392945613,10.722224392945611,arc,14,15,0.0,flow
1790,24.73222439294561,10.732224392945612,arc,14,15,0.0,flow
1791,24.742224392945612,10.742224392945612,arc,14,15,0.0,flow
1792,24.752224392945614,10.752224392945612,arc,14,15,0.0,flow
1793,24.762224392945612,10.762224392945612,arc,14,15,0.0,flow
1794,24.77222439294561,10.772224392945612,arc,14,15,0.0,flow
1795,24.78222439294561,10.782224392945611,arc,14,15,0.0,flow
1796,24.792224392945613,10.792224392945611,arc,14,15,0.0,flow
1797,24.80222439294561,10.802224392945611,arc,14,15,0.0,flow
1798,24.81222439294561,10.81222439294561,arc,14,15,0.0,flow
1799,24.822224392945614,10.822224392945612,arc,14,15,0.0,flow
1800,24.832224392945612,10.832224392945612,arc,14,15,0.0,flow
1801,24.84222439294561,10.842224392945612,arc,14,15,0.0,flow
1802,24.85222439294561,10.852224392945612,arc,14,15,0.0,flow
1803,24.862224392945613,10.862224392945611,arc,14,15,0.0,flow
1804,24.87222439294561,10.872224392945611,arc,14,15,0.0,flow
1805,24.88222439294561,10.882224392945611,arc,14,15,0.0,flow
1806,24.89222439294561,10.89222439294561,arc,14,15,0.0,flow
1807,24.902224392945612,10.902224392945612,arc,14,15,0.0,flow
1808,24.91222439294561,10.912224392945612,arc,14,15,0.0,flow
1809,24.922224392945612,10.922224392945612,arc,14,15,0.0,flow
1810,24.932224392945614,10.932224392945612,arc,14,15,0.0,flow
1811,24.94222439294561,10.942224392945612,arc,14,15,0.0,flow
1812,24.95222439294561,10.952224392945611,arc,14,15,0.0,flow
1813,24.96222439294561,10.962224392945611,arc,14,15,0.0,flow
1814,24.972224392945613,10.972224392945611,arc,14,15,0.0,flow
1815,24.98222439294561,10.982224392945612,arc,14,15,0.0,flow
1816,24.992224392945612,10.992224392945612,arc,14,15,0.0,flow
1817,25.002224392945614,11.002224392945612,arc,14,15,0.0,flow
1818,25.012224392945612,11.012224392945612,arc,14,15,0.0,flow
1819,25.02222439294561,11.022224392945612,arc,14,15,0.0,flow
1820,25.03222439294561,11.032224392945611,arc,14,15,0.0,flow
1821,25.042224392945613,11.042224392945611,arc,14,15,0.0,flow
1822,25.05222439294561,11.052224392945611,arc,14,15,0.0,flow
1823,25.062224392945613,11.062224392945613,arc,14,15,0.0,flow
1824,25.072224392945614,11.072224392945612,arc,14,15,0.0,flow
1825,25.082224392945612,11.082224392945612,arc,14,15,0.0,flow
1826,25.09222439294561,11.092224392945612,arc,14,15,0.0,flow
1827,25.10222439294561,11.102224392945612,arc,14,15,0.0,flow
1828,25.112224392945613,11.112224392945611,arc,14,15,0.0,flow
1829,25.12222439294561,11.122224392945611,arc,14,15,0.0,flow
1830,25.13222439294561,11.132224392945611,arc,14,15,0.0,flow
1831,25.14222439294561,11.14222439294561,arc,14,15,0.0,flow
1832,25.152224392945612,11.152224392945612,arc,14,15,0.0,flow
1833,25.16222439294561,11.162224392945612,arc,14,15,0.0,flow
1834,25.172224392945612,11.172224392945612,arc,14,15,0.0,flow
1835,25.182224392945614,11.182224392945612,arc,14,15,0.0,flow
1836,25.19222439294561,11.192224392945612,arc,14,15,0.0,flow
1837,25.20222439294561,11.202224392945611,arc,14,15,0.0,flow
1838,25.21190677978805,11.211906779788048,arc,14,15,0.0,pre_impact
1839,25.231906779788048,11.211906779788048,bridge,14,15,0.02,bridge
1840,25.251906779788047,11.211906779788048,bridge,14,15,0.04,bridge
1841,25.271906779788047,11.211906779788048,bridge,14,15,0.06,bridge
1842,25.291906779788047,11.211906779788048,bridge,14,15,0.08,bridge
1843,25.31190677978805,11.211906779788048,bridge,14,15,0.1,bridge
1844,25.33190677978805,11.211906779788048,bridge,14,15,0.12,bridge
1845,25.35190677978805,11.211906779788048,bridge,14,15,0.14,bridge
1846,25.37190677978805,11.211906779788048,bridge,14,15,0.16,bridge
1847,25.391906779788048,11.211906779788048,bridge,14,15,0.18,bridge
1848,25.411906779788048,11.211906779788048,bridge,14,15,0.2,bridge
1849,25.431906779788047,11.211906779788048,bridge,14,15,0.22,bridge
1850,25.451906779788047,11.211906779788048,bridge,14,15,0.24,bridge
1851,25.47190677978805,11.211906779788048,bridge,14,15,0.26,bridge
1852,25.49190677978805,11.211906779788048,bridge,14,15,0.28,bridge
1853,25.51190677978805,11.211906779788048,bridge,14,15,0.3,bridge
1854,25.53190677978805,11.211906779788048,bridge,14,15,0.32,bridge
1855,25.551906779788048,11.211906779788048,bridge,14,15,0.34,bridge
1856,25.571906779788048,11.211906779788048,bridge,14,15,0.36,bridge
1857,25.591906779788047,11.211906779788048,bridge,14,15,0.38,bridge
1858,25.611906779788047,11.211906779788048,bridge,14,15,0.4,bridge
1859,25.63190677978805,11.211906779788048,bridge,14,15,0.42,bridge
1860,25.65190677978805,11.211906779788048,bridge,14,15,0.44,bridge
1861,25.67190677978805,11.211906779788048,bridge,14,15,0.46,bridge
1862,25.69190677978805,11.211906779788048,bridge,14,15,0.48,bridge
1863,25.71190677978805,11.211906779788048,bridge,14,15,0.5,bridge
1864,25.731906779788048,11.211906779788048,bridge,14,15,0.52,bridge
1865,25.751906779788047,11.211906779788048,bridge,14,15,0.54,bridge
1866,25.771906779788047,11.211906779788048,bridge,14,15,0.56,bridge
1867,25.791906779788047,11.211906779788048,bridge,14,15,0.58,bridge
1868,25.81190677978805,11.211906779788048,bridge,14,15,0.6,bridge
1869,25.83190677978805,11.211906779788048,bridge,14,15,0.62,bridge
1870,25.85190677978805,11.211906779788048,bridge,14,15,0.64,bridge
1871,25.87190677978805,11.211906779788048,bridge,14,15,0.66,bridge
1872,25.891906779788048,11.211906779788048,bridge,14,15,0.68,bridge
1873,25.911906779788048,11.211906779788048,bridge,14,15,0.7000000000000001,bridge
1874,25.931906779788047,11.211906779788048,bridge,14,15,0.72,bridge
1875,25.951906779788047,11.211906779788048,bridge,14,15,0.74,bridge
1876,25.97190677978805,11.211906779788048,bridge,14,15,0.76,bridge
1877,25.99190677978805,11.211906779788048,bridge,14,15,0.78,bridge
1878,26.01190677978805,11.211906779788048,bridge,14,15,0.8,bridge
1879,26.03190677978805,11.211906779788048,bridge,14,15,0.8200000000000001,bridge
1880,26.051906779788048,11.211906779788048,bridge,14,15,0.84,bridge
1881,26.071906779788048,11.211906779788048,bridge,14,15,0.86,bridge
1882,26.091906779788047,11.211906779788048,bridge,14,15,0.88,bridge
1883,26.111906779788047,11.211906779788048,bridge,14,15,0.9,bridge
1884,26.13190677978805,11.211906779788048,bridge,14,15,0.92,bridge
1885,26.15190677978805,11.211906779788048,bridge,14,15,0.9400000000000001,bridge
1886,26.17190677978805,11.211906779788048,bridge,14,15,0.96,bridge
1887,26.19190677978805,11.211906779788048,bridge,14,15,0.98,bridge
1888,26.21190677978805,11.211906779788048,bridge,14,15,1.0,bridge_end
1889,26.21190677978805,11.211906779788048,arc,15,16,0.0,post_impact
1890,26.22190677978805,11.221906779788048,arc,15,16,0.0,flow
1891,26.231906779788048,11.231906779788048,arc,15,16,0.0,flow
1892,26.241906779788046,11.241906779788048,arc,15,16,0.0,flow
1893,26.251906779788047,11.251906779788047,arc,15,16,0.0,flow
1894,26.26190677978805,11.261906779788049,arc,15,16,0.0,flow
1895,26.271906779788047,11.271906779788049,arc,15,16,0.0,flow
1896,26.28190677978805,11.281906779788049,arc,15,16,0.0,flow
1897,26.29190677978805,11.291906779788048,arc,15,16,0.0,flow
1898,26.301906779788048,11.301906779788048,arc,15,16,0.0,flow
1899,26.311906779788046,11.311906779788048,arc,15,16,0.0,flow
1900,26.321906779788048,11.321906779788048,arc,15,16,0.0,flow
1901,26.33190677978805,11.331906779788048,arc,15,16,0.0,flow
1902,26.341906779788047,11.341906779788049,arc,15,16,0.0,flow
1903,26.35190677978805,11.351906779788049,arc,15,16,0.0,flow
1904,26.36190677978805,11.361906779788049,arc,15,16,0.0,flow
1905,26.37190677978805,11.371906779788048,arc,15,16,0.0,flow
1906,26.381906779788046,11.381906779788048,arc,15,16,0.0,flow
1907,26.391906779788048,11.391906779788048,arc,15,16,0.0,flow
1908,26.40190677978805,11.401906779788048,arc,15,16,0.0,flow
1909,26.411906779788048,11.411906779788048,arc,15,16,0.0,flow
1910,26.42190677978805,11.42190677978805,arc,15,16,0.0,flow
1911,26.43190677978805,11.431906779788049,arc,15,16,0.0,flow
1912,26.44190677978805,11.441906779788049,arc,15,16,0.0,flow
1913,26.451906779788047,11.451906779788048,arc,15,16,0.0,flow
1914,26.46190677978805,11.461906779788048,arc,15,16,0.0,flow
1915,26.47190677978805,11.471906779788048,arc,15,16,0.0,flow
1916,26.481906779788048,11.481906779788048,arc,15,16,0.0,flow
1917,26.491906779788046,11.491906779788048,arc,15,16,0.0,flow
1918,26.501906779788047,11.501906779788047,arc,15,16,0.0,flow
1919,26.51190677978805,11.511906779788049,arc,15,16,0.0,flow
1920,26.521906779788047,11.521906779788049,arc,15,16,0.0,flow
1921,26.53190677978805,11.531906779788049,arc,15,16,0.0,flow
1922,26.54190677978805,11.541906779788048,arc,15,16,0.0,flow
1923,26.551906779788048,11.551906779788048,arc,15,16,0.0,flow
1924,26.561906779788046,11.561906779788048,arc,15,16,0.0,flow
1925,26.571906779788048,11.571906779788048,arc,15,16,0.0,flow
1926,26.58190677978805,11.581906779788048,arc,15,16,0.0,flow
1927,26.591906779788047,11.591906779788049,arc,15,16,0.0,flow
1928,26.60190677978805,11.601906779788049,arc,15,16,0.0,flow
1929,26.61190677978805,11.611906779788049,arc,15,16,0.0,flow
1930,26.62190677978805,11.621906779788048,arc,15,16,0.0,flow
1931,26.631906779788046,11.631906779788048,arc,15,16,0.0,flow
1932,26.641906779788048,11.641906779788048,arc,15,16,0.0,flow
1933,26.65190677978805,11.651906779788048,arc,15,16,0.0,flow
1934,26.661906779788048,11.661906779788048,arc,15,16,0.0,flow
1935,26.67190677978805,11.67190677978805,arc,15,16,0.0,flow
1936,26.68190677978805,11.681906779788049,arc,15,16,0.0,flow
1937,26.69190677978805,11.691906779788049,arc,15,16,0.0,flow
1938,26.701906779788047,11.701906779788048,arc,15,16,0.0,flow
1939,26.71190677978805,11.711906779788048,arc,15,16,0.0,flow
1940,26.72190677978805,11.721906779788048,arc,15,16,0.0,flow
1941,26.731906779788048,11.731906779788048,arc,15,16,0.0,flow
1942,26.741906779788046,11.741906779788048,arc,15,16,0.0,flow
1943,26.751906779788047,11.751906779788047,arc,15,16,0.0,flow
1944,26.76190677978805,11.761906779788049,arc,15,16,0.0,flow
1945,26.771906779788047,11.771906779788049,arc,15,16,0.0,flow
1946,26.78190677978805,11.781906779788049,arc,15,16,0.0,flow
1947,26.79190677978805,11.791906779788048,arc,15,16,0.0,flow
1948,26.801906779788048,11.801906779788048,arc,15,16,0.0,flow
1949,26.811906779788046,11.811906779788048,arc,15,16,0.0,flow
1950,26.821906779788048,11.821906779788048,arc,15,16,0.0,flow
1951,26.83190677978805,11.831906779788048,arc,15,16,0.0,flow
1952,26.841906779788047,11.841906779788049,arc,15,16,0.0,flow
1953,26.85190677978805,11.851906779788049,arc,15,16,0.0,flow
1954,26.86190677978805,11.861906779788049,arc,15,16,0.0,flow
1955,26.87190677978805,11.871906779788048,arc,15,16,0.0,flow
1956,26.881906779788046,11.881906779788048,arc,15,16,0.0,flow
1957,26.891906779788048,11.891906779788048,arc,15,16,0.0,flow
1958,26.90190677978805,11.901906779788048,arc,15,16,0.0,flow
1959,26.911906779788048,11.911906779788048,arc,15,16,0.0,flow
1960,26.92190677978805,11.92190677978805,arc,15,16,0.0,flow
1961,26.93190677978805,11.931906779788049,arc,15,16,0.0,flow
1962,26.94190677978805,11.941906779788049,arc,15,16,0.0,flow
1963,26.951906779788047,11.951906779788048,arc,15,16,0.0,flow
1964,26.96190677978805,11.961906779788048,arc,15,16,0.0,flow
1965,26.97190677978805,11.971906779788048,arc,15,16,0.0,flow
1966,26.981906779788048,11.981906779788048,arc,15,16,0.0,flow
1967,26.991906779788046,11.991906779788048,arc,15,16,0.0,flow
1968,27.001906779788047,12.001906779788047,arc,15,16,0.0,flow
1969,27.007655752437763,12.007655752437763,arc,15,16,0.0,pre_impact
1970,27.027655752437763,12.007655752437763,bridge,15,16,0.02,bridge
1971,27.047655752437763,12.007655752437763,bridge,15,16,0.04,bridge
1972,27.067655752437762,12.007655752437763,bridge,15,16,0.06,bridge
1973,27.08765575243776,12.007655752437763,bridge,15,16,0.08,bridge
1974,27.107655752437765,12.007655752437763,bridge,15,16,0.1,bridge
1975,27.127655752437764,12.007655752437763,bridge,15,16,0.12,bridge
1976,27.147655752437764,12.007655752437763,bridge,15,16,0.14,bridge
1977,27.167655752437764,12.007655752437763,bridge,15,16,0.16,bridge
1978,27.187655752437763,12.007655752437763,bridge,15,16,0.18,bridge
1979,27.207655752437763,12.007655752437763,bridge,15,16,0.2,bridge
1980,27.227655752437762,12.007655752437763,bridge,15,16,0.22,bridge
1981,27.247655752437762,12.007655752437763,bridge,15,16,0.24,bridge
1982,27.267655752437765,12.007655752437763,bridge,15,16,0.26,bridge
1983,27.287655752437765,12.007655752437763,bridge,15,16,0.28,bridge
1984,27.307655752437764,12.007655752437763,bridge,15,16,0.3,bridge
1985,27.327655752437764,12.007655752437763,bridge,15,16,0.32,bridge
1986,27.347655752437763,12.007655752437763,bridge,15,16,0.34,bridge
1987,27.367655752437763,12.007655752437763,bridge,15,16,0.36,bridge
1988,27.387655752437762,12.007655752437763,bridge,15,16,0.38,bridge
1989,27.407655752437762,12.007655752437763,bridge,15,16,0.4,bridge
1990,27.427655752437765,12.007655752437763,bridge,15,16,0.42,bridge
1991,27.447655752437765,12.007655752437763,bridge,15,16,0.44,bridge
1992,27.467655752437764,12.007655752437763,bridge,15,16,0.46,bridge
1993,27.487655752437764,12.007655752437763,bridge,15,16,0.48,bridge
1994,27.507655752437763,12.007655752437763,bridge,15,16,0.5,bridge
1995,27.527655752437763,12.007655752437763,bridge,15,16,0.52,bridge
1996,27.547655752437763,12.007655752437763,bridge,15,16,0.54,bridge
1997,27.567655752437762,12.007655752437763,bridge,15,16,0.56,bridge
1998,27.58765575243776,12.007655752437763,bridge,15,16,0.58,bridge
1999,27.607655752437765,12.007655752437763,bridge,15,16,0.6,bridge
2000,27.627655752437764,12.007655752437763,bridge,15,16,0.62,bridge
2001,27.647655752437764,12.007655752437763,bridge,15,16,0.64,bridge
2002,27.667655752437764,12.007655752437763,bridge,15,16,0.66,bridge
2003,27.687655752437763,12.007655752437763,bridge,15,16,0.68,bridge
2004,27.707655752437763,12.007655752437763,bridge,15,16,0.7000000000000001,bridge
2005,27.727655752437762,12.007655752437763,bridge,15,16,0.72,bridge
2006,27.747655752437762,12.007655752437763,bridge,15,16,0.74,bridge
2007,27.767655752437765,12.007655752437763,bridge,15,16,0.76,bridge
2008,27.787655752437765,12.007655752437763,bridge,15,16,0.78,bridge
2009,27.807655752437764,12.007655752437763,bridge,15,16,0.8,bridge
2010,27.827655752437764,12.007655752437763,bridge,15,16,0.8200000000000001,bridge
2011,27.847655752437763,12.007655752437763,bridge,15,16,0.84,bridge
2012,27.867655752437763,12.007655752437763,bridge,15,16,0.86,bridge
2013,27.887655752437762,12.007655752437763,bridge,15,16,0.88,bridge
2014,27.907655752437762,12.007655752437763,bridge,15,16,0.9,bridge
2015,27.927655752437765,12.007655752437763,bridge,15,16,0.92,bridge
2016,27.947655752437765,12.007655752437763,bridge,15,16,0.9400000000000001,bridge
2017,27.967655752437764,12.007655752437763,bridge,15,16,0.96,bridge
2018,27.987655752437764,12.007655752437763,bridge,15,16,0.98,bridge
2019,28.007655752437763,12.007655752437763,bridge,15,16,1.0,bridge_end
2020,28.007655752437763,12.007655752437763,arc,16,17,0.0,post_impact
2021,28.01765575243776,12.017655752437763,arc,16,17,0.0,flow
2022,28.027655752437763,12.027655752437763,arc,16,17,0.0,flow
2023,28.037655752437765,12.037655752437763,arc,16,17,0.0,flow
2024,28.047655752437763,12.047655752437763,arc,16,17,0.0,flow
2025,28.057655752437764,12.057655752437764,arc,16,17,0.0,flow
2026,28.067655752437766,12.067655752437764,arc,16,17,0.0,flow
2027,28.077655752437764,12.077655752437764,arc,16,17,0.0,flow
2028,28.08765575243776,12.087655752437763,arc,16,17,0.0,flow
2029,28.097655752437763,12.097655752437763,arc,16,17,0.0,flow
2030,28.107655752437765,12.107655752437763,arc,16,17,0.0,flow
2031,28.117655752437763,12.117655752437763,arc,16,17,0.0,flow
2032,28.12765575243776,12.127655752437763,arc,16,17,0.0,flow
2033,28.137655752437766,12.137655752437764,arc,16,17,0.0,flow
2034,28.147655752437764,12.147655752437764,arc,16,17,0.0,flow
2035,28.157655752437762,12.157655752437764,arc,16,17,0.0,flow
2036,28.167655752437764,12.167655752437764,arc,16,17,0.0,flow
2037,28.177655752437765,12.177655752437763,arc,16,17,0.0,flow
2038,28.187655752437763,12.187655752437763,arc,16,17,0.0,flow
2039,28.19765575243776,12.197655752437763,arc,16,17,0.0,flow
2040,28.207655752437763,12.207655752437763,arc,16,17,0.0,flow
2041,28.217655752437764,12.217655752437764,arc,16,17,0.0,flow
2042,28.227655752437762,12.227655752437764,arc,16,17,0.0,flow
2043,28.237655752437764,12.237655752437764,arc,16,17,0.0,flow
2044,28.247655752437765,12.247655752437764,arc,16,17,0.0,flow
2045,28.257655752437763,12.257655752437763,arc,16,17,0.0,flow
2046,28.26765575243776,12.267655752437763,arc,16,17,0.0,flow
2047,28.277655752437763,12.277655752437763,arc,16,17,0.0,flow
2048,28.287655752437765,12.287655752437763,arc,16,17,0.0,flow
2049,28.297655752437763,12.297655752437763,arc,16,17,0.0,flow
2050,28.307655752437764,12.307655752437764,arc,16,17,0.0,flow
2051,28.317655752437766,12.317655752437764,arc,16,17,0.0,flow
2052,28.327655752437764,12.327655752437764,arc,16,17,0.0,flow
2053,28.33765575243776,12.337655752437763,arc,16,17,0.0,flow
2054,28.347655752437763,12.347655752437763,arc,16,17,0.0,flow
2055,28.357655752437765,12.357655752437763,arc,16,17,0.0,flow
2056,28.367655752437763,12.367655752437763,arc,16,17,0.0,flow
2057,28.37765575243776,12.377655752437763,arc,16,17,0.0,flow
2058,28.387655752437766,12.387655752437764,arc,16,17,0.0,flow
2059,28.397655752437764,12.397655752437764,arc,16,17,0.0,flow
2060,28.407655752437762,12.407655752437764,arc,16,17,0.0,flow
2061,28.417655752437764,12.417655752437764,arc,16,17,0.0,flow
2062,28.427655752437765,12.427655752437763,arc,16,17,0.0,flow
2063,28.437655752437763,12.437655752437763,arc,16,17,0.0,flow
2064,28.44765575243776,12.447655752437763,arc,16,17,0.0,flow
2065,28.457655752437763,12.457655752437763,arc,16,17,0.0,flow
2066,28.467655752437764,12.467655752437764,arc,16,17,0.0,flow
2067,28.477655752437762,12.477655752437764,arc,16,17,0.0,flow
2068,28.487655752437764,12.487655752437764,arc,16,17,0.0,flow
2069,28.497655752437765,12.497655752437764,arc,16,17,0.0,flow
2070,28.507655752437763,12.507655752437763,arc,16,17,0.0,flow
2071,28.51765575243776,12.517655752437763,arc,16,17,0.0,flow
2072,28.527655752437763,12.527655752437763,arc,16,17,0.0,flow
2073,28.537655752437765,12.537655752437763,arc,16,17,0.0,flow
2074,28.547655752437763,12.547655752437763,arc,16,17,0.0,flow
2075,28.557655752437764,12.557655752437764,arc,16,17,0.0,flow
2076,28.567655752437766,12.567655752437764,arc,16,17,0.0,flow
2077,28.577655752437764,12.577655752437764,arc,16,17,0.0,flow
2078,28.58765575243776,12.587655752437763,arc,16,17,0.0,flow
2079,28.597655752437763,12.597655752437763,arc,16,17,0.0,flow
2080,28.607655752437765,12.607655752437763,arc,16,17,0.0,flow
2081,28.617655752437763,12.617655752437763,arc,16,17,0.0,flow
2082,28.62765575243776,12.627655752437763,arc,16,17,0.0,flow
2083,28.637655752437766,12.637655752437764,arc,16,17,0.0,flow
2084,28.647655752437764,12.647655752437764,arc,16,17,0.0,flow
2085,28.657655752437762,12.657655752437764,arc,16,17,0.0,flow
2086,28.667655752437764,12.667655752437764,arc,16,17,0.0,flow
2087,28.677655752437765,12.677655752437763,arc,16,17,0.0,flow
2088,28.687655752437763,12.687655752437763,arc,16,17,0.0,flow
2089,28.69765575243776,12.697655752437763,arc,16,17,0.0,flow
2090,28.707655752437763,12.707655752437763,arc,16,17,0.0,flow
2091,28.717655752437764,12.717655752437764,arc,16,17,0.0,flow
2092,28.72512082631694,12.725120826316937,arc,16,17,0.0,pre_impact
2093,28.74512082631694,12.725120826316937,bridge,16,17,0.02,bridge
2094,28.765120826316938,12.725120826316937,bridge,16,17,0.04,bridge
2095,28.785120826316938,12.725120826316937,bridge,16,17,0.06,bridge
2096,28.805120826316937,12.725120826316937,bridge,16,17,0.08,bridge
2097,28.82512082631694,12.725120826316937,bridge,16,17,0.1,bridge
2098,28.84512082631694,12.725120826316937,bridge,16,17,0.12,bridge
2099,28.86512082631694,12.725120826316937,bridge,16,17,0.14,bridge
2100,28.88512082631694,12.725120826316937,bridge,16,17,0.16,bridge
2101,28.90512082631694,12.725120826316937,bridge,16,17,0.18,bridge
2102,28.925120826316938,12.725120826316937,bridge,16,17,0.2,bridge
2103,28.945120826316938,12.725120826316937,bridge,16,17,0.22,bridge
2104,28.965120826316937,12.725120826316937,bridge,16,17,0.24,bridge
2105,28.98512082631694,12.725120826316937,bridge,16,17,0.26,bridge
2106,29.00512082631694,12.725120826316937,bridge,16,17,0.28,bridge
2107,29.02512082631694,12.725120826316937,bridge,16,17,0.3,bridge
2108,29.04512082631694,12.725120826316937,bridge,16,17,0.32,bridge
2109,29.06512082631694,12.725120826316937,bridge,16,17,0.34,bridge
2110,29.08512082631694,12.725120826316937,bridge,16,17,0.36,bridge
2111,29.105120826316938,12.725120826316937,bridge,16,17,0.38,bridge
2112,29.125120826316937,12.725120826316937,bridge,16,17,0.4,bridge
2113,29.14512082631694,12.725120826316937,bridge,16,17,0.42,bridge
2114,29.16512082631694,12.725120826316937,bridge,16,17,0.44,bridge
2115,29.18512082631694,12.725120826316937,bridge,16,17,0.46,bridge
2116,29.20512082631694,12.725120826316937,bridge,16,17,0.48,bridge
2117,29.22512082631694,12.725120826316937,bridge,16,17,0.5,bridge
2118,29.24512082631694,12.725120826316937,bridge,16,17,0.52,bridge
2119,29.265120826316938,12.725120826316937,bridge,16,17,0.54,bridge
2120,29.285120826316938,12.725120826316937,bridge,16,17,0.56,bridge
2121,29.305120826316937,12.725120826316937,bridge,16,17,0.58,bridge
2122,29.32512082631694,12.725120826316937,bridge,16,17,0.6,bridge
2123,29.34512082631694,12.725120826316937,bridge,16,17,0.62,bridge
2124,29.36512082631694,12.725120826316937,bridge,16,17,0.64,bridge
2125,29.38512082631694,12.725120826316937,bridge,16,17,0.66,bridge
2126,29.40512082631694,12.725120826316937,bridge,16,17,0.68,bridge
2127,29.425120826316938,12.725120826316937,bridge,16,17,0.7000000000000001,bridge
2128,29.445120826316938,12.725120826316937,bridge,16,17,0.72,bridge
2129,29.465120826316937,12.725120826316937,bridge,16,17,0.74,bridge
2130,29.48512082631694,12.725120826316937,bridge,16,17,0.76,bridge
2131,29.50512082631694,12.725120826316937,bridge,16,17,0.78,bridge
2132,29.52512082631694,12.725120826316937,bridge,16,17,0.8,bridge
2133,29.54512082631694,12.725120826316937,bridge,16,17,0.8200000000000001,bridge
2134,29.56512082631694,12.725120826316937,bridge,16,17,0.84,bridge
2135,29.58512082631694,12.725120826316937,bridge,16,17,0.86,bridge
2136,29.605120826316938,12.725120826316937,bridge,16,17,0.88,bridge
2137,29.625120826316937,12.725120826316937,bridge,16,17,0.9,bridge
2138,29.64512082631694,12.725120826316937,bridge,16,17,0.92,bridge
2139,29.66512082631694,12.725120826316937,bridge,16,17,0.9400000000000001,bridge
2140,29.68512082631694,12.725120826316937,bridge,16,17,0.96,bridge
2141,29.70512082631694,12.725120826316937,bridge,16,17,0.98,bridge
2142,29.72512082631694,12.725120826316937,bridge,16,17,1.0,bridge_end
2143,29.72512082631694,12.725120826316937,arc,17,18,0.0,post_impact
2144,29.735120826316937,12.735120826316937,arc,17,18,0.0,flow
2145,29.745120826316935,12.745120826316937,arc,17,18,0.0,flow
2146,29.755120826316936,12.755120826316936,arc,17,18,0.0,flow
2147,29.765120826316938,12.765120826316936,arc,17,18,0.0,flow
2148,29.775120826316936,12.775120826316938,arc,17,18,0.0,flow
2149,29.785120826316938,12.785120826316938,arc,17,18,0.0,flow
2150,29.79512082631694,12.795120826316937,arc,17,18,0.0,flow
2151,29.805120826316937,12.805120826316937,arc,17,18,0.0,flow
2152,29.815120826316935,12.815120826316937,arc,17,18,0.0,flow
2153,29.825120826316937,12.825120826316937,arc,17,18,0.0,flow
2154,29.83512082631694,12.835120826316937,arc,17,18,0.0,flow
2155,29.845120826316936,12.845120826316936,arc,17,18,0.0,flow
2156,29.855120826316938,12.855120826316938,arc,17,18,0.0,flow
2157,29.86512082631694,12.865120826316938,arc,17,18,0.0,flow
2158,29.875120826316937,12.875120826316937,arc,17,18,0.0,flow
2159,29.885120826316935,12.885120826316937,arc,17,18,0.0,flow
2160,29.895120826316937,12.895120826316937,arc,17,18,0.0,flow
2161,29.90512082631694,12.905120826316937,arc,17,18,0.0,flow
2162,29.915120826316937,12.915120826316937,arc,17,18,0.0,flow
2163,29.925120826316935,12.925120826316936,arc,17,18,0.0,flow
2164,29.93512082631694,12.935120826316938,arc,17,18,0.0,flow
2165,29.945120826316938,12.945120826316938,arc,17,18,0.0,flow
2166,29.955120826316936,12.955120826316938,arc,17,18,0.0,flow
2167,29.965120826316937,12.965120826316937,arc,17,18,0.0,flow
2168,29.97512082631694,12.975120826316937,arc,17,18,0.0,flow
2169,29.985120826316937,12.985120826316937,arc,17,18,0.0,flow
2170,29.995120826316935,12.995120826316937,arc,17,18,0.0,flow
2171,30.005120826316936,13.005120826316936,arc,17,18,0.0,flow
2172,30.015120826316938,13.015120826316936,arc,17,18,0.0,flow
2173,30.025120826316936,13.025120826316938,arc,17,18,0.0,flow
2174,30.035120826316938,13.035120826316938,arc,17,18,0.0,flow
2175,30.04512082631694,13.045120826316937,arc,17,18,0.0,flow
2176,30.055120826316937,13.055120826316937,arc,17,18,0.0,flow
2177,30.065120826316935,13.065120826316937,arc,17,18,0.0,flow
2178,30.075120826316937,13.075120826316937,arc,17,18,0.0,flow
2179,30.08512082631694,13.085120826316937,arc,17,18,0.0,flow
2180,30.095120826316936,13.095120826316936,arc,17,18,0.0,flow
2181,30.105120826316938,13.105120826316938,arc,17,18,0.0,flow
2182,30.11512082631694,13.115120826316938,arc,17,18,0.0,flow
2183,30.125120826316937,13.125120826316937,arc,17,18,0.0,flow
2184,30.135120826316935,13.135120826316937,arc,17,18,0.0,flow
2185,30.145120826316937,13.145120826316937,arc,17,18,0.0,flow
2186,30.15512082631694,13.155120826316937,arc,17,18,0.0,flow
2187,30.165120826316937,13.165120826316937,arc,17,18,0.0,flow
2188,30.175120826316935,13.175120826316936,arc,17,18,0.0,flow
2189,30.18512082631694,13.185120826316938,arc,17,18,0.0,flow
2190,30.195120826316938,13.195120826316938,arc,17,18,0.0,flow
2191,30.205120826316936,13.205120826316938,arc,17,18,0.0,flow
2192,30.215120826316937,13.215120826316937,arc,17,18,0.0,flow
2193,30.22512082631694,13.225120826316937,arc,17,18,0.0,flow
2194,30.235120826316937,13.235120826316937,arc,17,18,0.0,flow
2195,30.245120826316935,13.245120826316937,arc,17,18,0.0,flow
2196,30.255120826316936,13.255120826316936,arc,17,18,0.0,flow
2197,30.265120826316938,13.265120826316938,arc,17,18,0.0,flow
2198,30.275120826316936,13.275120826316938,arc,17,18,0.0,flow
2199,30.285120826316938,13.285120826316938,arc,17,18,0.0,flow
2200,30.29512082631694,13.295120826316937,arc,17,18,0.0,flow
2201,30.305120826316937,13.305120826316937,arc,17,18,0.0,flow
2202,30.315120826316935,13.315120826316937,arc,17,18,0.0,flow
2203,30.325120826316937,13.325120826316937,arc,17,18,0.0,flow
2204,30.33512082631694,13.335120826316937,arc,17,18,0.0,flow
2205,30.345120826316936,13.345120826316936,arc,17,18,0.0,flow
2206,30.355120826316938,13.355120826316938,arc,17,18,0.0,flow
2207,30.36512082631694,13.365120826316938,arc,17,18,0.0,flow
2208,30.375120826316937,13.375120826316937,arc,17,18,0.0,flow
2209,30.385120826316935,13.385120826316937,arc,17,18,0.0,flow
2210,30.395120826316937,13.395120826316937,arc,17,18,0.0,flow
2211,30.40512082631694,13.405120826316937,arc,17,18,0.0,flow
2212,30.415120826316937,13.415120826316937,arc,17,18,0.0,flow
2213,30.425120826316935,13.425120826316936,arc,17,18,0.0,flow
2214,30.435120826316936,13.435120826316936,arc,17,18,0.0,flow
2215,30.445120826316938,13.445120826316938,arc,17,18,0.0,flow
2216,30.455120826316936,13.455120826316938,arc,17,18,0.0,flow
2217,30.465120826316937,13.465120826316937,arc,17,18,0.0,flow
2218,30.47512082631694,13.475120826316937,arc,17,18,0.0,flow
2219,30.485120826316937,13.485120826316937,arc,17,18,0.0,flow
2220,30.495120826316935,13.495120826316937,arc,17,18,0.0,flow
2221,30.505120826316936,13.505120826316936,arc,17,18,0.0,flow
2222,30.515120826316938,13.515120826316938,arc,17,18,0.0,flow
2223,30.524138330889507,13.524138330889507,arc,17,18,0.0,pre_impact
2224,30.544138330889506,13.524138330889507,bridge,17,18,0.02,bridge
2225,30.564138330889506,13.524138330889507,bridge,17,18,0.04,bridge
2226,30.584138330889505,13.524138330889507,bridge,17,18,0.06,bridge
2227,30.604138330889505,13.524138330889507,bridge,17,18,0.08,bridge
2228,30.624138330889508,13.524138330889507,bridge,17,18,0.1,bridge
2229,30.644138330889508,13.524138330889507,bridge,17,18,0.12,bridge
2230,30.664138330889507,13.524138330889507,bridge,17,18,0.14,bridge
2231,30.684138330889507,13.524138330889507,bridge,17,18,0.16,bridge
2232,30.704138330889506,13.524138330889507,bridge,17,18,0.18,bridge
2233,30.724138330889506,13.524138330889507,bridge,17,18,0.2,bridge
2234,30.744138330889506,13.524138330889507,bridge,17,18,0.22,bridge
2235,30.764138330889505,13.524138330889507,bridge,17,18,0.24,bridge
2236,30.78413833088951,13.524138330889507,bridge,17,18,0.26,bridge
2237,30.804138330889508,13.524138330889507,bridge,17,18,0.28,bridge
2238,30.824138330889507,13.524138330889507,bridge,17,18,0.3,bridge
2239,30.844138330889507,13.524138330889507,bridge,17,18,0.32,bridge
2240,30.864138330889507,13.524138330889507,bridge,17,18,0.34,bridge
2241,30.884138330889506,13.524138330889507,bridge,17,18,0.36,bridge
2242,30.904138330889506,13.524138330889507,bridge,17,18,0.38,bridge
2243,30.924138330889505,13.524138330889507,bridge,17,18,0.4,bridge
2244,30.94413833088951,13.524138330889507,bridge,17,18,0.42,bridge
2245,30.964138330889508,13.524138330889507,bridge,17,18,0.44,bridge
2246,30.984138330889508,13.524138330889507,bridge,17,18,0.46,bridge
2247,31.004138330889507,13.524138330889507,bridge,17,18,0.48,bridge
2248,31.024138330889507,13.524138330889507,bridge,17,18,0.5,bridge
2249,31.044138330889506,13.524138330889507,bridge,17,18,0.52,bridge
2250,31.064138330889506,13.524138330889507,bridge,17,18,0.54,bridge
2251,31.084138330889505,13.524138330889507,bridge,17,18,0.56,bridge
2252,31.104138330889505,13.524138330889507,bridge,17,18,0.58,bridge
2253,31.124138330889508,13.524138330889507,bridge,17,18,0.6,bridge
2254,31.144138330889508,13.524138330889507,bridge,17,18,0.62,bridge
2255,31.164138330889507,13.524138330889507,bridge,17,18,0.64,bridge
2256,31.184138330889507,13.524138330889507,bridge,17,18,0.66,bridge
2257,31.204138330889506,13.524138330889507,bridge,17,18,0.68,bridge
2258,31.224138330889506,13.524138330889507,bridge,17,18,0.7000000000000001,bridge
2259,31.244138330889506,13.524138330889507,bridge,17,18,0.72,bridge
2260,31.264138330889505,13.524138330889507,bridge,17,18,0.74,bridge
2261,31.28413833088951,13.524138330889507,bridge,17,18,0.76,bridge
2262,31.304138330889508,13.524138330889507,bridge,17,18,0.78,bridge
2263,31.324138330889507,13.524138330889507,bridge,17,18,0.8,bridge
2264,31.344138330889507,13.524138330889507,bridge,17,18,0.8200000000000001,bridge
2265,31.364138330889507,13.524138330889507,bridge,17,18,0.84,bridge
2266,31.384138330889506,13.524138330889507,bridge,17,18,0.86,bridge
2267,31.404138330889506,13.524138330889507,bridge,17,18,0.88,bridge
2268,31.424138330889505,13.524138330889507,bridge,17,18,0.9,bridge
2269,31.44413833088951,13.524138330889507,bridge,17,18,0.92,bridge
2270,31.464138330889508,13.524138330889507,bridge,17,18,0.9400000000000001,bridge
2271,31.484138330889508,13.524138330889507,bridge,17,18,0.96,bridge
2272,31.504138330889507,13.524138330889507,bridge,17,18,0.98,bridge
2273,31.524138330889507,13.524138330889507,bridge,17,18,1.0,bridge_end
2274,31.524138330889507,13.524138330889507,arc,18,19,0.0,post_impact
2275,31.534138330889505,13.534138330889506,arc,18,19,0.0,flow
2276,31.544138330889506,13.544138330889506,arc,18,19,0.0,flow
2277,31.554138330889508,13.554138330889506,arc,18,19,0.0,flow
2278,31.564138330889506,13.564138330889506,arc,18,19,0.0,flow
2279,31.574138330889507,13.574138330889507,arc,18,19,0.0,flow
2280,31.58413833088951,13.584138330889507,arc,18,19,0.0,flow
2281,31.594138330889507,13.594138330889507,arc,18,19,0.0,flow
2282,31.604138330889505,13.604138330889507,arc,18,19,0.0,flow
2283,31.614138330889507,13.614138330889507,arc,18,19,0.0,flow
2284,31.624138330889508,13.624138330889506,arc,18,19,0.0,flow
2285,31.634138330889506,13.634138330889506,arc,18,19,0.0,flow
2286,31.644138330889504,13.644138330889506,arc,18,19,0.0,flow
2287,31.65413833088951,13.654138330889507,arc,18,19,0.0,flow
2288,31.664138330889507,13.664138330889507,arc,18,19,0.0,flow
2289,31.674138330889505,13.674138330889507,arc,18,19,0.0,flow
2290,31.684138330889507,13.684138330889507,arc,18,19,0.0,flow
2291,31.69413833088951,13.694138330889507,arc,18,19,0.0,flow
2292,31.704138330889506,13.704138330889506,arc,18,19,0.0,flow
2293,31.714138330889504,13.714138330889506,arc,18,19,0.0,flow
2294,31.724138330889506,13.724138330889506,arc,18,19,0.0,flow
2295,31.734138330889508,13.734138330889508,arc,18,19,0.0,flow
2296,31.744138330889506,13.744138330889507,arc,18,19,0.0,flow
2297,31.754138330889507,13.754138330889507,arc,18,19,0.0,flow
2298,31.76413833088951,13.764138330889507,arc,18,19,0.0,flow
2299,31.774138330889507,13.774138330889507,arc,18,19,0.0,flow
2300,31.784138330889505,13.784138330889506,arc,18,19,0.0,flow
2301,31.794138330889506,13.794138330889506,arc,18,19,0.0,flow
2302,31.804138330889508,13.804138330889506,arc,18,19,0.0,flow
2303,31.814138330889506,13.814138330889506,arc,18,19,0.0,flow
2304,31.824138330889507,13.824138330889507,arc,18,19,0.0,flow
2305,31.83413833088951,13.834138330889507,arc,18,19,0.0,flow
2306,31.844138330889507,13.844138330889507,arc,18,19,0.0,flow
2307,31.854138330889505,13.854138330889507,arc,18,19,0.0,flow
2308,31.864138330889507,13.864138330889507,arc,18,19,0.0,flow
2309,31.874138330889508,13.874138330889506,arc,18,19,0.0,flow
2310,31.884138330889506,13.884138330889506,arc,18,19,0.0,flow
2311,31.894138330889504,13.894138330889506,arc,18,19,0.0,flow
2312,31.90413833088951,13.904138330889507,arc,18,19,0.0,flow
2313,31.914138330889507,13.914138330889507,arc,18,19,0.0,flow
2314,31.924138330889505,13.924138330889507,arc,18,19,0.0,flow
2315,31.934138330889507,13.934138330889507,arc,18,19,0.0,flow
2316,31.94413833088951,13.944138330889507,arc,18,19,0.0,flow
2317,31.954138330889506,13.954138330889506,arc,18,19,0.0,flow
2318,31.964138330889504,13.964138330889506,arc,18,19,0.0,flow
2319,31.974138330889506,13.974138330889506,arc,18,19,0.0,flow
2320,31.984138330889508,13.984138330889508,arc,18,19,0.0,flow
2321,31.994138330889506,13.994138330889507,arc,18,19,0.0,flow
2322,32.0041383308895,14.004138330889507,arc,18,19,0.0,flow
2323,32.01413833088951,14.014138330889507,arc,18,19,0.0,flow
2324,32.02413833088951,14.024138330889507,arc,18,19,0.0,flow
2325,32.034138330889505,14.034138330889506,arc,18,19,0.0,flow
2326,32.04413833088951,14.044138330889506,arc,18,19,0.0,flow
2327,32.05413833088951,14.054138330889506,arc,18,19,0.0,flow
2328,32.064138330889506,14.064138330889506,arc,18,19,0.0,flow
2329,32.07413833088951,14.074138330889507,arc,18,19,0.0,flow
2330,32.08413833088951,14.084138330889507,arc,18,19,0.0,flow
2331,32.09413833088951,14.094138330889507,arc,18,19,0.0,flow
2332,32.104138330889505,14.104138330889507,arc,18,19,0.0,flow
2333,32.1141383308895,14.114138330889507,arc,18,19,0.0,flow
2334,32.12413833088951,14.124138330889506,arc,18,19,0.0,flow
2335,32.134138330889506,14.134138330889506,arc,18,19,0.0,flow
2336,32.144138330889504,14.144138330889506,arc,18,19,0.0,flow
2337,32.15413833088951,14.154138330889507,arc,18,19,0.0,flow
2338,32.16413833088951,14.164138330889507,arc,18,19,0.0,flow
2339,32.174138330889505,14.174138330889507,arc,18,19,0.0,flow
2340,32.18413833088951,14.184138330889507,arc,18,19,0.0,flow
2341,32.19413833088951,14.194138330889507,arc,18,19,0.0,flow
2342,32.204138330889506,14.204138330889506,arc,18,19,0.0,flow
2343,32.213820717971224,14.213820717971226,arc,18,19,0.0,pre_impact
2344,32.23382071797123,14.213820717971226,bridge,18,19,0.02,bridge
2345,32.25382071797122,14.213820717971226,bridge,18,19,0.04,bridge
2346,32.273820717971226,14.213820717971226,bridge,18,19,0.06,bridge
2347,32.29382071797122,14.213820717971226,bridge,18,19,0.08,bridge
2348,32.313820717971225,14.213820717971226,bridge,18,19,0.1,bridge
2349,32.33382071797122,14.213820717971226,bridge,18,19,0.12,bridge
2350,32.353820717971224,14.213820717971226,bridge,18,19,0.14,bridge
2351,32.37382071797122,14.213820717971226,bridge,18,19,0.16,bridge
2352,32.393820717971224,14.213820717971226,bridge,18,19,0.18,bridge
2353,32.41382071797123,14.213820717971226,bridge,18,19,0.2,bridge
2354,32.43382071797122,14.213820717971226,bridge,18,19,0.22,bridge
2355,32.453820717971226,14.213820717971226,bridge,18,19,0.24,bridge
2356,32.47382071797122,14.213820717971226,bridge,18,19,0.26,bridge
2357,32.493820717971225,14.213820717971226,bridge,18,19,0.28,bridge
2358,32.51382071797122,14.213820717971226,bridge,18,19,0.3,bridge
2359,32.533820717971224,14.213820717971226,bridge,18,19,0.32,bridge
2360,32.55382071797123,14.213820717971226,bridge,18,19,0.34,bridge
2361,32.57382071797122,14.213820717971226,bridge,18,19,0.36,bridge
2362,32.59382071797123,14.213820717971226,bridge,18,19,0.38,bridge
2363,32.61382071797122,14.213820717971226,bridge,18,19,0.4,bridge
2364,32.633820717971226,14.213820717971226,bridge,18,19,0.42,bridge
2365,32.65382071797122,14.213820717971226,bridge,18,19,0.44,bridge
2366,32.673820717971225,14.213820717971226,bridge,18,19,0.46,bridge
2367,32.69382071797122,14.213820717971226,bridge,18,19,0.48,bridge
2368,32.713820717971224,14.213820717971226,bridge,18,19,0.5,bridge
2369,32.73382071797123,14.213820717971226,bridge,18,19,0.52,bridge
2370,32.75382071797122,14.213820717971226,bridge,18,19,0.54,bridge
2371,32.773820717971226,14.213820717971226,bridge,18,19,0.56,bridge
2372,32.79382071797122,14.213820717971226,bridge,18,19,0.58,bridge
2373,32.813820717971225,14.213820717971226,bridge,18,19,0.6,bridge
2374,32.83382071797122,14.213820717971226,bridge,18,19,0.62,bridge
2375,32.853820717971224,14.213820717971226,bridge,18,19,0.64,bridge
2376,32.87382071797122,14.213820717971226,bridge,18,19,0.66,bridge
2377,32.893820717971224,14.213820717971226,bridge,18,19,0.68,bridge
2378,32.91382071797123,14.213820717971226,bridge,18,19,0.7000000000000001,bridge
2379,32.93382071797122,14.213820717971226,bridge,18,19,0.72,bridge
2380,32.953820717971226,14.213820717971226,bridge,18,19,0.74,bridge
2381,32.97382071797122,14.213820717971226,bridge,18,19,0.76,bridge
2382,32.993820717971225,14.213820717971226,bridge,18,19,0.78,bridge
2383,33.01382071797122,14.213820717971226,bridge,18,19,0.8,bridge
2384,33.033820717971224,14.213820717971226,bridge,18,19,0.8200000000000001,bridge
2385,33.05382071797123,14.213820717971226,bridge,18,19,0.84,bridge
2386,33.07382071797122,14.213820717971226,bridge,18,19,0.86,bridge
2387,33.09382071797123,14.213820717971226,bridge,18,19,0.88,bridge
2388,33.11382071797122,14.213820717971226,bridge,18,19,0.9,bridge
2389,33.133820717971226,14.213820717971226,bridge,18,19,0.92,bridge
2390,33.15382071797122,14.213820717971226,bridge,18,19,0.9400000000000001,bridge
2391,33.173820717971225,14.213820717971226,bridge,18,19,0.96,bridge
2392,33.19382071797122,14.213820717971226,bridge,18,19,0.98,bridge
2393,33.213820717971224,14.213820717971226,bridge,18,19,1.0,bridge_end
2394,33.213820717971224,14.213820717971226,arc,19,20,0.0,post_impact
2395,33.22382071797122,14.223820717971225,arc,19,20,0.0,flow
2396,33.23382071797123,14.233820717971225,arc,19,20,0.0,flow
2397,33.243820717971225,14.243820717971225,arc,19,20,0.0,flow
2398,33.25382071797122,14.253820717971225,arc,19,20,0.0,flow
2399,33.26382071797123,14.263820717971226,arc,19,20,0.0,flow
2400,33.273820717971226,14.273820717971226,arc,19,20,0.0,flow
2401,33.283820717971224,14.283820717971226,arc,19,20,0.0,flow
2402,33.29382071797123,14.293820717971226,arc,19,20,0.0,flow
2403,33.30382071797123,14.303820717971226,arc,19,20,0.0,flow
2404,33.313820717971225,14.313820717971225,arc,19,20,0.0,flow
2405,33.32382071797122,14.323820717971225,arc,19,20,0.0,flow
2406,33.33382071797122,14.333820717971225,arc,19,20,0.0,flow
2407,33.34382071797123,14.343820717971226,arc,19,20,0.0,flow
2408,33.353820717971224,14.353820717971226,arc,19,20,0.0,flow
2409,33.36382071797122,14.363820717971226,arc,19,20,0.0,flow
2410,33.37382071797123,14.373820717971226,arc,19,20,0.0,flow
2411,33.383820717971226,14.383820717971226,arc,19,20,0.0,flow
2412,33.393820717971224,14.393820717971225,arc,19,20,0.0,flow
2413,33.40382071797123,14.403820717971225,arc,19,20,0.0,flow
2414,33.41382071797123,14.413820717971225,arc,19,20,0.0,flow
2415,33.423820717971225,14.423820717971227,arc,19,20,0.0,flow
2416,33.43382071797123,14.433820717971226,arc,19,20,0.0,flow
2417,33.44382071797123,14.443820717971226,arc,19,20,0.0,flow
2418,33.453820717971226,14.453820717971226,arc,19,20,0.0,flow
2419,33.463820717971224,14.463820717971226,arc,19,20,0.0,flow
2420,33.47382071797122,14.473820717971225,arc,19,20,0.0,flow
2421,33.48382071797123,14.483820717971225,arc,19,20,0.0,flow
2422,33.493820717971225,14.493820717971225,arc,19,20,0.0,flow
2423,33.50382071797122,14.503820717971225,arc,19,20,0.0,flow
2424,33.51382071797123,14.513820717971226,arc,19,20,0.0,flow
2425,33.523820717971226,14.523820717971226,arc,19,20,0.0,flow
2426,33.533820717971224,14.533820717971226,arc,19,20,0.0,flow
2427,33.54382071797123,14.543820717971226,arc,19,20,0.0,flow
2428,33.55382071797123,14.553820717971226,arc,19,20,0.0,flow
2429,33.563820717971225,14.563820717971225,arc,19,20,0.0,flow
2430,33.57382071797122,14.573820717971225,arc,19,20,0.0,flow
2431,33.58382071797122,14.583820717971225,arc,19,20,0.0,flow
2432,33.59382071797123,14.593820717971226,arc,19,20,0.0,flow
2433,33.603820717971224,14.603820717971226,arc,19,20,0.0,flow
2434,33.61382071797122,14.613820717971226,arc,19,20,0.0,flow
2435,33.62382071797123,14.623820717971226,arc,19,20,0.0,flow
2436,33.633820717971226,14.633820717971226,arc,19,20,0.0,flow
2437,33.643820717971224,14.643820717971225,arc,19,20,0.0,flow
2438,33.65382071797123,14.653820717971225,arc,19,20,0.0,flow
2439,33.66382071797123,14.663820717971225,arc,19,20,0.0,flow
2440,33.673820717971225,14.673820717971227,arc,19,20,0.0,flow
2441,33.68382071797123,14.683820717971226,arc,19,20,0.0,flow
2442,33.69382071797123,14.693820717971226,arc,19,20,0.0,flow
2443,33.703820717971226,14.703820717971226,arc,19,20,0.0,flow
2444,33.713820717971224,14.713820717971226,arc,19,20,0.0,flow
2445,33.72382071797122,14.723820717971225,arc,19,20,0.0,flow
2446,33.73382071797123,14.733820717971225,arc,19,20,0.0,flow
2447,33.743820717971225,14.743820717971225,arc,19,20,0.0,flow
2448,33.75382071797122,14.753820717971227,arc,19,20,0.0,flow
2449,33.76382071797123,14.763820717971226,arc,19,20,0.0,flow
2450,33.773820717971226,14.773820717971226,arc,19,20,0.0,flow
2451,33.783820717971224,14.783820717971226,arc,19,20,0.0,flow
2452,33.79382071797123,14.793820717971226,arc,19,20,0.0,flow
2453,33.80382071797123,14.803820717971226,arc,19,20,0.0,flow
2454,33.813820717971225,14.813820717971225,arc,19,20,0.0,flow
2455,33.82382071797122,14.823820717971225,arc,19,20,0.0,flow
2456,33.83382071797122,14.833820717971225,arc,19,20,0.0,flow
2457,33.84382071797123,14.843820717971226,arc,19,20,0.0,flow
2458,33.853820717971224,14.853820717971226,arc,19,20,0.0,flow
2459,33.86382071797122,14.863820717971226,arc,19,20,0.0,flow
2460,33.87382071797123,14.873820717971226,arc,19,20,0.0,flow
2461,33.883820717971226,14.883820717971226,arc,19,20,0.0,flow
2462,33.893820717971224,14.893820717971225,arc,19,20,0.0,flow
2463,33.90382071797123,14.903820717971225,arc,19,20,0.0,flow
2464,33.91382071797123,14.913820717971225,arc,19,20,0.0,flow
2465,33.923820717971225,14.923820717971225,arc,19,20,0.0,flow
2466,33.93382071797123,14.933820717971226,arc,19,20,0.0,flow
2467,33.94382071797123,14.943820717971226,arc,19,20,0.0,flow
2468,33.953820717971226,14.953820717971226,arc,19,20,0.0,flow
2469,33.963820717971224,14.963820717971226,arc,19,20,0.0,flow
2470,33.97382071797122,14.973820717971225,arc,19,20,0.0,flow
2471,33.98382071797123,14.983820717971225,arc,19,20,0.0,flow
2472,33.993820717971225,14.993820717971225,arc,19,20,0.0,flow
2473,34.00382071797122,15.003820717971227,arc,19,20,0.0,flow
2474,34.0095696907489,15.009569690748895,arc,19,20,0.0,pre_impact
2475,34.0295696907489,15.009569690748895,bridge,19,20,0.02,bridge
2476,34.049569690748896,15.009569690748895,bridge,19,20,0.04,bridge
2477,34.0695696907489,15.009569690748895,bridge,19,20,0.06,bridge
2478,34.089569690748895,15.009569690748895,bridge,19,20,0.08,bridge
2479,34.1095696907489,15.009569690748895,bridge,19,20,0.1,bridge
2480,34.129569690748895,15.009569690748895,bridge,19,20,0.12,bridge
2481,34.1495696907489,15.009569690748895,bridge,19,20,0.14,bridge
2482,34.169569690748894,15.009569690748895,bridge,19,20,0.16,bridge
2483,34.1895696907489,15.009569690748895,bridge,19,20,0.18,bridge
2484,34.2095696907489,15.009569690748895,bridge,19,20,0.2,bridge
2485,34.229569690748896,15.009569690748895,bridge,19,20,0.22,bridge
2486,34.2495696907489,15.009569690748895,bridge,19,20,0.24,bridge
2487,34.269569690748895,15.009569690748895,bridge,19,20,0.26,bridge
2488,34.2895696907489,15.009569690748895,bridge,19,20,0.28,bridge
2489,34.309569690748894,15.009569690748895,bridge,19,20,0.3,bridge
2490,34.3295696907489,15.009569690748895,bridge,19,20,0.32,bridge
2491,34.3495696907489,15.009569690748895,bridge,19,20,0.34,bridge
2492,34.3695696907489,15.009569690748895,bridge,19,20,0.36,bridge
2493,34.3895696907489,15.009569690748895,bridge,19,20,0.38,bridge
2494,34.409569690748896,15.009569690748895,bridge,19,20,0.4,bridge
2495,34.4295696907489,15.009569690748895,bridge,19,20,0.42,bridge
2496,34.449569690748895,15.009569690748895,bridge,19,20,0.44,bridge
2497,34.4695696907489,15.009569690748895,bridge,19,20,0.46,bridge
2498,34.489569690748894,15.009569690748895,bridge,19,20,0.48,bridge
2499,34.5095696907489,15.009569690748895,bridge,19,20,0.5,bridge
2500,34.5295696907489,15.009569690748895,bridge,19,20,0.52,bridge
2501,34.549569690748896,15.009569690748895,bridge,19,20,0.54,bridge
2502,34.5695696907489,15.009569690748895,bridge,19,20,0.56,bridge
2503,34.589569690748895,15.009569690748895,bridge,19,20,0.58,bridge
2504,34.6095696907489,15.009569690748895,bridge,19,20,0.6,bridge
2505,34.629569690748895,15.009569690748895,bridge,19,20,0.62,bridge
2506,34.6495696907489,15.009569690748895,bridge,19,20,0.64,bridge
2507,34.669569690748894,15.009569690748895,bridge,19,20,0.66,bridge
2508,34.6895696907489,15.009569690748895,bridge,19,20,0.68,bridge
2509,34.7095696907489,15.009569690748895,bridge,19,20,0.7000000000000001,bridge
2510,34.729569690748896,15.009569690748895,bridge,19,20,0.72,bridge
2511,34.7495696907489,15.009569690748895,bridge,19,20,0.74,bridge
2512,34.769569690748895,15.009569690748895,bridge,19,20,0.76,bridge
2513,34.7895696907489,15.009569690748895,bridge,19,20,0.78,bridge
2514,34.809569690748894,15.009569690748895,bridge,19,20,0.8,bridge
2515,34.8295696907489,15.009569690748895,bridge,19,20,0.8200000000000001,bridge
2516,34.8495696907489,15.009569690748895,bridge,19,20,0.84,bridge
2517,34.8695696907489,15.009569690748895,bridge,19,20,0.86,bridge
2518,34.8895696907489,15.009569690748895,bridge,19,20,0.88,bridge
2519,34.909569690748896,15.009569690748895,bridge,19,20,0.9,bridge
2520,34.9295696907489,15.009569690748895,bridge,19,20,0.92,bridge
2521,34.949569690748895,15.009569690748895,bridge,19,20,0.9400000000000001,bridge
2522,34.9695696907489,15.009569690748895,bridge,19,20,0.96,bridge
2523,34.989569690748894,15.009569690748895,bridge,19,20,0.98,bridge
2524,35.0095696907489,15.009569690748895,bridge,19,20,1.0,bridge_end
2525,35.0095696907489,15.009569690748895,arc,20,21,0.0,post_impact
2526,35.019569690748895,15.019569690748895,arc,20,21,0.0,flow
2527,35.02956969074889,15.029569690748895,arc,20,21,0.0,flow
2528,35.03956969074889,15.039569690748895,arc,20,21,0.0,flow
2529,35.049569690748896,15.049569690748895,arc,20,21,0.0,flow
2530,35.059569690748894,15.059569690748896,arc,20,21,0.0,flow
2531,35.06956969074889,15.069569690748896,arc,20,21,0.0,flow
2532,35.0795696907489,15.079569690748896,arc,20,21,0.0,flow
2533,35.089569690748895,15.089569690748895,arc,20,21,0.0,flow
2534,35.09956969074889,15.099569690748895,arc,20,21,0.0,flow
2535,35.1095696907489,15.109569690748895,arc,20,21,0.0,flow
2536,35.1195696907489,15.119569690748895,arc,20,21,0.0,flow
2537,35.129569690748895,15.129569690748895,arc,20,21,0.0,flow
2538,35.1395696907489,15.139569690748896,arc,20,21,0.0,flow
2539,35.1495696907489,15.149569690748896,arc,20,21,0.0,flow
2540,35.159569690748896,15.159569690748896,arc,20,21,0.0,flow
2541,35.169569690748894,15.169569690748895,arc,20,21,0.0,flow
2542,35.17956969074889,15.179569690748895,arc,20,21,0.0,flow
2543,35.1895696907489,15.189569690748895,arc,20,21,0.0,flow
2544,35.199569690748895,15.199569690748895,arc,20,21,0.0,flow
2545,35.20956969074889,15.209569690748895,arc,20,21,0.0,flow
2546,35.2195696907489,15.219569690748896,arc,20,21,0.0,flow
2547,35.229569690748896,15.229569690748896,arc,20,21,0.0,flow
2548,35.239569690748894,15.239569690748896,arc,20,21,0.0,flow
2549,35.2495696907489,15.249569690748896,arc,20,21,0.0,flow
2550,35.2595696907489,15.259569690748895,arc,20,21,0.0,flow
2551,35.269569690748895,15.269569690748895,arc,20,21,0.0,flow
2552,35.27956969074889,15.279569690748895,arc,20,21,0.0,flow
2553,35.28956969074889,15.289569690748895,arc,20,21,0.0,flow
2554,35.299569690748896,15.299569690748895,arc,20,21,0.0,flow
2555,35.309569690748894,15.309569690748896,arc,20,21,0.0,flow
2556,35.31956969074889,15.319569690748896,arc,20,21,0.0,flow
2557,35.3295696907489,15.329569690748896,arc,20,21,0.0,flow
2558,35.339569690748895,15.339569690748895,arc,20,21,0.0,flow
2559,35.34956969074889,15.349569690748895,arc,20,21,0.0,flow
2560,35.3595696907489,15.359569690748895,arc,20,21,0.0,flow
2561,35.3695696907489,15.369569690748895,arc,20,21,0.0,flow
2562,35.379569690748895,15.379569690748895,arc,20,21,0.0,flow
2563,35.3895696907489,15.389569690748896,arc,20,21,0.0,flow
2564,35.3995696907489,15.399569690748896,arc,20,21,0.0,flow
2565,35.409569690748896,15.409569690748896,arc,20,21,0.0,flow
2566,35.419569690748894,15.419569690748895,arc,20,21,0.0,flow
2567,35.42956969074889,15.429569690748895,arc,20,21,0.0,flow
2568,35.4395696907489,15.439569690748895,arc,20,21,0.0,flow
2569,35.449569690748895,15.449569690748895,arc,20,21,0.0,flow
2570,35.45956969074889,15.459569690748895,arc,20,21,0.0,flow
2571,35.4695696907489,15.469569690748896,arc,20,21,0.0,flow
2572,35.479569690748896,15.479569690748896,arc,20,21,0.0,flow
2573,35.489569690748894,15.489569690748896,arc,20,21,0.0,flow
2574,35.4995696907489,15.499569690748896,arc,20,21,0.0,flow
2575,35.5095696907489,15.509569690748895,arc,20,21,0.0,flow
2576,35.519569690748895,15.519569690748895,arc,20,21,0.0,flow
2577,35.52956969074889,15.529569690748895,arc,20,21,0.0,flow
2578,35.53956969074889,15.539569690748895,arc,20,21,0.0,flow
2579,35.549569690748896,15.549569690748896,arc,20,21,0.0,flow
2580,35.559569690748894,15.559569690748896,arc,20,21,0.0,flow
2581,35.56956969074889,15.569569690748896,arc,20,21,0.0,flow
2582,35.5795696907489,15.579569690748896,arc,20,21,0.0,flow
2583,35.589569690748895,15.589569690748895,arc,20,21,0.0,flow
2584,35.59956969074889,15.599569690748895,arc,20,21,0.0,flow
2585,35.6095696907489,15.609569690748895,arc,20,21,0.0,flow
2586,35.6195696907489,15.619569690748895,arc,20,21,0.0,flow
2587,35.629569690748895,15.629569690748895,arc,20,21,0.0,flow
2588,35.6395696907489,15.639569690748896,arc,20,21,0.0,flow
2589,35.6495696907489,15.649569690748896,arc,20,21,0.0,flow
2590,35.659569690748896,15.659569690748896,arc,20,21,0.0,flow
2591,35.669569690748894,15.669569690748895,arc,20,21,0.0,flow
2592,35.67956969074889,15.679569690748895,arc,20,21,0.0,flow
2593,35.6895696907489,15.689569690748895,arc,20,21,0.0,flow
2594,35.699569690748895,15.699569690748895,arc,20,21,0.0,flow
2595,35.70956969074889,15.709569690748895,arc,20,21,0.0,flow
2596,35.7195696907489,15.719569690748894,arc,20,21,0.0,flow
2597,35.7270347640917,15.727034764091698,arc,20,21,0.0,pre_impact
2598,35.7470347640917,15.727034764091698,bridge,20,21,0.02,bridge
2599,35.7670347640917,15.727034764091698,bridge,20,21,0.04,bridge
2600,35.7870347640917,15.727034764091698,bridge,20,21,0.06,bridge
2601,35.807034764091696,15.727034764091698,bridge,20,21,0.08,bridge
2602,35.8270347640917,15.727034764091698,bridge,20,21,0.1,bridge
2603,35.847034764091696,15.727034764091698,bridge,20,21,0.12,bridge
2604,35.8670347640917,15.727034764091698,bridge,20,21,0.14,bridge
2605,35.887034764091695,15.727034764091698,bridge,20,21,0.16,bridge
2606,35.9070347640917,15.727034764091698,bridge,20,21,0.18,bridge
2607,35.9270347640917,15.727034764091698,bridge,20,21,0.2,bridge
2608,35.9470347640917,15.727034764091698,bridge,20,21,0.22,bridge
2609,35.9670347640917,15.727034764091698,bridge,20,21,0.24,bridge
2610,35.987034764091696,15.727034764091698,bridge,20,21,0.26,bridge
2611,36.0070347640917,15.727034764091698,bridge,20,21,0.28,bridge
2612,36.027034764091695,15.727034764091698,bridge,20,21,0.3,bridge
2613,36.0470347640917,15.727034764091698,bridge,20,21,0.32,bridge
2614,36.0670347640917,15.727034764091698,bridge,20,21,0.34,bridge
2615,36.0870347640917,15.727034764091698,bridge,20,21,0.36,bridge
2616,36.1070347640917,15.727034764091698,bridge,20,21,0.38,bridge
2617,36.1270347640917,15.727034764091698,bridge,20,21,0.4,bridge
2618,36.1470347640917,15.727034764091698,bridge,20,21,0.42,bridge
2619,36.167034764091696,15.727034764091698,bridge,20,21,0.44,bridge
2620,36.1870347640917,15.727034764091698,bridge,20,21,0.46,bridge
2621,36.207034764091695,15.727034764091698,bridge,20,21,0.48,bridge
2622,36.2270347640917,15.727034764091698,bridge,20,21,0.5,bridge
2623,36.2470347640917,15.727034764091698,bridge,20,21,0.52,bridge
2624,36.2670347640917,15.727034764091698,bridge,20,21,0.54,bridge
2625,36.2870347640917,15.727034764091698,bridge,20,21,0.56,bridge
2626,36.307034764091696,15.727034764091698,bridge,20,21,0.58,bridge
2627,36.3270347640917,15.727034764091698,bridge,20,21,0.6,bridge
2628,36.347034764091696,15.727034764091698,bridge,20,21,0.62,bridge
2629,36.3670347640917,15.727034764091698,bridge,20,21,0.64,bridge
2630,36.387034764091695,15.727034764091698,bridge,20,21,0.66,bridge
2631,36.4070347640917,15.727034764091698,bridge,20,21,0.68,bridge
2632,36.4270347640917,15.727034764091698,bridge,20,21,0.7000000000000001,bridge
2633,36.4470347640917,15.727034764091698,bridge,20,21,0.72,bridge
2634,36.4670347640917,15.727034764091698,bridge,20,21,0.74,bridge
2635,36.487034764091696,15.727034764091698,bridge,20,21,0.76,bridge
2636,36.5070347640917,15.727034764091698,bridge,20,21,0.78,bridge
2637,36.527034764091695,15.727034764091698,bridge,20,21,0.8,bridge
2638,36.5470347640917,15.727034764091698,bridge,20,21,0.8200000000000001,bridge
2639,36.5670347640917,15.727034764091698,bridge,20,21,0.84,bridge
2640,36.5870347640917,15.727034764091698,bridge,20,21,0.86,bridge
2641,36.6070347640917,15.727034764091698,bridge,20,21,0.88,bridge
2642,36.6270347640917,15.727034764091698,bridge,20,21,0.9,bridge
2643,36.6470347640917,15.727034764091698,bridge,20,21,0.92,bridge
2644,36.667034764091696,15.727034764091698,bridge,20,21,0.9400000000000001,bridge
2645,36.6870347640917,15.727034764091698,bridge,20,21,0.96,bridge
2646,36.707034764091695,15.727034764091698,bridge,20,21,0.98,bridge
2647,36.7270347640917,15.727034764091698,bridge,20,21,1.0,bridge_end
2648,36.7270347640917,15.727034764091698,arc,21,22,0.0,post_impact
2649,36.737034764091696,15.737034764091698,arc,21,22,0.0,flow
2650,36.747034764091694,15.747034764091698,arc,21,22,0.0,flow
2651,36.7570347640917,15.757034764091697,arc,21,22,0.0,flow
2652,36.7670347640917,15.767034764091697,arc,21,22,0.0,flow
2653,36.777034764091695,15.777034764091699,arc,21,22,0.0,flow
2654,36.7870347640917,15.787034764091699,arc,21,22,0.0,flow
2655,36.7970347640917,15.797034764091698,arc,21,22,0.0,flow
2656,36.807034764091696,15.807034764091698,arc,21,22,0.0,flow
2657,36.8170347640917,15.817034764091698,arc,21,22,0.0,flow
2658,36.8270347640917,15.827034764091698,arc,21,22,0.0,flow
2659,36.8370347640917,15.837034764091698,arc,21,22,0.0,flow
2660,36.847034764091696,15.847034764091697,arc,21,22,0.0,flow
2661,36.8570347640917,15.857034764091699,arc,21,22,0.0,flow
2662,36.8670347640917,15.867034764091699,arc,21,22,0.0,flow
2663,36.8770347640917,15.877034764091698,arc,21,22,0.0,flow
2664,36.887034764091695,15.887034764091698,arc,21,22,0.0,flow
2665,36.8970347640917,15.897034764091698,arc,21,22,0.0,flow
2666,36.9070347640917,15.907034764091698,arc,21,22,0.0,flow
2667,36.917034764091696,15.917034764091698,arc,21,22,0.0,flow
2668,36.9270347640917,15.927034764091697,arc,21,22,0.0,flow
2669,36.9370347640917,15.937034764091699,arc,21,22,0.0,flow
2670,36.9470347640917,15.947034764091699,arc,21,22,0.0,flow
2671,36.9570347640917,15.957034764091699,arc,21,22,0.0,flow
2672,36.9670347640917,15.967034764091698,arc,21,22,0.0,flow
2673,36.9770347640917,15.977034764091698,arc,21,22,0.0,flow
2674,36.987034764091696,15.987034764091698,arc,21,22,0.0,flow
2675,36.997034764091694,15.997034764091698,arc,21,22,0.0,flow
2676,37.0070347640917,16.0070347640917,arc,21,22,0.0,flow
2677,37.0170347640917,16.017034764091697,arc,21,22,0.0,flow
2678,37.027034764091695,16.0270347640917,arc,21,22,0.0,flow
2679,37.0370347640917,16.037034764091697,arc,21,22,0.0,flow
2680,37.0470347640917,16.0470347640917,arc,21,22,0.0,flow
2681,37.057034764091696,16.057034764091696,arc,21,22,0.0,flow
2682,37.0670347640917,16.067034764091698,arc,21,22,0.0,flow
2683,37.0770347640917,16.0770347640917,arc,21,22,0.0,flow
2684,37.0870347640917,16.087034764091698,arc,21,22,0.0,flow
2685,37.0970347640917,16.0970347640917,arc,21,22,0.0,flow
2686,37.10703476409169,16.107034764091697,arc,21,22,0.0,flow
2687,37.1170347640917,16.1170347640917,arc,21,22,0.0,flow
2688,37.1270347640917,16.127034764091697,arc,21,22,0.0,flow
2689,37.137034764091695,16.1370347640917,arc,21,22,0.0,flow
2690,37.1470347640917,16.1470347640917,arc,21,22,0.0,flow
2691,37.1570347640917,16.157034764091698,arc,21,22,0.0,flow
2692,37.167034764091696,16.1670347640917,arc,21,22,0.0,flow
2693,37.1770347640917,16.177034764091697,arc,21,22,0.0,flow
2694,37.1870347640917,16.1870347640917,arc,21,22,0.0,flow
2695,37.1970347640917,16.197034764091697,arc,21,22,0.0,flow
2696,37.2070347640917,16.2070347640917,arc,21,22,0.0,flow
2697,37.21703476409169,16.217034764091697,arc,21,22,0.0,flow
2698,37.2270347640917,16.227034764091698,arc,21,22,0.0,flow
2699,37.2370347640917,16.2370347640917,arc,21,22,0.0,flow
2700,37.247034764091694,16.247034764091698,arc,21,22,0.0,flow
2701,37.2570347640917,16.2570347640917,arc,21,22,0.0,flow
2702,37.2670347640917,16.267034764091697,arc,21,22,0.0,flow
2703,37.277034764091695,16.2770347640917,arc,21,22,0.0,flow
2704,37.2870347640917,16.287034764091697,arc,21,22,0.0,flow
2705,37.2970347640917,16.2970347640917,arc,21,22,0.0,flow
2706,37.307034764091696,16.307034764091696,arc,21,22,0.0,flow
2707,37.3170347640917,16.317034764091698,arc,21,22,0.0,flow
2708,37.3270347640917,16.3270347640917,arc,21,22,0.0,flow
2709,37.3370347640917,16.337034764091698,arc,21,22,0.0,flow
2710,37.3470347640917,16.3470347640917,arc,21,22,0.0,flow
2711,37.35703476409169,16.357034764091697,arc,21,22,0.0,flow
2712,37.3670347640917,16.3670347640917,arc,21,22,0.0,flow
2713,37.3770347640917,16.377034764091697,arc,21,22,0.0,flow
2714,37.387034764091695,16.3870347640917,arc,21,22,0.0,flow
2715,37.3970347640917,16.3970347640917,arc,21,22,0.0,flow
2716,37.4070347640917,16.407034764091698,arc,21,22,0.0,flow
2717,37.417034764091696,16.4170347640917,arc,21,22,0.0,flow
2718,37.4270347640917,16.427034764091697,arc,21,22,0.0,flow
2719,37.4370347640917,16.4370347640917,arc,21,22,0.0,flow
2720,37.4470347640917,16.447034764091697,arc,21,22,0.0,flow
2721,37.4570347640917,16.4570347640917,arc,21,22,0.0,flow
2722,37.46703476409169,16.467034764091697,arc,21,22,0.0,flow
2723,37.4770347640917,16.477034764091698,arc,21,22,0.0,flow
2724,37.4870347640917,16.4870347640917,arc,21,22,0.0,flow
2725,37.497034764091694,16.497034764091698,arc,21,22,0.0,flow
2726,37.5070347640917,16.5070347640917,arc,21,22,0.0,flow
2727,37.5170347640917,16.517034764091697,arc,21,22,0.0,flow
2728,37.526052268816024,16.526052268816024,arc,21,22,0.0,pre_impact
2729,37.54605226881603,16.526052268816024,bridge,21,22,0.02,bridge
2730,37.56605226881602,16.526052268816024,bridge,21,22,0.04,bridge
2731,37.586052268816026,16.526052268816024,bridge,21,22,0.06,bridge
2732,37.60605226881602,16.526052268816024,bridge,21,22,0.08,bridge
2733,37.626052268816025,16.526052268816024,bridge,21,22,0.1,bridge
2734,37.64605226881602,16.526052268816024,bridge,21,22,0.12,bridge
2735,37.666052268816024,16.526052268816024,bridge,21,22,0.14,bridge
2736,37.68605226881602,16.526052268816024,bridge,21,22,0.16,bridge
2737,37.70605226881602,16.526052268816024,bridge,21,22,0.18,bridge
2738,37.72605226881603,16.526052268816024,bridge,21,22,0.2,bridge
2739,37.74605226881602,16.526052268816024,bridge,21,22,0.22,bridge
2740,37.766052268816026,16.526052268816024,bridge,21,22,0.24,bridge
2741,37.78605226881602,16.526052268816024,bridge,21,22,0.26,bridge
2742,37.806052268816025,16.526052268816024,bridge,21,22,0.28,bridge
2743,37.82605226881602,16.526052268816024,bridge,21,22,0.3,bridge
2744,37.846052268816024,16.526052268816024,bridge,21,22,0.32,bridge
2745,37.86605226881603,16.526052268816024,bridge,21,22,0.34,bridge
2746,37.88605226881602,16.526052268816024,bridge,21,22,0.36,bridge
2747,37.906052268816026,16.526052268816024,bridge,21,22,0.38,bridge
2748,37.92605226881602,16.526052268816024,bridge,21,22,0.4,bridge
2749,37.946052268816025,16.526052268816024,bridge,21,22,0.42,bridge
2750,37.96605226881602,16.526052268816024,bridge,21,22,0.44,bridge
2751,37.986052268816024,16.526052268816024,bridge,21,22,0.46,bridge
2752,38.00605226881602,16.526052268816024,bridge,21,22,0.48,bridge
2753,38.026052268816024,16.526052268816024,bridge,21,22,0.5,bridge
2754,38.04605226881603,16.526052268816024,bridge,21,22,0.52,bridge
2755,38.06605226881602,16.526052268816024,bridge,21,22,0.54,bridge
2756,38.086052268816026,16.526052268816024,bridge,21,22,0.56,bridge
2757,38.10605226881602,16.526052268816024,bridge,21,22,0.58,bridge
2758,38.126052268816025,16.526052268816024,bridge,21,22,0.6,bridge
2759,38.14605226881602,16.526052268816024,bridge,21,22,0.62,bridge
2760,38.166052268816024,16.526052268816024,bridge,21,22,0.64,bridge
2761,38.18605226881602,16.526052268816024,bridge,21,22,0.66,bridge
2762,38.20605226881602,16.526052268816024,bridge,21,22,0.68,bridge
2763,38.22605226881603,16.526052268816024,bridge,21,22,0.7000000000000001,bridge
2764,38.24605226881602,16.526052268816024,bridge,21,22,0.72,bridge
2765,38.266052268816026,16.526052268816024,bridge,21,22,0.74,bridge
2766,38.28605226881602,16.526052268816024,bridge,21,22,0.76,bridge
2767,38.306052268816025,16.526052268816024,bridge,21,22,0.78,bridge
2768,38.32605226881602,16.526052268816024,bridge,21,22,0.8,bridge
2769,38.346052268816024,16.526052268816024,bridge,21,22,0.8200000000000001,bridge
2770,38.36605226881603,16.526052268816024,bridge,21,22,0.84,bridge
2771,38.38605226881602,16.526052268816024,bridge,21,22,0.86,bridge
2772,38.406052268816026,16.526052268816024,bridge,21,22,0.88,bridge
2773,38.42605226881602,16.526052268816024,bridge,21,22,0.9,bridge
2774,38.446052268816025,16.526052268816024,bridge,21,22,0.92,bridge
2775,38.46605226881602,16.526052268816024,bridge,21,22,0.9400000000000001,bridge
2776,38.486052268816024,16.526052268816024,bridge,21,22,0.96,bridge
2777,38.50605226881602,16.526052268816024,bridge,21,22,0.98,bridge
2778,38.526052268816024,16.526052268816024,bridge,21,22,1.0,bridge_end
2779,38.526052268816024,16.526052268816024,arc,22,23,0.0,post_impact
2780,38.53605226881602,16.536052268816025,arc,22,23,0.0,flow
2781,38.54605226881603,16.546052268816023,arc,22,23,0.0,flow
2782,38.556052268816025,16.556052268816025,arc,22,23,0.0,flow
2783,38.56605226881602,16.566052268816023,arc,22,23,0.0,flow
2784,38.57605226881603,16.576052268816024,arc,22,23,0.0,flow
2785,38.58605226881602,16.586052268816022,arc,22,23,0.0,flow
2786,38.596052268816024,16.596052268816024,arc,22,23,0.0,flow
2787,38.60605226881602,16.606052268816022,arc,22,23,0.0,flow
2788,38.61605226881602,16.616052268816023,arc,22,23,0.0,flow
2789,38.626052268816025,16.626052268816025,arc,22,23,0.0,flow
2790,38.63605226881602,16.636052268816023,arc,22,23,0.0,flow
2791,38.64605226881602,16.646052268816025,arc,22,23,0.0,flow
2792,38.656052268816026,16.656052268816023,arc,22,23,0.0,flow
2793,38.666052268816024,16.666052268816024,arc,22,23,0.0,flow
2794,38.67605226881602,16.676052268816022,arc,22,23,0.0,flow
2795,38.68605226881603,16.686052268816024,arc,22,23,0.0,flow
2796,38.696052268816025,16.696052268816025,arc,22,23,0.0,flow
2797,38.70605226881602,16.706052268816023,arc,22,23,0.0,flow
2798,38.71605226881603,16.716052268816025,arc,22,23,0.0,flow
2799,38.72605226881602,16.726052268816023,arc,22,23,0.0,flow
2800,38.736052268816024,16.736052268816024,arc,22,23,0.0,flow
2801,38.74605226881602,16.746052268816022,arc,22,23,0.0,flow
2802,38.75605226881602,16.756052268816024,arc,22,23,0.0,flow
2803,38.766052268816026,16.766052268816022,arc,22,23,0.0,flow
2804,38.776052268816024,16.776052268816024,arc,22,23,0.0,flow
2805,38.78605226881602,16.786052268816025,arc,22,23,0.0,flow
2806,38.79605226881603,16.796052268816023,arc,22,23,0.0,flow
2807,38.806052268816025,16.806052268816025,arc,22,23,0.0,flow
2808,38.81605226881602,16.816052268816023,arc,22,23,0.0,flow
2809,38.82605226881603,16.826052268816024,arc,22,23,0.0,flow
2810,38.83605226881602,16.836052268816022,arc,22,23,0.0,flow
2811,38.846052268816024,16.846052268816024,arc,22,23,0.0,flow
2812,38.85605226881602,16.856052268816022,arc,22,23,0.0,flow
2813,38.86605226881602,16.866052268816023,arc,22,23,0.0,flow
2814,38.876052268816025,16.876052268816025,arc,22,23,0.0,flow
2815,38.88605226881602,16.886052268816023,arc,22,23,0.0,flow
2816,38.89605226881602,16.896052268816025,arc,22,23,0.0,flow
2817,38.906052268816026,16.906052268816023,arc,22,23,0.0,flow
2818,38.916052268816024,16.916052268816024,arc,22,23,0.0,flow
2819,38.92605226881602,16.926052268816022,arc,22,23,0.0,flow
2820,38.93605226881603,16.936052268816024,arc,22,23,0.0,flow
2821,38.946052268816025,16.946052268816025,arc,22,23,0.0,flow
2822,38.95605226881602,16.956052268816023,arc,22,23,0.0,flow
2823,38.96605226881603,16.966052268816025,arc,22,23,0.0,flow
2824,38.97605226881602,16.976052268816023,arc,22,23,0.0,flow
2825,38.986052268816024,16.986052268816024,arc,22,23,0.0,flow
2826,38.99605226881602,16.996052268816022,arc,22,23,0.0,flow
2827,39.00605226881602,17.006052268816024,arc,22,23,0.0,flow
2828,39.016052268816026,17.016052268816022,arc,22,23,0.0,flow
2829,39.026052268816024,17.026052268816024,arc,22,23,0.0,flow
2830,39.03605226881602,17.036052268816025,arc,22,23,0.0,flow
2831,39.04605226881603,17.046052268816023,arc,22,23,0.0,flow
2832,39.056052268816025,17.056052268816025,arc,22,23,0.0,flow
2833,39.06605226881602,17.066052268816023,arc,22,23,0.0,flow
2834,39.07605226881603,17.076052268816024,arc,22,23,0.0,flow
2835,39.08605226881602,17.086052268816022,arc,22,23,0.0,flow
2836,39.096052268816024,17.096052268816024,arc,22,23,0.0,flow
2837,39.10605226881602,17.106052268816022,arc,22,23,0.0,flow
2838,39.11605226881602,17.116052268816023,arc,22,23,0.0,flow
2839,39.126052268816025,17.126052268816025,arc,22,23,0.0,flow
2840,39.13605226881602,17.136052268816023,arc,22,23,0.0,flow
2841,39.14605226881602,17.146052268816025,arc,22,23,0.0,flow
2842,39.156052268816026,17.156052268816023,arc,22,23,0.0,flow
2843,39.166052268816024,17.166052268816024,arc,22,23,0.0,flow
2844,39.17605226881602,17.176052268816022,arc,22,23,0.0,flow
2845,39.18605226881603,17.186052268816024,arc,22,23,0.0,flow
2846,39.196052268816025,17.196052268816025,arc,22,23,0.0,flow
2847,39.20605226881602,17.206052268816023,arc,22,23,0.0,flow
2848,39.215734655723345,17.215734655723345,arc,22,23,0.0,pre_impact
2849,39.23573465572335,17.215734655723345,bridge,22,23,0.02,bridge
2850,39.255734655723344,17.215734655723345,bridge,22,23,0.04,bridge
2851,39.27573465572335,17.215734655723345,bridge,22,23,0.06,bridge
2852,39.295734655723344,17.215734655723345,bridge,22,23,0.08,bridge
2853,39.31573465572335,17.215734655723345,bridge,22,23,0.1,bridge
2854,39.33573465572334,17.215734655723345,bridge,22,23,0.12,bridge
2855,39.355734655723346,17.215734655723345,bridge,22,23,0.14,bridge
2856,39.37573465572334,17.215734655723345,bridge,22,23,0.16,bridge
2857,39.395734655723345,17.215734655723345,bridge,22,23,0.18,bridge
2858,39.41573465572335,17.215734655723345,bridge,22,23,0.2,bridge
2859,39.435734655723344,17.215734655723345,bridge,22,23,0.22,bridge
2860,39.45573465572335,17.215734655723345,bridge,22,23,0.24,bridge
2861,39.47573465572334,17.215734655723345,bridge,22,23,0.26,bridge
2862,39.495734655723346,17.215734655723345,bridge,22,23,0.28,bridge
2863,39.51573465572334,17.215734655723345,bridge,22,23,0.3,bridge
2864,39.535734655723346,17.215734655723345,bridge,22,23,0.32,bridge
2865,39.55573465572335,17.215734655723345,bridge,22,23,0.34,bridge
2866,39.575734655723345,17.215734655723345,bridge,22,23,0.36,bridge
2867,39.59573465572335,17.215734655723345,bridge,22,23,0.38,bridge
2868,39.615734655723344,17.215734655723345,bridge,22,23,0.4,bridge
2869,39.63573465572335,17.215734655723345,bridge,22,23,0.42,bridge
2870,39.65573465572334,17.215734655723345,bridge,22,23,0.44,bridge
2871,39.675734655723346,17.215734655723345,bridge,22,23,0.46,bridge
2872,39.69573465572334,17.215734655723345,bridge,22,23,0.48,bridge
2873,39.715734655723345,17.215734655723345,bridge,22,23,0.5,bridge
2874,39.73573465572335,17.215734655723345,bridge,22,23,0.52,bridge
2875,39.755734655723344,17.215734655723345,bridge,22,23,0.54,bridge
2876,39.77573465572335,17.215734655723345,bridge,22,23,0.56,bridge
2877,39.795734655723344,17.215734655723345,bridge,22,23,0.58,bridge
2878,39.81573465572335,17.215734655723345,bridge,22,23,0.6,bridge
2879,39.83573465572334,17.215734655723345,bridge,22,23,0.62,bridge
2880,39.855734655723346,17.215734655723345,bridge,22,23,0.64,bridge
2881,39.87573465572334,17.215734655723345,bridge,22,23,0.66,bridge
2882,39.895734655723345,17.215734655723345,bridge,22,23,0.68,bridge
2883,39.91573465572335,17.215734655723345,bridge,22,23,0.7000000000000001,bridge
2884,39.935734655723344,17.215734655723345,bridge,22,23,0.72,bridge
2885,39.95573465572335,17.215734655723345,bridge,22,23,0.74,bridge
2886,39.97573465572334,17.215734655723345,bridge,22,23,0.76,bridge
2887,39.995734655723346,17.215734655723345,bridge,22,23,0.78,bridge
2888,40.01573465572334,17.215734655723345,bridge,22,23,0.8,bridge
2889,40.035734655723346,17.215734655723345,bridge,22,23,0.8200000000000001,bridge
2890,40.05573465572335,17.215734655723345,bridge,22,23,0.84,bridge
2891,40.075734655723345,17.215734655723345,bridge,22,23,0.86,bridge
2892,40.09573465572335,17.215734655723345,bridge,22,23,0.88,bridge
2893,40.115734655723344,17.215734655723345,bridge,22,23,0.9,bridge
2894,40.13573465572335,17.215734655723345,bridge,22,23,0.92,bridge
2895,40.15573465572334,17.215734655723345,bridge,22,23,0.9400000000000001,bridge
2896,40.175734655723346,17.215734655723345,bridge,22,23,0.96,bridge
2897,40.19573465572334,17.215734655723345,bridge,22,23,0.98,bridge
2898,40.215734655723345,17.215734655723345,bridge,22,23,1.0,bridge_end
2899,40.215734655723345,17.215734655723345,arc,23,24,0.0,post_impact
2900,40.22573465572334,17.225734655723347,arc,23,24,0.0,flow
2901,40.23573465572335,17.235734655723345,arc,23,24,0.0,flow
2902,40.245734655723346,17.245734655723346,arc,23,24,0.0,flow
2903,40.255734655723344,17.255734655723344,arc,23,24,0.0,flow
2904,40.26573465572335,17.265734655723346,arc,23,24,0.0,flow
2905,40.27573465572334,17.275734655723344,arc,23,24,0.0,flow
2906,40.285734655723346,17.285734655723346,arc,23,24,0.0,flow
2907,40.295734655723344,17.295734655723344,arc,23,24,0.0,flow
2908,40.30573465572334,17.305734655723345,arc,23,24,0.0,flow
2909,40.31573465572335,17.315734655723347,arc,23,24,0.0,flow
2910,40.325734655723345,17.325734655723345,arc,23,24,0.0,flow
2911,40.33573465572334,17.335734655723346,arc,23,24,0.0,flow
2912,40.34573465572335,17.345734655723344,arc,23,24,0.0,flow
2913,40.355734655723346,17.355734655723346,arc,23,24,0.0,flow
2914,40.365734655723344,17.365734655723344,arc,23,24,0.0,flow
2915,40.37573465572335,17.375734655723345,arc,23,24,0.0,flow
2916,40.38573465572335,17.385734655723347,arc,23,24,0.0,flow
2917,40.395734655723345,17.395734655723345,arc,23,24,0.0,flow
2918,40.40573465572335,17.405734655723347,arc,23,24,0.0,flow
2919,40.41573465572334,17.415734655723345,arc,23,24,0.0,flow
2920,40.425734655723346,17.425734655723346,arc,23,24,0.0,flow
2921,40.435734655723344,17.435734655723344,arc,23,24,0.0,flow
2922,40.44573465572334,17.445734655723346,arc,23,24,0.0,flow
2923,40.45573465572335,17.455734655723344,arc,23,24,0.0,flow
2924,40.465734655723345,17.465734655723345,arc,23,24,0.0,flow
2925,40.47573465572334,17.475734655723347,arc,23,24,0.0,flow
2926,40.48573465572335,17.485734655723345,arc,23,24,0.0,flow
2927,40.495734655723346,17.495734655723346,arc,23,24,0.0,flow
2928,40.505734655723344,17.505734655723344,arc,23,24,0.0,flow
2929,40.51573465572335,17.515734655723346,arc,23,24,0.0,flow
2930,40.52573465572334,17.525734655723344,arc,23,24,0.0,flow
2931,40.535734655723346,17.535734655723346,arc,23,24,0.0,flow
2932,40.545734655723344,17.545734655723344,arc,23,24,0.0,flow
2933,40.55573465572334,17.555734655723345,arc,23,24,0.0,flow
2934,40.56573465572335,17.565734655723347,arc,23,24,0.0,flow
2935,40.575734655723345,17.575734655723345,arc,23,24,0.0,flow
2936,40.58573465572334,17.585734655723346,arc,23,24,0.0,flow
2937,40.59573465572335,17.595734655723344,arc,23,24,0.0,flow
2938,40.605734655723346,17.605734655723346,arc,23,24,0.0,flow
2939,40.615734655723344,17.615734655723344,arc,23,24,0.0,flow
2940,40.62573465572335,17.625734655723345,arc,23,24,0.0,flow
2941,40.63573465572335,17.635734655723347,arc,23,24,0.0,flow
2942,40.645734655723345,17.645734655723345,arc,23,24,0.0,flow
2943,40.65573465572335,17.655734655723347,arc,23,24,0.0,flow
2944,40.66573465572334,17.665734655723345,arc,23,24,0.0,flow
2945,40.675734655723346,17.675734655723346,arc,23,24,0.0,flow
2946,40.685734655723344,17.685734655723344,arc,23,24,0.0,flow
2947,40.69573465572334,17.695734655723346,arc,23,24,0.0,flow
2948,40.70573465572335,17.705734655723344,arc,23,24,0.0,flow
2949,40.715734655723345,17.715734655723345,arc,23,24,0.0,flow
2950,40.72573465572334,17.725734655723347,arc,23,24,0.0,flow
2951,40.73573465572335,17.735734655723345,arc,23,24,0.0,flow
2952,40.745734655723346,17.745734655723346,arc,23,24,0.0,flow
2953,40.755734655723344,17.755734655723344,arc,23,24,0.0,flow
2954,40.76573465572335,17.765734655723346,arc,23,24,0.0,flow
2955,40.77573465572334,17.775734655723344,arc,23,24,0.0,flow
2956,40.785734655723346,17.785734655723346,arc,23,24,0.0,flow
2957,40.795734655723344,17.795734655723344,arc,23,24,0.0,flow
2958,40.80573465572334,17.805734655723345,arc,23,24,0.0,flow
2959,40.81573465572335,17.815734655723347,arc,23,24,0.0,flow
2960,40.825734655723345,17.825734655723345,arc,23,24,0.0,flow
2961,40.83573465572334,17.835734655723346,arc,23,24,0.0,flow
2962,40.84573465572335,17.845734655723344,arc,23,24,0.0,flow
2963,40.855734655723346,17.855734655723346,arc,23,24,0.0,flow
2964,40.865734655723344,17.865734655723344,arc,23,24,0.0,flow
2965,40.87573465572335,17.875734655723345,arc,23,24,0.0,flow
2966,40.88573465572335,17.885734655723347,arc,23,24,0.0,flow
2967,40.895734655723345,17.895734655723345,arc,23,24,0.0,flow
2968,40.90573465572335,17.905734655723347,arc,23,24,0.0,flow
2969,40.91573465572334,17.915734655723345,arc,23,24,0.0,flow
2970,40.925734655723346,17.925734655723346,arc,23,24,0.0,flow
2971,40.935734655723344,17.935734655723344,arc,23,24,0.0,flow
2972,40.94573465572334,17.945734655723346,arc,23,24,0.0,flow
2973,40.95573465572335,17.955734655723344,arc,23,24,0.0,flow
2974,40.965734655723345,17.965734655723345,arc,23,24,0.0,flow
2975,40.97573465572334,17.975734655723347,arc,23,24,0.0,flow
2976,40.98573465572335,17.985734655723345,arc,23,24,0.0,flow
2977,40.995734655723346,17.995734655723346,arc,23,24,0.0,flow
2978,41.005734655723344,18.005734655723344,arc,23,24,0.0,flow
2979,41.01148362840776,18.011483628407763,arc,23,24,0.0,pre_impact
2980,41.03148362840776,18.011483628407763,bridge,23,24,0.02,bridge
2981,41.05148362840776,18.011483628407763,bridge,23,24,0.04,bridge
2982,41.07148362840776,18.011483628407763,bridge,23,24,0.06,bridge
2983,41.09148362840776,18.011483628407763,bridge,23,24,0.08,bridge
2984,41.11148362840776,18.011483628407763,bridge,23,24,0.1,bridge
2985,41.13148362840776,18.011483628407763,bridge,23,24,0.12,bridge
2986,41.15148362840776,18.011483628407763,bridge,23,24,0.14,bridge
2987,41.171483628407756,18.011483628407763,bridge,23,24,0.16,bridge
2988,41.19148362840776,18.011483628407763,bridge,23,24,0.18,bridge
2989,41.21148362840776,18.011483628407763,bridge,23,24,0.2,bridge
2990,41.23148362840776,18.011483628407763,bridge,23,24,0.22,bridge
2991,41.25148362840776,18.011483628407763,bridge,23,24,0.24,bridge
2992,41.27148362840776,18.011483628407763,bridge,23,24,0.26,bridge
2993,41.29148362840776,18.011483628407763,bridge,23,24,0.28,bridge
2994,41.31148362840776,18.011483628407763,bridge,23,24,0.3,bridge
2995,41.33148362840776,18.011483628407763,bridge,23,24,0.32,bridge
2996,41.35148362840776,18.011483628407763,bridge,23,24,0.34,bridge
2997,41.37148362840776,18.011483628407763,bridge,23,24,0.36,bridge
2998,41.39148362840776,18.011483628407763,bridge,23,24,0.38,bridge
2999,41.41148362840776,18.011483628407763,bridge,23,24,0.4,bridge
3000,41.43148362840776,18.011483628407763,bridge,23,24,0.42,bridge
3001,41.45148362840776,18.011483628407763,bridge,23,24,0.44,bridge
3002,41.47148362840776,18.011483628407763,bridge,23,24,0.46,bridge
3003,41.49148362840776,18.011483628407763,bridge,23,24,0.48,bridge
3004,41.51148362840776,18.011483628407763,bridge,23,24,0.5,bridge
3005,41.53148362840776,18.011483628407763,bridge,23,24,0.52,bridge
3006,41.55148362840776,18.011483628407763,bridge,23,24,0.54,bridge
3007,41.57148362840776,18.011483628407763,bridge,23,24,0.56,bridge
3008,41.59148362840776,18.011483628407763,bridge,23,24,0.58,bridge
3009,41.61148362840776,18.011483628407763,bridge,23,24,0.6,bridge
3010,41.63148362840776,18.011483628407763,bridge,23,24,0.62,bridge
3011,41.65148362840776,18.011483628407763,bridge,23,24,0.64,bridge
3012,41.671483628407756,18.011483628407763,bridge,23,24,0.66,bridge
3013,41.69148362840776,18.011483628407763,bridge,23,24,0.68,bridge
3014,41.71148362840776,18.011483628407763,bridge,23,24,0.7000000000000001,bridge
3015,41.73148362840776,18.011483628407763,bridge,23,24,0.72,bridge
3016,41.75148362840776,18.011483628407763,bridge,23,24,0.74,bridge
3017,41.77148362840776,18.011483628407763,bridge,23,24,0.76,bridge
3018,41.79148362840776,18.011483628407763,bridge,23,24,0.78,bridge
3019,41.81148362840776,18.011483628407763,bridge,23,24,0.8,bridge
3020,41.83148362840776,18.011483628407763,bridge,23,24,0.8200000000000001,bridge
3021,41.85148362840776,18.011483628407763,bridge,23,24,0.84,bridge
3022,41.87148362840776,18.011483628407763,bridge,23,24,0.86,bridge
3023,41.89148362840776,18.011483628407763,bridge,23,24,0.88,bridge
3024,41.91148362840776,18.011483628407763,bridge,23,24,0.9,bridge
3025,41.93148362840776,18.011483628407763,bridge,23,24,0.92,bridge
3026,41.95148362840776,18.011483628407763,bridge,23,24,0.9400000000000001,bridge
3027,41.97148362840776,18.011483628407763,bridge,23,24,0.96,bridge
3028,41.99148362840776,18.011483628407763,bridge,23,24,0.98,bridge
3029,42.01148362840776,18.011483628407763,bridge,23,24,1.0,bridge_end
3030,42.01148362840776,18.011483628407763,arc,24,25,0.0,post_impact
3031,42.021483628407765,18.021483628407765,arc,24,25,0.0,flow
3032,42.03148362840776,18.031483628407763,arc,24,25,0.0,flow
3033,42.04148362840776,18.041483628407764,arc,24,25,0.0,flow
3034,42.051483628407766,18.051483628407762,arc,24,25,0.0,flow
3035,42.061483628407764,18.061483628407764,arc,24,25,0.0,flow
3036,42.07148362840776,18.071483628407762,arc,24,25,0.0,flow
3037,42.08148362840777,18.081483628407764,arc,24,25,0.0,flow
3038,42.09148362840776,18.09148362840776,arc,24,25,0.0,flow
3039,42.10148362840776,18.101483628407763,arc,24,25,0.0,flow
3040,42.11148362840777,18.111483628407765,arc,24,25,0.0,flow
3041,42.12148362840776,18.121483628407763,arc,24,25,0.0,flow
3042,42.131483628407764,18.131483628407764,arc,24,25,0.0,flow
3043,42.14148362840776,18.141483628407762,arc,24,25,0.0,flow
3044,42.15148362840776,18.151483628407764,arc,24,25,0.0,flow
3045,42.161483628407765,18.161483628407762,arc,24,25,0.0,flow
3046,42.17148362840776,18.171483628407763,arc,24,25,0.0,flow
3047,42.18148362840776,18.181483628407765,arc,24,25,0.0,flow
3048,42.19148362840777,18.191483628407763,arc,24,25,0.0,flow
3049,42.201483628407765,18.201483628407765,arc,24,25,0.0,flow
3050,42.21148362840776,18.211483628407763,arc,24,25,0.0,flow
3051,42.22148362840777,18.221483628407764,arc,24,25,0.0,flow
3052,42.23148362840776,18.231483628407762,arc,24,25,0.0,flow
3053,42.241483628407764,18.241483628407764,arc,24,25,0.0,flow
3054,42.25148362840776,18.25148362840776,arc,24,25,0.0,flow
3055,42.26148362840776,18.261483628407763,arc,24,25,0.0,flow
3056,42.271483628407765,18.271483628407765,arc,24,25,0.0,flow
3057,42.28148362840776,18.281483628407763,arc,24,25,0.0,flow
3058,42.29148362840776,18.291483628407764,arc,24,25,0.0,flow
3059,42.301483628407766,18.301483628407762,arc,24,25,0.0,flow
3060,42.311483628407764,18.311483628407764,arc,24,25,0.0,flow
3061,42.32148362840776,18.321483628407762,arc,24,25,0.0,flow
3062,42.33148362840777,18.331483628407764,arc,24,25,0.0,flow
3063,42.34148362840776,18.34148362840776,arc,24,25,0.0,flow
3064,42.35148362840776,18.351483628407763,arc,24,25,0.0,flow
3065,42.36148362840777,18.361483628407765,arc,24,25,0.0,flow
3066,42.37148362840776,18.371483628407763,arc,24,25,0.0,flow
3067,42.381483628407764,18.381483628407764,arc,24,25,0.0,flow
3068,42.39148362840776,18.391483628407762,arc,24,25,0.0,flow
3069,42.40148362840776,18.401483628407764,arc,24,25,0.0,flow
3070,42.411483628407765,18.411483628407762,arc,24,25,0.0,flow
3071,42.42148362840776,18.421483628407763,arc,24,25,0.0,flow
3072,42.43148362840776,18.431483628407765,arc,24,25,0.0,flow
3073,42.44148362840777,18.441483628407763,arc,24,25,0.0,flow
3074,42.451483628407765,18.451483628407765,arc,24,25,0.0,flow
3075,42.46148362840776,18.461483628407763,arc,24,25,0.0,flow
3076,42.47148362840777,18.471483628407764,arc,24,25,0.0,flow
3077,42.48148362840776,18.481483628407762,arc,24,25,0.0,flow
3078,42.491483628407764,18.491483628407764,arc,24,25,0.0,flow
3079,42.50148362840776,18.50148362840776,arc,24,25,0.0,flow
3080,42.51148362840776,18.511483628407763,arc,24,25,0.0,flow
3081,42.521483628407765,18.521483628407765,arc,24,25,0.0,flow
3082,42.53148362840776,18.531483628407763,arc,24,25,0.0,flow
3083,42.54148362840776,18.541483628407764,arc,24,25,0.0,flow
3084,42.551483628407766,18.551483628407762,arc,24,25,0.0,flow
3085,42.561483628407764,18.561483628407764,arc,24,25,0.0,flow
3086,42.57148362840776,18.571483628407762,arc,24,25,0.0,flow
3087,42.58148362840777,18.581483628407764,arc,24,25,0.0,flow
3088,42.59148362840776,18.59148362840776,arc,24,25,0.0,flow
3089,42.60148362840776,18.601483628407763,arc,24,25,0.0,flow
3090,42.61148362840777,18.611483628407765,arc,24,25,0.0,flow
3091,42.62148362840776,18.621483628407763,arc,24,25,0.0,flow
3092,42.631483628407764,18.631483628407764,arc,24,25,0.0,flow
3093,42.64148362840776,18.641483628407762,arc,24,25,0.0,flow
3094,42.65148362840776,18.651483628407764,arc,24,25,0.0,flow
3095,42.661483628407765,18.661483628407762,arc,24,25,0.0,flow
3096,42.67148362840776,18.671483628407763,arc,24,25,0.0,flow
3097,42.68148362840776,18.681483628407765,arc,24,25,0.0,flow
3098,42.69148362840777,18.691483628407763,arc,24,25,0.0,flow
3099,42.701483628407765,18.701483628407765,arc,24,25,0.0,flow
3100,42.71148362840776,18.711483628407763,arc,24,25,0.0,flow
3101,42.72148362840777,18.721483628407764,arc,24,25,0.0,flow
3102,42.728948702141466,18.72894870214147,arc,24,25,0.0,pre_impact
3103,42.74894870214147,18.72894870214147,bridge,24,25,0.02,bridge
3104,42.768948702141465,18.72894870214147,bridge,24,25,0.04,bridge
3105,42.78894870214147,18.72894870214147,bridge,24,25,0.06,bridge
3106,42.808948702141464,18.72894870214147,bridge,24,25,0.08,bridge
3107,42.82894870214147,18.72894870214147,bridge,24,25,0.1,bridge
3108,42.84894870214146,18.72894870214147,bridge,24,25,0.12,bridge
3109,42.868948702141466,18.72894870214147,bridge,24,25,0.14,bridge
3110,42.88894870214146,18.72894870214147,bridge,24,25,0.16,bridge
3111,42.908948702141466,18.72894870214147,bridge,24,25,0.18,bridge
3112,42.92894870214147,18.72894870214147,bridge,24,25,0.2,bridge
3113,42.948948702141465,18.72894870214147,bridge,24,25,0.22,bridge
3114,42.96894870214147,18.72894870214147,bridge,24,25,0.24,bridge
3115,42.988948702141464,18.72894870214147,bridge,24,25,0.26,bridge
3116,43.00894870214147,18.72894870214147,bridge,24,25,0.28,bridge
3117,43.02894870214146,18.72894870214147,bridge,24,25,0.3,bridge
3118,43.048948702141466,18.72894870214147,bridge,24,25,0.32,bridge
3119,43.06894870214147,18.72894870214147,bridge,24,25,0.34,bridge
3120,43.088948702141465,18.72894870214147,bridge,24,25,0.36,bridge
3121,43.10894870214147,18.72894870214147,bridge,24,25,0.38,bridge
3122,43.128948702141464,18.72894870214147,bridge,24,25,0.4,bridge
3123,43.14894870214147,18.72894870214147,bridge,24,25,0.42,bridge
3124,43.16894870214146,18.72894870214147,bridge,24,25,0.44,bridge
3125,43.18894870214147,18.72894870214147,bridge,24,25,0.46,bridge
3126,43.20894870214146,18.72894870214147,bridge,24,25,0.48,bridge
3127,43.228948702141466,18.72894870214147,bridge,24,25,0.5,bridge
3128,43.24894870214147,18.72894870214147,bridge,24,25,0.52,bridge
3129,43.268948702141465,18.72894870214147,bridge,24,25,0.54,bridge
3130,43.28894870214147,18.72894870214147,bridge,24,25,0.56,bridge
3131,43.308948702141464,18.72894870214147,bridge,24,25,0.58,bridge
3132,43.32894870214147,18.72894870214147,bridge,24,25,0.6,bridge
3133,43.34894870214146,18.72894870214147,bridge,24,25,0.62,bridge
3134,43.368948702141466,18.72894870214147,bridge,24,25,0.64,bridge
3135,43.38894870214146,18.72894870214147,bridge,24,25,0.66,bridge
3136,43.408948702141466,18.72894870214147,bridge,24,25,0.68,bridge
3137,43.42894870214147,18.72894870214147,bridge,24,25,0.7000000000000001,bridge
3138,43.448948702141465,18.72894870214147,bridge,24,25,0.72,bridge
3139,43.46894870214147,18.72894870214147,bridge,24,25,0.74,bridge
3140,43.488948702141464,18.72894870214147,bridge,24,25,0.76,bridge
3141,43.50894870214147,18.72894870214147,bridge,24,25,0.78,bridge
3142,43.52894870214146,18.72894870214147,bridge,24,25,0.8,bridge
3143,43.548948702141466,18.72894870214147,bridge,24,25,0.8200000000000001,bridge
3144,43.56894870214147,18.72894870214147,bridge,24,25,0.84,bridge
3145,43.588948702141465,18.72894870214147,bridge,24,25,0.86,bridge
3146,43.60894870214147,18.72894870214147,bridge,24,25,0.88,bridge
3147,43.628948702141464,18.72894870214147,bridge,24,25,0.9,bridge
3148,43.64894870214147,18.72894870214147,bridge,24,25,0.92,bridge
3149,43.66894870214146,18.72894870214147,bridge,24,25,0.9400000000000001,bridge
3150,43.68894870214147,18.72894870214147,bridge,24,25,0.96,bridge
3151,43.70894870214146,18.72894870214147,bridge,24,25,0.98,bridge
3152,43.728948702141466,18.72894870214147,bridge,24,25,1.0,bridge_end
3153,43.728948702141466,18.72894870214147,arc,25,26,0.0,post_impact
3154,43.73894870214147,18.73894870214147,arc,25,26,0.0,flow
3155,43.74894870214147,18.74894870214147,arc,25,26,0.0,flow
3156,43.75894870214147,18.75894870214147,arc,25,26,0.0,flow
3157,43.76894870214147,18.76894870214147,arc,25,26,0.0,flow
3158,43.77894870214147,18.77894870214147,arc,25,26,0.0,flow
3159,43.78894870214147,18.788948702141468,arc,25,26,0.0,flow
3160,43.79894870214147,18.79894870214147,arc,25,26,0.0,flow
3161,43.808948702141464,18.808948702141468,arc,25,26,0.0,flow
3162,43.81894870214147,18.81894870214147,arc,25,26,0.0,flow
3163,43.828948702141474,18.82894870214147,arc,25,26,0.0,flow
3164,43.838948702141465,18.83894870214147,arc,25,26,0.0,flow
3165,43.84894870214147,18.84894870214147,arc,25,26,0.0,flow
3166,43.85894870214147,18.85894870214147,arc,25,26,0.0,flow
3167,43.868948702141466,18.86894870214147,arc,25,26,0.0,flow
3168,43.87894870214147,18.878948702141468,arc,25,26,0.0,flow
3169,43.88894870214147,18.88894870214147,arc,25,26,0.0,flow
3170,43.89894870214147,18.89894870214147,arc,25,26,0.0,flow
3171,43.90894870214147,18.90894870214147,arc,25,26,0.0,flow
3172,43.91894870214147,18.91894870214147,arc,25,26,0.0,flow
3173,43.92894870214147,18.92894870214147,arc,25,26,0.0,flow
3174,43.938948702141474,18.93894870214147,arc,25,26,0.0,flow
3175,43.948948702141465,18.948948702141468,arc,25,26,0.0,flow
3176,43.95894870214147,18.95894870214147,arc,25,26,0.0,flow
3177,43.96894870214147,18.968948702141468,arc,25,26,0.0,flow
3178,43.978948702141466,18.97894870214147,arc,25,26,0.0,flow
3179,43.98894870214147,18.98894870214147,arc,25,26,0.0,flow
3180,43.99894870214147,18.99894870214147,arc,25,26,0.0,flow
3181,44.00894870214147,19.00894870214147,arc,25,26,0.0,flow
3182,44.01894870214147,19.01894870214147,arc,25,26,0.0,flow
3183,44.02894870214147,19.02894870214147,arc,25,26,0.0,flow
3184,44.03894870214147,19.038948702141468,arc,25,26,0.0,flow
3185,44.04894870214147,19.04894870214147,arc,25,26,0.0,flow
3186,44.058948702141464,19.058948702141468,arc,25,26,0.0,flow
3187,44.06894870214147,19.06894870214147,arc,25,26,0.0,flow
3188,44.078948702141474,19.07894870214147,arc,25,26,0.0,flow
3189,44.088948702141465,19.08894870214147,arc,25,26,0.0,flow
3190,44.09894870214147,19.09894870214147,arc,25,26,0.0,flow
3191,44.10894870214147,19.10894870214147,arc,25,26,0.0,flow
3192,44.118948702141466,19.11894870214147,arc,25,26,0.0,flow
3193,44.12894870214147,19.128948702141468,arc,25,26,0.0,flow
3194,44.13894870214147,19.13894870214147,arc,25,26,0.0,flow
3195,44.14894870214147,19.14894870214147,arc,25,26,0.0,flow
3196,44.15894870214147,19.15894870214147,arc,25,26,0.0,flow
3197,44.16894870214147,19.16894870214147,arc,25,26,0.0,flow
3198,44.17894870214147,19.17894870214147,arc,25,26,0.0,flow
3199,44.188948702141474,19.18894870214147,arc,25,26,0.0,flow
3200,44.198948702141465,19.198948702141468,arc,25,26,0.0,flow
3201,44.20894870214147,19.20894870214147,arc,25,26,0.0,flow
3202,44.21894870214147,19.218948702141468,arc,25,26,0.0,flow
3203,44.228948702141466,19.22894870214147,arc,25,26,0.0,flow
3204,44.23894870214147,19.23894870214147,arc,25,26,0.0,flow
3205,44.24894870214147,19.24894870214147,arc,25,26,0.0,flow
3206,44.25894870214147,19.25894870214147,arc,25,26,0.0,flow
3207,44.26894870214147,19.26894870214147,arc,25,26,0.0,flow
3208,44.27894870214147,19.27894870214147,arc,25,26,0.0,flow
3209,44.28894870214147,19.288948702141468,arc,25,26,0.0,flow
3210,44.29894870214147,19.29894870214147,arc,25,26,0.0,flow
3211,44.308948702141464,19.308948702141468,arc,25,26,0.0,flow
3212,44.31894870214147,19.31894870214147,arc,25,26,0.0,flow
3213,44.328948702141474,19.32894870214147,arc,25,26,0.0,flow
3214,44.338948702141465,19.33894870214147,arc,25,26,0.0,flow
3215,44.34894870214147,19.34894870214147,arc,25,26,0.0,flow
3216,44.35894870214147,19.35894870214147,arc,25,26,0.0,flow
3217,44.368948702141466,19.36894870214147,arc,25,26,0.0,flow
3218,44.37894870214147,19.378948702141468,arc,25,26,0.0,flow
3219,44.38894870214147,19.38894870214147,arc,25,26,0.0,flow
3220,44.39894870214147,19.39894870214147,arc,25,26,0.0,flow
3221,44.40894870214147,19.40894870214147,arc,25,26,0.0,flow
3222,44.41894870214147,19.41894870214147,arc,25,26,0.0,flow
3223,44.42894870214147,19.42894870214147,arc,25,26,0.0,flow
3224,44.438948702141474,19.43894870214147,arc,25,26,0.0,flow
3225,44.448948702141465,19.448948702141468,arc,25,26,0.0,flow
3226,44.45894870214147,19.45894870214147,arc,25,26,0.0,flow
3227,44.46894870214147,19.468948702141468,arc,25,26,0.0,flow
3228,44.478948702141466,19.47894870214147,arc,25,26,0.0,flow
3229,44.48894870214147,19.48894870214147,arc,25,26,0.0,flow
3230,44.49894870214147,19.49894870214147,arc,25,26,0.0,flow
3231,44.50894870214147,19.50894870214147,arc,25,26,0.0,flow
3232,44.51894870214147,19.51894870214147,arc,25,26,0.0,flow
3233,44.527966206755195,19.527966206755195,arc,25,26,0.0,pre_impact
3234,44.5479662067552,19.527966206755195,bridge,25,26,0.02,bridge
3235,44.567966206755194,19.527966206755195,bridge,25,26,0.04,bridge
3236,44.5879662067552,19.527966206755195,bridge,25,26,0.06,bridge
3237,44.607966206755194,19.527966206755195,bridge,25,26,0.08,bridge
3238,44.6279662067552,19.527966206755195,bridge,25,26,0.1,bridge
3239,44.64796620675519,19.527966206755195,bridge,25,26,0.12,bridge
3240,44.667966206755196,19.527966206755195,bridge,25,26,0.14,bridge
3241,44.68796620675519,19.527966206755195,bridge,25,26,0.16,bridge
3242,44.707966206755195,19.527966206755195,bridge,25,26,0.18,bridge
3243,44.7279662067552,19.527966206755195,bridge,25,26,0.2,bridge
3244,44.747966206755194,19.527966206755195,bridge,25,26,0.22,bridge
3245,44.7679662067552,19.527966206755195,bridge,25,26,0.24,bridge
3246,44.78796620675519,19.527966206755195,bridge,25,26,0.26,bridge
3247,44.8079662067552,19.527966206755195,bridge,25,26,0.28,bridge
3248,44.82796620675519,19.527966206755195,bridge,25,26,0.3,bridge
3249,44.847966206755196,19.527966206755195,bridge,25,26,0.32,bridge
3250,44.8679662067552,19.527966206755195,bridge,25,26,0.34,bridge
3251,44.887966206755195,19.527966206755195,bridge,25,26,0.36,bridge
3252,44.9079662067552,19.527966206755195,bridge,25,26,0.38,bridge
3253,44.927966206755194,19.527966206755195,bridge,25,26,0.4,bridge
3254,44.9479662067552,19.527966206755195,bridge,25,26,0.42,bridge
3255,44.96796620675519,19.527966206755195,bridge,25,26,0.44,bridge
3256,44.987966206755196,19.527966206755195,bridge,25,26,0.46,bridge
3257,45.00796620675519,19.527966206755195,bridge,25,26,0.48,bridge
3258,45.027966206755195,19.527966206755195,bridge,25,26,0.5,bridge
3259,45.0479662067552,19.527966206755195,bridge,25,26,0.52,bridge
3260,45.067966206755194,19.527966206755195,bridge,25,26,0.54,bridge
3261,45.0879662067552,19.527966206755195,bridge,25,26,0.56,bridge
3262,45.107966206755194,19.527966206755195,bridge,25,26,0.58,bridge
3263,45.1279662067552,19.527966206755195,bridge,25,26,0.6,bridge
3264,45.14796620675519,19.527966206755195,bridge,25,26,0.62,bridge
3265,45.167966206755196,19.527966206755195,bridge,25,26,0.64,bridge
3266,45.18796620675519,19.527966206755195,bridge,25,26,0.66,bridge
3267,45.207966206755195,19.527966206755195,bridge,25,26,0.68,bridge
3268,45.2279662067552,19.527966206755195,bridge,25,26,0.7000000000000001,bridge
3269,45.247966206755194,19.527966206755195,bridge,25,26,0.72,bridge
3270,45.2679662067552,19.527966206755195,bridge,25,26,0.74,bridge
3271,45.28796620675519,19.527966206755195,bridge,25,26,0.76,bridge
3272,45.3079662067552,19.527966206755195,bridge,25,26,0.78,bridge
3273,45.32796620675519,19.527966206755195,bridge,25,26,0.8,bridge
3274,45.347966206755196,19.527966206755195,bridge,25,26,0.8200000000000001,bridge
3275,45.3679662067552,19.527966206755195,bridge,25,26,0.84,bridge
3276,45.387966206755195,19.527966206755195,bridge,25,26,0.86,bridge
3277,45.4079662067552,19.527966206755195,bridge,25,26,0.88,bridge
3278,45.427966206755194,19.527966206755195,bridge,25,26,0.9,bridge
3279,45.4479662067552,19.527966206755195,bridge,25,26,0.92,bridge
3280,45.46796620675519,19.527966206755195,bridge,25,26,0.9400000000000001,bridge
3281,45.487966206755196,19.527966206755195,bridge,25,26,0.96,bridge
3282,45.50796620675519,19.527966206755195,bridge,25,26,0.98,bridge
3283,45.527966206755195,19.527966206755195,bridge,25,26,1.0,bridge_end
3284,45.527966206755195,19.527966206755195,arc,26,27,0.0,post_impact
3285,45.5379662067552,19.537966206755197,arc,26,27,0.0,flow
3286,45.54796620675519,19.547966206755195,arc,26,27,0.0,flow
3287,45.5579662067552,19.557966206755196,arc,26,27,0.0,flow
3288,45.567966206755194,19.567966206755194,arc,26,27,0.0,flow
3289,45.57796620675519,19.577966206755196,arc,26,27,0.0,flow
3290,45.5879662067552,19.587966206755194,arc,26,27,0.0,flow
3291,45.597966206755196,19.597966206755196,arc,26,27,0.0,flow
3292,45.607966206755194,19.607966206755194,arc,26,27,0.0,flow
3293,45.6179662067552,19.617966206755195,arc,26,27,0.0,flow
3294,45.6279662067552,19.627966206755197,arc,26,27,0.0,flow
3295,45.637966206755195,19.637966206755195,arc,26,27,0.0,flow
3296,45.6479662067552,19.647966206755196,arc,26,27,0.0,flow
3297,45.65796620675519,19.657966206755194,arc,26,27,0.0,flow
3298,45.667966206755196,19.667966206755196,arc,26,27,0.0,flow
3299,45.677966206755194,19.677966206755194,arc,26,27,0.0,flow
3300,45.68796620675519,19.687966206755195,arc,26,27,0.0,flow
3301,45.6979662067552,19.697966206755197,arc,26,27,0.0,flow
3302,45.707966206755195,19.707966206755195,arc,26,27,0.0,flow
3303,45.71796620675519,19.717966206755197,arc,26,27,0.0,flow
3304,45.7279662067552,19.727966206755195,arc,26,27,0.0,flow
3305,45.737966206755196,19.737966206755196,arc,26,27,0.0,flow
3306,45.747966206755194,19.747966206755194,arc,26,27,0.0,flow
3307,45.7579662067552,19.757966206755196,arc,26,27,0.0,flow
3308,45.76796620675519,19.767966206755194,arc,26,27,0.0,flow
3309,45.777966206755195,19.777966206755195,arc,26,27,0.0,flow
3310,45.7879662067552,19.787966206755197,arc,26,27,0.0,flow
3311,45.79796620675519,19.797966206755195,arc,26,27,0.0,flow
3312,45.8079662067552,19.807966206755196,arc,26,27,0.0,flow
3313,45.817966206755194,19.817966206755194,arc,26,27,0.0,flow
3314,45.82796620675519,19.827966206755196,arc,26,27,0.0,flow
3315,45.8379662067552,19.837966206755194,arc,26,27,0.0,flow
3316,45.847966206755196,19.847966206755196,arc,26,27,0.0,flow
3317,45.857966206755194,19.857966206755194,arc,26,27,0.0,flow
3318,45.8679662067552,19.867966206755195,arc,26,27,0.0,flow
3319,45.8779662067552,19.877966206755197,arc,26,27,0.0,flow
3320,45.887966206755195,19.887966206755195,arc,26,27,0.0,flow
3321,45.8979662067552,19.897966206755196,arc,26,27,0.0,flow
3322,45.90796620675519,19.907966206755194,arc,26,27,0.0,flow
3323,45.917966206755196,19.917966206755196,arc,26,27,0.0,flow
3324,45.927966206755194,19.927966206755194,arc,26,27,0.0,flow
3325,45.93796620675519,19.937966206755195,arc,26,27,0.0,flow
3326,45.9479662067552,19.947966206755197,arc,26,27,0.0,flow
3327,45.957966206755195,19.957966206755195,arc,26,27,0.0,flow
3328,45.96796620675519,19.967966206755197,arc,26,27,0.0,flow
3329,45.9779662067552,19.977966206755195,arc,26,27,0.0,flow
3330,45.987966206755196,19.987966206755196,arc,26,27,0.0,flow
3331,45.997966206755194,19.997966206755194,arc,26,27,0.0,flow
3332,46.0079662067552,20.007966206755196,arc,26,27,0.0,flow
3333,46.01796620675519,20.017966206755194,arc,26,27,0.0,flow
3334,46.027966206755195,20.027966206755195,arc,26,27,0.0,flow
3335,46.0379662067552,20.037966206755197,arc,26,27,0.0,flow
3336,46.04796620675519,20.047966206755195,arc,26,27,0.0,flow
3337,46.0579662067552,20.057966206755196,arc,26,27,0.0,flow
3338,46.067966206755194,20.067966206755194,arc,26,27,0.0,flow
3339,46.07796620675519,20.077966206755196,arc,26,27,0.0,flow
3340,46.0879662067552,20.087966206755194,arc,26,27,0.0,flow
3341,46.097966206755196,20.097966206755196,arc,26,27,0.0,flow
3342,46.107966206755194,20.107966206755194,arc,26,27,0.0,flow
3343,46.1179662067552,20.117966206755195,arc,26,27,0.0,flow
3344,46.1279662067552,20.127966206755197,arc,26,27,0.0,flow
3345,46.137966206755195,20.137966206755195,arc,26,27,0.0,flow
3346,46.1479662067552,20.147966206755196,arc,26,27,0.0,flow
3347,46.15796620675519,20.157966206755194,arc,26,27,0.0,flow
3348,46.167966206755196,20.167966206755196,arc,26,27,0.0,flow
3349,46.177966206755194,20.177966206755194,arc,26,27,0.0,flow
3350,46.18796620675519,20.187966206755195,arc,26,27,0.0,flow
3351,46.1979662067552,20.197966206755197,arc,26,27,0.0,flow
3352,46.207966206755195,20.207966206755195,arc,26,27,0.0,flow
3353,46.21764859378962,20.21764859378962,arc,26,27,0.0,pre_impact
3354,46.23764859378962,20.21764859378962,bridge,26,27,0.02,bridge
3355,46.25764859378962,20.21764859378962,bridge,26,27,0.04,bridge
3356,46.27764859378962,20.21764859378962,bridge,26,27,0.06,bridge
3357,46.29764859378962,20.21764859378962,bridge,26,27,0.08,bridge
3358,46.31764859378962,20.21764859378962,bridge,26,27,0.1,bridge
3359,46.337648593789616,20.21764859378962,bridge,26,27,0.12,bridge
3360,46.35764859378962,20.21764859378962,bridge,26,27,0.14,bridge
3361,46.377648593789615,20.21764859378962,bridge,26,27,0.16,bridge
3362,46.39764859378962,20.21764859378962,bridge,26,27,0.18,bridge
3363,46.41764859378962,20.21764859378962,bridge,26,27,0.2,bridge
3364,46.43764859378962,20.21764859378962,bridge,26,27,0.22,bridge
3365,46.45764859378962,20.21764859378962,bridge,26,27,0.24,bridge
3366,46.47764859378962,20.21764859378962,bridge,26,27,0.26,bridge
3367,46.49764859378962,20.21764859378962,bridge,26,27,0.28,bridge
3368,46.517648593789616,20.21764859378962,bridge,26,27,0.3,bridge
3369,46.53764859378962,20.21764859378962,bridge,26,27,0.32,bridge
3370,46.55764859378962,20.21764859378962,bridge,26,27,0.34,bridge
3371,46.57764859378962,20.21764859378962,bridge,26,27,0.36,bridge
3372,46.59764859378962,20.21764859378962,bridge,26,27,0.38,bridge
3373,46.61764859378962,20.21764859378962,bridge,26,27,0.4,bridge
3374,46.63764859378962,20.21764859378962,bridge,26,27,0.42,bridge
3375,46.65764859378962,20.21764859378962,bridge,26,27,0.44,bridge
3376,46.67764859378962,20.21764859378962,bridge,26,27,0.46,bridge
3377,46.697648593789616,20.21764859378962,bridge,26,27,0.48,bridge
3378,46.71764859378962,20.21764859378962,bridge,26,27,0.5,bridge
3379,46.73764859378962,20.21764859378962,bridge,26,27,0.52,bridge
3380,46.75764859378962,20.21764859378962,bridge,26,27,0.54,bridge
3381,46.77764859378962,20.21764859378962,bridge,26,27,0.56,bridge
3382,46.79764859378962,20.21764859378962,bridge,26,27,0.58,bridge
3383,46.81764859378962,20.21764859378962,bridge,26,27,0.6,bridge
3384,46.837648593789616,20.21764859378962,bridge,26,27,0.62,bridge
3385,46.85764859378962,20.21764859378962,bridge,26,27,0.64,bridge
3386,46.877648593789615,20.21764859378962,bridge,26,27,0.66,bridge
3387,46.89764859378962,20.21764859378962,bridge,26,27,0.68,bridge
3388,46.91764859378962,20.21764859378962,bridge,26,27,0.7000000000000001,bridge
3389,46.93764859378962,20.21764859378962,bridge,26,27,0.72,bridge
3390,46.95764859378962,20.21764859378962,bridge,26,27,0.74,bridge
3391,46.97764859378962,20.21764859378962,bridge,26,27,0.76,bridge
3392,46.99764859378962,20.21764859378962,bridge,26,27,0.78,bridge
3393,47.017648593789616,20.21764859378962,bridge,26,27,0.8,bridge
3394,47.03764859378962,20.21764859378962,bridge,26,27,0.8200000000000001,bridge
3395,47.05764859378962,20.21764859378962,bridge,26,27,0.84,bridge
3396,47.07764859378962,20.21764859378962,bridge,26,27,0.86,bridge
3397,47.09764859378962,20.21764859378962,bridge,26,27,0.88,bridge
3398,47.11764859378962,20.21764859378962,bridge,26,27,0.9,bridge
3399,47.13764859378962,20.21764859378962,bridge,26,27,0.92,bridge
3400,47.15764859378962,20.21764859378962,bridge,26,27,0.9400000000000001,bridge
3401,47.17764859378962,20.21764859378962,bridge,26,27,0.96,bridge
3402,47.197648593789616,20.21764859378962,bridge,26,27,0.98,bridge
3403,47.21764859378962,20.21764859378962,bridge,26,27,1.0,bridge_end
3404,47.21764859378962,20.21764859378962,arc,27,28,0.0,post_impact
3405,47.227648593789624,20.22764859378962,arc,27,28,0.0,flow
3406,47.237648593789615,20.23764859378962,arc,27,28,0.0,flow
3407,47.24764859378962,20.24764859378962,arc,27,28,0.0,flow
3408,47.25764859378962,20.257648593789618,arc,27,28,0.0,flow
3409,47.267648593789616,20.26764859378962,arc,27,28,0.0,flow
3410,47.27764859378962,20.277648593789618,arc,27,28,0.0,flow
3411,47.28764859378962,20.28764859378962,arc,27,28,0.0,flow
3412,47.29764859378962,20.297648593789617,arc,27,28,0.0,flow
3413,47.30764859378962,20.30764859378962,arc,27,28,0.0,flow
3414,47.31764859378962,20.31764859378962,arc,27,28,0.0,flow
3415,47.32764859378962,20.32764859378962,arc,27,28,0.0,flow
3416,47.33764859378962,20.33764859378962,arc,27,28,0.0,flow
3417,47.347648593789614,20.347648593789618,arc,27,28,0.0,flow
3418,47.35764859378962,20.35764859378962,arc,27,28,0.0,flow
3419,47.36764859378962,20.367648593789617,arc,27,28,0.0,flow
3420,47.377648593789615,20.37764859378962,arc,27,28,0.0,flow
3421,47.38764859378962,20.38764859378962,arc,27,28,0.0,flow
3422,47.39764859378962,20.39764859378962,arc,27,28,0.0,flow
3423,47.40764859378962,20.40764859378962,arc,27,28,0.0,flow
3424,47.41764859378962,20.417648593789618,arc,27,28,0.0,flow
3425,47.42764859378962,20.42764859378962,arc,27,28,0.0,flow
3426,47.43764859378962,20.437648593789618,arc,27,28,0.0,flow
3427,47.44764859378962,20.44764859378962,arc,27,28,0.0,flow
3428,47.457648593789614,20.457648593789617,arc,27,28,0.0,flow
3429,47.46764859378962,20.46764859378962,arc,27,28,0.0,flow
3430,47.477648593789624,20.47764859378962,arc,27,28,0.0,flow
3431,47.487648593789615,20.48764859378962,arc,27,28,0.0,flow
3432,47.49764859378962,20.49764859378962,arc,27,28,0.0,flow
3433,47.50764859378962,20.507648593789618,arc,27,28,0.0,flow
3434,47.517648593789616,20.51764859378962,arc,27,28,0.0,flow
3435,47.52764859378962,20.527648593789618,arc,27,28,0.0,flow
3436,47.53764859378962,20.53764859378962,arc,27,28,0.0,flow
3437,47.54764859378962,20.547648593789617,arc,27,28,0.0,flow
3438,47.55764859378962,20.55764859378962,arc,27,28,0.0,flow
3439,47.56764859378962,20.56764859378962,arc,27,28,0.0,flow
3440,47.57764859378962,20.57764859378962,arc,27,28,0.0,flow
3441,47.58764859378962,20.58764859378962,arc,27,28,0.0,flow
3442,47.597648593789614,20.597648593789618,arc,27,28,0.0,flow
3443,47.60764859378962,20.60764859378962,arc,27,28,0.0,flow
3444,47.61764859378962,20.617648593789617,arc,27,28,0.0,flow
3445,47.627648593789615,20.62764859378962,arc,27,28,0.0,flow
3446,47.63764859378962,20.63764859378962,arc,27,28,0.0,flow
3447,47.64764859378962,20.64764859378962,arc,27,28,0.0,flow
3448,47.65764859378962,20.65764859378962,arc,27,28,0.0,flow
3449,47.66764859378962,20.667648593789618,arc,27,28,0.0,flow
3450,47.67764859378962,20.67764859378962,arc,27,28,0.0,flow
3451,47.68764859378962,20.687648593789618,arc,27,28,0.0,flow
3452,47.69764859378962,20.69764859378962,arc,27,28,0.0,flow
3453,47.707648593789614,20.707648593789617,arc,27,28,0.0,flow
3454,47.71764859378962,20.71764859378962,arc,27,28,0.0,flow
3455,47.727648593789624,20.72764859378962,arc,27,28,0.0,flow
3456,47.737648593789615,20.73764859378962,arc,27,28,0.0,flow
3457,47.74764859378962,20.74764859378962,arc,27,28,0.0,flow
3458,47.75764859378962,20.757648593789618,arc,27,28,0.0,flow
3459,47.767648593789616,20.76764859378962,arc,27,28,0.0,flow
3460,47.77764859378962,20.777648593789618,arc,27,28,0.0,flow
3461,47.78764859378962,20.78764859378962,arc,27,28,0.0,flow
3462,47.79764859378962,20.797648593789617,arc,27,28,0.0,flow
3463,47.80764859378962,20.80764859378962,arc,27,28,0.0,flow
3464,47.81764859378962,20.81764859378962,arc,27,28,0.0,flow
3465,47.82764859378962,20.82764859378962,arc,27,28,0.0,flow
3466,47.83764859378962,20.83764859378962,arc,27,28,0.0,flow
3467,47.847648593789614,20.847648593789618,arc,27,28,0.0,flow
3468,47.85764859378962,20.85764859378962,arc,27,28,0.0,flow
3469,47.86764859378962,20.867648593789617,arc,27,28,0.0,flow
3470,47.877648593789615,20.87764859378962,arc,27,28,0.0,flow
3471,47.88764859378962,20.88764859378962,arc,27,28,0.0,flow
3472,47.89764859378962,20.89764859378962,arc,27,28,0.0,flow
3473,47.90764859378962,20.90764859378962,arc,27,28,0.0,flow
3474,47.91764859378962,20.917648593789618,arc,27,28,0.0,flow
3475,47.92764859378962,20.92764859378962,arc,27,28,0.0,flow
3476,47.93764859378962,20.937648593789618,arc,27,28,0.0,flow
3477,47.94764859378962,20.94764859378962,arc,27,28,0.0,flow
3478,47.957648593789614,20.957648593789617,arc,27,28,0.0,flow
3479,47.96764859378962,20.96764859378962,arc,27,28,0.0,flow
3480,47.977648593789624,20.97764859378962,arc,27,28,0.0,flow
3481,47.987648593789615,20.98764859378962,arc,27,28,0.0,flow
3482,47.99764859378962,20.99764859378962,arc,27,28,0.0,flow
3483,48.00764859378962,21.007648593789618,arc,27,28,0.0,flow
3484,48.013397566542,21.013397566541997,arc,27,28,0.0,pre_impact
3485,48.033397566542,21.013397566541997,bridge,27,28,0.02,bridge
3486,48.053397566541996,21.013397566541997,bridge,27,28,0.04,bridge
3487,48.073397566542,21.013397566541997,bridge,27,28,0.06,bridge
3488,48.093397566541995,21.013397566541997,bridge,27,28,0.08,bridge
3489,48.113397566542,21.013397566541997,bridge,27,28,0.1,bridge
3490,48.133397566541994,21.013397566541997,bridge,27,28,0.12,bridge
3491,48.153397566542,21.013397566541997,bridge,27,28,0.14,bridge
3492,48.17339756654199,21.013397566541997,bridge,27,28,0.16,bridge
3493,48.193397566542,21.013397566541997,bridge,27,28,0.18,bridge
3494,48.213397566542,21.013397566541997,bridge,27,28,0.2,bridge
3495,48.233397566541996,21.013397566541997,bridge,27,28,0.22,bridge
3496,48.253397566542,21.013397566541997,bridge,27,28,0.24,bridge
3497,48.273397566541995,21.013397566541997,bridge,27,28,0.26,bridge
3498,48.293397566542,21.013397566541997,bridge,27,28,0.28,bridge
3499,48.313397566541994,21.013397566541997,bridge,27,28,0.3,bridge
3500,48.333397566542,21.013397566541997,bridge,27,28,0.32,bridge
3501,48.353397566542,21.013397566541997,bridge,27,28,0.34,bridge
3502,48.373397566541996,21.013397566541997,bridge,27,28,0.36,bridge
3503,48.393397566542,21.013397566541997,bridge,27,28,0.38,bridge
3504,48.413397566541995,21.013397566541997,bridge,27,28,0.4,bridge
3505,48.433397566542,21.013397566541997,bridge,27,28,0.42,bridge
3506,48.453397566541994,21.013397566541997,bridge,27,28,0.44,bridge
3507,48.473397566542,21.013397566541997,bridge,27,28,0.46,bridge
3508,48.493397566541994,21.013397566541997,bridge,27,28,0.48,bridge
3509,48.513397566542,21.013397566541997,bridge,27,28,0.5,bridge
3510,48.533397566542,21.013397566541997,bridge,27,28,0.52,bridge
3511,48.553397566541996,21.013397566541997,bridge,27,28,0.54,bridge
3512,48.573397566542,21.013397566541997,bridge,27,28,0.56,bridge
3513,48.593397566541995,21.013397566541997,bridge,27,28,0.58,bridge
3514,48.613397566542,21.013397566541997,bridge,27,28,0.6,bridge
3515,48.633397566541994,21.013397566541997,bridge,27,28,0.62,bridge
3516,48.653397566542,21.013397566541997,bridge,27,28,0.64,bridge
3517,48.67339756654199,21.013397566541997,bridge,27,28,0.66,bridge
3518,48.693397566542,21.013397566541997,bridge,27,28,0.68,bridge
3519,48.713397566542,21.013397566541997,bridge,27,28,0.7000000000000001,bridge
3520,48.733397566541996,21.013397566541997,bridge,27,28,0.72,bridge
3521,48.753397566542,21.013397566541997,bridge,27,28,0.74,bridge
3522,48.773397566541995,21.013397566541997,bridge,27,28,0.76,bridge
3523,48.793397566542,21.013397566541997,bridge,27,28,0.78,bridge
3524,48.813397566541994,21.013397566541997,bridge,27,28,0.8,bridge
3525,48.833397566542,21.013397566541997,bridge,27,28,0.8200000000000001,bridge
3526,48.853397566542,21.013397566541997,bridge,27,28,0.84,bridge
3527,48.873397566541996,21.013397566541997,bridge,27,28,0.86,bridge
3528,48.893397566542,21.013397566541997,bridge,27,28,0.88,bridge
3529,48.913397566541995,21.013397566541997,bridge,27,28,0.9,bridge
3530,48.933397566542,21.013397566541997,bridge,27,28,0.92,bridge
3531,48.953397566541994,21.013397566541997,bridge,27,28,0.9400000000000001,bridge
3532,48.973397566542,21.013397566541997,bridge,27,28,0.96,bridge
3533,48.993397566541994,21.013397566541997,bridge,27,28,0.98,bridge
3534,49.013397566542,21.013397566541997,bridge,27,28,1.0,bridge_end
3535,49.013397566542,21.013397566541997,arc,28,29,0.0,post_impact
3536,49.023397566542,21.023397566542,arc,28,29,0.0,flow
3537,49.03339756654199,21.033397566541996,arc,28,29,0.0,flow
3538,49.043397566542,21.043397566541998,arc,28,29,0.0,flow
3539,49.053397566541996,21.053397566541996,arc,28,29,0.0,flow
3540,49.063397566541994,21.063397566541997,arc,28,29,0.0,flow
3541,49.073397566542,21.073397566541995,arc,28,29,0.0,flow
3542,49.083397566542,21.083397566541997,arc,28,29,0.0,flow
3543,49.093397566541995,21.093397566541995,arc,28,29,0.0,flow
3544,49.103397566542,21.103397566541997,arc,28,29,0.0,flow
3545,49.113397566542,21.113397566541998,arc,28,29,0.0,flow
3546,49.123397566541996,21.123397566541996,arc,28,29,0.0,flow
3547,49.133397566542,21.133397566541998,arc,28,29,0.0,flow
3548,49.14339756654199,21.143397566541996,arc,28,29,0.0,flow
3549,49.153397566542,21.153397566541997,arc,28,29,0.0,flow
3550,49.163397566541995,21.163397566541995,arc,28,29,0.0,flow
3551,49.17339756654199,21.173397566541997,arc,28,29,0.0,flow
3552,49.183397566542,21.183397566542,arc,28,29,0.0,flow
3553,49.193397566542,21.193397566541996,arc,28,29,0.0,flow
3554,49.203397566541994,21.203397566541998,arc,28,29,0.0,flow
3555,49.213397566542,21.213397566541996,arc,28,29,0.0,flow
3556,49.223397566542,21.223397566541998,arc,28,29,0.0,flow
3557,49.233397566541996,21.233397566541996,arc,28,29,0.0,flow
3558,49.243397566542,21.243397566541997,arc,28,29,0.0,flow
3559,49.25339756654199,21.253397566541995,arc,28,29,0.0,flow
3560,49.263397566542,21.263397566541997,arc,28,29,0.0,flow
3561,49.273397566542,21.273397566542,arc,28,29,0.0,flow
3562,49.28339756654199,21.283397566541996,arc,28,29,0.0,flow
3563,49.293397566542,21.293397566541998,arc,28,29,0.0,flow
3564,49.303397566541996,21.303397566541996,arc,28,29,0.0,flow
3565,49.313397566541994,21.313397566541997,arc,28,29,0.0,flow
3566,49.323397566542,21.323397566541995,arc,28,29,0.0,flow
3567,49.333397566542,21.333397566541997,arc,28,29,0.0,flow
3568,49.343397566541995,21.343397566541995,arc,28,29,0.0,flow
3569,49.353397566542,21.353397566541997,arc,28,29,0.0,flow
3570,49.363397566542,21.363397566541998,arc,28,29,0.0,flow
3571,49.373397566541996,21.373397566541996,arc,28,29,0.0,flow
3572,49.383397566542,21.383397566541998,arc,28,29,0.0,flow
3573,49.39339756654199,21.393397566541996,arc,28,29,0.0,flow
3574,49.403397566542,21.403397566541997,arc,28,29,0.0,flow
3575,49.413397566541995,21.413397566541995,arc,28,29,0.0,flow
3576,49.42339756654199,21.423397566541997,arc,28,29,0.0,flow
3577,49.433397566542,21.433397566542,arc,28,29,0.0,flow
3578,49.443397566542,21.443397566541996,arc,28,29,0.0,flow
3579,49.453397566541994,21.453397566541998,arc,28,29,0.0,flow
3580,49.463397566542,21.463397566541996,arc,28,29,0.0,flow
3581,49.473397566542,21.473397566541998,arc,28,29,0.0,flow
3582,49.483397566541996,21.483397566541996,arc,28,29,0.0,flow
3583,49.493397566542,21.493397566541997,arc,28,29,0.0,flow
3584,49.50339756654199,21.503397566541995,arc,28,29,0.0,flow
3585,49.513397566542,21.513397566541997,arc,28,29,0.0,flow
3586,49.523397566542,21.523397566542,arc,28,29,0.0,flow
3587,49.53339756654199,21.533397566541996,arc,28,29,0.0,flow
3588,49.543397566542,21.543397566541998,arc,28,29,0.0,flow
3589,49.553397566541996,21.553397566541996,arc,28,29,0.0,flow
3590,49.563397566541994,21.563397566541997,arc,28,29,0.0,flow
3591,49.573397566542,21.573397566541995,arc,28,29,0.0,flow
3592,49.583397566542,21.583397566541997,arc,28,29,0.0,flow
3593,49.593397566541995,21.593397566541995,arc,28,29,0.0,flow
3594,49.603397566542,21.603397566541997,arc,28,29,0.0,flow
3595,49.613397566542,21.613397566541998,arc,28,29,0.0,flow
3596,49.623397566541996,21.623397566541996,arc,28,29,0.0,flow
3597,49.633397566542,21.633397566541998,arc,28,29,0.0,flow
3598,49.64339756654199,21.643397566541996,arc,28,29,0.0,flow
3599,49.653397566542,21.653397566541997,arc,28,29,0.0,flow
3600,49.663397566541995,21.663397566541995,arc,28,29,0.0,flow
3601,49.67339756654199,21.673397566541997,arc,28,29,0.0,flow
3602,49.683397566542,21.683397566542,arc,28,29,0.0,flow
3603,49.693397566542,21.693397566541996,arc,28,29,0.0,flow
3604,49.703397566541994,21.703397566541998,arc,28,29,0.0,flow
3605,49.713397566542,21.713397566541996,arc,28,29,0.0,flow
3606,49.723397566542,21.723397566541998,arc,28,29,0.0,flow
3607,49.73086263999082,21.730862639990814,arc,28,29,0.0,pre_impact
3608,49.75086263999082,21.730862639990814,bridge,28,29,0.02,bridge
3609,49.77086263999082,21.730862639990814,bridge,28,29,0.04,bridge
3610,49.79086263999082,21.730862639990814,bridge,28,29,0.06,bridge
3611,49.810862639990816,21.730862639990814,bridge,28,29,0.08,bridge
3612,49.83086263999082,21.730862639990814,bridge,28,29,0.1,bridge
3613,49.850862639990815,21.730862639990814,bridge,28,29,0.12,bridge
3614,49.87086263999082,21.730862639990814,bridge,28,29,0.14,bridge
3615,49.890862639990814,21.730862639990814,bridge,28,29,0.16,bridge
3616,49.91086263999082,21.730862639990814,bridge,28,29,0.18,bridge
3617,49.93086263999082,21.730862639990814,bridge,28,29,0.2,bridge
3618,49.95086263999082,21.730862639990814,bridge,28,29,0.22,bridge
3619,49.97086263999082,21.730862639990814,bridge,28,29,0.24,bridge
3620,49.990862639990816,21.730862639990814,bridge,28,29,0.26,bridge
3621,50.01086263999082,21.730862639990814,bridge,28,29,0.28,bridge
3622,50.030862639990815,21.730862639990814,bridge,28,29,0.3,bridge
3623,50.05086263999082,21.730862639990814,bridge,28,29,0.32,bridge
3624,50.07086263999082,21.730862639990814,bridge,28,29,0.34,bridge
3625,50.09086263999082,21.730862639990814,bridge,28,29,0.36,bridge
3626,50.11086263999082,21.730862639990814,bridge,28,29,0.38,bridge
3627,50.130862639990816,21.730862639990814,bridge,28,29,0.4,bridge
3628,50.15086263999082,21.730862639990814,bridge,28,29,0.42,bridge
3629,50.170862639990816,21.730862639990814,bridge,28,29,0.44,bridge
3630,50.19086263999082,21.730862639990814,bridge,28,29,0.46,bridge
3631,50.210862639990815,21.730862639990814,bridge,28,29,0.48,bridge
3632,50.23086263999082,21.730862639990814,bridge,28,29,0.5,bridge
3633,50.25086263999082,21.730862639990814,bridge,28,29,0.52,bridge
3634,50.27086263999082,21.730862639990814,bridge,28,29,0.54,bridge
3635,50.29086263999082,21.730862639990814,bridge,28,29,0.56,bridge
3636,50.310862639990816,21.730862639990814,bridge,28,29,0.58,bridge
3637,50.33086263999082,21.730862639990814,bridge,28,29,0.6,bridge
3638,50.350862639990815,21.730862639990814,bridge,28,29,0.62,bridge
3639,50.37086263999082,21.730862639990814,bridge,28,29,0.64,bridge
3640,50.390862639990814,21.730862639990814,bridge,28,29,0.66,bridge
3641,50.41086263999082,21.730862639990814,bridge,28,29,0.68,bridge
3642,50.43086263999082,21.730862639990814,bridge,28,29,0.7000000000000001,bridge
3643,50.45086263999082,21.730862639990814,bridge,28,29,0.72,bridge
3644,50.47086263999082,21.730862639990814,bridge,28,29,0.74,bridge
3645,50.490862639990816,21.730862639990814,bridge,28,29,0.76,bridge
3646,50.51086263999082,21.730862639990814,bridge,28,29,0.78,bridge
3647,50.530862639990815,21.730862639990814,bridge,28,29,0.8,bridge
3648,50.55086263999082,21.730862639990814,bridge,28,29,0.8200000000000001,bridge
3649,50.57086263999082,21.730862639990814,bridge,28,29,0.84,bridge
3650,50.59086263999082,21.730862639990814,bridge,28,29,0.86,bridge
3651,50.61086263999082,21.730862639990814,bridge,28,29,0.88,bridge
3652,50.630862639990816,21.730862639990814,bridge,28,29,0.9,bridge
3653,50.65086263999082,21.730862639990814,bridge,28,29,0.92,bridge
3654,50.670862639990816,21.730862639990814,bridge,28,29,0.9400000000000001,bridge
3655,50.69086263999082,21.730862639990814,bridge,28,29,0.96,bridge
3656,50.710862639990815,21.730862639990814,bridge,28,29,0.98,bridge
3657,50.73086263999082,21.730862639990814,bridge,28,29,1.0,bridge_end
3658,50.73086263999082,21.730862639990814,arc,29,30,0.0,post_impact
3659,50.740862639990816,21.740862639990816,arc,29,30,0.0,flow
3660,50.750862639990814,21.750862639990814,arc,29,30,0.0,flow
3661,50.76086263999082,21.760862639990815,arc,29,30,0.0,flow
3662,50.77086263999081,21.770862639990813,arc,29,30,0.0,flow
3663,50.780862639990815,21.780862639990815,arc,29,30,0.0,flow
3664,50.79086263999081,21.790862639990813,arc,29,30,0.0,flow
3665,50.80086263999081,21.800862639990815,arc,29,30,0.0,flow
3666,50.810862639990816,21.810862639990813,arc,29,30,0.0,flow
3667,50.820862639990814,21.820862639990814,arc,29,30,0.0,flow
3668,50.83086263999081,21.830862639990816,arc,29,30,0.0,flow
3669,50.84086263999082,21.840862639990814,arc,29,30,0.0,flow
3670,50.850862639990815,21.850862639990815,arc,29,30,0.0,flow
3671,50.86086263999081,21.860862639990813,arc,29,30,0.0,flow
3672,50.87086263999082,21.870862639990815,arc,29,30,0.0,flow
3673,50.88086263999081,21.880862639990813,arc,29,30,0.0,flow
3674,50.890862639990814,21.890862639990814,arc,29,30,0.0,flow
3675,50.90086263999082,21.900862639990816,arc,29,30,0.0,flow
3676,50.91086263999081,21.910862639990814,arc,29,30,0.0,flow
3677,50.920862639990816,21.920862639990816,arc,29,30,0.0,flow
3678,50.93086263999081,21.930862639990814,arc,29,30,0.0,flow
3679,50.94086263999081,21.940862639990815,arc,29,30,0.0,flow
3680,50.95086263999082,21.950862639990813,arc,29,30,0.0,flow
3681,50.960862639990815,21.960862639990815,arc,29,30,0.0,flow
3682,50.97086263999081,21.970862639990813,arc,29,30,0.0,flow
3683,50.98086263999082,21.980862639990814,arc,29,30,0.0,flow
3684,50.990862639990816,21.990862639990816,arc,29,30,0.0,flow
3685,51.000862639990814,22.000862639990814,arc,29,30,0.0,flow
3686,51.01086263999082,22.010862639990815,arc,29,30,0.0,flow
3687,51.02086263999081,22.020862639990813,arc,29,30,0.0,flow
3688,51.030862639990815,22.030862639990815,arc,29,30,0.0,flow
3689,51.04086263999081,22.040862639990813,arc,29,30,0.0,flow
3690,51.05086263999081,22.050862639990815,arc,29,30,0.0,flow
3691,51.060862639990816,22.060862639990813,arc,29,30,0.0,flow
3692,51.070862639990814,22.070862639990814,arc,29,30,0.0,flow
3693,51.08086263999081,22.080862639990816,arc,29,30,0.0,flow
3694,51.09086263999082,22.090862639990814,arc,29,30,0.0,flow
3695,51.100862639990815,22.100862639990815,arc,29,30,0.0,flow
3696,51.11086263999081,22.110862639990813,arc,29,30,0.0,flow
3697,51.12086263999082,22.120862639990815,arc,29,30,0.0,flow
3698,51.13086263999081,22.130862639990813,arc,29,30,0.0,flow
3699,51.140862639990814,22.140862639990814,arc,29,30,0.0,flow
3700,51.15086263999082,22.150862639990816,arc,29,30,0.0,flow
3701,51.16086263999081,22.160862639990814,arc,29,30,0.0,flow
3702,51.170862639990816,22.170862639990816,arc,29,30,0.0,flow
3703,51.18086263999081,22.180862639990814,arc,29,30,0.0,flow
3704,51.19086263999081,22.190862639990815,arc,29,30,0.0,flow
3705,51.20086263999082,22.200862639990813,arc,29,30,0.0,flow
3706,51.210862639990815,22.210862639990815,arc,29,30,0.0,flow
3707,51.22086263999081,22.220862639990813,arc,29,30,0.0,flow
3708,51.23086263999082,22.230862639990814,arc,29,30,0.0,flow
3709,51.240862639990816,22.240862639990816,arc,29,30,0.0,flow
3710,51.250862639990814,22.250862639990814,arc,29,30,0.0,flow
3711,51.26086263999082,22.260862639990815,arc,29,30,0.0,flow
3712,51.27086263999081,22.270862639990813,arc,29,30,0.0,flow
3713,51.280862639990815,22.280862639990815,arc,29,30,0.0,flow
3714,51.29086263999081,22.290862639990813,arc,29,30,0.0,flow
3715,51.30086263999081,22.300862639990815,arc,29,30,0.0,flow
3716,51.310862639990816,22.310862639990813,arc,29,30,0.0,flow
3717,51.320862639990814,22.320862639990814,arc,29,30,0.0,flow
3718,51.33086263999081,22.330862639990816,arc,29,30,0.0,flow
3719,51.34086263999082,22.340862639990814,arc,29,30,0.0,flow
3720,51.350862639990815,22.350862639990815,arc,29,30,0.0,flow
3721,51.36086263999081,22.360862639990813,arc,29,30,0.0,flow
3722,51.37086263999082,22.370862639990815,arc,29,30,0.0,flow
3723,51.38086263999081,22.380862639990813,arc,29,30,0.0,flow
3724,51.390862639990814,22.390862639990814,arc,29,30,0.0,flow
3725,51.40086263999082,22.400862639990816,arc,29,30,0.0,flow
3726,51.41086263999081,22.410862639990814,arc,29,30,0.0,flow
3727,51.420862639990816,22.420862639990816,arc,29,30,0.0,flow
3728,51.43086263999081,22.430862639990814,arc,29,30,0.0,flow
3729,51.44086263999081,22.440862639990815,arc,29,30,0.0,flow
3730,51.45086263999082,22.450862639990813,arc,29,30,0.0,flow
3731,51.460862639990815,22.460862639990815,arc,29,30,0.0,flow
3732,51.47086263999081,22.470862639990813,arc,29,30,0.0,flow
3733,51.48086263999082,22.480862639990814,arc,29,30,0.0,flow
3734,51.490862639990816,22.490862639990816,arc,29,30,0.0,flow
3735,51.500862639990814,22.500862639990814,arc,29,30,0.0,flow
3736,51.51086263999082,22.510862639990815,arc,29,30,0.0,flow
3737,51.52086263999081,22.520862639990813,arc,29,30,0.0,flow
3738,51.52988014468515,22.529880144685148,arc,29,30,0.0,pre_impact
3739,51.549880144685154,22.529880144685148,bridge,29,30,0.02,bridge
3740,51.56988014468515,22.529880144685148,bridge,29,30,0.04,bridge
3741,51.589880144685154,22.529880144685148,bridge,29,30,0.06,bridge
3742,51.60988014468515,22.529880144685148,bridge,29,30,0.08,bridge
3743,51.62988014468515,22.529880144685148,bridge,29,30,0.1,bridge
3744,51.64988014468515,22.529880144685148,bridge,29,30,0.12,bridge
3745,51.66988014468515,22.529880144685148,bridge,29,30,0.14,bridge
3746,51.68988014468515,22.529880144685148,bridge,29,30,0.16,bridge
3747,51.70988014468515,22.529880144685148,bridge,29,30,0.18,bridge
3748,51.729880144685154,22.529880144685148,bridge,29,30,0.2,bridge
3749,51.74988014468515,22.529880144685148,bridge,29,30,0.22,bridge
3750,51.76988014468515,22.529880144685148,bridge,29,30,0.24,bridge
3751,51.78988014468515,22.529880144685148,bridge,29,30,0.26,bridge
3752,51.80988014468515,22.529880144685148,bridge,29,30,0.28,bridge
3753,51.82988014468515,22.529880144685148,bridge,29,30,0.3,bridge
3754,51.84988014468515,22.529880144685148,bridge,29,30,0.32,bridge
3755,51.869880144685155,22.529880144685148,bridge,29,30,0.34,bridge
3756,51.88988014468515,22.529880144685148,bridge,29,30,0.36,bridge
3757,51.909880144685154,22.529880144685148,bridge,29,30,0.38,bridge
3758,51.92988014468515,22.529880144685148,bridge,29,30,0.4,bridge
3759,51.94988014468515,22.529880144685148,bridge,29,30,0.42,bridge
3760,51.96988014468515,22.529880144685148,bridge,29,30,0.44,bridge
3761,51.98988014468515,22.529880144685148,bridge,29,30,0.46,bridge
3762,52.00988014468515,22.529880144685148,bridge,29,30,0.48,bridge
3763,52.02988014468515,22.529880144685148,bridge,29,30,0.5,bridge
3764,52.049880144685154,22.529880144685148,bridge,29,30,0.52,bridge
3765,52.06988014468515,22.529880144685148,bridge,29,30,0.54,bridge
3766,52.089880144685154,22.529880144685148,bridge,29,30,0.56,bridge
3767,52.10988014468515,22.529880144685148,bridge,29,30,0.58,bridge
3768,52.12988014468515,22.529880144685148,bridge,29,30,0.6,bridge
3769,52.14988014468515,22.529880144685148,bridge,29,30,0.62,bridge
3770,52.16988014468515,22.529880144685148,bridge,29,30,0.64,bridge
3771,52.18988014468515,22.529880144685148,bridge,29,30,0.66,bridge
3772,52.20988014468515,22.529880144685148,bridge,29,30,0.68,bridge
3773,52.229880144685154,22.529880144685148,bridge,29,30,0.7000000000000001,bridge
3774,52.24988014468515,22.529880144685148,bridge,29,30,0.72,bridge
3775,52.26988014468515,22.529880144685148,bridge,29,30,0.74,bridge
3776,52.28988014468515,22.529880144685148,bridge,29,30,0.76,bridge
3777,52.30988014468515,22.529880144685148,bridge,29,30,0.78,bridge
3778,52.32988014468515,22.529880144685148,bridge,29,30,0.8,bridge
3779,52.34988014468515,22.529880144685148,bridge,29,30,0.8200000000000001,bridge
3780,52.369880144685155,22.529880144685148,bridge,29,30,0.84,bridge
3781,52.38988014468515,22.529880144685148,bridge,29,30,0.86,bridge
3782,52.409880144685154,22.529880144685148,bridge,29,30,0.88,bridge
3783,52.42988014468515,22.529880144685148,bridge,29,30,0.9,bridge
3784,52.44988014468515,22.529880144685148,bridge,29,30,0.92,bridge
3785,52.46988014468515,22.529880144685148,bridge,29,30,0.9400000000000001,bridge
3786,52.48988014468515,22.529880144685148,bridge,29,30,0.96,bridge
3787,52.50988014468515,22.529880144685148,bridge,29,30,0.98,bridge
3788,52.52988014468515,22.529880144685148,bridge,29,30,1.0,bridge_end
3789,52.52988014468515,22.529880144685148,arc,30,31,0.0,post_impact
3790,52.53988014468515,22.53988014468515,arc,30,31,0.0,flow
3791,52.54988014468515,22.549880144685147,arc,30,31,0.0,flow
3792,52.55988014468515,22.55988014468515,arc,30,31,0.0,flow
3793,52.56988014468514,22.569880144685147,arc,30,31,0.0,flow
3794,52.57988014468515,22.57988014468515,arc,30,31,0.0,flow
3795,52.58988014468515,22.589880144685146,arc,30,31,0.0,flow
3796,52.599880144685145,22.599880144685148,arc,30,31,0.0,flow
3797,52.60988014468515,22.609880144685146,arc,30,31,0.0,flow
3798,52.61988014468515,22.619880144685148,arc,30,31,0.0,flow
3799,52.629880144685146,22.62988014468515,arc,30,31,0.0,flow
3800,52.63988014468515,22.639880144685147,arc,30,31,0.0,flow
3801,52.64988014468515,22.64988014468515,arc,30,31,0.0,flow
3802,52.65988014468515,22.659880144685147,arc,30,31,0.0,flow
3803,52.66988014468515,22.66988014468515,arc,30,31,0.0,flow
3804,52.67988014468514,22.679880144685146,arc,30,31,0.0,flow
3805,52.68988014468515,22.689880144685148,arc,30,31,0.0,flow
3806,52.69988014468515,22.69988014468515,arc,30,31,0.0,flow
3807,52.709880144685144,22.709880144685147,arc,30,31,0.0,flow
3808,52.71988014468515,22.71988014468515,arc,30,31,0.0,flow
3809,52.72988014468515,22.729880144685147,arc,30,31,0.0,flow
3810,52.739880144685145,22.73988014468515,arc,30,31,0.0,flow
3811,52.74988014468515,22.749880144685147,arc,30,31,0.0,flow
3812,52.75988014468515,22.759880144685148,arc,30,31,0.0,flow
3813,52.769880144685146,22.769880144685146,arc,30,31,0.0,flow
3814,52.77988014468515,22.779880144685148,arc,30,31,0.0,flow
3815,52.78988014468515,22.78988014468515,arc,30,31,0.0,flow
3816,52.79988014468515,22.799880144685147,arc,30,31,0.0,flow
3817,52.80988014468515,22.80988014468515,arc,30,31,0.0,flow
3818,52.81988014468514,22.819880144685147,arc,30,31,0.0,flow
3819,52.82988014468515,22.82988014468515,arc,30,31,0.0,flow
3820,52.83988014468515,22.839880144685146,arc,30,31,0.0,flow
3821,52.849880144685145,22.849880144685148,arc,30,31,0.0,flow
3822,52.85988014468515,22.859880144685146,arc,30,31,0.0,flow
3823,52.86988014468515,22.869880144685148,arc,30,31,0.0,flow
3824,52.879880144685146,22.87988014468515,arc,30,31,0.0,flow
3825,52.88988014468515,22.889880144685147,arc,30,31,0.0,flow
3826,52.89988014468515,22.89988014468515,arc,30,31,0.0,flow
3827,52.90988014468515,22.909880144685147,arc,30,31,0.0,flow
3828,52.91988014468515,22.91988014468515,arc,30,31,0.0,flow
3829,52.92988014468514,22.929880144685146,arc,30,31,0.0,flow
3830,52.93988014468515,22.939880144685148,arc,30,31,0.0,flow
3831,52.94988014468515,22.94988014468515,arc,30,31,0.0,flow
3832,52.959880144685144,22.959880144685147,arc,30,31,0.0,flow
3833,52.96988014468515,22.96988014468515,arc,30,31,0.0,flow
3834,52.97988014468515,22.979880144685147,arc,30,31,0.0,flow
3835,52.989880144685145,22.98988014468515,arc,30,31,0.0,flow
3836,52.99988014468515,22.999880144685147,arc,30,31,0.0,flow
3837,53.00988014468515,23.009880144685148,arc,30,31,0.0,flow
3838,53.019880144685146,23.019880144685146,arc,30,31,0.0,flow
3839,53.02988014468515,23.029880144685148,arc,30,31,0.0,flow
3840,53.03988014468515,23.03988014468515,arc,30,31,0.0,flow
3841,53.04988014468515,23.049880144685147,arc,30,31,0.0,flow
3842,53.05988014468515,23.05988014468515,arc,30,31,0.0,flow
3843,53.06988014468514,23.069880144685147,arc,30,31,0.0,flow
3844,53.07988014468515,23.07988014468515,arc,30,31,0.0,flow
3845,53.08988014468515,23.089880144685146,arc,30,31,0.0,flow
3846,53.099880144685145,23.099880144685148,arc,30,31,0.0,flow
3847,53.10988014468515,23.109880144685146,arc,30,31,0.0,flow
3848,53.11988014468515,23.119880144685148,arc,30,31,0.0,flow
3849,53.129880144685146,23.12988014468515,arc,30,31,0.0,flow
3850,53.13988014468515,23.139880144685147,arc,30,31,0.0,flow
3851,53.14988014468515,23.14988014468515,arc,30,31,0.0,flow
3852,53.15988014468515,23.159880144685147,arc,30,31,0.0,flow
3853,53.16988014468515,23.16988014468515,arc,30,31,0.0,flow
3854,53.17988014468514,23.179880144685146,arc,30,31,0.0,flow
3855,53.18988014468515,23.189880144685148,arc,30,31,0.0,flow
3856,53.19988014468515,23.19988014468515,arc,30,31,0.0,flow
3857,53.209880144685144,23.209880144685147,arc,30,31,0.0,flow
3858,53.21956253162694,23.21956253162694,arc,30,31,0.0,pre_impact
3859,53.239562531626945,23.21956253162694,bridge,30,31,0.02,bridge
3860,53.25956253162694,23.21956253162694,bridge,30,31,0.04,bridge
3861,53.279562531626944,23.21956253162694,bridge,30,31,0.06,bridge
3862,53.29956253162694,23.21956253162694,bridge,30,31,0.08,bridge
3863,53.31956253162694,23.21956253162694,bridge,30,31,0.1,bridge
3864,53.33956253162694,23.21956253162694,bridge,30,31,0.12,bridge
3865,53.35956253162694,23.21956253162694,bridge,30,31,0.14,bridge
3866,53.37956253162694,23.21956253162694,bridge,30,31,0.16,bridge
3867,53.39956253162694,23.21956253162694,bridge,30,31,0.18,bridge
3868,53.419562531626944,23.21956253162694,bridge,30,31,0.2,bridge
3869,53.43956253162694,23.21956253162694,bridge,30,31,0.22,bridge
3870,53.45956253162694,23.21956253162694,bridge,30,31,0.24,bridge
3871,53.47956253162694,23.21956253162694,bridge,30,31,0.26,bridge
3872,53.49956253162694,23.21956253162694,bridge,30,31,0.28,bridge
3873,53.51956253162694,23.21956253162694,bridge,30,31,0.3,bridge
3874,53.53956253162694,23.21956253162694,bridge,30,31,0.32,bridge
3875,53.559562531626945,23.21956253162694,bridge,30,31,0.34,bridge
3876,53.57956253162694,23.21956253162694,bridge,30,31,0.36,bridge
3877,53.599562531626944,23.21956253162694,bridge,30,31,0.38,bridge
3878,53.61956253162694,23.21956253162694,bridge,30,31,0.4,bridge
3879,53.63956253162694,23.21956253162694,bridge,30,31,0.42,bridge
3880,53.65956253162694,23.21956253162694,bridge,30,31,0.44,bridge
3881,53.67956253162694,23.21956253162694,bridge,30,31,0.46,bridge
3882,53.69956253162694,23.21956253162694,bridge,30,31,0.48,bridge
3883,53.71956253162694,23.21956253162694,bridge,30,31,0.5,bridge
3884,53.739562531626945,23.21956253162694,bridge,30,31,0.52,bridge
3885,53.75956253162694,23.21956253162694,bridge,30,31,0.54,bridge
3886,53.779562531626944,23.21956253162694,bridge,30,31,0.56,bridge
3887,53.79956253162694,23.21956253162694,bridge,30,31,0.58,bridge
3888,53.81956253162694,23.21956253162694,bridge,30,31,0.6,bridge
3889,53.83956253162694,23.21956253162694,bridge,30,31,0.62,bridge
3890,53.85956253162694,23.21956253162694,bridge,30,31,0.64,bridge
3891,53.87956253162694,23.21956253162694,bridge,30,31,0.66,bridge
3892,53.89956253162694,23.21956253162694,bridge,30,31,0.68,bridge
3893,53.919562531626944,23.21956253162694,bridge,30,31,0.7000000000000001,bridge
3894,53.93956253162694,23.21956253162694,bridge,30,31,0.72,bridge
3895,53.95956253162694,23.21956253162694,bridge,30,31,0.74,bridge
3896,53.97956253162694,23.21956253162694,bridge,30,31,0.76,bridge
3897,53.99956253162694,23.21956253162694,bridge,30,31,0.78,bridge
3898,54.01956253162694,23.21956253162694,bridge,30,31,0.8,bridge
3899,54.03956253162694,23.21956253162694,bridge,30,31,0.8200000000000001,bridge
3900,54.059562531626945,23.21956253162694,bridge,30,31,0.84,bridge
3901,54.07956253162694,23.21956253162694,bridge,30,31,0.86,bridge
3902,54.099562531626944,23.21956253162694,bridge,30,31,0.88,bridge
3903,54.11956253162694,23.21956253162694,bridge,30,31,0.9,bridge
3904,54.13956253162694,23.21956253162694,bridge,30,31,0.92,bridge
3905,54.15956253162694,23.21956253162694,bridge,30,31,0.9400000000000001,bridge
3906,54.17956253162694,23.21956253162694,bridge,30,31,0.96,bridge
3907,54.19956253162694,23.21956253162694,bridge,30,31,0.98,bridge
3908,54.21956253162694,23.21956253162694,bridge,30,31,1.0,bridge_end
3909,54.21956253162694,23.21956253162694,arc,31,32,0.0,post_impact
3910,54.22956253162694,23.229562531626943,arc,31,32,0.0,flow
3911,54.239562531626945,23.23956253162694,arc,31,32,0.0,flow
3912,54.24956253162694,23.249562531626943,arc,31,32,0.0,flow
3913,54.25956253162694,23.25956253162694,arc,31,32,0.0,flow
3914,54.269562531626946,23.269562531626942,arc,31,32,0.0,flow
3915,54.27956253162694,23.27956253162694,arc,31,32,0.0,flow
3916,54.28956253162694,23.28956253162694,arc,31,32,0.0,flow
3917,54.29956253162694,23.29956253162694,arc,31,32,0.0,flow
3918,54.30956253162694,23.30956253162694,arc,31,32,0.0,flow
3919,54.31956253162694,23.319562531626943,arc,31,32,0.0,flow
3920,54.32956253162694,23.32956253162694,arc,31,32,0.0,flow
3921,54.33956253162694,23.339562531626942,arc,31,32,0.0,flow
3922,54.349562531626944,23.34956253162694,arc,31,32,0.0,flow
3923,54.35956253162694,23.359562531626942,arc,31,32,0.0,flow
3924,54.36956253162694,23.36956253162694,arc,31,32,0.0,flow
3925,54.379562531626945,23.37956253162694,arc,31,32,0.0,flow
3926,54.38956253162694,23.389562531626943,arc,31,32,0.0,flow
3927,54.39956253162694,23.39956253162694,arc,31,32,0.0,flow
3928,54.409562531626946,23.409562531626943,arc,31,32,0.0,flow
3929,54.41956253162694,23.41956253162694,arc,31,32,0.0,flow
3930,54.42956253162694,23.429562531626942,arc,31,32,0.0,flow
3931,54.43956253162694,23.43956253162694,arc,31,32,0.0,flow
3932,54.44956253162694,23.449562531626942,arc,31,32,0.0,flow
3933,54.45956253162694,23.45956253162694,arc,31,32,0.0,flow
3934,54.46956253162694,23.46956253162694,arc,31,32,0.0,flow
3935,54.47956253162694,23.479562531626943,arc,31,32,0.0,flow
3936,54.489562531626945,23.48956253162694,arc,31,32,0.0,flow
3937,54.49956253162694,23.499562531626943,arc,31,32,0.0,flow
3938,54.50956253162694,23.50956253162694,arc,31,32,0.0,flow
3939,54.519562531626946,23.519562531626942,arc,31,32,0.0,flow
3940,54.52956253162694,23.52956253162694,arc,31,32,0.0,flow
3941,54.53956253162694,23.53956253162694,arc,31,32,0.0,flow
3942,54.54956253162694,23.54956253162694,arc,31,32,0.0,flow
3943,54.55956253162694,23.55956253162694,arc,31,32,0.0,flow
3944,54.56956253162694,23.569562531626943,arc,31,32,0.0,flow
3945,54.57956253162694,23.57956253162694,arc,31,32,0.0,flow
3946,54.58956253162694,23.589562531626942,arc,31,32,0.0,flow
3947,54.599562531626944,23.59956253162694,arc,31,32,0.0,flow
3948,54.60956253162694,23.609562531626942,arc,31,32,0.0,flow
3949,54.61956253162694,23.61956253162694,arc,31,32,0.0,flow
3950,54.629562531626945,23.62956253162694,arc,31,32,0.0,flow
3951,54.63956253162694,23.639562531626943,arc,31,32,0.0,flow
3952,54.64956253162694,23.64956253162694,arc,31,32,0.0,flow
3953,54.659562531626946,23.659562531626943,arc,31,32,0.0,flow
3954,54.66956253162694,23.66956253162694,arc,31,32,0.0,flow
3955,54.67956253162694,23.679562531626942,arc,31,32,0.0,flow
3956,54.68956253162694,23.68956253162694,arc,31,32,0.0,flow
3957,54.69956253162694,23.699562531626942,arc,31,32,0.0,flow
3958,54.70956253162694,23.70956253162694,arc,31,32,0.0,flow
3959,54.71956253162694,23.71956253162694,arc,31,32,0.0,flow
3960,54.72956253162694,23.729562531626943,arc,31,32,0.0,flow
3961,54.739562531626945,23.73956253162694,arc,31,32,0.0,flow
3962,54.74956253162694,23.749562531626943,arc,31,32,0.0,flow
3963,54.75956253162694,23.75956253162694,arc,31,32,0.0,flow
3964,54.769562531626946,23.769562531626942,arc,31,32,0.0,flow
3965,54.77956253162694,23.77956253162694,arc,31,32,0.0,flow
3966,54.78956253162694,23.78956253162694,arc,31,32,0.0,flow
3967,54.79956253162694,23.79956253162694,arc,31,32,0.0,flow
3968,54.80956253162694,23.80956253162694,arc,31,32,0.0,flow
3969,54.81956253162694,23.819562531626943,arc,31,32,0.0,flow
3970,54.82956253162694,23.82956253162694,arc,31,32,0.0,flow
3971,54.83956253162694,23.839562531626942,arc,31,32,0.0,flow
3972,54.849562531626944,23.84956253162694,arc,31,32,0.0,flow
3973,54.85956253162694,23.859562531626942,arc,31,32,0.0,flow
3974,54.86956253162694,23.86956253162694,arc,31,32,0.0,flow
3975,54.879562531626945,23.87956253162694,arc,31,32,0.0,flow
3976,54.88956253162694,23.889562531626943,arc,31,32,0.0,flow
3977,54.89956253162694,23.89956253162694,arc,31,32,0.0,flow
3978,54.909562531626946,23.909562531626943,arc,31,32,0.0,flow
3979,54.91956253162694,23.91956253162694,arc,31,32,0.0,flow
3980,54.92956253162694,23.929562531626942,arc,31,32,0.0,flow
3981,54.93956253162694,23.93956253162694,arc,31,32,0.0,flow
3982,54.94956253162694,23.949562531626942,arc,31,32,0.0,flow
3983,54.95956253162694,23.95956253162694,arc,31,32,0.0,flow
3984,54.96956253162694,23.96956253162694,arc,31,32,0.0,flow
3985,54.97956253162694,23.979562531626943,arc,31,32,0.0,flow
3986,54.989562531626945,23.98956253162694,arc,31,32,0.0,flow
3987,54.99956253162694,23.999562531626943,arc,31,32,0.0,flow
3988,55.00956253162694,24.00956253162694,arc,31,32,0.0,flow
3989,55.01531150432979,24.01531150432979,arc,31,32,0.0,pre_impact
3990,55.03531150432979,24.01531150432979,bridge,31,32,0.02,bridge
3991,55.05531150432979,24.01531150432979,bridge,31,32,0.04,bridge
3992,55.07531150432979,24.01531150432979,bridge,31,32,0.06,bridge
3993,55.095311504329786,24.01531150432979,bridge,31,32,0.08,bridge
3994,55.11531150432979,24.01531150432979,bridge,31,32,0.1,bridge
3995,55.135311504329785,24.01531150432979,bridge,31,32,0.12,bridge
3996,55.15531150432979,24.01531150432979,bridge,31,32,0.14,bridge
3997,55.175311504329784,24.01531150432979,bridge,31,32,0.16,bridge
3998,55.19531150432979,24.01531150432979,bridge,31,32,0.18,bridge
3999,55.21531150432979,24.01531150432979,bridge,31,32,0.2,bridge
4000,55.235311504329786,24.01531150432979,bridge,31,32,0.22,bridge
4001,55.25531150432979,24.01531150432979,bridge,31,32,0.24,bridge
4002,55.275311504329785,24.01531150432979,bridge,31,32,0.26,bridge
4003,55.29531150432979,24.01531150432979,bridge,31,32,0.28,bridge
4004,55.315311504329784,24.01531150432979,bridge,31,32,0.3,bridge
4005,55.33531150432979,24.01531150432979,bridge,31,32,0.32,bridge
4006,55.35531150432979,24.01531150432979,bridge,31,32,0.34,bridge
4007,55.37531150432979,24.01531150432979,bridge,31,32,0.36,bridge
4008,55.39531150432979,24.01531150432979,bridge,31,32,0.38,bridge
4009,55.415311504329786,24.01531150432979,bridge,31,32,0.4,bridge
4010,55.43531150432979,24.01531150432979,bridge,31,32,0.42,bridge
4011,55.455311504329785,24.01531150432979,bridge,31,32,0.44,bridge
4012,55.47531150432979,24.01531150432979,bridge,31,32,0.46,bridge
4013,55.495311504329784,24.01531150432979,bridge,31,32,0.48,bridge
4014,55.51531150432979,24.01531150432979,bridge,31,32,0.5,bridge
4015,55.53531150432979,24.01531150432979,bridge,31,32,0.52,bridge
4016,55.55531150432979,24.01531150432979,bridge,31,32,0.54,bridge
4017,55.57531150432979,24.01531150432979,bridge,31,32,0.56,bridge
4018,55.595311504329786,24.01531150432979,bridge,31,32,0.58,bridge
4019,55.61531150432979,24.01531150432979,bridge,31,32,0.6,bridge
4020,55.635311504329785,24.01531150432979,bridge,31,32,0.62,bridge
4021,55.65531150432979,24.01531150432979,bridge,31,32,0.64,bridge
4022,55.675311504329784,24.01531150432979,bridge,31,32,0.66,bridge
4023,55.69531150432979,24.01531150432979,bridge,31,32,0.68,bridge
4024,55.71531150432979,24.01531150432979,bridge,31,32,0.7000000000000001,bridge
4025,55.735311504329786,24.01531150432979,bridge,31,32,0.72,bridge
4026,55.75531150432979,24.01531150432979,bridge,31,32,0.74,bridge
4027,55.775311504329785,24.01531150432979,bridge,31,32,0.76,bridge
4028,55.79531150432979,24.01531150432979,bridge,31,32,0.78,bridge
4029,55.815311504329784,24.01531150432979,bridge,31,32,0.8,bridge
4030,55.83531150432979,24.01531150432979,bridge,31,32,0.8200000000000001,bridge
4031,55.85531150432979,24.01531150432979,bridge,31,32,0.84,bridge
4032,55.87531150432979,24.01531150432979,bridge,31,32,0.86,bridge
4033,55.89531150432979,24.01531150432979,bridge,31,32,0.88,bridge
4034,55.915311504329786,24.01531150432979,bridge,31,32,0.9,bridge
4035,55.93531150432979,24.01531150432979,bridge,31,32,0.92,bridge
4036,55.955311504329785,24.01531150432979,bridge,31,32,0.9400000000000001,bridge
4037,55.97531150432979,24.01531150432979,bridge,31,32,0.96,bridge
4038,55.995311504329784,24.01531150432979,bridge,31,32,0.98,bridge
4039,56.01531150432979,24.01531150432979,bridge,31,32,1.0,bridge_end
4040,56.01531150432979,24.01531150432979,arc,32,33,0.0,post_impact
4041,56.02531150432979,24.025311504329792,arc,32,33,0.0,flow
4042,56.03531150432979,24.03531150432979,arc,32,33,0.0,flow
4043,56.04531150432979,24.045311504329792,arc,32,33,0.0,flow
4044,56.055311504329794,24.05531150432979,arc,32,33,0.0,flow
4045,56.06531150432979,24.06531150432979,arc,32,33,0.0,flow
4046,56.07531150432979,24.07531150432979,arc,32,33,0.0,flow
4047,56.085311504329795,24.08531150432979,arc,32,33,0.0,flow
4048,56.095311504329786,24.09531150432979,arc,32,33,0.0,flow
4049,56.10531150432979,24.10531150432979,arc,32,33,0.0,flow
4050,56.115311504329796,24.115311504329792,arc,32,33,0.0,flow
4051,56.12531150432979,24.12531150432979,arc,32,33,0.0,flow
4052,56.13531150432979,24.135311504329792,arc,32,33,0.0,flow
4053,56.14531150432979,24.14531150432979,arc,32,33,0.0,flow
4054,56.15531150432979,24.15531150432979,arc,32,33,0.0,flow
4055,56.16531150432979,24.16531150432979,arc,32,33,0.0,flow
4056,56.17531150432979,24.17531150432979,arc,32,33,0.0,flow
4057,56.18531150432979,24.185311504329793,arc,32,33,0.0,flow
4058,56.195311504329794,24.19531150432979,arc,32,33,0.0,flow
4059,56.20531150432979,24.205311504329792,arc,32,33,0.0,flow
4060,56.21531150432979,24.21531150432979,arc,32,33,0.0,flow
4061,56.225311504329795,24.22531150432979,arc,32,33,0.0,flow
4062,56.235311504329786,24.23531150432979,arc,32,33,0.0,flow
4063,56.24531150432979,24.24531150432979,arc,32,33,0.0,flow
4064,56.25531150432979,24.25531150432979,arc,32,33,0.0,flow
4065,56.26531150432979,24.26531150432979,arc,32,33,0.0,flow
4066,56.27531150432979,24.275311504329792,arc,32,33,0.0,flow
4067,56.28531150432979,24.28531150432979,arc,32,33,0.0,flow
4068,56.29531150432979,24.295311504329792,arc,32,33,0.0,flow
4069,56.305311504329794,24.30531150432979,arc,32,33,0.0,flow
4070,56.31531150432979,24.31531150432979,arc,32,33,0.0,flow
4071,56.32531150432979,24.32531150432979,arc,32,33,0.0,flow
4072,56.335311504329795,24.33531150432979,arc,32,33,0.0,flow
4073,56.345311504329786,24.34531150432979,arc,32,33,0.0,flow
4074,56.35531150432979,24.35531150432979,arc,32,33,0.0,flow
4075,56.365311504329796,24.365311504329792,arc,32,33,0.0,flow
4076,56.37531150432979,24.37531150432979,arc,32,33,0.0,flow
4077,56.38531150432979,24.385311504329792,arc,32,33,0.0,flow
4078,56.39531150432979,24.39531150432979,arc,32,33,0.0,flow
4079,56.40531150432979,24.40531150432979,arc,32,33,0.0,flow
4080,56.41531150432979,24.41531150432979,arc,32,33,0.0,flow
4081,56.42531150432979,24.42531150432979,arc,32,33,0.0,flow
4082,56.43531150432979,24.435311504329793,arc,32,33,0.0,flow
4083,56.445311504329794,24.44531150432979,arc,32,33,0.0,flow
4084,56.45531150432979,24.455311504329792,arc,32,33,0.0,flow
4085,56.46531150432979,24.46531150432979,arc,32,33,0.0,flow
4086,56.475311504329795,24.47531150432979,arc,32,33,0.0,flow
4087,56.485311504329786,24.48531150432979,arc,32,33,0.0,flow
4088,56.49531150432979,24.49531150432979,arc,32,33,0.0,flow
4089,56.50531150432979,24.50531150432979,arc,32,33,0.0,flow
4090,56.51531150432979,24.51531150432979,arc,32,33,0.0,flow
4091,56.52531150432979,24.525311504329792,arc,32,33,0.0,flow
4092,56.53531150432979,24.53531150432979,arc,32,33,0.0,flow
4093,56.54531150432979,24.545311504329792,arc,32,33,0.0,flow
4094,56.555311504329794,24.55531150432979,arc,32,33,0.0,flow
4095,56.56531150432979,24.56531150432979,arc,32,33,0.0,flow
4096,56.57531150432979,24.57531150432979,arc,32,33,0.0,flow
4097,56.585311504329795,24.58531150432979,arc,32,33,0.0,flow
4098,56.595311504329786,24.59531150432979,arc,32,33,0.0,flow
4099,56.60531150432979,24.60531150432979,arc,32,33,0.0,flow
4100,56.615311504329796,24.615311504329792,arc,32,33,0.0,flow
4101,56.62531150432979,24.62531150432979,arc,32,33,0.0,flow
4102,56.63531150432979,24.635311504329792,arc,32,33,0.0,flow
4103,56.64531150432979,24.64531150432979,arc,32,33,0.0,flow
4104,56.65531150432979,24.65531150432979,arc,32,33,0.0,flow
4105,56.66531150432979,24.66531150432979,arc,32,33,0.0,flow
4106,56.67531150432979,24.67531150432979,arc,32,33,0.0,flow
4107,56.68531150432979,24.685311504329793,arc,32,33,0.0,flow
4108,56.695311504329794,24.69531150432979,arc,32,33,0.0,flow
4109,56.70531150432979,24.705311504329792,arc,32,33,0.0,flow
4110,56.71531150432979,24.71531150432979,arc,32,33,0.0,flow
4111,56.725311504329795,24.72531150432979,arc,32,33,0.0,flow
4112,56.732776577986236,24.732776577986236,arc,32,33,0.0,pre_impact
4113,56.75277657798624,24.732776577986236,bridge,32,33,0.02,bridge
4114,56.772776577986235,24.732776577986236,bridge,32,33,0.04,bridge
4115,56.79277657798624,24.732776577986236,bridge,32,33,0.06,bridge
4116,56.812776577986234,24.732776577986236,bridge,32,33,0.08,bridge
4117,56.83277657798624,24.732776577986236,bridge,32,33,0.1,bridge
4118,56.85277657798623,24.732776577986236,bridge,32,33,0.12,bridge
4119,56.87277657798624,24.732776577986236,bridge,32,33,0.14,bridge
4120,56.89277657798623,24.732776577986236,bridge,32,33,0.16,bridge
4121,56.912776577986236,24.732776577986236,bridge,32,33,0.18,bridge
4122,56.93277657798624,24.732776577986236,bridge,32,33,0.2,bridge
4123,56.952776577986235,24.732776577986236,bridge,32,33,0.22,bridge
4124,56.97277657798624,24.732776577986236,bridge,32,33,0.24,bridge
4125,56.992776577986234,24.732776577986236,bridge,32,33,0.26,bridge
4126,57.01277657798624,24.732776577986236,bridge,32,33,0.28,bridge
4127,57.03277657798623,24.732776577986236,bridge,32,33,0.3,bridge
4128,57.052776577986236,24.732776577986236,bridge,32,33,0.32,bridge
4129,57.07277657798624,24.732776577986236,bridge,32,33,0.34,bridge
4130,57.092776577986236,24.732776577986236,bridge,32,33,0.36,bridge
4131,57.11277657798624,24.732776577986236,bridge,32,33,0.38,bridge
4132,57.132776577986235,24.732776577986236,bridge,32,33,0.4,bridge
4133,57.15277657798624,24.732776577986236,bridge,32,33,0.42,bridge
4134,57.172776577986234,24.732776577986236,bridge,32,33,0.44,bridge
4135,57.19277657798624,24.732776577986236,bridge,32,33,0.46,bridge
4136,57.21277657798623,24.732776577986236,bridge,32,33,0.48,bridge
4137,57.232776577986236,24.732776577986236,bridge,32,33,0.5,bridge
4138,57.25277657798624,24.732776577986236,bridge,32,33,0.52,bridge
4139,57.272776577986235,24.732776577986236,bridge,32,33,0.54,bridge
4140,57.29277657798624,24.732776577986236,bridge,32,33,0.56,bridge
4141,57.312776577986234,24.732776577986236,bridge,32,33,0.58,bridge
4142,57.33277657798624,24.732776577986236,bridge,32,33,0.6,bridge
4143,57.35277657798623,24.732776577986236,bridge,32,33,0.62,bridge
4144,57.37277657798624,24.732776577986236,bridge,32,33,0.64,bridge
4145,57.39277657798623,24.732776577986236,bridge,32,33,0.66,bridge
4146,57.412776577986236,24.732776577986236,bridge,32,33,0.68,bridge
4147,57.43277657798624,24.732776577986236,bridge,32,33,0.7000000000000001,bridge
4148,57.452776577986235,24.732776577986236,bridge,32,33,0.72,bridge
4149,57.47277657798624,24.732776577986236,bridge,32,33,0.74,bridge
4150,57.492776577986234,24.732776577986236,bridge,32,33,0.76,bridge
4151,57.51277657798624,24.732776577986236,bridge,32,33,0.78,bridge
4152,57.53277657798623,24.732776577986236,bridge,32,33,0.8,bridge
4153,57.552776577986236,24.732776577986236,bridge,32,33,0.8200000000000001,bridge
4154,57.57277657798624,24.732776577986236,bridge,32,33,0.84,bridge
4155,57.592776577986236,24.732776577986236,bridge,32,33,0.86,bridge
4156,57.61277657798624,24.732776577986236,bridge,32,33,0.88,bridge
4157,57.632776577986235,24.732776577986236,bridge,32,33,0.9,bridge
4158,57.65277657798624,24.732776577986236,bridge,32,33,0.92,bridge
4159,57.672776577986234,24.732776577986236,bridge,32,33,0.9400000000000001,bridge
4160,57.69277657798624,24.732776577986236,bridge,32,33,0.96,bridge
4161,57.71277657798623,24.732776577986236,bridge,32,33,0.98,bridge
4162,57.732776577986236,24.732776577986236,bridge,32,33,1.0,bridge_end
4163,57.732776577986236,24.732776577986236,arc,33,34,0.0,post_impact
4164,57.742776577986234,24.742776577986238,arc,33,34,0.0,flow
4165,57.75277657798624,24.752776577986236,arc,33,34,0.0,flow
4166,57.76277657798624,24.762776577986237,arc,33,34,0.0,flow
4167,57.772776577986235,24.772776577986235,arc,33,34,0.0,flow
4168,57.78277657798624,24.782776577986237,arc,33,34,0.0,flow
4169,57.79277657798623,24.792776577986235,arc,33,34,0.0,flow
4170,57.802776577986236,24.802776577986236,arc,33,34,0.0,flow
4171,57.812776577986234,24.812776577986234,arc,33,34,0.0,flow
4172,57.82277657798623,24.822776577986236,arc,33,34,0.0,flow
4173,57.83277657798624,24.832776577986237,arc,33,34,0.0,flow
4174,57.842776577986236,24.842776577986236,arc,33,34,0.0,flow
4175,57.85277657798623,24.852776577986237,arc,33,34,0.0,flow
4176,57.86277657798624,24.862776577986235,arc,33,34,0.0,flow
4177,57.87277657798624,24.872776577986237,arc,33,34,0.0,flow
4178,57.882776577986235,24.882776577986235,arc,33,34,0.0,flow
4179,57.89277657798624,24.892776577986236,arc,33,34,0.0,flow
4180,57.90277657798624,24.902776577986238,arc,33,34,0.0,flow
4181,57.912776577986236,24.912776577986236,arc,33,34,0.0,flow
4182,57.92277657798624,24.922776577986237,arc,33,34,0.0,flow
4183,57.93277657798623,24.932776577986235,arc,33,34,0.0,flow
4184,57.94277657798624,24.942776577986237,arc,33,34,0.0,flow
4185,57.952776577986235,24.952776577986235,arc,33,34,0.0,flow
4186,57.96277657798623,24.962776577986237,arc,33,34,0.0,flow
4187,57.97277657798624,24.972776577986235,arc,33,34,0.0,flow
4188,57.982776577986236,24.982776577986236,arc,33,34,0.0,flow
4189,57.992776577986234,24.992776577986238,arc,33,34,0.0,flow
4190,58.00277657798624,25.002776577986236,arc,33,34,0.0,flow
4191,58.01277657798624,25.012776577986237,arc,33,34,0.0,flow
4192,58.022776577986235,25.022776577986235,arc,33,34,0.0,flow
4193,58.03277657798624,25.032776577986237,arc,33,34,0.0,flow
4194,58.04277657798623,25.042776577986235,arc,33,34,0.0,flow
4195,58.052776577986236,25.052776577986236,arc,33,34,0.0,flow
4196,58.062776577986234,25.062776577986234,arc,33,34,0.0,flow
4197,58.07277657798623,25.072776577986236,arc,33,34,0.0,flow
4198,58.08277657798624,25.082776577986237,arc,33,34,0.0,flow
4199,58.092776577986236,25.092776577986236,arc,33,34,0.0,flow
4200,58.10277657798623,25.102776577986237,arc,33,34,0.0,flow
4201,58.11277657798624,25.112776577986235,arc,33,34,0.0,flow
4202,58.12277657798624,25.122776577986237,arc,33,34,0.0,flow
4203,58.132776577986235,25.132776577986235,arc,33,34,0.0,flow
4204,58.14277657798624,25.142776577986236,arc,33,34,0.0,flow
4205,58.15277657798624,25.152776577986238,arc,33,34,0.0,flow
4206,58.162776577986236,25.162776577986236,arc,33,34,0.0,flow
4207,58.17277657798624,25.172776577986237,arc,33,34,0.0,flow
4208,58.18277657798623,25.182776577986235,arc,33,34,0.0,flow
4209,58.19277657798624,25.192776577986237,arc,33,34,0.0,flow
4210,58.202776577986235,25.202776577986235,arc,33,34,0.0,flow
4211,58.21277657798623,25.212776577986237,arc,33,34,0.0,flow
4212,58.22277657798624,25.222776577986235,arc,33,34,0.0,flow
4213,58.232776577986236,25.232776577986236,arc,33,34,0.0,flow
4214,58.242776577986234,25.242776577986238,arc,33,34,0.0,flow
4215,58.25277657798624,25.252776577986236,arc,33,34,0.0,flow
4216,58.26277657798624,25.262776577986237,arc,33,34,0.0,flow
4217,58.272776577986235,25.272776577986235,arc,33,34,0.0,flow
4218,58.28277657798624,25.282776577986237,arc,33,34,0.0,flow
4219,58.29277657798623,25.292776577986235,arc,33,34,0.0,flow
4220,58.302776577986236,25.302776577986236,arc,33,34,0.0,flow
4221,58.312776577986234,25.312776577986234,arc,33,34,0.0,flow
4222,58.32277657798623,25.322776577986236,arc,33,34,0.0,flow
4223,58.33277657798624,25.332776577986237,arc,33,34,0.0,flow
4224,58.342776577986236,25.342776577986236,arc,33,34,0.0,flow
4225,58.35277657798623,25.352776577986237,arc,33,34,0.0,flow
4226,58.36277657798624,25.362776577986235,arc,33,34,0.0,flow
4227,58.37277657798624,25.372776577986237,arc,33,34,0.0,flow
4228,58.382776577986235,25.382776577986235,arc,33,34,0.0,flow
4229,58.39277657798624,25.392776577986236,arc,33,34,0.0,flow
4230,58.40277657798624,25.402776577986238,arc,33,34,0.0,flow
4231,58.412776577986236,25.412776577986236,arc,33,34,0.0,flow
4232,58.42277657798624,25.422776577986237,arc,33,34,0.0,flow
4233,58.43277657798623,25.432776577986235,arc,33,34,0.0,flow
4234,58.44277657798624,25.442776577986237,arc,33,34,0.0,flow
4235,58.452776577986235,25.452776577986235,arc,33,34,0.0,flow
4236,58.46277657798623,25.462776577986237,arc,33,34,0.0,flow
4237,58.47277657798624,25.472776577986235,arc,33,34,0.0,flow
4238,58.482776577986236,25.482776577986236,arc,33,34,0.0,flow
4239,58.492776577986234,25.492776577986238,arc,33,34,0.0,flow
4240,58.50277657798624,25.502776577986236,arc,33,34,0.0,flow
4241,58.51277657798624,25.512776577986237,arc,33,34,0.0,flow
4242,58.522776577986235,25.522776577986235,arc,33,34,0.0,flow
4243,58.53179408262182,25.531794082621822,arc,33,34,0.0,pre_impact
4244,58.551794082621825,25.531794082621822,bridge,33,34,0.02,bridge
4245,58.57179408262182,25.531794082621822,bridge,33,34,0.04,bridge
4246,58.591794082621824,25.531794082621822,bridge,33,34,0.06,bridge
4247,58.61179408262182,25.531794082621822,bridge,33,34,0.08,bridge
4248,58.63179408262182,25.531794082621822,bridge,33,34,0.1,bridge
4249,58.65179408262182,25.531794082621822,bridge,33,34,0.12,bridge
4250,58.67179408262182,25.531794082621822,bridge,33,34,0.14,bridge
4251,58.69179408262182,25.531794082621822,bridge,33,34,0.16,bridge
4252,58.71179408262182,25.531794082621822,bridge,33,34,0.18,bridge
4253,58.731794082621825,25.531794082621822,bridge,33,34,0.2,bridge
4254,58.75179408262182,25.531794082621822,bridge,33,34,0.22,bridge
4255,58.771794082621824,25.531794082621822,bridge,33,34,0.24,bridge
4256,58.79179408262182,25.531794082621822,bridge,33,34,0.26,bridge
4257,58.81179408262182,25.531794082621822,bridge,33,34,0.28,bridge
4258,58.83179408262182,25.531794082621822,bridge,33,34,0.3,bridge
4259,58.85179408262182,25.531794082621822,bridge,33,34,0.32,bridge
4260,58.871794082621825,25.531794082621822,bridge,33,34,0.34,bridge
4261,58.89179408262182,25.531794082621822,bridge,33,34,0.36,bridge
4262,58.911794082621824,25.531794082621822,bridge,33,34,0.38,bridge
4263,58.93179408262182,25.531794082621822,bridge,33,34,0.4,bridge
4264,58.951794082621824,25.531794082621822,bridge,33,34,0.42,bridge
4265,58.97179408262182,25.531794082621822,bridge,33,34,0.44,bridge
4266,58.99179408262182,25.531794082621822,bridge,33,34,0.46,bridge
4267,59.01179408262182,25.531794082621822,bridge,33,34,0.48,bridge
4268,59.03179408262182,25.531794082621822,bridge,33,34,0.5,bridge
4269,59.051794082621825,25.531794082621822,bridge,33,34,0.52,bridge
4270,59.07179408262182,25.531794082621822,bridge,33,34,0.54,bridge
4271,59.091794082621824,25.531794082621822,bridge,33,34,0.56,bridge
4272,59.11179408262182,25.531794082621822,bridge,33,34,0.58,bridge
4273,59.13179408262182,25.531794082621822,bridge,33,34,0.6,bridge
4274,59.15179408262182,25.531794082621822,bridge,33,34,0.62,bridge
4275,59.17179408262182,25.531794082621822,bridge,33,34,0.64,bridge
4276,59.19179408262182,25.531794082621822,bridge,33,34,0.66,bridge
4277,59.21179408262182,25.531794082621822,bridge,33,34,0.68,bridge
4278,59.231794082621825,25.531794082621822,bridge,33,34,0.7000000000000001,bridge
4279,59.25179408262182,25.531794082621822,bridge,33,34,0.72,bridge
4280,59.271794082621824,25.531794082621822,bridge,33,34,0.74,bridge
4281,59.29179408262182,25.531794082621822,bridge,33,34,0.76,bridge
4282,59.31179408262182,25.531794082621822,bridge,33,34,0.78,bridge
4283,59.33179408262182,25.531794082621822,bridge,33,34,0.8,bridge
4284,59.35179408262182,25.531794082621822,bridge,33,34,0.8200000000000001,bridge
4285,59.371794082621825,25.531794082621822,bridge,33,34,0.84,bridge
4286,59.39179408262182,25.531794082621822,bridge,33,34,0.86,bridge
4287,59.411794082621824,25.531794082621822,bridge,33,34,0.88,bridge
4288,59.43179408262182,25.531794082621822,bridge,33,34,0.9,bridge
4289,59.451794082621824,25.531794082621822,bridge,33,34,0.92,bridge
4290,59.47179408262182,25.531794082621822,bridge,33,34,0.9400000000000001,bridge
4291,59.49179408262182,25.531794082621822,bridge,33,34,0.96,bridge
4292,59.51179408262182,25.531794082621822,bridge,33,34,0.98,bridge
4293,59.53179408262182,25.531794082621822,bridge,33,34,1.0,bridge_end
4294,59.53179408262182,25.531794082621822,arc,34,35,0.0,post_impact
4295,59.54179408262182,25.541794082621823,arc,34,35,0.0,flow
4296,59.551794082621825,25.55179408262182,arc,34,35,0.0,flow
4297,59.56179408262182,25.561794082621823,arc,34,35,0.0,flow
4298,59.57179408262182,25.57179408262182,arc,34,35,0.0,flow
4299,59.581794082621826,25.581794082621823,arc,34,35,0.0,flow
4300,59.59179408262182,25.59179408262182,arc,34,35,0.0,flow
4301,59.60179408262182,25.601794082621822,arc,34,35,0.0,flow
4302,59.61179408262182,25.61179408262182,arc,34,35,0.0,flow
4303,59.62179408262182,25.621794082621822,arc,34,35,0.0,flow
4304,59.63179408262182,25.631794082621823,arc,34,35,0.0,flow
4305,59.64179408262182,25.64179408262182,arc,34,35,0.0,flow
4306,59.65179408262182,25.651794082621823,arc,34,35,0.0,flow
4307,59.661794082621824,25.66179408262182,arc,34,35,0.0,flow
4308,59.67179408262182,25.671794082621822,arc,34,35,0.0,flow
4309,59.68179408262182,25.68179408262182,arc,34,35,0.0,flow
4310,59.691794082621826,25.691794082621822,arc,34,35,0.0,flow
4311,59.701794082621824,25.701794082621824,arc,34,35,0.0,flow
4312,59.71179408262182,25.71179408262182,arc,34,35,0.0,flow
4313,59.72179408262183,25.721794082621823,arc,34,35,0.0,flow
4314,59.73179408262182,25.73179408262182,arc,34,35,0.0,flow
4315,59.74179408262182,25.741794082621823,arc,34,35,0.0,flow
4316,59.75179408262182,25.75179408262182,arc,34,35,0.0,flow
4317,59.76179408262182,25.761794082621822,arc,34,35,0.0,flow
4318,59.771794082621824,25.77179408262182,arc,34,35,0.0,flow
4319,59.78179408262182,25.781794082621822,arc,34,35,0.0,flow
4320,59.79179408262182,25.791794082621823,arc,34,35,0.0,flow
4321,59.801794082621825,25.80179408262182,arc,34,35,0.0,flow
4322,59.81179408262182,25.811794082621823,arc,34,35,0.0,flow
4323,59.82179408262182,25.82179408262182,arc,34,35,0.0,flow
4324,59.831794082621826,25.831794082621823,arc,34,35,0.0,flow
4325,59.84179408262182,25.84179408262182,arc,34,35,0.0,flow
4326,59.85179408262182,25.851794082621822,arc,34,35,0.0,flow
4327,59.86179408262182,25.86179408262182,arc,34,35,0.0,flow
4328,59.87179408262182,25.871794082621822,arc,34,35,0.0,flow
4329,59.88179408262182,25.881794082621823,arc,34,35,0.0,flow
4330,59.89179408262182,25.89179408262182,arc,34,35,0.0,flow
4331,59.90179408262182,25.901794082621823,arc,34,35,0.0,flow
4332,59.911794082621824,25.91179408262182,arc,34,35,0.0,flow
4333,59.92179408262182,25.921794082621822,arc,34,35,0.0,flow
4334,59.93179408262182,25.93179408262182,arc,34,35,0.0,flow
4335,59.941794082621826,25.941794082621822,arc,34,35,0.0,flow
4336,59.951794082621824,25.951794082621824,arc,34,35,0.0,flow
4337,59.96179408262182,25.96179408262182,arc,34,35,0.0,flow
4338,59.97179408262183,25.971794082621823,arc,34,35,0.0,flow
4339,59.98179408262182,25.98179408262182,arc,34,35,0.0,flow
4340,59.99179408262182,25.991794082621823,arc,34,35,0.0,flow
4341,60.00179408262182,26.00179408262182,arc,34,35,0.0,flow
4342,60.01179408262182,26.011794082621822,arc,34,35,0.0,flow
4343,60.021794082621824,26.02179408262182,arc,34,35,0.0,flow
4344,60.03179408262182,26.031794082621822,arc,34,35,0.0,flow
4345,60.04179408262182,26.041794082621823,arc,34,35,0.0,flow
4346,60.051794082621825,26.05179408262182,arc,34,35,0.0,flow
4347,60.06179408262182,26.061794082621823,arc,34,35,0.0,flow
4348,60.07179408262182,26.07179408262182,arc,34,35,0.0,flow
4349,60.081794082621826,26.081794082621823,arc,34,35,0.0,flow
4350,60.09179408262182,26.09179408262182,arc,34,35,0.0,flow
4351,60.10179408262182,26.101794082621822,arc,34,35,0.0,flow
4352,60.11179408262182,26.11179408262182,arc,34,35,0.0,flow
4353,60.12179408262182,26.121794082621822,arc,34,35,0.0,flow
4354,60.13179408262182,26.131794082621823,arc,34,35,0.0,flow
4355,60.14179408262182,26.14179408262182,arc,34,35,0.0,flow
4356,60.15179408262182,26.151794082621823,arc,34,35,0.0,flow
4357,60.161794082621824,26.16179408262182,arc,34,35,0.0,flow
4358,60.17179408262182,26.171794082621822,arc,34,35,0.0,flow
4359,60.18179408262182,26.18179408262182,arc,34,35,0.0,flow
4360,60.191794082621826,26.191794082621822,arc,34,35,0.0,flow
4361,60.201794082621824,26.201794082621824,arc,34,35,0.0,flow
4362,60.21179408262182,26.21179408262182,arc,34,35,0.0,flow
4363,60.22147646963113,26.221476469631128,arc,34,35,0.0,pre_impact
4364,60.24147646963113,26.221476469631128,bridge,34,35,0.02,bridge
4365,60.26147646963113,26.221476469631128,bridge,34,35,0.04,bridge
4366,60.28147646963113,26.221476469631128,bridge,34,35,0.06,bridge
4367,60.301476469631126,26.221476469631128,bridge,34,35,0.08,bridge
4368,60.32147646963113,26.221476469631128,bridge,34,35,0.1,bridge
4369,60.341476469631125,26.221476469631128,bridge,34,35,0.12,bridge
4370,60.36147646963113,26.221476469631128,bridge,34,35,0.14,bridge
4371,60.381476469631124,26.221476469631128,bridge,34,35,0.16,bridge
4372,60.40147646963113,26.221476469631128,bridge,34,35,0.18,bridge
4373,60.42147646963113,26.221476469631128,bridge,34,35,0.2,bridge
4374,60.44147646963113,26.221476469631128,bridge,34,35,0.22,bridge
4375,60.46147646963113,26.221476469631128,bridge,34,35,0.24,bridge
4376,60.481476469631126,26.221476469631128,bridge,34,35,0.26,bridge
4377,60.50147646963113,26.221476469631128,bridge,34,35,0.28,bridge
4378,60.521476469631125,26.221476469631128,bridge,34,35,0.3,bridge
4379,60.54147646963113,26.221476469631128,bridge,34,35,0.32,bridge
4380,60.56147646963113,26.221476469631128,bridge,34,35,0.34,bridge
4381,60.58147646963113,26.221476469631128,bridge,34,35,0.36,bridge
4382,60.60147646963113,26.221476469631128,bridge,34,35,0.38,bridge
4383,60.621476469631126,26.221476469631128,bridge,34,35,0.4,bridge
4384,60.64147646963113,26.221476469631128,bridge,34,35,0.42,bridge
4385,60.661476469631125,26.221476469631128,bridge,34,35,0.44,bridge
4386,60.68147646963113,26.221476469631128,bridge,34,35,0.46,bridge
4387,60.701476469631125,26.221476469631128,bridge,34,35,0.48,bridge
4388,60.72147646963113,26.221476469631128,bridge,34,35,0.5,bridge
4389,60.74147646963113,26.221476469631128,bridge,34,35,0.52,bridge
4390,60.76147646963113,26.221476469631128,bridge,34,35,0.54,bridge
4391,60.78147646963113,26.221476469631128,bridge,34,35,0.56,bridge
4392,60.801476469631126,26.221476469631128,bridge,34,35,0.58,bridge
4393,60.82147646963113,26.221476469631128,bridge,34,35,0.6,bridge
4394,60.841476469631125,26.221476469631128,bridge,34,35,0.62,bridge
4395,60.86147646963113,26.221476469631128,bridge,34,35,0.64,bridge
4396,60.881476469631124,26.221476469631128,bridge,34,35,0.66,bridge
4397,60.90147646963113,26.221476469631128,bridge,34,35,0.68,bridge
4398,60.92147646963113,26.221476469631128,bridge,34,35,0.7000000000000001,bridge
4399,60.94147646963113,26.221476469631128,bridge,34,35,0.72,bridge
4400,60.96147646963113,26.221476469631128,bridge,34,35,0.74,bridge
4401,60.981476469631126,26.221476469631128,bridge,34,35,0.76,bridge
4402,61.00147646963113,26.221476469631128,bridge,34,35,0.78,bridge
4403,61.021476469631125,26.221476469631128,bridge,34,35,0.8,bridge
4404,61.04147646963113,26.221476469631128,bridge,34,35,0.8200000000000001,bridge
4405,61.06147646963113,26.221476469631128,bridge,34,35,0.84,bridge
4406,61.08147646963113,26.221476469631128,bridge,34,35,0.86,bridge
4407,61.10147646963113,26.221476469631128,bridge,34,35,0.88,bridge
4408,61.121476469631126,26.221476469631128,bridge,34,35,0.9,bridge
4409,61.14147646963113,26.221476469631128,bridge,34,35,0.92,bridge
4410,61.161476469631125,26.221476469631128,bridge,34,35,0.9400000000000001,bridge
4411,61.18147646963113,26.221476469631128,bridge,34,35,0.96,bridge
4412,61.201476469631125,26.221476469631128,bridge,34,35,0.98,bridge
4413,61.22147646963113,26.221476469631128,bridge,34,35,1.0,bridge_end
4414,61.22147646963113,26.221476469631128,arc,35,36,0.0,post_impact
4415,61.23147646963113,26.23147646963113,arc,35,36,0.0,flow
4416,61.241476469631124,26.241476469631127,arc,35,36,0.0,flow
4417,61.25147646963113,26.25147646963113,arc,35,36,0.0,flow
4418,61.26147646963113,26.261476469631127,arc,35,36,0.0,flow
4419,61.271476469631125,26.27147646963113,arc,35,36,0.0,flow
4420,61.28147646963113,26.281476469631126,arc,35,36,0.0,flow
4421,61.29147646963113,26.291476469631128,arc,35,36,0.0,flow
4422,61.301476469631126,26.301476469631126,arc,35,36,0.0,flow
4423,61.31147646963113,26.311476469631128,arc,35,36,0.0,flow
4424,61.32147646963113,26.32147646963113,arc,35,36,0.0,flow
4425,61.33147646963113,26.331476469631127,arc,35,36,0.0,flow
4426,61.34147646963113,26.34147646963113,arc,35,36,0.0,flow
4427,61.35147646963112,26.351476469631127,arc,35,36,0.0,flow
4428,61.36147646963113,26.36147646963113,arc,35,36,0.0,flow
4429,61.371476469631126,26.371476469631126,arc,35,36,0.0,flow
4430,61.381476469631124,26.381476469631128,arc,35,36,0.0,flow
4431,61.39147646963113,26.39147646963113,arc,35,36,0.0,flow
4432,61.40147646963113,26.401476469631127,arc,35,36,0.0,flow
4433,61.411476469631125,26.41147646963113,arc,35,36,0.0,flow
4434,61.42147646963113,26.421476469631127,arc,35,36,0.0,flow
4435,61.43147646963113,26.43147646963113,arc,35,36,0.0,flow
4436,61.44147646963113,26.441476469631127,arc,35,36,0.0,flow
4437,61.45147646963113,26.451476469631128,arc,35,36,0.0,flow
4438,61.46147646963112,26.461476469631126,arc,35,36,0.0,flow
4439,61.47147646963113,26.471476469631128,arc,35,36,0.0,flow
4440,61.48147646963113,26.48147646963113,arc,35,36,0.0,flow
4441,61.491476469631124,26.491476469631127,arc,35,36,0.0,flow
4442,61.50147646963113,26.50147646963113,arc,35,36,0.0,flow
4443,61.51147646963113,26.511476469631127,arc,35,36,0.0,flow
4444,61.521476469631125,26.52147646963113,arc,35,36,0.0,flow
4445,61.53147646963113,26.531476469631126,arc,35,36,0.0,flow
4446,61.54147646963113,26.541476469631128,arc,35,36,0.0,flow
4447,61.551476469631126,26.551476469631126,arc,35,36,0.0,flow
4448,61.56147646963113,26.561476469631128,arc,35,36,0.0,flow
4449,61.57147646963113,26.57147646963113,arc,35,36,0.0,flow
4450,61.58147646963113,26.581476469631127,arc,35,36,0.0,flow
4451,61.59147646963113,26.59147646963113,arc,35,36,0.0,flow
4452,61.60147646963112,26.601476469631127,arc,35,36,0.0,flow
4453,61.61147646963113,26.61147646963113,arc,35,36,0.0,flow
4454,61.621476469631126,26.621476469631126,arc,35,36,0.0,flow
4455,61.631476469631124,26.631476469631128,arc,35,36,0.0,flow
4456,61.64147646963113,26.64147646963113,arc,35,36,0.0,flow
4457,61.65147646963113,26.651476469631127,arc,35,36,0.0,flow
4458,61.661476469631125,26.66147646963113,arc,35,36,0.0,flow
4459,61.67147646963113,26.671476469631127,arc,35,36,0.0,flow
4460,61.68147646963113,26.68147646963113,arc,35,36,0.0,flow
4461,61.69147646963113,26.691476469631127,arc,35,36,0.0,flow
4462,61.70147646963113,26.701476469631128,arc,35,36,0.0,flow
4463,61.71147646963112,26.711476469631126,arc,35,36,0.0,flow
4464,61.72147646963113,26.721476469631128,arc,35,36,0.0,flow
4465,61.73147646963113,26.73147646963113,arc,35,36,0.0,flow
4466,61.741476469631124,26.741476469631127,arc,35,36,0.0,flow
4467,61.75147646963113,26.75147646963113,arc,35,36,0.0,flow
4468,61.76147646963113,26.761476469631127,arc,35,36,0.0,flow
4469,61.771476469631125,26.77147646963113,arc,35,36,0.0,flow
4470,61.78147646963113,26.781476469631126,arc,35,36,0.0,flow
4471,61.79147646963113,26.791476469631128,arc,35,36,0.0,flow
4472,61.801476469631126,26.801476469631126,arc,35,36,0.0,flow
4473,61.81147646963113,26.811476469631128,arc,35,36,0.0,flow
4474,61.82147646963113,26.82147646963113,arc,35,36,0.0,flow
4475,61.83147646963113,26.831476469631127,arc,35,36,0.0,flow
4476,61.84147646963113,26.84147646963113,arc,35,36,0.0,flow
4477,61.85147646963112,26.851476469631127,arc,35,36,0.0,flow
4478,61.86147646963113,26.86147646963113,arc,35,36,0.0,flow
4479,61.871476469631126,26.871476469631126,arc,35,36,0.0,flow
4480,61.881476469631124,26.881476469631128,arc,35,36,0.0,flow
4481,61.89147646963113,26.89147646963113,arc,35,36,0.0,flow
4482,61.90147646963113,26.901476469631127,arc,35,36,0.0,flow
4483,61.911476469631125,26.91147646963113,arc,35,36,0.0,flow
4484,61.92147646963113,26.921476469631127,arc,35,36,0.0,flow
4485,61.93147646963113,26.93147646963113,arc,35,36,0.0,flow
4486,61.94147646963113,26.941476469631127,arc,35,36,0.0,flow
4487,61.95147646963113,26.951476469631128,arc,35,36,0.0,flow
4488,61.96147646963112,26.961476469631126,arc,35,36,0.0,flow
4489,61.97147646963113,26.971476469631128,arc,35,36,0.0,flow
4490,61.98147646963113,26.98147646963113,arc,35,36,0.0,flow
4491,61.991476469631124,26.991476469631127,arc,35,36,0.0,flow
4492,62.00147646963113,27.00147646963113,arc,35,36,0.0,flow
4493,62.01147646963113,27.011476469631127,arc,35,36,0.0,flow
4494,62.017225442370076,27.017225442370076,arc,35,36,0.0,pre_impact
4495,62.03722544237008,27.017225442370076,bridge,35,36,0.02,bridge
4496,62.057225442370076,27.017225442370076,bridge,35,36,0.04,bridge
4497,62.07722544237008,27.017225442370076,bridge,35,36,0.06,bridge
4498,62.097225442370075,27.017225442370076,bridge,35,36,0.08,bridge
4499,62.11722544237008,27.017225442370076,bridge,35,36,0.1,bridge
4500,62.137225442370074,27.017225442370076,bridge,35,36,0.12,bridge
4501,62.15722544237008,27.017225442370076,bridge,35,36,0.14,bridge
4502,62.17722544237007,27.017225442370076,bridge,35,36,0.16,bridge
4503,62.197225442370076,27.017225442370076,bridge,35,36,0.18,bridge
4504,62.21722544237008,27.017225442370076,bridge,35,36,0.2,bridge
4505,62.237225442370075,27.017225442370076,bridge,35,36,0.22,bridge
4506,62.25722544237008,27.017225442370076,bridge,35,36,0.24,bridge
4507,62.277225442370074,27.017225442370076,bridge,35,36,0.26,bridge
4508,62.29722544237008,27.017225442370076,bridge,35,36,0.28,bridge
4509,62.31722544237007,27.017225442370076,bridge,35,36,0.3,bridge
4510,62.33722544237008,27.017225442370076,bridge,35,36,0.32,bridge
4511,62.35722544237008,27.017225442370076,bridge,35,36,0.34,bridge
4512,62.377225442370076,27.017225442370076,bridge,35,36,0.36,bridge
4513,62.39722544237008,27.017225442370076,bridge,35,36,0.38,bridge
4514,62.417225442370075,27.017225442370076,bridge,35,36,0.4,bridge
4515,62.43722544237008,27.017225442370076,bridge,35,36,0.42,bridge
4516,62.457225442370074,27.017225442370076,bridge,35,36,0.44,bridge
4517,62.47722544237008,27.017225442370076,bridge,35,36,0.46,bridge
4518,62.49722544237007,27.017225442370076,bridge,35,36,0.48,bridge
4519,62.517225442370076,27.017225442370076,bridge,35,36,0.5,bridge
4520,62.53722544237008,27.017225442370076,bridge,35,36,0.52,bridge
4521,62.557225442370076,27.017225442370076,bridge,35,36,0.54,bridge
4522,62.57722544237008,27.017225442370076,bridge,35,36,0.56,bridge
4523,62.597225442370075,27.017225442370076,bridge,35,36,0.58,bridge
4524,62.61722544237008,27.017225442370076,bridge,35,36,0.6,bridge
4525,62.637225442370074,27.017225442370076,bridge,35,36,0.62,bridge
4526,62.65722544237008,27.017225442370076,bridge,35,36,0.64,bridge
4527,62.67722544237007,27.017225442370076,bridge,35,36,0.66,bridge
4528,62.697225442370076,27.017225442370076,bridge,35,36,0.68,bridge
4529,62.71722544237008,27.017225442370076,bridge,35,36,0.7000000000000001,bridge
4530,62.737225442370075,27.017225442370076,bridge,35,36,0.72,bridge
4531,62.75722544237008,27.017225442370076,bridge,35,36,0.74,bridge
4532,62.777225442370074,27.017225442370076,bridge,35,36,0.76,bridge
4533,62.79722544237008,27.017225442370076,bridge,35,36,0.78,bridge
4534,62.81722544237007,27.017225442370076,bridge,35,36,0.8,bridge
4535,62.83722544237008,27.017225442370076,bridge,35,36,0.8200000000000001,bridge
4536,62.85722544237008,27.017225442370076,bridge,35,36,0.84,bridge
4537,62.877225442370076,27.017225442370076,bridge,35,36,0.86,bridge
4538,62.89722544237008,27.017225442370076,bridge,35,36,0.88,bridge
4539,62.917225442370075,27.017225442370076,bridge,35,36,0.9,bridge
4540,62.93722544237008,27.017225442370076,bridge,35,36,0.92,bridge
4541,62.957225442370074,27.017225442370076,bridge,35,36,0.9400000000000001,bridge
4542,62.97722544237008,27.017225442370076,bridge,35,36,0.96,bridge
4543,62.99722544237007,27.017225442370076,bridge,35,36,0.98,bridge
4544,63.017225442370076,27.017225442370076,bridge,35,36,1.0,bridge_end
4545,63.017225442370076,27.017225442370076,arc,36,37,0.0,post_impact
4546,63.02722544237008,27.027225442370078,arc,36,37,0.0,flow
4547,63.03722544237007,27.037225442370076,arc,36,37,0.0,flow
4548,63.04722544237008,27.047225442370078,arc,36,37,0.0,flow
4549,63.057225442370076,27.057225442370076,arc,36,37,0.0,flow
4550,63.06722544237007,27.067225442370077,arc,36,37,0.0,flow
4551,63.07722544237008,27.077225442370075,arc,36,37,0.0,flow
4552,63.08722544237008,27.087225442370077,arc,36,37,0.0,flow
4553,63.097225442370075,27.097225442370075,arc,36,37,0.0,flow
4554,63.10722544237008,27.107225442370076,arc,36,37,0.0,flow
4555,63.11722544237008,27.117225442370078,arc,36,37,0.0,flow
4556,63.127225442370076,27.127225442370076,arc,36,37,0.0,flow
4557,63.13722544237008,27.137225442370077,arc,36,37,0.0,flow
4558,63.14722544237007,27.147225442370075,arc,36,37,0.0,flow
4559,63.15722544237008,27.157225442370077,arc,36,37,0.0,flow
4560,63.167225442370075,27.167225442370075,arc,36,37,0.0,flow
4561,63.17722544237007,27.177225442370077,arc,36,37,0.0,flow
4562,63.18722544237008,27.187225442370078,arc,36,37,0.0,flow
4563,63.197225442370076,27.197225442370076,arc,36,37,0.0,flow
4564,63.207225442370074,27.207225442370078,arc,36,37,0.0,flow
4565,63.21722544237008,27.217225442370076,arc,36,37,0.0,flow
4566,63.22722544237008,27.227225442370077,arc,36,37,0.0,flow
4567,63.237225442370075,27.237225442370075,arc,36,37,0.0,flow
4568,63.24722544237008,27.247225442370077,arc,36,37,0.0,flow
4569,63.25722544237007,27.257225442370075,arc,36,37,0.0,flow
4570,63.267225442370076,27.267225442370076,arc,36,37,0.0,flow
4571,63.27722544237008,27.277225442370078,arc,36,37,0.0,flow
4572,63.28722544237007,27.287225442370076,arc,36,37,0.0,flow
4573,63.29722544237008,27.297225442370078,arc,36,37,0.0,flow
4574,63.307225442370076,27.307225442370076,arc,36,37,0.0,flow
4575,63.31722544237007,27.317225442370077,arc,36,37,0.0,flow
4576,63.32722544237008,27.327225442370075,arc,36,37,0.0,flow
4577,63.33722544237008,27.337225442370077,arc,36,37,0.0,flow
4578,63.347225442370075,27.347225442370075,arc,36,37,0.0,flow
4579,63.35722544237008,27.357225442370076,arc,36,37,0.0,flow
4580,63.36722544237008,27.367225442370078,arc,36,37,0.0,flow
4581,63.377225442370076,27.377225442370076,arc,36,37,0.0,flow
4582,63.38722544237008,27.387225442370077,arc,36,37,0.0,flow
4583,63.39722544237007,27.397225442370075,arc,36,37,0.0,flow
4584,63.40722544237008,27.407225442370077,arc,36,37,0.0,flow
4585,63.417225442370075,27.417225442370075,arc,36,37,0.0,flow
4586,63.42722544237007,27.427225442370077,arc,36,37,0.0,flow
4587,63.43722544237008,27.437225442370078,arc,36,37,0.0,flow
4588,63.447225442370076,27.447225442370076,arc,36,37,0.0,flow
4589,63.457225442370074,27.457225442370078,arc,36,37,0.0,flow
4590,63.46722544237008,27.467225442370076,arc,36,37,0.0,flow
4591,63.47722544237008,27.477225442370077,arc,36,37,0.0,flow
4592,63.487225442370075,27.487225442370075,arc,36,37,0.0,flow
4593,63.49722544237008,27.497225442370077,arc,36,37,0.0,flow
4594,63.50722544237007,27.507225442370075,arc,36,37,0.0,flow
4595,63.517225442370076,27.517225442370076,arc,36,37,0.0,flow
4596,63.52722544237008,27.527225442370078,arc,36,37,0.0,flow
4597,63.53722544237007,27.537225442370076,arc,36,37,0.0,flow
4598,63.54722544237008,27.547225442370078,arc,36,37,0.0,flow
4599,63.557225442370076,27.557225442370076,arc,36,37,0.0,flow
4600,63.56722544237007,27.567225442370077,arc,36,37,0.0,flow
4601,63.57722544237008,27.577225442370075,arc,36,37,0.0,flow
4602,63.58722544237008,27.587225442370077,arc,36,37,0.0,flow
4603,63.597225442370075,27.597225442370075,arc,36,37,0.0,flow
4604,63.60722544237008,27.607225442370076,arc,36,37,0.0,flow
4605,63.61722544237008,27.617225442370078,arc,36,37,0.0,flow
4606,63.627225442370076,27.627225442370076,arc,36,37,0.0,flow
4607,63.63722544237008,27.637225442370077,arc,36,37,0.0,flow
4608,63.64722544237007,27.647225442370075,arc,36,37,0.0,flow
4609,63.65722544237008,27.657225442370077,arc,36,37,0.0,flow
4610,63.667225442370075,27.667225442370075,arc,36,37,0.0,flow
4611,63.67722544237007,27.677225442370077,arc,36,37,0.0,flow
4612,63.68722544237008,27.687225442370078,arc,36,37,0.0,flow
4613,63.697225442370076,27.697225442370076,arc,36,37,0.0,flow
4614,63.707225442370074,27.707225442370078,arc,36,37,0.0,flow
4615,63.71722544237008,27.717225442370076,arc,36,37,0.0,flow
4616,63.72722544237008,27.727225442370077,arc,36,37,0.0,flow
4617,63.7346905158752,27.734690515875197,arc,36,37,0.0,pre_impact
4618,63.754690515875204,27.734690515875197,bridge,36,37,0.02,bridge
4619,63.7746905158752,27.734690515875197,bridge,36,37,0.04,bridge
4620,63.7946905158752,27.734690515875197,bridge,36,37,0.06,bridge
4621,63.8146905158752,27.734690515875197,bridge,36,37,0.08,bridge
4622,63.8346905158752,27.734690515875197,bridge,36,37,0.1,bridge
4623,63.8546905158752,27.734690515875197,bridge,36,37,0.12,bridge
4624,63.8746905158752,27.734690515875197,bridge,36,37,0.14,bridge
4625,63.8946905158752,27.734690515875197,bridge,36,37,0.16,bridge
4626,63.9146905158752,27.734690515875197,bridge,36,37,0.18,bridge
4627,63.934690515875204,27.734690515875197,bridge,36,37,0.2,bridge
4628,63.9546905158752,27.734690515875197,bridge,36,37,0.22,bridge
4629,63.9746905158752,27.734690515875197,bridge,36,37,0.24,bridge
4630,63.9946905158752,27.734690515875197,bridge,36,37,0.26,bridge
4631,64.0146905158752,27.734690515875197,bridge,36,37,0.28,bridge
4632,64.0346905158752,27.734690515875197,bridge,36,37,0.3,bridge
4633,64.0546905158752,27.734690515875197,bridge,36,37,0.32,bridge
4634,64.0746905158752,27.734690515875197,bridge,36,37,0.34,bridge
4635,64.0946905158752,27.734690515875197,bridge,36,37,0.36,bridge
4636,64.1146905158752,27.734690515875197,bridge,36,37,0.38,bridge
4637,64.1346905158752,27.734690515875197,bridge,36,37,0.4,bridge
4638,64.1546905158752,27.734690515875197,bridge,36,37,0.42,bridge
4639,64.1746905158752,27.734690515875197,bridge,36,37,0.44,bridge
4640,64.1946905158752,27.734690515875197,bridge,36,37,0.46,bridge
4641,64.2146905158752,27.734690515875197,bridge,36,37,0.48,bridge
4642,64.2346905158752,27.734690515875197,bridge,36,37,0.5,bridge
4643,64.2546905158752,27.734690515875197,bridge,36,37,0.52,bridge
4644,64.2746905158752,27.734690515875197,bridge,36,37,0.54,bridge
4645,64.2946905158752,27.734690515875197,bridge,36,37,0.56,bridge
4646,64.3146905158752,27.734690515875197,bridge,36,37,0.58,bridge
4647,64.3346905158752,27.734690515875197,bridge,36,37,0.6,bridge
4648,64.3546905158752,27.734690515875197,bridge,36,37,0.62,bridge
4649,64.3746905158752,27.734690515875197,bridge,36,37,0.64,bridge
4650,64.3946905158752,27.734690515875197,bridge,36,37,0.66,bridge
4651,64.41469051587521,27.734690515875197,bridge,36,37,0.68,bridge
4652,64.4346905158752,27.734690515875197,bridge,36,37,0.7000000000000001,bridge
4653,64.4546905158752,27.734690515875197,bridge,36,37,0.72,bridge
4654,64.4746905158752,27.734690515875197,bridge,36,37,0.74,bridge
4655,64.4946905158752,27.734690515875197,bridge,36,37,0.76,bridge
4656,64.5146905158752,27.734690515875197,bridge,36,37,0.78,bridge
4657,64.5346905158752,27.734690515875197,bridge,36,37,0.8,bridge
4658,64.5546905158752,27.734690515875197,bridge,36,37,0.8200000000000001,bridge
4659,64.5746905158752,27.734690515875197,bridge,36,37,0.84,bridge
4660,64.5946905158752,27.734690515875197,bridge,36,37,0.86,bridge
4661,64.6146905158752,27.734690515875197,bridge,36,37,0.88,bridge
4662,64.6346905158752,27.734690515875197,bridge,36,37,0.9,bridge
4663,64.6546905158752,27.734690515875197,bridge,36,37,0.92,bridge
4664,64.6746905158752,27.734690515875197,bridge,36,37,0.9400000000000001,bridge
4665,64.6946905158752,27.734690515875197,bridge,36,37,0.96,bridge
4666,64.7146905158752,27.734690515875197,bridge,36,37,0.98,bridge
4667,64.7346905158752,27.734690515875197,bridge,36,37,1.0,bridge_end
4668,64.7346905158752,27.734690515875197,arc,37,38,0.0,post_impact
4669,64.74469051587519,27.7446905158752,arc,37,38,0.0,flow
4670,64.7546905158752,27.754690515875197,arc,37,38,0.0,flow
4671,64.7646905158752,27.7646905158752,arc,37,38,0.0,flow
4672,64.77469051587519,27.774690515875196,arc,37,38,0.0,flow
4673,64.7846905158752,27.784690515875198,arc,37,38,0.0,flow
4674,64.7946905158752,27.794690515875196,arc,37,38,0.0,flow
4675,64.8046905158752,27.804690515875198,arc,37,38,0.0,flow
4676,64.8146905158752,27.814690515875196,arc,37,38,0.0,flow
4677,64.8246905158752,27.824690515875197,arc,37,38,0.0,flow
4678,64.8346905158752,27.8346905158752,arc,37,38,0.0,flow
4679,64.8446905158752,27.844690515875197,arc,37,38,0.0,flow
4680,64.8546905158752,27.8546905158752,arc,37,38,0.0,flow
4681,64.8646905158752,27.864690515875196,arc,37,38,0.0,flow
4682,64.8746905158752,27.874690515875198,arc,37,38,0.0,flow
4683,64.88469051587519,27.884690515875196,arc,37,38,0.0,flow
4684,64.8946905158752,27.894690515875197,arc,37,38,0.0,flow
4685,64.9046905158752,27.9046905158752,arc,37,38,0.0,flow
4686,64.9146905158752,27.914690515875197,arc,37,38,0.0,flow
4687,64.9246905158752,27.9246905158752,arc,37,38,0.0,flow
4688,64.93469051587519,27.934690515875197,arc,37,38,0.0,flow
4689,64.9446905158752,27.944690515875198,arc,37,38,0.0,flow
4690,64.9546905158752,27.954690515875196,arc,37,38,0.0,flow
4691,64.96469051587519,27.964690515875198,arc,37,38,0.0,flow
4692,64.9746905158752,27.974690515875196,arc,37,38,0.0,flow
4693,64.9846905158752,27.984690515875197,arc,37,38,0.0,flow
4694,64.99469051587519,27.9946905158752,arc,37,38,0.0,flow
4695,65.0046905158752,28.004690515875197,arc,37,38,0.0,flow
4696,65.0146905158752,28.0146905158752,arc,37,38,0.0,flow
4697,65.02469051587519,28.024690515875196,arc,37,38,0.0,flow
4698,65.0346905158752,28.034690515875198,arc,37,38,0.0,flow
4699,65.0446905158752,28.044690515875196,arc,37,38,0.0,flow
4700,65.0546905158752,28.054690515875198,arc,37,38,0.0,flow
4701,65.0646905158752,28.064690515875196,arc,37,38,0.0,flow
4702,65.0746905158752,28.074690515875197,arc,37,38,0.0,flow
4703,65.0846905158752,28.0846905158752,arc,37,38,0.0,flow
4704,65.0946905158752,28.094690515875197,arc,37,38,0.0,flow
4705,65.1046905158752,28.1046905158752,arc,37,38,0.0,flow
4706,65.1146905158752,28.114690515875196,arc,37,38,0.0,flow
4707,65.1246905158752,28.124690515875198,arc,37,38,0.0,flow
4708,65.13469051587519,28.134690515875196,arc,37,38,0.0,flow
4709,65.1446905158752,28.144690515875197,arc,37,38,0.0,flow
4710,65.1546905158752,28.1546905158752,arc,37,38,0.0,flow
4711,65.1646905158752,28.164690515875197,arc,37,38,0.0,flow
4712,65.1746905158752,28.1746905158752,arc,37,38,0.0,flow
4713,65.18469051587519,28.184690515875197,arc,37,38,0.0,flow
4714,65.1946905158752,28.194690515875198,arc,37,38,0.0,flow
4715,65.2046905158752,28.204690515875196,arc,37,38,0.0,flow
4716,65.21469051587519,28.214690515875198,arc,37,38,0.0,flow
4717,65.2246905158752,28.224690515875196,arc,37,38,0.0,flow
4718,65.2346905158752,28.234690515875197,arc,37,38,0.0,flow
4719,65.24469051587519,28.2446905158752,arc,37,38,0.0,flow
4720,65.2546905158752,28.254690515875197,arc,37,38,0.0,flow
4721,65.2646905158752,28.2646905158752,arc,37,38,0.0,flow
4722,65.27469051587519,28.274690515875196,arc,37,38,0.0,flow
4723,65.2846905158752,28.284690515875198,arc,37,38,0.0,flow
4724,65.2946905158752,28.294690515875196,arc,37,38,0.0,flow
4725,65.3046905158752,28.304690515875198,arc,37,38,0.0,flow
4726,65.3146905158752,28.314690515875196,arc,37,38,0.0,flow
4727,65.3246905158752,28.324690515875197,arc,37,38,0.0,flow
4728,65.3346905158752,28.3346905158752,arc,37,38,0.0,flow
4729,65.3446905158752,28.344690515875197,arc,37,38,0.0,flow
4730,65.3546905158752,28.3546905158752,arc,37,38,0.0,flow
4731,65.3646905158752,28.364690515875196,arc,37,38,0.0,flow
4732,65.3746905158752,28.374690515875198,arc,37,38,0.0,flow
4733,65.38469051587519,28.384690515875196,arc,37,38,0.0,flow
4734,65.3946905158752,28.394690515875197,arc,37,38,0.0,flow
4735,65.4046905158752,28.4046905158752,arc,37,38,0.0,flow
4736,65.4146905158752,28.414690515875197,arc,37,38,0.0,flow
4737,65.4246905158752,28.4246905158752,arc,37,38,0.0,flow
4738,65.43469051587519,28.434690515875197,arc,37,38,0.0,flow
4739,65.4446905158752,28.444690515875198,arc,37,38,0.0,flow
4740,65.4546905158752,28.454690515875196,arc,37,38,0.0,flow
4741,65.46469051587519,28.464690515875198,arc,37,38,0.0,flow
4742,65.4746905158752,28.474690515875196,arc,37,38,0.0,flow
4743,65.4846905158752,28.484690515875197,arc,37,38,0.0,flow
4744,65.49469051587519,28.4946905158752,arc,37,38,0.0,flow
4745,65.5046905158752,28.504690515875197,arc,37,38,0.0,flow
4746,65.5146905158752,28.5146905158752,arc,37,38,0.0,flow
4747,65.52469051587519,28.524690515875196,arc,37,38,0.0,flow
4748,65.5337080205536,28.533708020553597,arc,37,38,0.0,pre_impact
4749,65.5537080205536,28.533708020553597,bridge,37,38,0.02,bridge
4750,65.57370802055361,28.533708020553597,bridge,37,38,0.04,bridge
4751,65.5937080205536,28.533708020553597,bridge,37,38,0.06,bridge
4752,65.6137080205536,28.533708020553597,bridge,37,38,0.08,bridge
4753,65.6337080205536,28.533708020553597,bridge,37,38,0.1,bridge
4754,65.65370802055361,28.533708020553597,bridge,37,38,0.12,bridge
4755,65.6737080205536,28.533708020553597,bridge,37,38,0.14,bridge
4756,65.6937080205536,28.533708020553597,bridge,37,38,0.16,bridge
4757,65.71370802055361,28.533708020553597,bridge,37,38,0.18,bridge
4758,65.7337080205536,28.533708020553597,bridge,37,38,0.2,bridge
4759,65.7537080205536,28.533708020553597,bridge,37,38,0.22,bridge
4760,65.7737080205536,28.533708020553597,bridge,37,38,0.24,bridge
4761,65.79370802055361,28.533708020553597,bridge,37,38,0.26,bridge
4762,65.8137080205536,28.533708020553597,bridge,37,38,0.28,bridge
4763,65.8337080205536,28.533708020553597,bridge,37,38,0.3,bridge
4764,65.8537080205536,28.533708020553597,bridge,37,38,0.32,bridge
4765,65.87370802055361,28.533708020553597,bridge,37,38,0.34,bridge
4766,65.8937080205536,28.533708020553597,bridge,37,38,0.36,bridge
4767,65.9137080205536,28.533708020553597,bridge,37,38,0.38,bridge
4768,65.93370802055361,28.533708020553597,bridge,37,38,0.4,bridge
4769,65.9537080205536,28.533708020553597,bridge,37,38,0.42,bridge
4770,65.9737080205536,28.533708020553597,bridge,37,38,0.44,bridge
4771,65.9937080205536,28.533708020553597,bridge,37,38,0.46,bridge
4772,66.01370802055361,28.533708020553597,bridge,37,38,0.48,bridge
4773,66.0337080205536,28.533708020553597,bridge,37,38,0.5,bridge
4774,66.0537080205536,28.533708020553597,bridge,37,38,0.52,bridge
4775,66.07370802055361,28.533708020553597,bridge,37,38,0.54,bridge
4776,66.0937080205536,28.533708020553597,bridge,37,38,0.56,bridge
4777,66.1137080205536,28.533708020553597,bridge,37,38,0.58,bridge
4778,66.1337080205536,28.533708020553597,bridge,37,38,0.6,bridge
4779,66.15370802055361,28.533708020553597,bridge,37,38,0.62,bridge
4780,66.1737080205536,28.533708020553597,bridge,37,38,0.64,bridge
4781,66.1937080205536,28.533708020553597,bridge,37,38,0.66,bridge
4782,66.21370802055361,28.533708020553597,bridge,37,38,0.68,bridge
4783,66.2337080205536,28.533708020553597,bridge,37,38,0.7000000000000001,bridge
4784,66.2537080205536,28.533708020553597,bridge,37,38,0.72,bridge
4785,66.2737080205536,28.533708020553597,bridge,37,38,0.74,bridge
4786,66.29370802055361,28.533708020553597,bridge,37,38,0.76,bridge
4787,66.3137080205536,28.533708020553597,bridge,37,38,0.78,bridge
4788,66.3337080205536,28.533708020553597,bridge,37,38,0.8,bridge
4789,66.3537080205536,28.533708020553597,bridge,37,38,0.8200000000000001,bridge
4790,66.37370802055361,28.533708020553597,bridge,37,38,0.84,bridge
4791,66.3937080205536,28.533708020553597,bridge,37,38,0.86,bridge
4792,66.4137080205536,28.533708020553597,bridge,37,38,0.88,bridge
4793,66.43370802055361,28.533708020553597,bridge,37,38,0.9,bridge
4794,66.4537080205536,28.533708020553597,bridge,37,38,0.92,bridge
4795,66.4737080205536,28.533708020553597,bridge,37,38,0.9400000000000001,bridge
4796,66.4937080205536,28.533708020553597,bridge,37,38,0.96,bridge
4797,66.51370802055361,28.533708020553597,bridge,37,38,0.98,bridge
4798,66.5337080205536,28.533708020553597,bridge,37,38,1.0,bridge_end
4799,66.5337080205536,28.533708020553597,arc,38,39,0.0,post_impact
4800,66.5437080205536,28.5437080205536,arc,38,39,0.0,flow
4801,66.5537080205536,28.553708020553596,arc,38,39,0.0,flow
4802,66.5637080205536,28.563708020553598,arc,38,39,0.0,flow
4803,66.5737080205536,28.573708020553596,arc,38,39,0.0,flow
4804,66.5837080205536,28.583708020553598,arc,38,39,0.0,flow
4805,66.59370802055359,28.593708020553596,arc,38,39,0.0,flow
4806,66.6037080205536,28.603708020553597,arc,38,39,0.0,flow
4807,66.61370802055359,28.613708020553595,arc,38,39,0.0,flow
4808,66.6237080205536,28.623708020553597,arc,38,39,0.0,flow
4809,66.6337080205536,28.6337080205536,arc,38,39,0.0,flow
4810,66.64370802055359,28.643708020553596,arc,38,39,0.0,flow
4811,66.6537080205536,28.653708020553598,arc,38,39,0.0,flow
4812,66.6637080205536,28.663708020553596,arc,38,39,0.0,flow
4813,66.67370802055359,28.673708020553597,arc,38,39,0.0,flow
4814,66.6837080205536,28.683708020553595,arc,38,39,0.0,flow
4815,66.6937080205536,28.693708020553597,arc,38,39,0.0,flow
4816,66.70370802055359,28.7037080205536,arc,38,39,0.0,flow
4817,66.7137080205536,28.713708020553597,arc,38,39,0.0,flow
4818,66.7237080205536,28.723708020553598,arc,38,39,0.0,flow
4819,66.73370802055359,28.733708020553596,arc,38,39,0.0,flow
4820,66.7437080205536,28.743708020553598,arc,38,39,0.0,flow
4821,66.7537080205536,28.753708020553596,arc,38,39,0.0,flow
4822,66.7637080205536,28.763708020553597,arc,38,39,0.0,flow
4823,66.7737080205536,28.773708020553595,arc,38,39,0.0,flow
4824,66.7837080205536,28.783708020553597,arc,38,39,0.0,flow
4825,66.7937080205536,28.7937080205536,arc,38,39,0.0,flow
4826,66.8037080205536,28.803708020553596,arc,38,39,0.0,flow
4827,66.8137080205536,28.813708020553598,arc,38,39,0.0,flow
4828,66.8237080205536,28.823708020553596,arc,38,39,0.0,flow
4829,66.8337080205536,28.833708020553598,arc,38,39,0.0,flow
4830,66.84370802055359,28.843708020553596,arc,38,39,0.0,flow
4831,66.8537080205536,28.853708020553597,arc,38,39,0.0,flow
4832,66.86370802055359,28.863708020553595,arc,38,39,0.0,flow
4833,66.8737080205536,28.873708020553597,arc,38,39,0.0,flow
4834,66.8837080205536,28.8837080205536,arc,38,39,0.0,flow
4835,66.89370802055359,28.893708020553596,arc,38,39,0.0,flow
4836,66.9037080205536,28.903708020553598,arc,38,39,0.0,flow
4837,66.9137080205536,28.913708020553596,arc,38,39,0.0,flow
4838,66.92370802055359,28.923708020553597,arc,38,39,0.0,flow
4839,66.9337080205536,28.933708020553595,arc,38,39,0.0,flow
4840,66.9437080205536,28.943708020553597,arc,38,39,0.0,flow
4841,66.95370802055359,28.9537080205536,arc,38,39,0.0,flow
4842,66.9637080205536,28.963708020553597,arc,38,39,0.0,flow
4843,66.9737080205536,28.973708020553598,arc,38,39,0.0,flow
4844,66.98370802055359,28.983708020553596,arc,38,39,0.0,flow
4845,66.9937080205536,28.993708020553598,arc,38,39,0.0,flow
4846,67.0037080205536,29.003708020553596,arc,38,39,0.0,flow
4847,67.0137080205536,29.013708020553597,arc,38,39,0.0,flow
4848,67.0237080205536,29.023708020553595,arc,38,39,0.0,flow
4849,67.0337080205536,29.033708020553597,arc,38,39,0.0,flow
4850,67.0437080205536,29.0437080205536,arc,38,39,0.0,flow
4851,67.0537080205536,29.053708020553596,arc,38,39,0.0,flow
4852,67.0637080205536,29.063708020553598,arc,38,39,0.0,flow
4853,67.0737080205536,29.073708020553596,arc,38,39,0.0,flow
4854,67.0837080205536,29.083708020553598,arc,38,39,0.0,flow
4855,67.09370802055359,29.093708020553596,arc,38,39,0.0,flow
4856,67.1037080205536,29.103708020553597,arc,38,39,0.0,flow
4857,67.11370802055359,29.113708020553595,arc,38,39,0.0,flow
4858,67.1237080205536,29.123708020553597,arc,38,39,0.0,flow
4859,67.1337080205536,29.1337080205536,arc,38,39,0.0,flow
4860,67.14370802055359,29.143708020553596,arc,38,39,0.0,flow
4861,67.1537080205536,29.153708020553598,arc,38,39,0.0,flow
4862,67.1637080205536,29.163708020553596,arc,38,39,0.0,flow
4863,67.17370802055359,29.173708020553597,arc,38,39,0.0,flow
4864,67.1837080205536,29.183708020553595,arc,38,39,0.0,flow
4865,67.1937080205536,29.193708020553597,arc,38,39,0.0,flow
4866,67.20370802055359,29.2037080205536,arc,38,39,0.0,flow
4867,67.2137080205536,29.213708020553597,arc,38,39,0.0,flow
4868,67.2233904075137,29.223390407513705,arc,38,39,0.0,pre_impact
4869,67.2433904075137,29.223390407513705,bridge,38,39,0.02,bridge
4870,67.26339040751371,29.223390407513705,bridge,38,39,0.04,bridge
4871,67.2833904075137,29.223390407513705,bridge,38,39,0.06,bridge
4872,67.3033904075137,29.223390407513705,bridge,38,39,0.08,bridge
4873,67.3233904075137,29.223390407513705,bridge,38,39,0.1,bridge
4874,67.34339040751371,29.223390407513705,bridge,38,39,0.12,bridge
4875,67.3633904075137,29.223390407513705,bridge,38,39,0.14,bridge
4876,67.3833904075137,29.223390407513705,bridge,38,39,0.16,bridge
4877,67.40339040751371,29.223390407513705,bridge,38,39,0.18,bridge
4878,67.42339040751371,29.223390407513705,bridge,38,39,0.2,bridge
4879,67.4433904075137,29.223390407513705,bridge,38,39,0.22,bridge
4880,67.4633904075137,29.223390407513705,bridge,38,39,0.24,bridge
4881,67.48339040751371,29.223390407513705,bridge,38,39,0.26,bridge
4882,67.5033904075137,29.223390407513705,bridge,38,39,0.28,bridge
4883,67.5233904075137,29.223390407513705,bridge,38,39,0.3,bridge
4884,67.5433904075137,29.223390407513705,bridge,38,39,0.32,bridge
4885,67.56339040751371,29.223390407513705,bridge,38,39,0.34,bridge
4886,67.5833904075137,29.223390407513705,bridge,38,39,0.36,bridge
4887,67.6033904075137,29.223390407513705,bridge,38,39,0.38,bridge
4888,67.62339040751371,29.223390407513705,bridge,38,39,0.4,bridge
4889,67.6433904075137,29.223390407513705,bridge,38,39,0.42,bridge
4890,67.6633904075137,29.223390407513705,bridge,38,39,0.44,bridge
4891,67.6833904075137,29.223390407513705,bridge,38,39,0.46,bridge
4892,67.70339040751371,29.223390407513705,bridge,38,39,0.48,bridge
4893,67.7233904075137,29.223390407513705,bridge,38,39,0.5,bridge
4894,67.7433904075137,29.223390407513705,bridge,38,39,0.52,bridge
4895,67.76339040751371,29.223390407513705,bridge,38,39,0.54,bridge
4896,67.7833904075137,29.223390407513705,bridge,38,39,0.56,bridge
4897,67.8033904075137,29.223390407513705,bridge,38,39,0.58,bridge
4898,67.8233904075137,29.223390407513705,bridge,38,39,0.6,bridge
4899,67.84339040751371,29.223390407513705,bridge,38,39,0.62,bridge
4900,67.8633904075137,29.223390407513705,bridge,38,39,0.64,bridge
4901,67.8833904075137,29.223390407513705,bridge,38,39,0.66,bridge
4902,67.90339040751371,29.223390407513705,bridge,38,39,0.68,bridge
4903,67.92339040751371,29.223390407513705,bridge,38,39,0.7000000000000001,bridge
4904,67.9433904075137,29.223390407513705,bridge,38,39,0.72,bridge
4905,67.9633904075137,29.223390407513705,bridge,38,39,0.74,bridge
4906,67.98339040751371,29.223390407513705,bridge,38,39,0.76,bridge
4907,68.0033904075137,29.223390407513705,bridge,38,39,0.78,bridge
4908,68.0233904075137,29.223390407513705,bridge,38,39,0.8,bridge
4909,68.0433904075137,29.223390407513705,bridge,38,39,0.8200000000000001,bridge
4910,68.06339040751371,29.223390407513705,bridge,38,39,0.84,bridge
4911,68.0833904075137,29.223390407513705,bridge,38,39,0.86,bridge
4912,68.1033904075137,29.223390407513705,bridge,38,39,0.88,bridge
4913,68.12339040751371,29.223390407513705,bridge,38,39,0.9,bridge
4914,68.1433904075137,29.223390407513705,bridge,38,39,0.92,bridge
4915,68.1633904075137,29.223390407513705,bridge,38,39,0.9400000000000001,bridge
4916,68.1833904075137,29.223390407513705,bridge,38,39,0.96,bridge
4917,68.20339040751371,29.223390407513705,bridge,38,39,0.98,bridge
4918,68.2233904075137,29.223390407513705,bridge,38,39,1.0,bridge_end
4919,68.2233904075137,29.223390407513705,arc,39,40,0.0,post_impact
4920,68.23339040751371,29.233390407513706,arc,39,40,0.0,flow
4921,68.2433904075137,29.243390407513704,arc,39,40,0.0,flow
4922,68.2533904075137,29.253390407513706,arc,39,40,0.0,flow
4923,68.2633904075137,29.263390407513704,arc,39,40,0.0,flow
4924,68.2733904075137,29.273390407513705,arc,39,40,0.0,flow
4925,68.2833904075137,29.283390407513703,arc,39,40,0.0,flow
4926,68.2933904075137,29.293390407513705,arc,39,40,0.0,flow
4927,68.3033904075137,29.303390407513703,arc,39,40,0.0,flow
4928,68.31339040751371,29.313390407513705,arc,39,40,0.0,flow
4929,68.3233904075137,29.323390407513706,arc,39,40,0.0,flow
4930,68.3333904075137,29.333390407513704,arc,39,40,0.0,flow
4931,68.34339040751371,29.343390407513706,arc,39,40,0.0,flow
4932,68.3533904075137,29.353390407513704,arc,39,40,0.0,flow
4933,68.3633904075137,29.363390407513705,arc,39,40,0.0,flow
4934,68.37339040751371,29.373390407513703,arc,39,40,0.0,flow
4935,68.3833904075137,29.383390407513705,arc,39,40,0.0,flow
4936,68.3933904075137,29.393390407513706,arc,39,40,0.0,flow
4937,68.40339040751371,29.403390407513704,arc,39,40,0.0,flow
4938,68.4133904075137,29.413390407513706,arc,39,40,0.0,flow
4939,68.42339040751371,29.423390407513704,arc,39,40,0.0,flow
4940,68.43339040751371,29.433390407513706,arc,39,40,0.0,flow
4941,68.4433904075137,29.443390407513704,arc,39,40,0.0,flow
4942,68.45339040751371,29.453390407513705,arc,39,40,0.0,flow
4943,68.4633904075137,29.463390407513703,arc,39,40,0.0,flow
4944,68.4733904075137,29.473390407513705,arc,39,40,0.0,flow
4945,68.48339040751371,29.483390407513706,arc,39,40,0.0,flow
4946,68.4933904075137,29.493390407513704,arc,39,40,0.0,flow
4947,68.5033904075137,29.503390407513706,arc,39,40,0.0,flow
4948,68.5133904075137,29.513390407513704,arc,39,40,0.0,flow
4949,68.5233904075137,29.523390407513705,arc,39,40,0.0,flow
4950,68.5333904075137,29.533390407513703,arc,39,40,0.0,flow
4951,68.5433904075137,29.543390407513705,arc,39,40,0.0,flow
4952,68.5533904075137,29.553390407513703,arc,39,40,0.0,flow
4953,68.56339040751371,29.563390407513705,arc,39,40,0.0,flow
4954,68.5733904075137,29.573390407513706,arc,39,40,0.0,flow
4955,68.5833904075137,29.583390407513704,arc,39,40,0.0,flow
4956,68.59339040751371,29.593390407513706,arc,39,40,0.0,flow
4957,68.6033904075137,29.603390407513704,arc,39,40,0.0,flow
4958,68.6133904075137,29.613390407513705,arc,39,40,0.0,flow
4959,68.62339040751371,29.623390407513703,arc,39,40,0.0,flow
4960,68.6333904075137,29.633390407513705,arc,39,40,0.0,flow
4961,68.6433904075137,29.643390407513706,arc,39,40,0.0,flow
4962,68.65339040751371,29.653390407513704,arc,39,40,0.0,flow
4963,68.6633904075137,29.663390407513706,arc,39,40,0.0,flow
4964,68.67339040751371,29.673390407513704,arc,39,40,0.0,flow
4965,68.68339040751371,29.683390407513706,arc,39,40,0.0,flow
4966,68.6933904075137,29.693390407513704,arc,39,40,0.0,flow
4967,68.70339040751371,29.703390407513705,arc,39,40,0.0,flow
4968,68.7133904075137,29.713390407513703,arc,39,40,0.0,flow
4969,68.7233904075137,29.723390407513705,arc,39,40,0.0,flow
4970,68.73339040751371,29.733390407513706,arc,39,40,0.0,flow
4971,68.7433904075137,29.743390407513704,arc,39,40,0.0,flow
4972,68.7533904075137,29.753390407513706,arc,39,40,0.0,flow
4973,68.7633904075137,29.763390407513704,arc,39,40,0.0,flow
4974,68.7733904075137,29.773390407513705,arc,39,40,0.0,flow
4975,68.7833904075137,29.783390407513703,arc,39,40,0.0,flow
4976,68.7933904075137,29.793390407513705,arc,39,40,0.0,flow
4977,68.8033904075137,29.803390407513703,arc,39,40,0.0,flow
4978,68.81339040751371,29.813390407513705,arc,39,40,0.0,flow
4979,68.8233904075137,29.823390407513706,arc,39,40,0.0,flow
4980,68.8333904075137,29.833390407513704,arc,39,40,0.0,flow
4981,68.84339040751371,29.843390407513706,arc,39,40,0.0,flow
4982,68.8533904075137,29.853390407513704,arc,39,40,0.0,flow
4983,68.8633904075137,29.863390407513705,arc,39,40,0.0,flow
4984,68.87339040751371,29.873390407513703,arc,39,40,0.0,flow
4985,68.8833904075137,29.883390407513705,arc,39,40,0.0,flow
4986,68.8933904075137,29.893390407513706,arc,39,40,0.0,flow
4987,68.90339040751371,29.903390407513704,arc,39,40,0.0,flow
4988,68.9133904075137,29.913390407513706,arc,39,40,0.0,flow
4989,68.92339040751371,29.923390407513704,arc,39,40,0.0,flow
4990,68.93339040751371,29.933390407513706,arc,39,40,0.0,flow
4991,68.9433904075137,29.943390407513704,arc,39,40,0.0,flow
4992,68.95339040751371,29.953390407513705,arc,39,40,0.0,flow
4993,68.9633904075137,29.963390407513703,arc,39,40,0.0,flow
4994,68.9733904075137,29.973390407513705,arc,39,40,0.0,flow
4995,68.98339040751371,29.983390407513706,arc,39,40,0.0,flow
4996,68.9933904075137,29.993390407513704,arc,39,40,0.0,flow
4997,69.0033904075137,30.003390407513706,arc,39,40,0.0,flow
4998,69.0133904075137,30.013390407513704,arc,39,40,0.0,flow
4999,69.01913938022635,30.01913938022635,arc,39,40,0.0,pre_impact
5000,69.03913938022635,30.01913938022635,bridge,39,40,0.02,bridge
5001,69.05913938022636,30.01913938022635,bridge,39,40,0.04,bridge
5002,69.07913938022635,30.01913938022635,bridge,39,40,0.06,bridge
5003,69.09913938022635,30.01913938022635,bridge,39,40,0.08,bridge
5004,69.11913938022634,30.01913938022635,bridge,39,40,0.1,bridge
5005,69.13913938022635,30.01913938022635,bridge,39,40,0.12,bridge
5006,69.15913938022635,30.01913938022635,bridge,39,40,0.14,bridge
5007,69.17913938022635,30.01913938022635,bridge,39,40,0.16,bridge
5008,69.19913938022636,30.01913938022635,bridge,39,40,0.18,bridge
5009,69.21913938022635,30.01913938022635,bridge,39,40,0.2,bridge
5010,69.23913938022635,30.01913938022635,bridge,39,40,0.22,bridge
5011,69.25913938022634,30.01913938022635,bridge,39,40,0.24,bridge
5012,69.27913938022635,30.01913938022635,bridge,39,40,0.26,bridge
5013,69.29913938022635,30.01913938022635,bridge,39,40,0.28,bridge
5014,69.31913938022635,30.01913938022635,bridge,39,40,0.3,bridge
5015,69.33913938022634,30.01913938022635,bridge,39,40,0.32,bridge
5016,69.35913938022635,30.01913938022635,bridge,39,40,0.34,bridge
5017,69.37913938022635,30.01913938022635,bridge,39,40,0.36,bridge
5018,69.39913938022634,30.01913938022635,bridge,39,40,0.38,bridge
5019,69.41913938022635,30.01913938022635,bridge,39,40,0.4,bridge
5020,69.43913938022635,30.01913938022635,bridge,39,40,0.42,bridge
5021,69.45913938022635,30.01913938022635,bridge,39,40,0.44,bridge
5022,69.47913938022634,30.01913938022635,bridge,39,40,0.46,bridge
5023,69.49913938022635,30.01913938022635,bridge,39,40,0.48,bridge
5024,69.51913938022635,30.01913938022635,bridge,39,40,0.5,bridge
5025,69.53913938022635,30.01913938022635,bridge,39,40,0.52,bridge
5026,69.55913938022636,30.01913938022635,bridge,39,40,0.54,bridge
5027,69.57913938022635,30.01913938022635,bridge,39,40,0.56,bridge
5028,69.59913938022635,30.01913938022635,bridge,39,40,0.58,bridge
5029,69.61913938022634,30.01913938022635,bridge,39,40,0.6,bridge
5030,69.63913938022635,30.01913938022635,bridge,39,40,0.62,bridge
5031,69.65913938022635,30.01913938022635,bridge,39,40,0.64,bridge
5032,69.67913938022635,30.01913938022635,bridge,39,40,0.66,bridge
5033,69.69913938022636,30.01913938022635,bridge,39,40,0.68,bridge
5034,69.71913938022635,30.01913938022635,bridge,39,40,0.7000000000000001,bridge
5035,69.73913938022635,30.01913938022635,bridge,39,40,0.72,bridge
5036,69.75913938022634,30.01913938022635,bridge,39,40,0.74,bridge
5037,69.77913938022635,30.01913938022635,bridge,39,40,0.76,bridge
5038,69.79913938022635,30.01913938022635,bridge,39,40,0.78,bridge
5039,69.81913938022635,30.01913938022635,bridge,39,40,0.8,bridge
5040,69.83913938022634,30.01913938022635,bridge,39,40,0.8200000000000001,bridge
5041,69.85913938022635,30.01913938022635,bridge,39,40,0.84,bridge
5042,69.87913938022635,30.01913938022635,bridge,39,40,0.86,bridge
5043,69.89913938022634,30.01913938022635,bridge,39,40,0.88,bridge
5044,69.91913938022635,30.01913938022635,bridge,39,40,0.9,bridge
5045,69.93913938022635,30.01913938022635,bridge,39,40,0.92,bridge
5046,69.95913938022635,30.01913938022635,bridge,39,40,0.9400000000000001,bridge
5047,69.97913938022634,30.01913938022635,bridge,39,40,0.96,bridge
5048,69.99913938022635,30.01913938022635,bridge,39,40,0.98,bridge
5049,70.01913938022635,30.01913938022635,bridge,39,40,1.0,bridge_end
5050,70.01913938022635,30.01913938022635,arc,40,41,0.0,post_impact
5051,70.02913938022635,30.02913938022635,arc,40,41,0.0,flow
5052,70.03913938022635,30.03913938022635,arc,40,41,0.0,flow
5053,70.04913938022635,30.04913938022635,arc,40,41,0.0,flow
5054,70.05913938022636,30.05913938022635,arc,40,41,0.0,flow
5055,70.06913938022635,30.06913938022635,arc,40,41,0.0,flow
5056,70.07913938022635,30.079139380226348,arc,40,41,0.0,flow
5057,70.08913938022636,30.08913938022635,arc,40,41,0.0,flow
5058,70.09913938022635,30.099139380226347,arc,40,41,0.0,flow
5059,70.10913938022635,30.10913938022635,arc,40,41,0.0,flow
5060,70.11913938022636,30.11913938022635,arc,40,41,0.0,flow
5061,70.12913938022635,30.12913938022635,arc,40,41,0.0,flow
5062,70.13913938022635,30.13913938022635,arc,40,41,0.0,flow
5063,70.14913938022634,30.149139380226348,arc,40,41,0.0,flow
5064,70.15913938022635,30.15913938022635,arc,40,41,0.0,flow
5065,70.16913938022634,30.169139380226348,arc,40,41,0.0,flow
5066,70.17913938022635,30.17913938022635,arc,40,41,0.0,flow
5067,70.18913938022635,30.18913938022635,arc,40,41,0.0,flow
5068,70.19913938022634,30.19913938022635,arc,40,41,0.0,flow
5069,70.20913938022635,30.20913938022635,arc,40,41,0.0,flow
5070,70.21913938022635,30.21913938022635,arc,40,41,0.0,flow
5071,70.22913938022634,30.22913938022635,arc,40,41,0.0,flow
5072,70.23913938022635,30.239139380226348,arc,40,41,0.0,flow
5073,70.24913938022635,30.24913938022635,arc,40,41,0.0,flow
5074,70.25913938022634,30.259139380226348,arc,40,41,0.0,flow
5075,70.26913938022635,30.26913938022635,arc,40,41,0.0,flow
5076,70.27913938022635,30.27913938022635,arc,40,41,0.0,flow
5077,70.28913938022635,30.28913938022635,arc,40,41,0.0,flow
5078,70.29913938022635,30.29913938022635,arc,40,41,0.0,flow
5079,70.30913938022636,30.30913938022635,arc,40,41,0.0,flow
5080,70.31913938022635,30.31913938022635,arc,40,41,0.0,flow
5081,70.32913938022635,30.329139380226348,arc,40,41,0.0,flow
5082,70.33913938022636,30.33913938022635,arc,40,41,0.0,flow
5083,70.34913938022635,30.349139380226347,arc,40,41,0.0,flow
5084,70.35913938022635,30.35913938022635,arc,40,41,0.0,flow
5085,70.36913938022636,30.36913938022635,arc,40,41,0.0,flow
5086,70.37913938022635,30.37913938022635,arc,40,41,0.0,flow
5087,70.38913938022635,30.38913938022635,arc,40,41,0.0,flow
5088,70.39913938022634,30.399139380226348,arc,40,41,0.0,flow
5089,70.40913938022635,30.40913938022635,arc,40,41,0.0,flow
5090,70.41913938022634,30.419139380226348,arc,40,41,0.0,flow
5091,70.42913938022635,30.42913938022635,arc,40,41,0.0,flow
5092,70.43913938022635,30.43913938022635,arc,40,41,0.0,flow
5093,70.44913938022634,30.44913938022635,arc,40,41,0.0,flow
5094,70.45913938022635,30.45913938022635,arc,40,41,0.0,flow
5095,70.46913938022635,30.46913938022635,arc,40,41,0.0,flow
5096,70.47913938022634,30.47913938022635,arc,40,41,0.0,flow
5097,70.48913938022635,30.489139380226348,arc,40,41,0.0,flow
5098,70.49913938022635,30.49913938022635,arc,40,41,0.0,flow
5099,70.50913938022634,30.509139380226348,arc,40,41,0.0,flow
5100,70.51913938022635,30.51913938022635,arc,40,41,0.0,flow
5101,70.52913938022635,30.52913938022635,arc,40,41,0.0,flow
5102,70.53913938022635,30.53913938022635,arc,40,41,0.0,flow
5103,70.54913938022635,30.54913938022635,arc,40,41,0.0,flow
5104,70.55913938022636,30.55913938022635,arc,40,41,0.0,flow
5105,70.56913938022635,30.56913938022635,arc,40,41,0.0,flow
5106,70.57913938022635,30.579139380226348,arc,40,41,0.0,flow
5107,70.58913938022636,30.58913938022635,arc,40,41,0.0,flow
5108,70.59913938022635,30.599139380226347,arc,40,41,0.0,flow
5109,70.60913938022635,30.60913938022635,arc,40,41,0.0,flow
5110,70.61913938022636,30.61913938022635,arc,40,41,0.0,flow
5111,70.62913938022635,30.62913938022635,arc,40,41,0.0,flow
5112,70.63913938022635,30.63913938022635,arc,40,41,0.0,flow
5113,70.64913938022634,30.649139380226348,arc,40,41,0.0,flow
5114,70.65913938022635,30.65913938022635,arc,40,41,0.0,flow
5115,70.66913938022634,30.669139380226348,arc,40,41,0.0,flow
5116,70.67913938022635,30.67913938022635,arc,40,41,0.0,flow
5117,70.68913938022635,30.68913938022635,arc,40,41,0.0,flow
5118,70.69913938022634,30.69913938022635,arc,40,41,0.0,flow
5119,70.70913938022635,30.70913938022635,arc,40,41,0.0,flow
5120,70.71913938022635,30.71913938022635,arc,40,41,0.0,flow
5121,70.72913938022634,30.72913938022635,arc,40,41,0.0,flow
5122,70.73660445384175,30.736604453841743,arc,40,41,0.0,pre_impact
5123,70.75660445384175,30.736604453841743,bridge,40,41,0.02,bridge
5124,70.77660445384176,30.736604453841743,bridge,40,41,0.04,bridge
5125,70.79660445384175,30.736604453841743,bridge,40,41,0.06,bridge
5126,70.81660445384175,30.736604453841743,bridge,40,41,0.08,bridge
5127,70.83660445384174,30.736604453841743,bridge,40,41,0.1,bridge
5128,70.85660445384175,30.736604453841743,bridge,40,41,0.12,bridge
5129,70.87660445384175,30.736604453841743,bridge,40,41,0.14,bridge
5130,70.89660445384175,30.736604453841743,bridge,40,41,0.16,bridge
5131,70.91660445384176,30.736604453841743,bridge,40,41,0.18,bridge
5132,70.93660445384175,30.736604453841743,bridge,40,41,0.2,bridge
5133,70.95660445384175,30.736604453841743,bridge,40,41,0.22,bridge
5134,70.97660445384174,30.736604453841743,bridge,40,41,0.24,bridge
5135,70.99660445384175,30.736604453841743,bridge,40,41,0.26,bridge
5136,71.01660445384175,30.736604453841743,bridge,40,41,0.28,bridge
5137,71.03660445384175,30.736604453841743,bridge,40,41,0.3,bridge
5138,71.05660445384174,30.736604453841743,bridge,40,41,0.32,bridge
5139,71.07660445384175,30.736604453841743,bridge,40,41,0.34,bridge
5140,71.09660445384175,30.736604453841743,bridge,40,41,0.36,bridge
5141,71.11660445384175,30.736604453841743,bridge,40,41,0.38,bridge
5142,71.13660445384176,30.736604453841743,bridge,40,41,0.4,bridge
5143,71.15660445384175,30.736604453841743,bridge,40,41,0.42,bridge
5144,71.17660445384175,30.736604453841743,bridge,40,41,0.44,bridge
5145,71.19660445384174,30.736604453841743,bridge,40,41,0.46,bridge
5146,71.21660445384175,30.736604453841743,bridge,40,41,0.48,bridge
5147,71.23660445384175,30.736604453841743,bridge,40,41,0.5,bridge
5148,71.25660445384175,30.736604453841743,bridge,40,41,0.52,bridge
5149,71.27660445384176,30.736604453841743,bridge,40,41,0.54,bridge
5150,71.29660445384175,30.736604453841743,bridge,40,41,0.56,bridge
5151,71.31660445384175,30.736604453841743,bridge,40,41,0.58,bridge
5152,71.33660445384174,30.736604453841743,bridge,40,41,0.6,bridge
5153,71.35660445384175,30.736604453841743,bridge,40,41,0.62,bridge
5154,71.37660445384175,30.736604453841743,bridge,40,41,0.64,bridge
5155,71.39660445384175,30.736604453841743,bridge,40,41,0.66,bridge
5156,71.41660445384176,30.736604453841743,bridge,40,41,0.68,bridge
5157,71.43660445384175,30.736604453841743,bridge,40,41,0.7000000000000001,bridge
5158,71.45660445384175,30.736604453841743,bridge,40,41,0.72,bridge
5159,71.47660445384174,30.736604453841743,bridge,40,41,0.74,bridge
5160,71.49660445384175,30.736604453841743,bridge,40,41,0.76,bridge
5161,71.51660445384175,30.736604453841743,bridge,40,41,0.78,bridge
5162,71.53660445384175,30.736604453841743,bridge,40,41,0.8,bridge
5163,71.55660445384174,30.736604453841743,bridge,40,41,0.8200000000000001,bridge
5164,71.57660445384175,30.736604453841743,bridge,40,41,0.84,bridge
5165,71.59660445384175,30.736604453841743,bridge,40,41,0.86,bridge
5166,71.61660445384175,30.736604453841743,bridge,40,41,0.88,bridge
5167,71.63660445384176,30.736604453841743,bridge,40,41,0.9,bridge
5168,71.65660445384175,30.736604453841743,bridge,40,41,0.92,bridge
5169,71.67660445384175,30.736604453841743,bridge,40,41,0.9400000000000001,bridge
5170,71.69660445384174,30.736604453841743,bridge,40,41,0.96,bridge
5171,71.71660445384175,30.736604453841743,bridge,40,41,0.98,bridge
5172,71.73660445384175,30.736604453841743,bridge,40,41,1.0,bridge_end
5173,71.73660445384175,30.736604453841743,arc,41,42,0.0,post_impact
5174,71.74660445384174,30.746604453841744,arc,41,42,0.0,flow
5175,71.75660445384175,30.756604453841742,arc,41,42,0.0,flow
5176,71.76660445384175,30.766604453841744,arc,41,42,0.0,flow
5177,71.77660445384174,30.776604453841742,arc,41,42,0.0,flow
5178,71.78660445384175,30.786604453841743,arc,41,42,0.0,flow
5179,71.79660445384174,30.79660445384174,arc,41,42,0.0,flow
5180,71.80660445384174,30.806604453841743,arc,41,42,0.0,flow
5181,71.81660445384173,30.81660445384174,arc,41,42,0.0,flow
5182,71.82660445384174,30.826604453841743,arc,41,42,0.0,flow
5183,71.83660445384174,30.836604453841744,arc,41,42,0.0,flow
5184,71.84660445384173,30.846604453841742,arc,41,42,0.0,flow
5185,71.85660445384174,30.856604453841744,arc,41,42,0.0,flow
5186,71.86660445384175,30.86660445384174,arc,41,42,0.0,flow
5187,71.87660445384174,30.876604453841743,arc,41,42,0.0,flow
5188,71.88660445384174,30.88660445384174,arc,41,42,0.0,flow
5189,71.89660445384175,30.896604453841743,arc,41,42,0.0,flow
5190,71.90660445384174,30.906604453841744,arc,41,42,0.0,flow
5191,71.91660445384174,30.916604453841742,arc,41,42,0.0,flow
5192,71.92660445384175,30.926604453841744,arc,41,42,0.0,flow
5193,71.93660445384174,30.936604453841742,arc,41,42,0.0,flow
5194,71.94660445384174,30.946604453841744,arc,41,42,0.0,flow
5195,71.95660445384175,30.95660445384174,arc,41,42,0.0,flow
5196,71.96660445384174,30.966604453841743,arc,41,42,0.0,flow
5197,71.97660445384174,30.97660445384174,arc,41,42,0.0,flow
5198,71.98660445384175,30.986604453841743,arc,41,42,0.0,flow
5199,71.99660445384174,30.996604453841744,arc,41,42,0.0,flow
5200,72.00660445384175,31.006604453841742,arc,41,42,0.0,flow
5201,72.01660445384175,31.016604453841744,arc,41,42,0.0,flow
5202,72.02660445384174,31.026604453841742,arc,41,42,0.0,flow
5203,72.03660445384175,31.036604453841743,arc,41,42,0.0,flow
5204,72.04660445384174,31.04660445384174,arc,41,42,0.0,flow
5205,72.05660445384174,31.056604453841743,arc,41,42,0.0,flow
5206,72.06660445384173,31.06660445384174,arc,41,42,0.0,flow
5207,72.07660445384174,31.076604453841743,arc,41,42,0.0,flow
5208,72.08660445384174,31.086604453841744,arc,41,42,0.0,flow
5209,72.09660445384173,31.096604453841742,arc,41,42,0.0,flow
5210,72.10660445384174,31.106604453841744,arc,41,42,0.0,flow
5211,72.11660445384175,31.11660445384174,arc,41,42,0.0,flow
5212,72.12660445384174,31.126604453841743,arc,41,42,0.0,flow
5213,72.13660445384174,31.13660445384174,arc,41,42,0.0,flow
5214,72.14660445384175,31.146604453841743,arc,41,42,0.0,flow
5215,72.15660445384174,31.156604453841744,arc,41,42,0.0,flow
5216,72.16660445384174,31.166604453841742,arc,41,42,0.0,flow
5217,72.17660445384175,31.176604453841744,arc,41,42,0.0,flow
5218,72.18660445384174,31.186604453841742,arc,41,42,0.0,flow
5219,72.19660445384174,31.196604453841744,arc,41,42,0.0,flow
5220,72.20660445384175,31.20660445384174,arc,41,42,0.0,flow
5221,72.21660445384174,31.216604453841743,arc,41,42,0.0,flow
5222,72.22660445384174,31.22660445384174,arc,41,42,0.0,flow
5223,72.23660445384175,31.236604453841743,arc,41,42,0.0,flow
5224,72.24660445384174,31.246604453841744,arc,41,42,0.0,flow
5225,72.25660445384175,31.256604453841742,arc,41,42,0.0,flow
5226,72.26660445384175,31.266604453841744,arc,41,42,0.0,flow
5227,72.27660445384174,31.276604453841742,arc,41,42,0.0,flow
5228,72.28660445384175,31.286604453841743,arc,41,42,0.0,flow
5229,72.29660445384174,31.29660445384174,arc,41,42,0.0,flow
5230,72.30660445384174,31.306604453841743,arc,41,42,0.0,flow
5231,72.31660445384173,31.31660445384174,arc,41,42,0.0,flow
5232,72.32660445384174,31.326604453841743,arc,41,42,0.0,flow
5233,72.33660445384174,31.336604453841744,arc,41,42,0.0,flow
5234,72.34660445384173,31.346604453841742,arc,41,42,0.0,flow
5235,72.35660445384174,31.356604453841744,arc,41,42,0.0,flow
5236,72.36660445384175,31.36660445384174,arc,41,42,0.0,flow
5237,72.37660445384174,31.376604453841743,arc,41,42,0.0,flow
5238,72.38660445384174,31.38660445384174,arc,41,42,0.0,flow
5239,72.39660445384175,31.396604453841743,arc,41,42,0.0,flow
5240,72.40660445384174,31.406604453841744,arc,41,42,0.0,flow
5241,72.41660445384174,31.416604453841742,arc,41,42,0.0,flow
5242,72.42660445384175,31.426604453841744,arc,41,42,0.0,flow
5243,72.43660445384174,31.436604453841742,arc,41,42,0.0,flow
5244,72.44660445384174,31.446604453841744,arc,41,42,0.0,flow
5245,72.45660445384175,31.45660445384174,arc,41,42,0.0,flow
5246,72.46660445384174,31.466604453841743,arc,41,42,0.0,flow
5247,72.47660445384174,31.47660445384174,arc,41,42,0.0,flow
5248,72.48660445384175,31.486604453841743,arc,41,42,0.0,flow
5249,72.49660445384174,31.496604453841744,arc,41,42,0.0,flow
5250,72.50660445384175,31.506604453841742,arc,41,42,0.0,flow
5251,72.51660445384175,31.516604453841744,arc,41,42,0.0,flow
5252,72.52660445384174,31.526604453841742,arc,41,42,0.0,flow
5253,72.53562195848895,31.535621958488942,arc,41,42,0.0,pre_impact
5254,72.55562195848894,31.535621958488942,bridge,41,42,0.02,bridge
5255,72.57562195848895,31.535621958488942,bridge,41,42,0.04,bridge
5256,72.59562195848895,31.535621958488942,bridge,41,42,0.06,bridge
5257,72.61562195848894,31.535621958488942,bridge,41,42,0.08,bridge
5258,72.63562195848894,31.535621958488942,bridge,41,42,0.1,bridge
5259,72.65562195848895,31.535621958488942,bridge,41,42,0.12,bridge
5260,72.67562195848895,31.535621958488942,bridge,41,42,0.14,bridge
5261,72.69562195848894,31.535621958488942,bridge,41,42,0.16,bridge
5262,72.71562195848895,31.535621958488942,bridge,41,42,0.18,bridge
5263,72.73562195848895,31.535621958488942,bridge,41,42,0.2,bridge
5264,72.75562195848894,31.535621958488942,bridge,41,42,0.22,bridge
5265,72.77562195848894,31.535621958488942,bridge,41,42,0.24,bridge
5266,72.79562195848895,31.535621958488942,bridge,41,42,0.26,bridge
5267,72.81562195848895,31.535621958488942,bridge,41,42,0.28,bridge
5268,72.83562195848894,31.535621958488942,bridge,41,42,0.3,bridge
5269,72.85562195848894,31.535621958488942,bridge,41,42,0.32,bridge
5270,72.87562195848895,31.535621958488942,bridge,41,42,0.34,bridge
5271,72.89562195848895,31.535621958488942,bridge,41,42,0.36,bridge
5272,72.91562195848894,31.535621958488942,bridge,41,42,0.38,bridge
5273,72.93562195848895,31.535621958488942,bridge,41,42,0.4,bridge
5274,72.95562195848895,31.535621958488942,bridge,41,42,0.42,bridge
5275,72.97562195848894,31.535621958488942,bridge,41,42,0.44,bridge
5276,72.99562195848894,31.535621958488942,bridge,41,42,0.46,bridge
5277,73.01562195848895,31.535621958488942,bridge,41,42,0.48,bridge
5278,73.03562195848895,31.535621958488942,bridge,41,42,0.5,bridge
5279,73.05562195848894,31.535621958488942,bridge,41,42,0.52,bridge
5280,73.07562195848895,31.535621958488942,bridge,41,42,0.54,bridge
5281,73.09562195848895,31.535621958488942,bridge,41,42,0.56,bridge
5282,73.11562195848894,31.535621958488942,bridge,41,42,0.58,bridge
5283,73.13562195848894,31.535621958488942,bridge,41,42,0.6,bridge
5284,73.15562195848895,31.535621958488942,bridge,41,42,0.62,bridge
5285,73.17562195848895,31.535621958488942,bridge,41,42,0.64,bridge
5286,73.19562195848894,31.535621958488942,bridge,41,42,0.66,bridge
5287,73.21562195848895,31.535621958488942,bridge,41,42,0.68,bridge
5288,73.23562195848895,31.535621958488942,bridge,41,42,0.7000000000000001,bridge
5289,73.25562195848894,31.535621958488942,bridge,41,42,0.72,bridge
5290,73.27562195848894,31.535621958488942,bridge,41,42,0.74,bridge
5291,73.29562195848895,31.535621958488942,bridge,41,42,0.76,bridge
5292,73.31562195848895,31.535621958488942,bridge,41,42,0.78,bridge
5293,73.33562195848894,31.535621958488942,bridge,41,42,0.8,bridge
5294,73.35562195848894,31.535621958488942,bridge,41,42,0.8200000000000001,bridge
5295,73.37562195848895,31.535621958488942,bridge,41,42,0.84,bridge
5296,73.39562195848895,31.535621958488942,bridge,41,42,0.86,bridge
5297,73.41562195848894,31.535621958488942,bridge,41,42,0.88,bridge
5298,73.43562195848895,31.535621958488942,bridge,41,42,0.9,bridge
5299,73.45562195848895,31.535621958488942,bridge,41,42,0.92,bridge
5300,73.47562195848894,31.535621958488942,bridge,41,42,0.9400000000000001,bridge
5301,73.49562195848894,31.535621958488942,bridge,41,42,0.96,bridge
5302,73.51562195848895,31.535621958488942,bridge,41,42,0.98,bridge
5303,73.53562195848895,31.535621958488942,bridge,41,42,1.0,bridge_end
5304,73.53562195848895,31.535621958488942,arc,42,43,0.0,post_impact
5305,73.54562195848894,31.545621958488944,arc,42,43,0.0,flow
5306,73.55562195848894,31.555621958488942,arc,42,43,0.0,flow
5307,73.56562195848895,31.565621958488943,arc,42,43,0.0,flow
5308,73.57562195848894,31.57562195848894,arc,42,43,0.0,flow
5309,73.58562195848894,31.585621958488943,arc,42,43,0.0,flow
5310,73.59562195848895,31.59562195848894,arc,42,43,0.0,flow
5311,73.60562195848894,31.605621958488943,arc,42,43,0.0,flow
5312,73.61562195848894,31.61562195848894,arc,42,43,0.0,flow
5313,73.62562195848895,31.625621958488942,arc,42,43,0.0,flow
5314,73.63562195848894,31.635621958488944,arc,42,43,0.0,flow
5315,73.64562195848895,31.64562195848894,arc,42,43,0.0,flow
5316,73.65562195848895,31.655621958488943,arc,42,43,0.0,flow
5317,73.66562195848894,31.66562195848894,arc,42,43,0.0,flow
5318,73.67562195848895,31.675621958488943,arc,42,43,0.0,flow
5319,73.68562195848894,31.68562195848894,arc,42,43,0.0,flow
5320,73.69562195848894,31.695621958488942,arc,42,43,0.0,flow
5321,73.70562195848895,31.705621958488944,arc,42,43,0.0,flow
5322,73.71562195848894,31.715621958488942,arc,42,43,0.0,flow
5323,73.72562195848894,31.725621958488944,arc,42,43,0.0,flow
5324,73.73562195848893,31.73562195848894,arc,42,43,0.0,flow
5325,73.74562195848894,31.745621958488943,arc,42,43,0.0,flow
5326,73.75562195848894,31.75562195848894,arc,42,43,0.0,flow
5327,73.76562195848894,31.765621958488943,arc,42,43,0.0,flow
5328,73.77562195848894,31.77562195848894,arc,42,43,0.0,flow
5329,73.78562195848895,31.785621958488942,arc,42,43,0.0,flow
5330,73.79562195848894,31.795621958488944,arc,42,43,0.0,flow
5331,73.80562195848894,31.805621958488942,arc,42,43,0.0,flow
5332,73.81562195848895,31.815621958488943,arc,42,43,0.0,flow
5333,73.82562195848894,31.82562195848894,arc,42,43,0.0,flow
5334,73.83562195848894,31.835621958488943,arc,42,43,0.0,flow
5335,73.84562195848895,31.84562195848894,arc,42,43,0.0,flow
5336,73.85562195848894,31.855621958488943,arc,42,43,0.0,flow
5337,73.86562195848894,31.86562195848894,arc,42,43,0.0,flow
5338,73.87562195848895,31.875621958488942,arc,42,43,0.0,flow
5339,73.88562195848894,31.885621958488944,arc,42,43,0.0,flow
5340,73.89562195848895,31.89562195848894,arc,42,43,0.0,flow
5341,73.90562195848895,31.905621958488943,arc,42,43,0.0,flow
5342,73.91562195848894,31.91562195848894,arc,42,43,0.0,flow
5343,73.92562195848895,31.925621958488943,arc,42,43,0.0,flow
5344,73.93562195848894,31.93562195848894,arc,42,43,0.0,flow
5345,73.94562195848894,31.945621958488942,arc,42,43,0.0,flow
5346,73.95562195848895,31.955621958488944,arc,42,43,0.0,flow
5347,73.96562195848894,31.965621958488942,arc,42,43,0.0,flow
5348,73.97562195848894,31.975621958488944,arc,42,43,0.0,flow
5349,73.98562195848893,31.98562195848894,arc,42,43,0.0,flow
5350,73.99562195848894,31.995621958488943,arc,42,43,0.0,flow
5351,74.00562195848894,32.005621958488945,arc,42,43,0.0,flow
5352,74.01562195848894,32.01562195848894,arc,42,43,0.0,flow
5353,74.02562195848894,32.02562195848894,arc,42,43,0.0,flow
5354,74.03562195848895,32.035621958488946,arc,42,43,0.0,flow
5355,74.04562195848894,32.045621958488944,arc,42,43,0.0,flow
5356,74.05562195848894,32.05562195848894,arc,42,43,0.0,flow
5357,74.06562195848895,32.06562195848894,arc,42,43,0.0,flow
5358,74.07562195848894,32.075621958488945,arc,42,43,0.0,flow
5359,74.08562195848894,32.08562195848894,arc,42,43,0.0,flow
5360,74.09562195848895,32.09562195848894,arc,42,43,0.0,flow
5361,74.10562195848894,32.10562195848894,arc,42,43,0.0,flow
5362,74.11562195848894,32.115621958488944,arc,42,43,0.0,flow
5363,74.12562195848895,32.12562195848894,arc,42,43,0.0,flow
5364,74.13562195848894,32.13562195848894,arc,42,43,0.0,flow
5365,74.14562195848895,32.145621958488945,arc,42,43,0.0,flow
5366,74.15562195848895,32.15562195848894,arc,42,43,0.0,flow
5367,74.16562195848894,32.16562195848894,arc,42,43,0.0,flow
5368,74.17562195848893,32.17562195848894,arc,42,43,0.0,flow
5369,74.18562195848895,32.185621958488944,arc,42,43,0.0,flow
5370,74.19562195848894,32.19562195848894,arc,42,43,0.0,flow
5371,74.20562195848893,32.20562195848894,arc,42,43,0.0,flow
5372,74.21562195848895,32.215621958488946,arc,42,43,0.0,flow
5373,74.2253043454849,32.2253043454849,arc,42,43,0.0,pre_impact
5374,74.2453043454849,32.2253043454849,bridge,42,43,0.02,bridge
5375,74.2653043454849,32.2253043454849,bridge,42,43,0.04,bridge
5376,74.2853043454849,32.2253043454849,bridge,42,43,0.06,bridge
5377,74.3053043454849,32.2253043454849,bridge,42,43,0.08,bridge
5378,74.3253043454849,32.2253043454849,bridge,42,43,0.1,bridge
5379,74.3453043454849,32.2253043454849,bridge,42,43,0.12,bridge
5380,74.3653043454849,32.2253043454849,bridge,42,43,0.14,bridge
5381,74.3853043454849,32.2253043454849,bridge,42,43,0.16,bridge
5382,74.40530434548491,32.2253043454849,bridge,42,43,0.18,bridge
5383,74.4253043454849,32.2253043454849,bridge,42,43,0.2,bridge
5384,74.4453043454849,32.2253043454849,bridge,42,43,0.22,bridge
5385,74.4653043454849,32.2253043454849,bridge,42,43,0.24,bridge
5386,74.4853043454849,32.2253043454849,bridge,42,43,0.26,bridge
5387,74.5053043454849,32.2253043454849,bridge,42,43,0.28,bridge
5388,74.5253043454849,32.2253043454849,bridge,42,43,0.3,bridge
5389,74.5453043454849,32.2253043454849,bridge,42,43,0.32,bridge
5390,74.5653043454849,32.2253043454849,bridge,42,43,0.34,bridge
5391,74.5853043454849,32.2253043454849,bridge,42,43,0.36,bridge
5392,74.6053043454849,32.2253043454849,bridge,42,43,0.38,bridge
5393,74.6253043454849,32.2253043454849,bridge,42,43,0.4,bridge
5394,74.6453043454849,32.2253043454849,bridge,42,43,0.42,bridge
5395,74.6653043454849,32.2253043454849,bridge,42,43,0.44,bridge
5396,74.6853043454849,32.2253043454849,bridge,42,43,0.46,bridge
5397,74.7053043454849,32.2253043454849,bridge,42,43,0.48,bridge
5398,74.7253043454849,32.2253043454849,bridge,42,43,0.5,bridge
5399,74.7453043454849,32.2253043454849,bridge,42,43,0.52,bridge
5400,74.7653043454849,32.2253043454849,bridge,42,43,0.54,bridge
5401,74.7853043454849,32.2253043454849,bridge,42,43,0.56,bridge
5402,74.8053043454849,32.2253043454849,bridge,42,43,0.58,bridge
5403,74.8253043454849,32.2253043454849,bridge,42,43,0.6,bridge
5404,74.8453043454849,32.2253043454849,bridge,42,43,0.62,bridge
5405,74.8653043454849,32.2253043454849,bridge,42,43,0.64,bridge
5406,74.8853043454849,32.2253043454849,bridge,42,43,0.66,bridge
5407,74.90530434548491,32.2253043454849,bridge,42,43,0.68,bridge
5408,74.9253043454849,32.2253043454849,bridge,42,43,0.7000000000000001,bridge
5409,74.9453043454849,32.2253043454849,bridge,42,43,0.72,bridge
5410,74.9653043454849,32.2253043454849,bridge,42,43,0.74,bridge
5411,74.9853043454849,32.2253043454849,bridge,42,43,0.76,bridge
5412,75.0053043454849,32.2253043454849,bridge,42,43,0.78,bridge
5413,75.0253043454849,32.2253043454849,bridge,42,43,0.8,bridge
5414,75.0453043454849,32.2253043454849,bridge,42,43,0.8200000000000001,bridge
5415,75.0653043454849,32.2253043454849,bridge,42,43,0.84,bridge
5416,75.0853043454849,32.2253043454849,bridge,42,43,0.86,bridge
5417,75.1053043454849,32.2253043454849,bridge,42,43,0.88,bridge
5418,75.1253043454849,32.2253043454849,bridge,42,43,0.9,bridge
5419,75.1453043454849,32.2253043454849,bridge,42,43,0.92,bridge
5420,75.1653043454849,32.2253043454849,bridge,42,43,0.9400000000000001,bridge
5421,75.1853043454849,32.2253043454849,bridge,42,43,0.96,bridge
5422,75.2053043454849,32.2253043454849,bridge,42,43,0.98,bridge
5423,75.2253043454849,32.2253043454849,bridge,42,43,1.0,bridge_end
5424,75.2253043454849,32.2253043454849,arc,43,44,0.0,post_impact
5425,75.2353043454849,32.2353043454849,arc,43,44,0.0,flow
5426,75.2453043454849,32.245304345484904,arc,43,44,0.0,flow
5427,75.2553043454849,32.2553043454849,arc,43,44,0.0,flow
5428,75.2653043454849,32.2653043454849,arc,43,44,0.0,flow
5429,75.2753043454849,32.2753043454849,arc,43,44,0.0,flow
5430,75.2853043454849,32.2853043454849,arc,43,44,0.0,flow
5431,75.29530434548491,32.2953043454849,arc,43,44,0.0,flow
5432,75.3053043454849,32.3053043454849,arc,43,44,0.0,flow
5433,75.3153043454849,32.315304345484904,arc,43,44,0.0,flow
5434,75.32530434548491,32.3253043454849,arc,43,44,0.0,flow
5435,75.3353043454849,32.3353043454849,arc,43,44,0.0,flow
5436,75.34530434548489,32.3453043454849,arc,43,44,0.0,flow
5437,75.35530434548491,32.3553043454849,arc,43,44,0.0,flow
5438,75.3653043454849,32.3653043454849,arc,43,44,0.0,flow
5439,75.37530434548489,32.3753043454849,arc,43,44,0.0,flow
5440,75.3853043454849,32.3853043454849,arc,43,44,0.0,flow
5441,75.3953043454849,32.3953043454849,arc,43,44,0.0,flow
5442,75.4053043454849,32.4053043454849,arc,43,44,0.0,flow
5443,75.4153043454849,32.4153043454849,arc,43,44,0.0,flow
5444,75.4253043454849,32.4253043454849,arc,43,44,0.0,flow
5445,75.4353043454849,32.4353043454849,arc,43,44,0.0,flow
5446,75.4453043454849,32.4453043454849,arc,43,44,0.0,flow
5447,75.4553043454849,32.4553043454849,arc,43,44,0.0,flow
5448,75.4653043454849,32.4653043454849,arc,43,44,0.0,flow
5449,75.4753043454849,32.4753043454849,arc,43,44,0.0,flow
5450,75.4853043454849,32.4853043454849,arc,43,44,0.0,flow
5451,75.4953043454849,32.495304345484904,arc,43,44,0.0,flow
5452,75.5053043454849,32.5053043454849,arc,43,44,0.0,flow
5453,75.5153043454849,32.5153043454849,arc,43,44,0.0,flow
5454,75.5253043454849,32.5253043454849,arc,43,44,0.0,flow
5455,75.5353043454849,32.5353043454849,arc,43,44,0.0,flow
5456,75.54530434548491,32.5453043454849,arc,43,44,0.0,flow
5457,75.5553043454849,32.5553043454849,arc,43,44,0.0,flow
5458,75.5653043454849,32.565304345484904,arc,43,44,0.0,flow
5459,75.57530434548491,32.5753043454849,arc,43,44,0.0,flow
5460,75.5853043454849,32.5853043454849,arc,43,44,0.0,flow
5461,75.59530434548489,32.5953043454849,arc,43,44,0.0,flow
5462,75.60530434548491,32.6053043454849,arc,43,44,0.0,flow
5463,75.6153043454849,32.6153043454849,arc,43,44,0.0,flow
5464,75.62530434548489,32.6253043454849,arc,43,44,0.0,flow
5465,75.6353043454849,32.6353043454849,arc,43,44,0.0,flow
5466,75.6453043454849,32.6453043454849,arc,43,44,0.0,flow
5467,75.6553043454849,32.6553043454849,arc,43,44,0.0,flow
5468,75.6653043454849,32.6653043454849,arc,43,44,0.0,flow
5469,75.6753043454849,32.6753043454849,arc,43,44,0.0,flow
5470,75.6853043454849,32.6853043454849,arc,43,44,0.0,flow
5471,75.6953043454849,32.6953043454849,arc,43,44,0.0,flow
5472,75.7053043454849,32.7053043454849,arc,43,44,0.0,flow
5473,75.7153043454849,32.7153043454849,arc,43,44,0.0,flow
5474,75.7253043454849,32.7253043454849,arc,43,44,0.0,flow
5475,75.7353043454849,32.7353043454849,arc,43,44,0.0,flow
5476,75.7453043454849,32.745304345484904,arc,43,44,0.0,flow
5477,75.7553043454849,32.7553043454849,arc,43,44,0.0,flow
5478,75.7653043454849,32.7653043454849,arc,43,44,0.0,flow
5479,75.7753043454849,32.7753043454849,arc,43,44,0.0,flow
5480,75.7853043454849,32.7853043454849,arc,43,44,0.0,flow
5481,75.79530434548491,32.7953043454849,arc,43,44,0.0,flow
5482,75.8053043454849,32.8053043454849,arc,43,44,0.0,flow
5483,75.8153043454849,32.815304345484904,arc,43,44,0.0,flow
5484,75.82530434548491,32.8253043454849,arc,43,44,0.0,flow
5485,75.8353043454849,32.8353043454849,arc,43,44,0.0,flow
5486,75.84530434548489,32.8453043454849,arc,43,44,0.0,flow
5487,75.85530434548491,32.8553043454849,arc,43,44,0.0,flow
5488,75.8653043454849,32.8653043454849,arc,43,44,0.0,flow
5489,75.87530434548489,32.8753043454849,arc,43,44,0.0,flow
5490,75.8853043454849,32.8853043454849,arc,43,44,0.0,flow
5491,75.8953043454849,32.8953043454849,arc,43,44,0.0,flow
5492,75.9053043454849,32.9053043454849,arc,43,44,0.0,flow
5493,75.9153043454849,32.9153043454849,arc,43,44,0.0,flow
5494,75.9253043454849,32.9253043454849,arc,43,44,0.0,flow
5495,75.9353043454849,32.9353043454849,arc,43,44,0.0,flow
5496,75.9453043454849,32.9453043454849,arc,43,44,0.0,flow
5497,75.9553043454849,32.9553043454849,arc,43,44,0.0,flow
5498,75.9653043454849,32.9653043454849,arc,43,44,0.0,flow
5499,75.9753043454849,32.9753043454849,arc,43,44,0.0,flow
5500,75.9853043454849,32.9853043454849,arc,43,44,0.0,flow
5501,75.9953043454849,32.995304345484904,arc,43,44,0.0,flow
5502,76.0053043454849,33.0053043454849,arc,43,44,0.0,flow
5503,76.0153043454849,33.0153043454849,arc,43,44,0.0,flow
5504,76.02105331821672,33.021053318216715,arc,43,44,0.0,pre_impact
5505,76.04105331821671,33.021053318216715,bridge,43,44,0.02,bridge
5506,76.06105331821672,33.021053318216715,bridge,43,44,0.04,bridge
5507,76.08105331821672,33.021053318216715,bridge,43,44,0.06,bridge
5508,76.10105331821671,33.021053318216715,bridge,43,44,0.08,bridge
5509,76.12105331821671,33.021053318216715,bridge,43,44,0.1,bridge
5510,76.14105331821672,33.021053318216715,bridge,43,44,0.12,bridge
5511,76.16105331821672,33.021053318216715,bridge,43,44,0.14,bridge
5512,76.18105331821671,33.021053318216715,bridge,43,44,0.16,bridge
5513,76.20105331821672,33.021053318216715,bridge,43,44,0.18,bridge
5514,76.22105331821672,33.021053318216715,bridge,43,44,0.2,bridge
5515,76.24105331821671,33.021053318216715,bridge,43,44,0.22,bridge
5516,76.26105331821671,33.021053318216715,bridge,43,44,0.24,bridge
5517,76.28105331821672,33.021053318216715,bridge,43,44,0.26,bridge
5518,76.30105331821672,33.021053318216715,bridge,43,44,0.28,bridge
5519,76.32105331821671,33.021053318216715,bridge,43,44,0.3,bridge
5520,76.34105331821671,33.021053318216715,bridge,43,44,0.32,bridge
5521,76.36105331821672,33.021053318216715,bridge,43,44,0.34,bridge
5522,76.38105331821671,33.021053318216715,bridge,43,44,0.36,bridge
5523,76.40105331821671,33.021053318216715,bridge,43,44,0.38,bridge
5524,76.42105331821672,33.021053318216715,bridge,43,44,0.4,bridge
5525,76.44105331821672,33.021053318216715,bridge,43,44,0.42,bridge
5526,76.46105331821671,33.021053318216715,bridge,43,44,0.44,bridge
5527,76.48105331821671,33.021053318216715,bridge,43,44,0.46,bridge
5528,76.50105331821672,33.021053318216715,bridge,43,44,0.48,bridge
5529,76.52105331821672,33.021053318216715,bridge,43,44,0.5,bridge
5530,76.54105331821671,33.021053318216715,bridge,43,44,0.52,bridge
5531,76.56105331821672,33.021053318216715,bridge,43,44,0.54,bridge
5532,76.58105331821672,33.021053318216715,bridge,43,44,0.56,bridge
5533,76.60105331821671,33.021053318216715,bridge,43,44,0.58,bridge
5534,76.62105331821671,33.021053318216715,bridge,43,44,0.6,bridge
5535,76.64105331821672,33.021053318216715,bridge,43,44,0.62,bridge
5536,76.66105331821672,33.021053318216715,bridge,43,44,0.64,bridge
5537,76.68105331821671,33.021053318216715,bridge,43,44,0.66,bridge
5538,76.70105331821672,33.021053318216715,bridge,43,44,0.68,bridge
5539,76.72105331821672,33.021053318216715,bridge,43,44,0.7000000000000001,bridge
5540,76.74105331821671,33.021053318216715,bridge,43,44,0.72,bridge
5541,76.76105331821671,33.021053318216715,bridge,43,44,0.74,bridge
5542,76.78105331821672,33.021053318216715,bridge,43,44,0.76,bridge
5543,76.80105331821672,33.021053318216715,bridge,43,44,0.78,bridge
5544,76.82105331821671,33.021053318216715,bridge,43,44,0.8,bridge
5545,76.84105331821671,33.021053318216715,bridge,43,44,0.8200000000000001,bridge
5546,76.86105331821672,33.021053318216715,bridge,43,44,0.84,bridge
5547,76.88105331821671,33.021053318216715,bridge,43,44,0.86,bridge
5548,76.90105331821671,33.021053318216715,bridge,43,44,0.88,bridge
5549,76.92105331821672,33.021053318216715,bridge,43,44,0.9,bridge
5550,76.94105331821672,33.021053318216715,bridge,43,44,0.92,bridge
5551,76.96105331821671,33.021053318216715,bridge,43,44,0.9400000000000001,bridge
5552,76.98105331821671,33.021053318216715,bridge,43,44,0.96,bridge
5553,77.00105331821672,33.021053318216715,bridge,43,44,0.98,bridge
5554,77.02105331821672,33.021053318216715,bridge,43,44,1.0,bridge_end
5555,77.02105331821672,33.021053318216715,arc,44,45,0.0,post_impact
5556,77.03105331821672,33.03105331821671,arc,44,45,0.0,flow
5557,77.04105331821671,33.04105331821672,arc,44,45,0.0,flow
5558,77.05105331821672,33.05105331821672,arc,44,45,0.0,flow
5559,77.06105331821672,33.061053318216715,arc,44,45,0.0,flow
5560,77.07105331821671,33.07105331821671,arc,44,45,0.0,flow
5561,77.08105331821672,33.08105331821672,arc,44,45,0.0,flow
5562,77.09105331821672,33.091053318216716,arc,44,45,0.0,flow
5563,77.10105331821671,33.101053318216714,arc,44,45,0.0,flow
5564,77.11105331821672,33.11105331821672,arc,44,45,0.0,flow
5565,77.12105331821672,33.12105331821672,arc,44,45,0.0,flow
5566,77.13105331821671,33.131053318216715,arc,44,45,0.0,flow
5567,77.1410533182167,33.14105331821671,arc,44,45,0.0,flow
5568,77.15105331821673,33.15105331821672,arc,44,45,0.0,flow
5569,77.16105331821672,33.161053318216716,arc,44,45,0.0,flow
5570,77.1710533182167,33.171053318216714,arc,44,45,0.0,flow
5571,77.18105331821671,33.18105331821671,arc,44,45,0.0,flow
5572,77.19105331821672,33.19105331821672,arc,44,45,0.0,flow
5573,77.20105331821671,33.201053318216715,arc,44,45,0.0,flow
5574,77.21105331821671,33.21105331821671,arc,44,45,0.0,flow
5575,77.22105331821672,33.22105331821672,arc,44,45,0.0,flow
5576,77.23105331821671,33.231053318216716,arc,44,45,0.0,flow
5577,77.24105331821671,33.241053318216714,arc,44,45,0.0,flow
5578,77.25105331821672,33.25105331821671,arc,44,45,0.0,flow
5579,77.26105331821671,33.26105331821672,arc,44,45,0.0,flow
5580,77.27105331821672,33.271053318216715,arc,44,45,0.0,flow
5581,77.28105331821672,33.28105331821671,arc,44,45,0.0,flow
5582,77.29105331821671,33.29105331821672,arc,44,45,0.0,flow
5583,77.30105331821672,33.30105331821672,arc,44,45,0.0,flow
5584,77.31105331821672,33.311053318216715,arc,44,45,0.0,flow
5585,77.32105331821671,33.32105331821671,arc,44,45,0.0,flow
5586,77.33105331821672,33.33105331821672,arc,44,45,0.0,flow
5587,77.34105331821672,33.341053318216716,arc,44,45,0.0,flow
5588,77.35105331821671,33.351053318216714,arc,44,45,0.0,flow
5589,77.36105331821672,33.36105331821672,arc,44,45,0.0,flow
5590,77.37105331821672,33.37105331821672,arc,44,45,0.0,flow
5591,77.38105331821671,33.381053318216715,arc,44,45,0.0,flow
5592,77.3910533182167,33.39105331821671,arc,44,45,0.0,flow
5593,77.40105331821673,33.40105331821672,arc,44,45,0.0,flow
5594,77.41105331821672,33.411053318216716,arc,44,45,0.0,flow
5595,77.4210533182167,33.421053318216714,arc,44,45,0.0,flow
5596,77.43105331821671,33.43105331821671,arc,44,45,0.0,flow
5597,77.44105331821672,33.44105331821672,arc,44,45,0.0,flow
5598,77.45105331821671,33.451053318216715,arc,44,45,0.0,flow
5599,77.46105331821671,33.46105331821671,arc,44,45,0.0,flow
5600,77.47105331821672,33.47105331821672,arc,44,45,0.0,flow
5601,77.48105331821671,33.481053318216716,arc,44,45,0.0,flow
5602,77.49105331821671,33.491053318216714,arc,44,45,0.0,flow
5603,77.50105331821672,33.50105331821671,arc,44,45,0.0,flow
5604,77.51105331821671,33.51105331821672,arc,44,45,0.0,flow
5605,77.52105331821672,33.521053318216715,arc,44,45,0.0,flow
5606,77.53105331821672,33.53105331821671,arc,44,45,0.0,flow
5607,77.54105331821671,33.54105331821672,arc,44,45,0.0,flow
5608,77.55105331821672,33.55105331821672,arc,44,45,0.0,flow
5609,77.56105331821672,33.561053318216715,arc,44,45,0.0,flow
5610,77.57105331821671,33.57105331821671,arc,44,45,0.0,flow
5611,77.58105331821672,33.58105331821672,arc,44,45,0.0,flow
5612,77.59105331821672,33.591053318216716,arc,44,45,0.0,flow
5613,77.60105331821671,33.601053318216714,arc,44,45,0.0,flow
5614,77.61105331821672,33.61105331821672,arc,44,45,0.0,flow
5615,77.62105331821672,33.62105331821672,arc,44,45,0.0,flow
5616,77.63105331821671,33.631053318216715,arc,44,45,0.0,flow
5617,77.6410533182167,33.64105331821671,arc,44,45,0.0,flow
5618,77.65105331821673,33.65105331821672,arc,44,45,0.0,flow
5619,77.66105331821672,33.661053318216716,arc,44,45,0.0,flow
5620,77.6710533182167,33.671053318216714,arc,44,45,0.0,flow
5621,77.68105331821671,33.68105331821671,arc,44,45,0.0,flow
5622,77.69105331821672,33.69105331821672,arc,44,45,0.0,flow
5623,77.70105331821671,33.701053318216715,arc,44,45,0.0,flow
5624,77.71105331821671,33.71105331821671,arc,44,45,0.0,flow
5625,77.72105331821672,33.72105331821672,arc,44,45,0.0,flow
5626,77.73105331821671,33.731053318216716,arc,44,45,0.0,flow
5627,77.73851839175175,33.738518391751754,arc,44,45,0.0,pre_impact
5628,77.75851839175175,33.738518391751754,bridge,44,45,0.02,bridge
5629,77.77851839175176,33.738518391751754,bridge,44,45,0.04,bridge
5630,77.79851839175176,33.738518391751754,bridge,44,45,0.06,bridge
5631,77.81851839175175,33.738518391751754,bridge,44,45,0.08,bridge
5632,77.83851839175175,33.738518391751754,bridge,44,45,0.1,bridge
5633,77.85851839175176,33.738518391751754,bridge,44,45,0.12,bridge
5634,77.87851839175175,33.738518391751754,bridge,44,45,0.14,bridge
5635,77.89851839175175,33.738518391751754,bridge,44,45,0.16,bridge
5636,77.91851839175176,33.738518391751754,bridge,44,45,0.18,bridge
5637,77.93851839175176,33.738518391751754,bridge,44,45,0.2,bridge
5638,77.95851839175175,33.738518391751754,bridge,44,45,0.22,bridge
5639,77.97851839175175,33.738518391751754,bridge,44,45,0.24,bridge
5640,77.99851839175176,33.738518391751754,bridge,44,45,0.26,bridge
5641,78.01851839175175,33.738518391751754,bridge,44,45,0.28,bridge
5642,78.03851839175175,33.738518391751754,bridge,44,45,0.3,bridge
5643,78.05851839175175,33.738518391751754,bridge,44,45,0.32,bridge
5644,78.07851839175176,33.738518391751754,bridge,44,45,0.34,bridge
5645,78.09851839175175,33.738518391751754,bridge,44,45,0.36,bridge
5646,78.11851839175175,33.738518391751754,bridge,44,45,0.38,bridge
5647,78.13851839175176,33.738518391751754,bridge,44,45,0.4,bridge
5648,78.15851839175176,33.738518391751754,bridge,44,45,0.42,bridge
5649,78.17851839175175,33.738518391751754,bridge,44,45,0.44,bridge
5650,78.19851839175175,33.738518391751754,bridge,44,45,0.46,bridge
5651,78.21851839175176,33.738518391751754,bridge,44,45,0.48,bridge
5652,78.23851839175175,33.738518391751754,bridge,44,45,0.5,bridge
5653,78.25851839175175,33.738518391751754,bridge,44,45,0.52,bridge
5654,78.27851839175176,33.738518391751754,bridge,44,45,0.54,bridge
5655,78.29851839175176,33.738518391751754,bridge,44,45,0.56,bridge
5656,78.31851839175175,33.738518391751754,bridge,44,45,0.58,bridge
5657,78.33851839175175,33.738518391751754,bridge,44,45,0.6,bridge
5658,78.35851839175176,33.738518391751754,bridge,44,45,0.62,bridge
5659,78.37851839175175,33.738518391751754,bridge,44,45,0.64,bridge
5660,78.39851839175175,33.738518391751754,bridge,44,45,0.66,bridge
5661,78.41851839175176,33.738518391751754,bridge,44,45,0.68,bridge
5662,78.43851839175176,33.738518391751754,bridge,44,45,0.7000000000000001,bridge
5663,78.45851839175175,33.738518391751754,bridge,44,45,0.72,bridge
5664,78.47851839175175,33.738518391751754,bridge,44,45,0.74,bridge
5665,78.49851839175176,33.738518391751754,bridge,44,45,0.76,bridge
5666,78.51851839175175,33.738518391751754,bridge,44,45,0.78,bridge
5667,78.53851839175175,33.738518391751754,bridge,44,45,0.8,bridge
5668,78.55851839175175,33.738518391751754,bridge,44,45,0.8200000000000001,bridge
5669,78.57851839175176,33.738518391751754,bridge,44,45,0.84,bridge
5670,78.59851839175175,33.738518391751754,bridge,44,45,0.86,bridge
5671,78.61851839175175,33.738518391751754,bridge,44,45,0.88,bridge
5672,78.63851839175176,33.738518391751754,bridge,44,45,0.9,bridge
5673,78.65851839175176,33.738518391751754,bridge,44,45,0.92,bridge
5674,78.67851839175175,33.738518391751754,bridge,44,45,0.9400000000000001,bridge
5675,78.69851839175175,33.738518391751754,bridge,44,45,0.96,bridge
5676,78.71851839175176,33.738518391751754,bridge,44,45,0.98,bridge
5677,78.73851839175175,33.738518391751754,bridge,44,45,1.0,bridge_end
5678,78.73851839175175,33.738518391751754,arc,45,46,0.0,post_impact
5679,78.74851839175176,33.74851839175175,arc,45,46,0.0,flow
5680,78.75851839175175,33.75851839175176,arc,45,46,0.0,flow
5681,78.76851839175175,33.768518391751755,arc,45,46,0.0,flow
5682,78.77851839175176,33.77851839175175,arc,45,46,0.0,flow
5683,78.78851839175175,33.78851839175175,arc,45,46,0.0,flow
5684,78.79851839175176,33.798518391751756,arc,45,46,0.0,flow
5685,78.80851839175176,33.808518391751754,arc,45,46,0.0,flow
5686,78.81851839175175,33.81851839175175,arc,45,46,0.0,flow
5687,78.82851839175176,33.82851839175176,arc,45,46,0.0,flow
5688,78.83851839175176,33.838518391751755,arc,45,46,0.0,flow
5689,78.84851839175175,33.84851839175175,arc,45,46,0.0,flow
5690,78.85851839175174,33.85851839175175,arc,45,46,0.0,flow
5691,78.86851839175176,33.868518391751756,arc,45,46,0.0,flow
5692,78.87851839175175,33.878518391751754,arc,45,46,0.0,flow
5693,78.88851839175175,33.88851839175175,arc,45,46,0.0,flow
5694,78.89851839175175,33.89851839175175,arc,45,46,0.0,flow
5695,78.90851839175176,33.908518391751755,arc,45,46,0.0,flow
5696,78.91851839175175,33.91851839175175,arc,45,46,0.0,flow
5697,78.92851839175175,33.92851839175175,arc,45,46,0.0,flow
5698,78.93851839175176,33.93851839175176,arc,45,46,0.0,flow
5699,78.94851839175175,33.948518391751755,arc,45,46,0.0,flow
5700,78.95851839175175,33.95851839175175,arc,45,46,0.0,flow
5701,78.96851839175176,33.96851839175175,arc,45,46,0.0,flow
5702,78.97851839175175,33.978518391751756,arc,45,46,0.0,flow
5703,78.98851839175175,33.988518391751754,arc,45,46,0.0,flow
5704,78.99851839175176,33.99851839175175,arc,45,46,0.0,flow
5705,79.00851839175175,34.00851839175176,arc,45,46,0.0,flow
5706,79.01851839175175,34.018518391751755,arc,45,46,0.0,flow
5707,79.02851839175176,34.02851839175175,arc,45,46,0.0,flow
5708,79.03851839175175,34.03851839175175,arc,45,46,0.0,flow
5709,79.04851839175176,34.048518391751756,arc,45,46,0.0,flow
5710,79.05851839175176,34.058518391751754,arc,45,46,0.0,flow
5711,79.06851839175175,34.06851839175175,arc,45,46,0.0,flow
5712,79.07851839175176,34.07851839175176,arc,45,46,0.0,flow
5713,79.08851839175176,34.088518391751755,arc,45,46,0.0,flow
5714,79.09851839175175,34.09851839175175,arc,45,46,0.0,flow
5715,79.10851839175174,34.10851839175175,arc,45,46,0.0,flow
5716,79.11851839175176,34.118518391751756,arc,45,46,0.0,flow
5717,79.12851839175175,34.128518391751754,arc,45,46,0.0,flow
5718,79.13851839175175,34.13851839175175,arc,45,46,0.0,flow
5719,79.14851839175175,34.14851839175175,arc,45,46,0.0,flow
5720,79.15851839175176,34.158518391751755,arc,45,46,0.0,flow
5721,79.16851839175175,34.16851839175175,arc,45,46,0.0,flow
5722,79.17851839175175,34.17851839175175,arc,45,46,0.0,flow
5723,79.18851839175176,34.18851839175176,arc,45,46,0.0,flow
5724,79.19851839175175,34.198518391751755,arc,45,46,0.0,flow
5725,79.20851839175175,34.20851839175175,arc,45,46,0.0,flow
5726,79.21851839175176,34.21851839175175,arc,45,46,0.0,flow
5727,79.22851839175175,34.228518391751756,arc,45,46,0.0,flow
5728,79.23851839175175,34.238518391751754,arc,45,46,0.0,flow
5729,79.24851839175176,34.24851839175175,arc,45,46,0.0,flow
5730,79.25851839175175,34.25851839175176,arc,45,46,0.0,flow
5731,79.26851839175175,34.268518391751755,arc,45,46,0.0,flow
5732,79.27851839175176,34.27851839175175,arc,45,46,0.0,flow
5733,79.28851839175175,34.28851839175175,arc,45,46,0.0,flow
5734,79.29851839175176,34.298518391751756,arc,45,46,0.0,flow
5735,79.30851839175176,34.308518391751754,arc,45,46,0.0,flow
5736,79.31851839175175,34.31851839175175,arc,45,46,0.0,flow
5737,79.32851839175176,34.32851839175176,arc,45,46,0.0,flow
5738,79.33851839175176,34.338518391751755,arc,45,46,0.0,flow
5739,79.34851839175175,34.34851839175175,arc,45,46,0.0,flow
5740,79.35851839175174,34.35851839175175,arc,45,46,0.0,flow
5741,79.36851839175176,34.368518391751756,arc,45,46,0.0,flow
5742,79.37851839175175,34.378518391751754,arc,45,46,0.0,flow
5743,79.38851839175175,34.38851839175175,arc,45,46,0.0,flow
5744,79.39851839175175,34.39851839175175,arc,45,46,0.0,flow
5745,79.40851839175176,34.408518391751755,arc,45,46,0.0,flow
5746,79.41851839175175,34.41851839175175,arc,45,46,0.0,flow
5747,79.42851839175175,34.42851839175175,arc,45,46,0.0,flow
5748,79.43851839175176,34.43851839175176,arc,45,46,0.0,flow
5749,79.44851839175175,34.448518391751755,arc,45,46,0.0,flow
5750,79.45851839175175,34.45851839175175,arc,45,46,0.0,flow
5751,79.46851839175176,34.46851839175175,arc,45,46,0.0,flow
5752,79.47851839175175,34.478518391751756,arc,45,46,0.0,flow
5753,79.48851839175175,34.488518391751754,arc,45,46,0.0,flow
5754,79.49851839175176,34.49851839175175,arc,45,46,0.0,flow
5755,79.50851839175175,34.50851839175176,arc,45,46,0.0,flow
5756,79.51851839175175,34.518518391751755,arc,45,46,0.0,flow
5757,79.52851839175176,34.52851839175175,arc,45,46,0.0,flow
5758,79.5375358964217,34.537535896421694,arc,45,46,0.0,pre_impact
5759,79.5575358964217,34.537535896421694,bridge,45,46,0.02,bridge
5760,79.57753589642171,34.537535896421694,bridge,45,46,0.04,bridge
5761,79.5975358964217,34.537535896421694,bridge,45,46,0.06,bridge
5762,79.6175358964217,34.537535896421694,bridge,45,46,0.08,bridge
5763,79.6375358964217,34.537535896421694,bridge,45,46,0.1,bridge
5764,79.6575358964217,34.537535896421694,bridge,45,46,0.12,bridge
5765,79.6775358964217,34.537535896421694,bridge,45,46,0.14,bridge
5766,79.6975358964217,34.537535896421694,bridge,45,46,0.16,bridge
5767,79.71753589642171,34.537535896421694,bridge,45,46,0.18,bridge
5768,79.7375358964217,34.537535896421694,bridge,45,46,0.2,bridge
5769,79.7575358964217,34.537535896421694,bridge,45,46,0.22,bridge
5770,79.7775358964217,34.537535896421694,bridge,45,46,0.24,bridge
5771,79.7975358964217,34.537535896421694,bridge,45,46,0.26,bridge
5772,79.8175358964217,34.537535896421694,bridge,45,46,0.28,bridge
5773,79.8375358964217,34.537535896421694,bridge,45,46,0.3,bridge
5774,79.8575358964217,34.537535896421694,bridge,45,46,0.32,bridge
5775,79.8775358964217,34.537535896421694,bridge,45,46,0.34,bridge
5776,79.8975358964217,34.537535896421694,bridge,45,46,0.36,bridge
5777,79.9175358964217,34.537535896421694,bridge,45,46,0.38,bridge
5778,79.9375358964217,34.537535896421694,bridge,45,46,0.4,bridge
5779,79.9575358964217,34.537535896421694,bridge,45,46,0.42,bridge
5780,79.9775358964217,34.537535896421694,bridge,45,46,0.44,bridge
5781,79.9975358964217,34.537535896421694,bridge,45,46,0.46,bridge
5782,80.0175358964217,34.537535896421694,bridge,45,46,0.48,bridge
5783,80.0375358964217,34.537535896421694,bridge,45,46,0.5,bridge
5784,80.0575358964217,34.537535896421694,bridge,45,46,0.52,bridge
5785,80.07753589642171,34.537535896421694,bridge,45,46,0.54,bridge
5786,80.0975358964217,34.537535896421694,bridge,45,46,0.56,bridge
5787,80.1175358964217,34.537535896421694,bridge,45,46,0.58,bridge
5788,80.1375358964217,34.537535896421694,bridge,45,46,0.6,bridge
5789,80.1575358964217,34.537535896421694,bridge,45,46,0.62,bridge
5790,80.1775358964217,34.537535896421694,bridge,45,46,0.64,bridge
5791,80.1975358964217,34.537535896421694,bridge,45,46,0.66,bridge
5792,80.21753589642171,34.537535896421694,bridge,45,46,0.68,bridge
5793,80.2375358964217,34.537535896421694,bridge,45,46,0.7000000000000001,bridge
5794,80.2575358964217,34.537535896421694,bridge,45,46,0.72,bridge
5795,80.2775358964217,34.537535896421694,bridge,45,46,0.74,bridge
5796,80.2975358964217,34.537535896421694,bridge,45,46,0.76,bridge
5797,80.3175358964217,34.537535896421694,bridge,45,46,0.78,bridge
5798,80.3375358964217,34.537535896421694,bridge,45,46,0.8,bridge
5799,80.3575358964217,34.537535896421694,bridge,45,46,0.8200000000000001,bridge
5800,80.3775358964217,34.537535896421694,bridge,45,46,0.84,bridge
5801,80.3975358964217,34.537535896421694,bridge,45,46,0.86,bridge
5802,80.4175358964217,34.537535896421694,bridge,45,46,0.88,bridge
5803,80.4375358964217,34.537535896421694,bridge,45,46,0.9,bridge
5804,80.4575358964217,34.537535896421694,bridge,45,46,0.92,bridge
5805,80.4775358964217,34.537535896421694,bridge,45,46,0.9400000000000001,bridge
5806,80.4975358964217,34.537535896421694,bridge,45,46,0.96,bridge
5807,80.5175358964217,34.537535896421694,bridge,45,46,0.98,bridge
5808,80.5375358964217,34.537535896421694,bridge,45,46,1.0,bridge_end
5809,80.5375358964217,34.537535896421694,arc,46,47,0.0,post_impact
5810,80.54753589642169,34.54753589642169,arc,46,47,0.0,flow
5811,80.5575358964217,34.5575358964217,arc,46,47,0.0,flow
5812,80.5675358964217,34.567535896421695,arc,46,47,0.0,flow
5813,80.5775358964217,34.57753589642169,arc,46,47,0.0,flow
5814,80.58753589642168,34.58753589642169,arc,46,47,0.0,flow
5815,80.5975358964217,34.5975358964217,arc,46,47,0.0,flow
5816,80.6075358964217,34.607535896421695,arc,46,47,0.0,flow
5817,80.61753589642169,34.61753589642169,arc,46,47,0.0,flow
5818,80.6275358964217,34.6275358964217,arc,46,47,0.0,flow
5819,80.6375358964217,34.637535896421696,arc,46,47,0.0,flow
5820,80.64753589642169,34.647535896421694,arc,46,47,0.0,flow
5821,80.65753589642169,34.65753589642169,arc,46,47,0.0,flow
5822,80.6675358964217,34.6675358964217,arc,46,47,0.0,flow
5823,80.67753589642169,34.677535896421695,arc,46,47,0.0,flow
5824,80.68753589642169,34.68753589642169,arc,46,47,0.0,flow
5825,80.6975358964217,34.69753589642169,arc,46,47,0.0,flow
5826,80.70753589642169,34.707535896421696,arc,46,47,0.0,flow
5827,80.7175358964217,34.717535896421694,arc,46,47,0.0,flow
5828,80.7275358964217,34.72753589642169,arc,46,47,0.0,flow
5829,80.73753589642169,34.7375358964217,arc,46,47,0.0,flow
5830,80.7475358964217,34.747535896421695,arc,46,47,0.0,flow
5831,80.7575358964217,34.75753589642169,arc,46,47,0.0,flow
5832,80.76753589642169,34.76753589642169,arc,46,47,0.0,flow
5833,80.7775358964217,34.777535896421696,arc,46,47,0.0,flow
5834,80.7875358964217,34.787535896421694,arc,46,47,0.0,flow
5835,80.79753589642169,34.79753589642169,arc,46,47,0.0,flow
5836,80.8075358964217,34.8075358964217,arc,46,47,0.0,flow
5837,80.8175358964217,34.817535896421695,arc,46,47,0.0,flow
5838,80.8275358964217,34.82753589642169,arc,46,47,0.0,flow
5839,80.83753589642168,34.83753589642169,arc,46,47,0.0,flow
5840,80.8475358964217,34.8475358964217,arc,46,47,0.0,flow
5841,80.8575358964217,34.857535896421695,arc,46,47,0.0,flow
5842,80.86753589642169,34.86753589642169,arc,46,47,0.0,flow
5843,80.8775358964217,34.8775358964217,arc,46,47,0.0,flow
5844,80.8875358964217,34.887535896421696,arc,46,47,0.0,flow
5845,80.89753589642169,34.897535896421694,arc,46,47,0.0,flow
5846,80.90753589642169,34.90753589642169,arc,46,47,0.0,flow
5847,80.9175358964217,34.9175358964217,arc,46,47,0.0,flow
5848,80.92753589642169,34.927535896421695,arc,46,47,0.0,flow
5849,80.93753589642169,34.93753589642169,arc,46,47,0.0,flow
5850,80.9475358964217,34.94753589642169,arc,46,47,0.0,flow
5851,80.95753589642169,34.957535896421696,arc,46,47,0.0,flow
5852,80.9675358964217,34.967535896421694,arc,46,47,0.0,flow
5853,80.9775358964217,34.97753589642169,arc,46,47,0.0,flow
5854,80.98753589642169,34.9875358964217,arc,46,47,0.0,flow
5855,80.9975358964217,34.997535896421695,arc,46,47,0.0,flow
5856,81.0075358964217,35.00753589642169,arc,46,47,0.0,flow
5857,81.01753589642169,35.01753589642169,arc,46,47,0.0,flow
5858,81.0275358964217,35.027535896421696,arc,46,47,0.0,flow
5859,81.0375358964217,35.037535896421694,arc,46,47,0.0,flow
5860,81.04753589642169,35.04753589642169,arc,46,47,0.0,flow
5861,81.0575358964217,35.0575358964217,arc,46,47,0.0,flow
5862,81.0675358964217,35.067535896421695,arc,46,47,0.0,flow
5863,81.0775358964217,35.07753589642169,arc,46,47,0.0,flow
5864,81.08753589642168,35.08753589642169,arc,46,47,0.0,flow
5865,81.0975358964217,35.0975358964217,arc,46,47,0.0,flow
5866,81.1075358964217,35.107535896421695,arc,46,47,0.0,flow
5867,81.11753589642169,35.11753589642169,arc,46,47,0.0,flow
5868,81.1275358964217,35.1275358964217,arc,46,47,0.0,flow
5869,81.1375358964217,35.137535896421696,arc,46,47,0.0,flow
5870,81.14753589642169,35.147535896421694,arc,46,47,0.0,flow
5871,81.15753589642169,35.15753589642169,arc,46,47,0.0,flow
5872,81.1675358964217,35.1675358964217,arc,46,47,0.0,flow
5873,81.17753589642169,35.177535896421695,arc,46,47,0.0,flow
5874,81.18753589642169,35.18753589642169,arc,46,47,0.0,flow
5875,81.1975358964217,35.19753589642169,arc,46,47,0.0,flow
5876,81.20753589642169,35.207535896421696,arc,46,47,0.0,flow
5877,81.2175358964217,35.217535896421694,arc,46,47,0.0,flow
5878,81.22721828339152,35.22721828339152,arc,46,47,0.0,pre_impact
5879,81.24721828339152,35.22721828339152,bridge,46,47,0.02,bridge
5880,81.26721828339153,35.22721828339152,bridge,46,47,0.04,bridge
5881,81.28721828339152,35.22721828339152,bridge,46,47,0.06,bridge
5882,81.30721828339152,35.22721828339152,bridge,46,47,0.08,bridge
5883,81.32721828339152,35.22721828339152,bridge,46,47,0.1,bridge
5884,81.34721828339153,35.22721828339152,bridge,46,47,0.12,bridge
5885,81.36721828339152,35.22721828339152,bridge,46,47,0.14,bridge
5886,81.38721828339152,35.22721828339152,bridge,46,47,0.16,bridge
5887,81.40721828339153,35.22721828339152,bridge,46,47,0.18,bridge
5888,81.42721828339153,35.22721828339152,bridge,46,47,0.2,bridge
5889,81.44721828339152,35.22721828339152,bridge,46,47,0.22,bridge
5890,81.46721828339152,35.22721828339152,bridge,46,47,0.24,bridge
5891,81.48721828339153,35.22721828339152,bridge,46,47,0.26,bridge
5892,81.50721828339152,35.22721828339152,bridge,46,47,0.28,bridge
5893,81.52721828339152,35.22721828339152,bridge,46,47,0.3,bridge
5894,81.54721828339152,35.22721828339152,bridge,46,47,0.32,bridge
5895,81.56721828339153,35.22721828339152,bridge,46,47,0.34,bridge
5896,81.58721828339152,35.22721828339152,bridge,46,47,0.36,bridge
5897,81.60721828339152,35.22721828339152,bridge,46,47,0.38,bridge
5898,81.62721828339153,35.22721828339152,bridge,46,47,0.4,bridge
5899,81.64721828339152,35.22721828339152,bridge,46,47,0.42,bridge
5900,81.66721828339152,35.22721828339152,bridge,46,47,0.44,bridge
5901,81.68721828339152,35.22721828339152,bridge,46,47,0.46,bridge
5902,81.70721828339153,35.22721828339152,bridge,46,47,0.48,bridge
5903,81.72721828339152,35.22721828339152,bridge,46,47,0.5,bridge
5904,81.74721828339152,35.22721828339152,bridge,46,47,0.52,bridge
5905,81.76721828339153,35.22721828339152,bridge,46,47,0.54,bridge
5906,81.78721828339152,35.22721828339152,bridge,46,47,0.56,bridge
5907,81.80721828339152,35.22721828339152,bridge,46,47,0.58,bridge
5908,81.82721828339152,35.22721828339152,bridge,46,47,0.6,bridge
5909,81.84721828339153,35.22721828339152,bridge,46,47,0.62,bridge
5910,81.86721828339152,35.22721828339152,bridge,46,47,0.64,bridge
5911,81.88721828339152,35.22721828339152,bridge,46,47,0.66,bridge
5912,81.90721828339153,35.22721828339152,bridge,46,47,0.68,bridge
5913,81.92721828339153,35.22721828339152,bridge,46,47,0.7000000000000001,bridge
5914,81.94721828339152,35.22721828339152,bridge,46,47,0.72,bridge
5915,81.96721828339152,35.22721828339152,bridge,46,47,0.74,bridge
5916,81.98721828339153,35.22721828339152,bridge,46,47,0.76,bridge
5917,82.00721828339152,35.22721828339152,bridge,46,47,0.78,bridge
5918,82.02721828339152,35.22721828339152,bridge,46,47,0.8,bridge
5919,82.04721828339152,35.22721828339152,bridge,46,47,0.8200000000000001,bridge
5920,82.06721828339153,35.22721828339152,bridge,46,47,0.84,bridge
5921,82.08721828339152,35.22721828339152,bridge,46,47,0.86,bridge
5922,82.10721828339152,35.22721828339152,bridge,46,47,0.88,bridge
5923,82.12721828339153,35.22721828339152,bridge,46,47,0.9,bridge
5924,82.14721828339152,35.22721828339152,bridge,46,47,0.92,bridge
5925,82.16721828339152,35.22721828339152,bridge,46,47,0.9400000000000001,bridge
5926,82.18721828339152,35.22721828339152,bridge,46,47,0.96,bridge
5927,82.20721828339153,35.22721828339152,bridge,46,47,0.98,bridge
5928,82.22721828339152,35.22721828339152,bridge,46,47,1.0,bridge_end
5929,82.22721828339152,35.22721828339152,arc,47,48,0.0,post_impact
5930,82.23721828339151,35.23721828339152,arc,47,48,0.0,flow
5931,82.24721828339153,35.247218283391526,arc,47,48,0.0,flow
5932,82.25721828339152,35.25721828339152,arc,47,48,0.0,flow
5933,82.26721828339151,35.26721828339152,arc,47,48,0.0,flow
5934,82.27721828339152,35.27721828339152,arc,47,48,0.0,flow
5935,82.28721828339152,35.287218283391525,arc,47,48,0.0,flow
5936,82.29721828339152,35.29721828339152,arc,47,48,0.0,flow
5937,82.30721828339152,35.30721828339152,arc,47,48,0.0,flow
5938,82.31721828339153,35.317218283391526,arc,47,48,0.0,flow
5939,82.32721828339152,35.327218283391524,arc,47,48,0.0,flow
5940,82.33721828339152,35.33721828339152,arc,47,48,0.0,flow
5941,82.34721828339153,35.34721828339152,arc,47,48,0.0,flow
5942,82.35721828339152,35.357218283391525,arc,47,48,0.0,flow
5943,82.36721828339152,35.36721828339152,arc,47,48,0.0,flow
5944,82.37721828339153,35.37721828339152,arc,47,48,0.0,flow
5945,82.38721828339152,35.38721828339152,arc,47,48,0.0,flow
5946,82.39721828339152,35.397218283391524,arc,47,48,0.0,flow
5947,82.40721828339153,35.40721828339152,arc,47,48,0.0,flow
5948,82.41721828339152,35.41721828339152,arc,47,48,0.0,flow
5949,82.42721828339153,35.427218283391525,arc,47,48,0.0,flow
5950,82.43721828339153,35.43721828339152,arc,47,48,0.0,flow
5951,82.44721828339152,35.44721828339152,arc,47,48,0.0,flow
5952,82.45721828339151,35.45721828339152,arc,47,48,0.0,flow
5953,82.46721828339153,35.467218283391524,arc,47,48,0.0,flow
5954,82.47721828339152,35.47721828339152,arc,47,48,0.0,flow
5955,82.48721828339151,35.48721828339152,arc,47,48,0.0,flow
5956,82.49721828339153,35.497218283391526,arc,47,48,0.0,flow
5957,82.50721828339152,35.50721828339152,arc,47,48,0.0,flow
5958,82.51721828339151,35.51721828339152,arc,47,48,0.0,flow
5959,82.52721828339152,35.52721828339152,arc,47,48,0.0,flow
5960,82.53721828339152,35.537218283391525,arc,47,48,0.0,flow
5961,82.54721828339152,35.54721828339152,arc,47,48,0.0,flow
5962,82.55721828339152,35.55721828339152,arc,47,48,0.0,flow
5963,82.56721828339153,35.567218283391526,arc,47,48,0.0,flow
5964,82.57721828339152,35.577218283391524,arc,47,48,0.0,flow
5965,82.58721828339152,35.58721828339152,arc,47,48,0.0,flow
5966,82.59721828339153,35.59721828339152,arc,47,48,0.0,flow
5967,82.60721828339152,35.607218283391525,arc,47,48,0.0,flow
5968,82.61721828339152,35.61721828339152,arc,47,48,0.0,flow
5969,82.62721828339153,35.62721828339152,arc,47,48,0.0,flow
5970,82.63721828339152,35.63721828339152,arc,47,48,0.0,flow
5971,82.64721828339152,35.647218283391524,arc,47,48,0.0,flow
5972,82.65721828339153,35.65721828339152,arc,47,48,0.0,flow
5973,82.66721828339152,35.66721828339152,arc,47,48,0.0,flow
5974,82.67721828339153,35.677218283391525,arc,47,48,0.0,flow
5975,82.68721828339153,35.68721828339152,arc,47,48,0.0,flow
5976,82.69721828339152,35.69721828339152,arc,47,48,0.0,flow
5977,82.70721828339151,35.70721828339152,arc,47,48,0.0,flow
5978,82.71721828339153,35.717218283391524,arc,47,48,0.0,flow
5979,82.72721828339152,35.72721828339152,arc,47,48,0.0,flow
5980,82.73721828339151,35.73721828339152,arc,47,48,0.0,flow
5981,82.74721828339153,35.747218283391526,arc,47,48,0.0,flow
5982,82.75721828339152,35.75721828339152,arc,47,48,0.0,flow
5983,82.76721828339151,35.76721828339152,arc,47,48,0.0,flow
5984,82.77721828339152,35.77721828339152,arc,47,48,0.0,flow
5985,82.78721828339152,35.787218283391525,arc,47,48,0.0,flow
5986,82.79721828339152,35.79721828339152,arc,47,48,0.0,flow
5987,82.80721828339152,35.80721828339152,arc,47,48,0.0,flow
5988,82.81721828339153,35.817218283391526,arc,47,48,0.0,flow
5989,82.82721828339152,35.827218283391524,arc,47,48,0.0,flow
5990,82.83721828339152,35.83721828339152,arc,47,48,0.0,flow
5991,82.84721828339153,35.84721828339152,arc,47,48,0.0,flow
5992,82.85721828339152,35.857218283391525,arc,47,48,0.0,flow
5993,82.86721828339152,35.86721828339152,arc,47,48,0.0,flow
5994,82.87721828339153,35.87721828339152,arc,47,48,0.0,flow
5995,82.88721828339152,35.88721828339152,arc,47,48,0.0,flow
5996,82.89721828339152,35.897218283391524,arc,47,48,0.0,flow
5997,82.90721828339153,35.90721828339152,arc,47,48,0.0,flow
5998,82.91721828339152,35.91721828339152,arc,47,48,0.0,flow
5999,82.92721828339153,35.927218283391525,arc,47,48,0.0,flow
6000,82.93721828339153,35.93721828339152,arc,47,48,0.0,flow
6001,82.94721828339152,35.94721828339152,arc,47,48,0.0,flow
6002,82.95721828339151,35.95721828339152,arc,47,48,0.0,flow
6003,82.96721828339153,35.967218283391524,arc,47,48,0.0,flow
6004,82.97721828339152,35.97721828339152,arc,47,48,0.0,flow
6005,82.98721828339151,35.98721828339152,arc,47,48,0.0,flow
6006,82.99721828339153,35.997218283391526,arc,47,48,0.0,flow
6007,83.00721828339152,36.00721828339152,arc,47,48,0.0,flow
6008,83.01721828339151,36.01721828339152,arc,47,48,0.0,flow
6009,83.02296725610935,36.02296725610936,arc,47,48,0.0,pre_impact
6010,83.04296725610935,36.02296725610936,bridge,47,48,0.02,bridge
6011,83.06296725610936,36.02296725610936,bridge,47,48,0.04,bridge
6012,83.08296725610936,36.02296725610936,bridge,47,48,0.06,bridge
6013,83.10296725610935,36.02296725610936,bridge,47,48,0.08,bridge
6014,83.12296725610935,36.02296725610936,bridge,47,48,0.1,bridge
6015,83.14296725610936,36.02296725610936,bridge,47,48,0.12,bridge
6016,83.16296725610935,36.02296725610936,bridge,47,48,0.14,bridge
6017,83.18296725610935,36.02296725610936,bridge,47,48,0.16,bridge
6018,83.20296725610936,36.02296725610936,bridge,47,48,0.18,bridge
6019,83.22296725610936,36.02296725610936,bridge,47,48,0.2,bridge
6020,83.24296725610935,36.02296725610936,bridge,47,48,0.22,bridge
6021,83.26296725610935,36.02296725610936,bridge,47,48,0.24,bridge
6022,83.28296725610936,36.02296725610936,bridge,47,48,0.26,bridge
6023,83.30296725610935,36.02296725610936,bridge,47,48,0.28,bridge
6024,83.32296725610935,36.02296725610936,bridge,47,48,0.3,bridge
6025,83.34296725610935,36.02296725610936,bridge,47,48,0.32,bridge
6026,83.36296725610936,36.02296725610936,bridge,47,48,0.34,bridge
6027,83.38296725610935,36.02296725610936,bridge,47,48,0.36,bridge
6028,83.40296725610935,36.02296725610936,bridge,47,48,0.38,bridge
6029,83.42296725610936,36.02296725610936,bridge,47,48,0.4,bridge
6030,83.44296725610936,36.02296725610936,bridge,47,48,0.42,bridge
6031,83.46296725610935,36.02296725610936,bridge,47,48,0.44,bridge
6032,83.48296725610935,36.02296725610936,bridge,47,48,0.46,bridge
6033,83.50296725610936,36.02296725610936,bridge,47,48,0.48,bridge
6034,83.52296725610935,36.02296725610936,bridge,47,48,0.5,bridge
6035,83.54296725610935,36.02296725610936,bridge,47,48,0.52,bridge
6036,83.56296725610936,36.02296725610936,bridge,47,48,0.54,bridge
6037,83.58296725610936,36.02296725610936,bridge,47,48,0.56,bridge
6038,83.60296725610935,36.02296725610936,bridge,47,48,0.58,bridge
6039,83.62296725610935,36.02296725610936,bridge,47,48,0.6,bridge
6040,83.64296725610936,36.02296725610936,bridge,47,48,0.62,bridge
6041,83.66296725610935,36.02296725610936,bridge,47,48,0.64,bridge
6042,83.68296725610935,36.02296725610936,bridge,47,48,0.66,bridge
6043,83.70296725610936,36.02296725610936,bridge,47,48,0.68,bridge
6044,83.72296725610936,36.02296725610936,bridge,47,48,0.7000000000000001,bridge
6045,83.74296725610935,36.02296725610936,bridge,47,48,0.72,bridge
6046,83.76296725610935,36.02296725610936,bridge,47,48,0.74,bridge
6047,83.78296725610936,36.02296725610936,bridge,47,48,0.76,bridge
6048,83.80296725610935,36.02296725610936,bridge,47,48,0.78,bridge
6049,83.82296725610935,36.02296725610936,bridge,47,48,0.8,bridge
6050,83.84296725610935,36.02296725610936,bridge,47,48,0.8200000000000001,bridge
6051,83.86296725610936,36.02296725610936,bridge,47,48,0.84,bridge
6052,83.88296725610935,36.02296725610936,bridge,47,48,0.86,bridge
6053,83.90296725610935,36.02296725610936,bridge,47,48,0.88,bridge
6054,83.92296725610936,36.02296725610936,bridge,47,48,0.9,bridge
6055,83.94296725610936,36.02296725610936,bridge,47,48,0.92,bridge
6056,83.96296725610935,36.02296725610936,bridge,47,48,0.9400000000000001,bridge
6057,83.98296725610935,36.02296725610936,bridge,47,48,0.96,bridge
6058,84.00296725610936,36.02296725610936,bridge,47,48,0.98,bridge
6059,84.02296725610935,36.02296725610936,bridge,47,48,1.0,bridge_end
6060,84.02296725610935,36.02296725610936,arc,48,48,0.0,terminal_post_impact
